company_id,group_id,business_kind,sector_set,n_sectors,top_sector,top_sector_score,tenor,product_fit,kind_score,goods_score,service_score,regime_id,regime_label,confidence,n_tx,n_cat_tx,has_invoices,uncat_share,has_tpv,has_confirming,has_factoring,has_saving,has_lineofcredit,payroll_share,pos_cash_share,dso,dpo,n_customers,hhi_ar,goods_docs,service_tokens,runway_m
COMP_0001,GROUP_0147,servicio,servicios profesionales,1,servicios profesionales,0.645768,6 meses,Factoring | Reserve · póliza | Yield · barrido,0.367407,0.120133,0.487539,0,seguridad social + nóminas,0.206691,203,194,true,5.82714e-05,0,0,0,0,0,0.290217,0,17,7,7,0.802119,0,0,0.467578
COMP_0002,GROUP_0125,servicio,servicios profesionales,1,servicios profesionales,0.556566,6 meses,Yield · barrido | Reserve · póliza,0.259231,0.100041,0.359272,2,cobros,0.185594,581,218,false,0.700933,0,0,0,0,0,0.00358477,0,,,,,,,
COMP_0003,GROUP_0044,mixto,holding / tesorería,1,holding / tesorería,0.90563,largo,Reserve · póliza | FX Shield | Yield · barrido,0.0108618,0.212364,0.223226,2,cobros,0.141188,427,320,true,0.235338,0,0,0,0,0,0,9.30825e-07,60,60,3,0.727689,0,0,0.0247717
COMP_0004,GROUP_0058,producto,mayorista / distribución | holding / tesorería,2,mayorista / distribución,0.671241,12 meses,Reserve · póliza | Factoring | FX Shield | Confirming,-0.195007,0.638979,0.443972,3,liquidación de efectivo + retirada de efectivo,0.0613179,2088,1394,true,0.0470686,0,1,0,0,1,0.0394504,0.00563294,90,8.5,47,0.424934,0,0,0.328366
COMP_0005,GROUP_0092,producto,comercio minorista,1,comercio minorista,0.931079,días,Yield · barrido | Reserve · póliza | FX Shield,-0.136081,0.461475,0.325393,3,liquidación de efectivo + retirada de efectivo,0.0478828,171,147,false,0.0566807,0,0,0,0,0,0,0.494261,,,,,,,7.04173
COMP_0006,GROUP_0195,producto,holding / tesorería | comercio minorista | hostelería,3,holding / tesorería,0.606907,largo,Reserve · póliza | Yield · barrido | FX Shield,-0.1227,0.383074,0.260374,0,seguridad social + nóminas,0.10626,266,250,true,0.0665719,0,0,0,0,0,0.0714392,0.0205179,60,59,7,0.531866,0,0,0.470783
COMP_0007,GROUP_0064,producto,mayorista / distribución | comercio minorista,2,mayorista / distribución,0.7035,12 meses,Reserve · póliza | FX Shield | Yield · barrido,-0.162591,0.844656,0.682065,1,liquidación TPV + cobros masivos,0.0862862,6177,4844,false,0.18846,0,1,1,0,1,0.0187266,0.016887,,,,,,,0.368373
COMP_0008,GROUP_0195,mixto,comercio minorista,1,comercio minorista,0.753629,días,Reserve · póliza | FX Shield | Yield · barrido,-0.0560624,0.465198,0.409136,3,liquidación de efectivo + retirada de efectivo,0.105785,1591,1137,true,0.0805423,0,0,0,0,0,0.0205498,0.143134,0,30,33,0.193316,0,0,0.700527
COMP_0009,GROUP_0225,producto,comercio minorista,1,comercio minorista,0.608657,días,Reserve · póliza | FX Shield | Yield · barrido,-0.236021,0.414762,0.178742,0,seguridad social + nóminas,0.0425927,1213,893,true,0.131532,0,0,0,0,0,0.0195405,0.00185649,5.5,6,11,0.737899,0,0,0.0488102
COMP_0010,GROUP_0013,mixto,servicios profesionales | mayorista / distribución,2,servicios profesionales,0.53722,6 meses,Factoring | Reserve · póliza | Confirming | Yield · barrido,-0.0148346,0.329198,0.314363,0,seguridad social + nóminas,0.00428426,240,229,true,0.000336358,0,0,0,0,0,0.0344956,0,1,14,18,0.285219,0,0,0.688259
COMP_0011,GROUP_0234,servicio,servicios profesionales,1,servicios profesionales,0.58943,6 meses,Factoring | Yield · barrido | Reserve · póliza,0.19873,0.0698137,0.268544,0,seguridad social + nóminas,0.0198835,103,99,true,0.403377,0,0,0,0,0,0.0390653,0,7,0,7,0.942476,0,0,1.34068
COMP_0012,GROUP_0087,insuficiente,,0,,,,,,,,,sin cobertura,,148,16,false,0.997101,0,0,0,0,0,0,0,,,,,,,0.136113
COMP_0013,GROUP_0203,servicio,servicios profesionales | holding / tesorería,2,servicios profesionales,0.64197,6 meses,Reserve · póliza | Yield · barrido | Factoring | FX Shield,0.336076,0.326254,0.66233,0,seguridad social + nóminas,0.13497,788,566,true,0.127912,0,0,0,0,0,0.20874,0.00305765,0,0,45,0.525202,0,0.0019685,0.159167
COMP_0014,GROUP_0173,servicio,software / suscripción | transporte / logística | construcción,3,software / suscripción,0.78,largo,Reserve · póliza | Factoring | FX Shield | Yield · barrido,0.241092,0.203148,0.44424,2,cobros,0.198042,2758,2710,true,0.00072662,0,0,0,0,0,0,0,0,30,261,0.0284456,0.523717,0.000866363,-0.020474
COMP_0015,GROUP_0068,producto,mayorista / distribución,1,mayorista / distribución,0.485116,12 meses,Factoring | Confirming | Yield · barrido | Reserve · póliza,-0.189014,0.195619,0.00660468,2,cobros,0.180962,28,28,true,0,0,0,0,0,0,0,0,,0,0,,0,0,3305.6
COMP_0016,GROUP_0070,producto,holding / tesorería,1,holding / tesorería,0.963302,largo,Yield · barrido | FX Shield | Reserve · póliza,-0.104495,0.135241,0.0307457,2,cobros,0.214375,737,526,true,0.25344,0,0,0,0,0,0,0,0,53,5,0.943401,0,0,8.28413
COMP_0017,GROUP_0073,producto,comercio minorista,1,comercio minorista,0.845744,días,Yield · barrido | Reserve · póliza | FX Shield,-0.24486,0.548374,0.303515,2,cobros,0.0943385,74,71,true,0.00246629,0,0,0,0,0,0,0.0435808,,26.5,2,,0.0740741,0.0740741,21.8255
COMP_0018,GROUP_0250,producto,mayorista / distribución,1,mayorista / distribución,0.47107,12 meses,Factoring | Confirming | Yield · barrido | Reserve · póliza,-0.0927621,0.199138,0.106376,2,cobros,0.29427,340,250,true,0.00978282,0,0,0,0,0,0,0,12,2,24,0.0453869,0,0,2.03252
COMP_0019,GROUP_0212,servicio,servicios profesionales,1,servicios profesionales,0.496085,6 meses,Reserve · póliza | Yield · barrido,0.305226,0.432684,0.73791,3,liquidación de efectivo + retirada de efectivo,0.0642103,7051,6972,false,0.0016338,0,0,0,0,0,0.0254446,0.000948587,,,,,,,0.153636
COMP_0020,GROUP_0007,servicio,holding / tesorería,1,holding / tesorería,0.794428,largo,Yield · barrido | FX Shield | Reserve · póliza,0.153402,0.229702,0.383104,2,cobros,0.157486,306,213,false,0.108022,0,0,0,0,1,2.22559e-06,0,,,,,,,26.854
COMP_0021,GROUP_0023,servicio,servicios profesionales,1,servicios profesionales,0.603153,6 meses,Factoring | Yield · barrido | Reserve · póliza,0.16816,0.187973,0.356133,0,seguridad social + nóminas,0.0265898,101,101,true,0,0,0,0,0,0,0.0703113,0,23,13,2,0.520622,0,0,1.10023
COMP_0022,GROUP_0065,servicio,hostelería,1,hostelería,0.78,6 meses,Reserve · póliza | Yield · barrido | FX Shield,0.223457,0.53356,0.757016,3,liquidación de efectivo + retirada de efectivo,0.0470945,6996,5569,true,0.132352,0,0,0,0,0,0.0842174,0.0963683,15,50,30,0.39822,0,0.0236175,1.30192
COMP_0023,GROUP_0237,servicio,hostelería | transporte / logística | construcción,3,hostelería,0.78,6 meses,Reserve · póliza | Factoring | FX Shield | Confirming,0.14106,0.366471,0.507531,3,liquidación de efectivo + retirada de efectivo,0.0460973,2444,596,true,0.521323,0,0,0,0,1,0,0.233991,30,30,152,0.0832425,0,0.0106411,0.295121
COMP_0024,GROUP_0222,mixto,comercio minorista,1,comercio minorista,0.68283,días,Yield · barrido | Reserve · póliza | FX Shield,0.00827857,0.500293,0.508572,3,liquidación de efectivo + retirada de efectivo,0.0836994,2282,1613,true,0.213721,0,0,0,0,0,0.0417593,0.0292027,0,19.5,996,0.00269956,0,0,9.85084
COMP_0025,GROUP_0211,servicio,servicios profesionales,1,servicios profesionales,0.757655,6 meses,Factoring | Reserve · póliza | Yield · barrido,0.292369,0.0836599,0.376029,2,cobros,0.303406,892,216,true,0.70385,0,0,0,0,0,0,0,30,21,99,0.399021,0,0.0456026,0.503773
COMP_0026,GROUP_0236,servicio,servicios profesionales,1,servicios profesionales,0.581007,6 meses,Reserve · póliza | Yield · barrido,0.548852,0.145195,0.694047,0,seguridad social + nóminas,0.00791171,652,210,false,0.528723,0,0,0,0,0,0.025993,0,,,,,,,0.0854101
COMP_0027,GROUP_0241,servicio,transporte / logística,1,transporte / logística,0.78,días,Factoring | Reserve · póliza | Confirming,0.221603,0.451616,0.67322,3,liquidación de efectivo + retirada de efectivo,0.0717224,1147,1111,true,0.0028997,0,0,0,0,1,0.088568,0.0444837,60,64,253,0.037261,0,0.00180126,0.12018
COMP_0028,GROUP_0218,mixto,construcción,1,construcción,0.504741,6 meses,Reserve · póliza | Yield · barrido,0.00924207,0.0350041,0.0442462,2,cobros,0.258792,38,30,false,0.00127221,0,0,0,0,0,0,0,,,,,,,1157.29
COMP_0029,GROUP_0013,mixto,,0,,,,,-0.0189595,0.0938067,0.0748472,2,cobros,0.313274,332,77,true,0.570047,0,0,0,0,0,0,0,89,75,27,0.472537,0,0,13.2408
COMP_0030,GROUP_0126,producto,comercio minorista,1,comercio minorista,0.830416,días,Yield · barrido | Reserve · póliza | FX Shield,-0.149315,0.206504,0.0571883,2,cobros,0.0376698,4210,1021,false,0.712079,0,0,0,0,0,0,0.0320001,,,,,,,2.76257
COMP_0031,GROUP_0035,mixto,comercio minorista | hostelería,2,comercio minorista,0.668444,días,Reserve · póliza | Yield · barrido | FX Shield,0.0623557,0.466569,0.528924,0,seguridad social + nóminas,0.0348056,4963,4818,true,0.0417569,0,0,0,0,0,0.262495,0.112834,0,5,3,0.978128,0,0,0.0187789
COMP_0032,GROUP_0094,insuficiente,,0,,,,,,,,,sin cobertura,,31,21,true,0.00375037,0,0,0,0,0,0,0,,7,0,,0,0,
COMP_0033,GROUP_0130,servicio,servicios profesionales,1,servicios profesionales,0.510446,6 meses,Yield · barrido | Reserve · póliza,0.586558,0.185998,0.772556,2,cobros,0.0740458,792,224,false,0.356788,0,0,0,0,0,0.0272751,8.9945e-05,,,,,,,
COMP_0034,GROUP_0172,servicio,comercio minorista | holding / tesorería,2,comercio minorista,0.575611,días,Reserve · póliza | Yield · barrido | FX Shield,0.254086,0.382353,0.636439,3,liquidación de efectivo + retirada de efectivo,0.216654,5889,3651,false,0.0831931,0,0,0,0,0,0.0071306,0.0332377,,,,,,,0.0298809
COMP_0035,GROUP_0115,producto,holding / tesorería | mayorista / distribución,2,holding / tesorería,0.734983,largo,Yield · barrido | Reserve · póliza | FX Shield,-0.11495,0.353977,0.239027,2,cobros,0.226472,123,65,false,0.338627,0,0,0,0,0,0.00254687,0,,,,,,,66.9844
COMP_0036,GROUP_0103,servicio,servicios profesionales,1,servicios profesionales,0.543586,6 meses,Yield · barrido | Reserve · póliza,0.456659,0.425228,0.881887,0,seguridad social + nóminas,0.0469676,1171,1136,false,0.000409329,0,0,0,0,0,0.118682,0.000258946,,,,,,,2.52556
COMP_0037,GROUP_0222,mixto,comercio minorista,1,comercio minorista,0.691672,días,Reserve · póliza | FX Shield | Yield · barrido,-0.0100436,0.496994,0.48695,3,liquidación de efectivo + retirada de efectivo,0.117966,564,526,true,0.00744696,0,0,0,0,0,0.0115495,0.0189949,0,27,75,0.0269858,0,0.0018018,0.92771
COMP_0038,GROUP_0104,servicio,holding / tesorería,1,holding / tesorería,0.736542,largo,Reserve · póliza | FX Shield | Yield · barrido,0.0889763,0.172987,0.261963,0,seguridad social + nóminas,0.0916562,1242,619,true,0.119923,0,0,0,0,0,0.00695523,0.00111379,26,32.5,31,0.265544,0,0,0.073273
COMP_0039,GROUP_0225,servicio,servicios profesionales,1,servicios profesionales,0.523742,6 meses,Factoring | Reserve · póliza | Yield · barrido,0.348087,0.151383,0.49947,2,cobros,0.0126603,416,70,true,0.471955,0,0,0,0,0,0.14251,0.00404407,25,25,1,1,0,0,0.698497
COMP_0040,GROUP_0178,servicio,servicios profesionales,1,servicios profesionales,0.541515,6 meses,Reserve · póliza | Yield · barrido,0.458598,0.149959,0.608557,2,cobros,0.185222,81,81,false,0,0,0,0,0,1,0.000124502,0,,,,,,,0.894156
COMP_0041,GROUP_0149,servicio,holding / tesorería | servicios profesionales,2,holding / tesorería,0.636658,largo,Reserve · póliza | Yield · barrido | Factoring | FX Shield,0.268813,0.149497,0.41831,0,seguridad social + nóminas,0.215858,364,305,true,0.0113586,0,0,0,0,0,0.145652,0.000597008,19,103,6,0.859765,0,0,0.235911
COMP_0042,GROUP_0162,servicio,comercio minorista,1,comercio minorista,0.553366,días,Reserve · póliza | Yield · barrido | FX Shield,0.116949,0.218365,0.335313,3,liquidación de efectivo + retirada de efectivo,0.111306,1848,677,true,0.667121,0,0,0,0,0,0.0121008,0.0448215,30,30,56,0.990628,0,0,1.49143
COMP_0043,GROUP_0185,producto,holding / tesorería,1,holding / tesorería,0.687148,largo,Yield · barrido | FX Shield | Reserve · póliza,-0.227573,0.443156,0.215584,3,liquidación de efectivo + retirada de efectivo,0.0844568,1600,1301,true,0.164593,0,0,0,0,0,0.00660367,0.000109859,30,30,26,0.622938,0,0,1.28684
COMP_0044,GROUP_0241,servicio,holding / tesorería | servicios profesionales,2,holding / tesorería,0.763863,largo,Reserve · póliza | Yield · barrido | Factoring | FX Shield,0.400677,0.196034,0.596711,0,seguridad social + nóminas,0.0675482,349,341,true,0.000103916,0,0,0,0,0,0.134066,0,60,50,14,0.322931,0,0.00253807,-2.6994e-17
COMP_0045,GROUP_0242,insuficiente,,0,,,,,,,,,sin cobertura,,187,19,false,0.81904,0,0,0,0,0,0,0,,,,,,,2.22539
COMP_0046,GROUP_0062,producto,comercio minorista,1,comercio minorista,0.838287,días,Reserve · póliza | Yield · barrido | FX Shield,-0.137637,0.348384,0.210747,2,cobros,0.0198617,123,99,false,0.279159,0,0,0,0,0,0.000892029,0.330036,,,,,,,
COMP_0047,GROUP_0018,producto,software / suscripción | alquiler / inmobiliario | energía,3,software / suscripción,0.78,largo,Yield · barrido | FX Shield | Reserve · póliza | Factoring,-0.0843507,0.537645,0.453294,0,seguridad social + nóminas,0.0223784,3279,2438,true,0.423272,0,1,0,0,1,0.00502387,0.000636149,10,30,55,0.311582,0,0.0386643,8.70302
COMP_0048,GROUP_0241,servicio,servicios profesionales | holding / tesorería,2,servicios profesionales,0.598266,6 meses,Reserve · póliza | Yield · barrido | Factoring | FX Shield,0.359885,0.333107,0.692993,3,liquidación de efectivo + retirada de efectivo,0.0884058,739,713,true,0.0129978,0,0,0,0,1,0.0895463,0.0348572,60,58,17,0.965677,0,0.025716,-4.4227e-16
COMP_0049,GROUP_0180,servicio,servicios profesionales,1,servicios profesionales,0.685032,6 meses,Factoring | Reserve · póliza | Yield · barrido,0.278598,0.279854,0.558452,0,seguridad social + nóminas,0.196684,2781,1841,true,0.147706,0,0,0,0,1,0.0726426,1.52377e-05,26.5,7,50,0.416493,0,0.103556,-0.123062
COMP_0050,GROUP_0230,insuficiente,,0,,,,,,,,,sin cobertura,,44,14,true,0.611392,0,0,0,0,0,0,0,45.5,64.5,9,0.329155,0,0,4.4314
COMP_0051,GROUP_0163,mixto,comercio minorista | holding / tesorería,2,comercio minorista,0.719566,días,Reserve · póliza | Yield · barrido | FX Shield,-0.0571868,0.315748,0.258561,3,liquidación de efectivo + retirada de efectivo,0.174633,2252,1701,true,0.0896562,0,0,0,0,1,0.00978291,0.158223,2,13,88,0.283594,0,0,0.288367
COMP_0052,GROUP_0142,producto,comercio minorista,1,comercio minorista,0.799045,días,Reserve · póliza | Yield · barrido | FX Shield,-0.19273,0.300109,0.107379,3,liquidación de efectivo + retirada de efectivo,0.0450094,405,321,true,0.105674,0,0,0,0,0,0,0.0249157,5,10,6,0.291075,0,0,1.42258
COMP_0053,GROUP_0174,servicio,servicios profesionales,1,servicios profesionales,0.598657,6 meses,Factoring | Reserve · póliza | Yield · barrido,0.239872,0.281321,0.521194,0,seguridad social + nóminas,0.0761863,159,149,true,0.0337689,0,0,0,0,0,0.0670517,0,30,57.5,1,1,0,0,0.673185
COMP_0054,GROUP_0217,servicio,holding / tesorería,1,holding / tesorería,0.944616,largo,Yield · barrido | FX Shield | Reserve · póliza,0.401838,0.12666,0.528498,2,cobros,0.267838,1117,1038,true,0.00472899,0,0,0,0,0,0,0,30,30,17,0.619812,0,0.0404192,1.47333
COMP_0055,GROUP_0131,servicio,alquiler / inmobiliario,1,alquiler / inmobiliario,0.78,largo,Yield · barrido | Reserve · póliza | Seguro de cobro,0.238173,0.0773837,0.315556,2,cobros,0.17249,551,322,true,0.14762,0,0,0,0,0,0,0,73,33,77,0.148013,0,0.00543478,
COMP_0056,GROUP_0234,producto,comercio minorista,1,comercio minorista,0.778425,días,Reserve · póliza | FX Shield | Yield · barrido,-0.0768973,0.260585,0.183687,3,liquidación de efectivo + retirada de efectivo,0.102909,236,223,true,0.0761667,0,0,0,0,0,0.00626367,0.207431,7,0,38,0.979528,0,0,0.100776
COMP_0057,GROUP_0122,servicio,servicios profesionales,1,servicios profesionales,0.750985,6 meses,Factoring | Yield · barrido | Reserve · póliza,0.329635,0.161433,0.491068,2,cobros,0.216889,376,161,true,0.761846,0,0,0,0,0,0,0,43,30,66,0.100534,0,0.0405616,1.84395
COMP_0058,GROUP_0104,producto,industria | holding / tesorería | mayorista / distribución,3,industria,0.75,12 meses,Factoring | Reserve · póliza | Confirming | FX Shield,-0.113766,0.591527,0.47776,1,liquidación TPV + cobros masivos,0.121162,4896,3689,true,0.129385,0,1,1,0,1,0.0134584,0.00582944,109,70,143,0.364411,0,0,-0.0181
COMP_0059,GROUP_0101,servicio,transporte / logística,1,transporte / logística,0.78,días,Factoring | Reserve · póliza | Confirming,0.0931144,0.246145,0.339259,2,cobros,0.161221,660,244,true,0.539174,0,0,0,0,0,0,0.000451509,12,24,12,0.998692,0,0.0295455,1.54187
COMP_0060,GROUP_0112,mixto,comercio minorista,1,comercio minorista,0.749203,días,Reserve · póliza | Yield · barrido | FX Shield,-0.0680973,0.342353,0.274256,2,cobros,0.043288,119,105,true,0.000151199,0,0,0,0,0,0,0.0264609,,17,5,,0,0.028169,
COMP_0061,GROUP_0022,mixto,comercio minorista,1,comercio minorista,0.72559,días,Reserve · póliza | FX Shield | Yield · barrido,-0.0261095,0.280862,0.254752,3,liquidación de efectivo + retirada de efectivo,0.014393,2087,247,false,0.830538,0,0,0,0,0,0.000126939,0.0887319,,,,,,,0.189453
COMP_0062,GROUP_0165,servicio,servicios profesionales | holding / tesorería,2,servicios profesionales,0.571341,6 meses,Yield · barrido | Reserve · póliza | FX Shield,0.279302,0.200704,0.480006,0,seguridad social + nóminas,0.228067,949,522,false,0.209131,0,0,0,0,0,0.227437,4.00561e-05,,,,,,,
COMP_0063,GROUP_0011,servicio,comercio minorista,1,comercio minorista,0.592595,días,Reserve · póliza | FX Shield | Yield · barrido,0.0750118,0.633389,0.7084,3,liquidación de efectivo + retirada de efectivo,0.196302,855,570,false,0.337442,0,0,0,0,0,0.0458101,0.132151,,,,,,,0.135656
COMP_0064,GROUP_0174,mixto,comercio minorista,1,comercio minorista,0.647639,días,Reserve · póliza | FX Shield | Yield · barrido,-0.0207333,0.347095,0.326362,3,liquidación de efectivo + retirada de efectivo,0.0454984,404,293,true,0.260175,0,0,0,0,0,0,0.0857083,90,47,11,0.363867,0,0,0.468189
COMP_0065,GROUP_0139,servicio,construcción | servicios profesionales,2,construcción,0.75,6 meses,Factoring | Reserve · póliza | Seguro de cobro | Yield · barrido,0.0813738,0.648606,0.72998,1,liquidación TPV + cobros masivos,0.183298,1131,1068,true,0.0325479,0,1,1,0,0,0.0822326,0.0209772,46,16,60,0.159708,0,0.0480307,0.0127836
COMP_0066,GROUP_0115,servicio,servicios profesionales | holding / tesorería,2,servicios profesionales,0.655434,6 meses,Reserve · póliza | Yield · barrido | FX Shield,0.467188,0.0474316,0.51462,0,seguridad social + nóminas,0.221214,151,149,false,1.98824e-05,0,0,0,0,0,0.898445,0,,,,,,,0.872476
COMP_0067,GROUP_0064,mixto,holding / tesorería,1,holding / tesorería,0.829432,largo,Yield · barrido | FX Shield | Reserve · póliza,-0.0230002,0.0797432,0.0567429,2,cobros,0.338235,25,24,false,0.0155128,0,0,0,0,0,0,0,,,,,,,20.2081
COMP_0068,GROUP_0142,servicio,comercio minorista | hostelería,2,comercio minorista,0.574684,días,Reserve · póliza | Yield · barrido | FX Shield,0.135286,0.458485,0.59377,3,liquidación de efectivo + retirada de efectivo,0.0334074,2772,2702,true,0.0109465,0,0,0,0,0,0.103595,0.0885695,5,8.5,100,0.0271935,0,0,0.307769
COMP_0069,GROUP_0175,mixto,servicios profesionales,1,servicios profesionales,0.688303,6 meses,Yield · barrido | Factoring | Reserve · póliza,0.0493597,0.22147,0.27083,2,cobros,0.193499,2389,77,true,0.887219,0,0,0,0,0,0,0,10,0,440,0.00936193,0,0.0230689,3.39804
COMP_0070,GROUP_0230,mixto,comercio minorista,1,comercio minorista,0.525982,días,Yield · barrido | Reserve · póliza | FX Shield,0.0180696,0.330935,0.349004,3,liquidación de efectivo + retirada de efectivo,0.114788,3904,1997,true,0.755735,0,0,0,0,0,6.19003e-05,0.010617,61,46,282,0.533843,0,0,7181.97
COMP_0071,GROUP_0102,mixto,holding / tesorería | hostelería,2,holding / tesorería,0.628457,largo,Yield · barrido | Reserve · póliza | FX Shield,-0.0310814,0.324243,0.293162,2,cobros,0.0158479,217,172,true,0.013333,0,0,0,0,1,0.0882111,0.00641357,30,60,20,0.126576,0,0,1.46972
COMP_0072,GROUP_0003,insuficiente,,0,,,,,,,,,sin cobertura,,66,17,true,0.711984,0,0,0,0,0,0.00141409,0,,31,2,,0,0,0.828657
COMP_0073,GROUP_0101,servicio,transporte / logística,1,transporte / logística,0.78,días,Factoring | Reserve · póliza | Yield · barrido | Confirming,0.190919,0.252432,0.443351,2,cobros,0.108578,561,143,true,0.66778,0,0,0,0,0,0.00149177,0.0108138,12,27,11,0.69706,0,0.0385906,3.81729
COMP_0074,GROUP_0088,servicio,holding / tesorería,1,holding / tesorería,0.729071,largo,Yield · barrido | FX Shield | Reserve · póliza,0.114287,0.369519,0.483806,3,liquidación de efectivo + retirada de efectivo,0.0204153,7490,7289,true,0.0304108,0,0,0,0,1,0.0197474,0.000137734,4,13,64,0.056456,0,0,2.16079
COMP_0075,GROUP_0115,servicio,hostelería,1,hostelería,0.500994,6 meses,Reserve · póliza | FX Shield | Yield · barrido,0.151044,0.327258,0.478302,0,seguridad social + nóminas,0.037129,3443,3159,false,0.218685,0,0,0,0,1,0.129483,0.0389029,,,,,,,0.189376
COMP_0076,GROUP_0146,producto,comercio minorista,1,comercio minorista,0.714841,días,Reserve · póliza | FX Shield | Yield · barrido,-0.156869,0.181442,0.0245723,2,cobros,0.156149,119,119,false,0,0,0,0,0,1,0,0.00210844,,,,,,,-7.57912e-15
COMP_0077,GROUP_0213,mixto,holding / tesorería,1,holding / tesorería,0.719415,largo,Yield · barrido | FX Shield | Reserve · póliza,0.0409681,0.207069,0.248037,2,cobros,0.0247456,296,280,true,0.093798,0,0,0,0,0,0.0253701,1.48069e-05,24,71,12,0.162788,0,0,13.0558
COMP_0078,GROUP_0246,servicio,holding / tesorería,1,holding / tesorería,0.814151,largo,Reserve · póliza | FX Shield | Yield · barrido,0.102943,0.288033,0.390976,0,seguridad social + nóminas,0.0638311,312,271,true,0.0243332,0,0,0,0,1,0.0120009,0,14,32.5,55,0.370115,0,0,0.639643
COMP_0079,GROUP_0203,servicio,servicios profesionales,1,servicios profesionales,0.637347,6 meses,Factoring | Reserve · póliza | Yield · barrido,0.341823,0.39932,0.741144,0,seguridad social + nóminas,0.0816733,2205,1787,true,0.106222,0,0,0,0,1,0.264925,0.00400115,0,0,61,0.280518,0,0.0023088,0.481527
COMP_0080,GROUP_0112,producto,construcción | mayorista / distribución,2,construcción,0.586216,6 meses,Reserve · póliza,-0.21891,0.255592,0.0366824,2,cobros,0.404608,83,71,false,4.21293e-06,0,0,0,0,0,0,0,,,,,,,
COMP_0081,GROUP_0217,servicio,alquiler / inmobiliario | holding / tesorería | servicios profesionales,3,alquiler / inmobiliario,0.78,largo,Yield · barrido | Reserve · póliza | Factoring | FX Shield,0.3848,0.355678,0.740478,0,seguridad social + nóminas,0.0832184,1315,1309,true,1.69961e-05,0,0,0,0,0,0.055095,0,31,30,17,0.984856,0,0.0941851,1.07
COMP_0082,GROUP_0172,servicio,holding / tesorería,1,holding / tesorería,0.605116,largo,Reserve · póliza | FX Shield | Yield · barrido,0.41631,0.292461,0.708771,3,liquidación de efectivo + retirada de efectivo,0.113852,7993,4603,false,0.329982,0,0,0,0,0,0.0201434,0.00173263,,,,,,,0.00100957
COMP_0083,GROUP_0133,servicio,holding / tesorería | comercio minorista,2,holding / tesorería,0.716418,largo,Reserve · póliza | Yield · barrido | FX Shield,0.17453,0.203171,0.377701,2,cobros,0.0953875,39,36,true,0.00131575,0,0,0,0,0,0,0.058349,,,0,,0,0.333333,0.0778709
COMP_0084,GROUP_0138,servicio,servicios profesionales,1,servicios profesionales,0.543172,6 meses,Reserve · póliza | Yield · barrido,0.406986,0.48198,0.888966,0,seguridad social + nóminas,0.165474,615,520,false,0.133284,0,0,0,0,0,0.220148,0.00235678,,,,,,,0.0818475
COMP_0085,GROUP_0155,servicio,alquiler / inmobiliario,1,alquiler / inmobiliario,0.78,largo,Reserve · póliza | Yield · barrido | Seguro de cobro,0.427463,0.211889,0.639353,3,liquidación de efectivo + retirada de efectivo,0.00345802,864,270,true,0.603673,0,0,0,0,0,0.00584936,0.00769796,12,27,13,0.219199,0,0.0717822,0.275427
COMP_0086,GROUP_0168,servicio,servicios profesionales | hostelería,2,servicios profesionales,0.543724,6 meses,Reserve · póliza | Yield · barrido | FX Shield,0.382111,0.246686,0.628797,0,seguridad social + nóminas,0.129739,657,366,false,0.293111,0,0,0,0,0,0.447701,0.00734331,,,,,,,-0.000175133
COMP_0087,GROUP_0065,producto,comercio minorista | construcción | holding / tesorería,3,comercio minorista,0.627434,días,Reserve · póliza | Yield · barrido | FX Shield,-0.192842,0.471002,0.27816,3,liquidación de efectivo + retirada de efectivo,0.0422928,3995,3161,false,0.175747,0,0,0,0,1,0.00456946,0.00279163,,,,,,,0.44744
COMP_0088,GROUP_0172,servicio,holding / tesorería,1,holding / tesorería,0.770609,largo,Reserve · póliza | FX Shield | Yield · barrido,0.349191,0.252486,0.601676,2,cobros,0.047669,1957,1706,false,0.00663489,0,0,0,0,0,0.00129513,0,,,,,,,0.00198558
COMP_0089,GROUP_0153,servicio,holding / tesorería | servicios profesionales,2,holding / tesorería,0.672873,largo,Reserve · póliza | Yield · barrido | Factoring | FX Shield,0.259859,0.263359,0.523218,0,seguridad social + nóminas,0.294117,944,815,true,0.0161845,0,0,0,0,0,0.36316,0,56,90,45,0.973395,0,0,0.199669
COMP_0090,GROUP_0116,mixto,,0,,,,,-0.000489717,0.156087,0.155598,2,cobros,0.32753,111,107,true,0.0170857,0,0,0,0,0,0,0,,14,0,,0,0,0.691102
COMP_0091,GROUP_0237,servicio,hostelería,1,hostelería,0.78,6 meses,Reserve · póliza | FX Shield | Yield · barrido,0.227514,0.294218,0.521732,2,cobros,0.132743,929,659,true,0.244615,0,0,0,0,1,0,2.40829e-05,32,30,52,0.0693875,0,0.002002,0.577726
COMP_0092,GROUP_0159,mixto,comercio minorista | mayorista / distribución,2,comercio minorista,0.632177,días,Reserve · póliza | FX Shield | Yield · barrido,-0.0668016,0.564623,0.497821,3,liquidación de efectivo + retirada de efectivo,0.11093,690,664,false,0.000164865,0,0,0,0,0,0,0.00172895,,,,,,,0.36732
COMP_0093,GROUP_0149,servicio,servicios profesionales,1,servicios profesionales,0.486114,6 meses,Factoring | Yield · barrido | Reserve · póliza,0.0707823,0.192746,0.263529,2,cobros,0.292934,124,87,true,0.151083,0,0,0,0,0,0,0,,180,3,0.987151,0,0,
COMP_0094,GROUP_0021,servicio,holding / tesorería,1,holding / tesorería,0.675468,largo,Yield · barrido | FX Shield | Reserve · póliza,0.307375,0.226154,0.533529,0,seguridad social + nóminas,0.111686,1997,1813,true,0.125714,0,0,0,0,1,0.0496136,2.6698e-06,33,27.5,60,0.867441,0,0,1.24116
COMP_0095,GROUP_0240,insuficiente,,0,,,,,,,,,sin cobertura,,198,14,true,0.514183,0,0,0,0,0,0,0.832006,25,39,4,0.973706,0,0,1.34899
COMP_0096,GROUP_0217,servicio,holding / tesorería,1,holding / tesorería,0.947916,largo,Reserve · póliza | FX Shield | Yield · barrido,0.232174,0.102479,0.334653,2,cobros,0.268498,138,106,true,0.00725239,0,0,0,0,0,0,0,,30,0,,0,0.0263158,0.0843983
COMP_0097,GROUP_0170,mixto,construcción,1,construcción,0.461508,6 meses,Reserve · póliza | Yield · barrido,0.050555,0.0884424,0.138997,2,cobros,0.403613,83,57,false,0.521,0,0,0,0,0,0,0,,,,,,,6.29538
COMP_0098,GROUP_0132,servicio,servicios profesionales,1,servicios profesionales,0.68,6 meses,Factoring | Reserve · póliza | Yield · barrido,0.293554,0.202995,0.49655,2,cobros,0.167608,709,136,true,0.819779,0,0,0,0,0,0,0.00182278,63,37,20,0.110516,0,0.0733591,-0.360847
COMP_0099,GROUP_0238,mixto,holding / tesorería | hostelería,2,holding / tesorería,0.588505,largo,Reserve · póliza | Yield · barrido | FX Shield,0.0666296,0.385699,0.452329,0,seguridad social + nóminas,0.193207,2702,2209,true,0.121596,0,0,0,0,0,0.181055,0.000448347,15,17,29,0.210881,0,0,0.270174
COMP_0100,GROUP_0129,mixto,comercio minorista | holding / tesorería,2,comercio minorista,0.609664,días,Yield · barrido | Reserve · póliza | FX Shield,-0.0569213,0.455727,0.398806,3,liquidación de efectivo + retirada de efectivo,0.17934,707,338,true,0.594519,0,0,0,0,0,0.000586407,0.208328,100,60,7,0.274599,0,0.0199203,2.51576
COMP_0101,GROUP_0108,servicio,servicios profesionales,1,servicios profesionales,0.776486,6 meses,Factoring | Yield · barrido | Reserve · póliza,0.113616,0.526252,0.639869,0,seguridad social + nóminas,0.208192,5874,2695,true,0.0182251,0,1,0,0,1,0.158407,6.75562e-05,0,30,50,0.313667,0,0.000383583,1.91658
COMP_0102,GROUP_0158,servicio,holding / tesorería,1,holding / tesorería,0.861537,largo,Reserve · póliza | FX Shield | Yield · barrido,0.393989,0.0733223,0.467311,2,cobros,0.233733,238,139,false,0.478343,0,0,0,0,0,0,0,,,,,,,1.0788e-15
COMP_0103,GROUP_0170,mixto,holding / tesorería,1,holding / tesorería,0.535729,largo,Yield · barrido | FX Shield | Reserve · póliza,0.0247908,0.425228,0.450019,0,seguridad social + nóminas,0.13344,249,186,false,0.0156803,0,0,0,0,0,0.112143,0.000896103,,,,,,,3.74998
COMP_0104,GROUP_0173,servicio,transporte / logística | holding / tesorería,2,transporte / logística,0.78,días,Reserve · póliza | Factoring | FX Shield | Yield · barrido,0.137379,0.23045,0.367829,2,cobros,0.245945,603,603,true,0,0,0,0,0,0,0,0,0,14,67,0.19042,0.435772,0.00650407,-0.906141
COMP_0105,GROUP_0079,servicio,servicios profesionales | hostelería | software / suscripción,3,servicios profesionales,0.8263,6 meses,Reserve · póliza | Yield · barrido | FX Shield | Factoring,0.513385,0.320555,0.83394,0,seguridad social + nóminas,0.249342,2221,1741,true,0.0336102,0,0,0,0,0,0.514559,0.000328063,61,45.5,88,0.204034,0,0.0364536,0.11617
COMP_0106,GROUP_0022,producto,mayorista / distribución,1,mayorista / distribución,0.504255,12 meses,Factoring | Confirming | Yield · barrido | Reserve · póliza,-0.216191,0.242116,0.0259246,2,cobros,0.193666,55,40,true,0.0183634,0,0,0,0,0,0,0,,0,0,,0,0,388.387
COMP_0107,GROUP_0094,producto,comercio minorista | servicios profesionales,2,comercio minorista,0.676629,días,Yield · barrido | Reserve · póliza | Factoring | FX Shield,-0.123049,0.501042,0.377993,3,liquidación de efectivo + retirada de efectivo,0.122854,1224,426,true,0.733894,0,0,0,0,0,0,0.0125128,34.5,13,66,0.0570514,0,0.202487,4.01642
COMP_0108,GROUP_0179,producto,mayorista / distribución | construcción,2,mayorista / distribución,0.574862,12 meses,Reserve · póliza,-0.147495,0.284383,0.136888,2,cobros,0.31399,366,249,false,0.634417,0,0,0,0,0,0,0,,,,,,,1.55042
COMP_0109,GROUP_0170,servicio,comercio minorista,1,comercio minorista,0.600259,días,Reserve · póliza | Yield · barrido | FX Shield,0.120751,0.387945,0.508696,3,liquidación de efectivo + retirada de efectivo,0.118961,7490,3503,false,0.552462,0,0,0,0,0,0.0476127,0.170953,,,,,,,1.49817
COMP_0110,GROUP_0008,servicio,servicios profesionales,1,servicios profesionales,0.594969,6 meses,Factoring | Reserve · póliza | Yield · barrido,0.300265,0.145883,0.446148,2,cobros,0.38567,214,96,true,0.495208,0,0,0,1,0,0,0,,30,12,,0,0.0138889,0.180904
COMP_0111,GROUP_0243,servicio,servicios profesionales,1,servicios profesionales,0.559328,6 meses,Reserve · póliza | Yield · barrido,0.556885,0.0528169,0.609702,2,cobros,0.120095,392,82,false,0.56574,0,0,0,0,0,0.00731845,0,,,,,,,0.117742
COMP_0112,GROUP_0222,mixto,comercio minorista,1,comercio minorista,0.653517,días,Yield · barrido | Reserve · póliza | FX Shield,-0.017795,0.514171,0.496376,3,liquidación de efectivo + retirada de efectivo,0.0666014,788,606,true,0.178936,0,0,0,0,0,0.0605494,0.0185651,0,16,175,0.0174327,0,0,12.4196
COMP_0113,GROUP_0070,mixto,mayorista / distribución | servicios profesionales,2,mayorista / distribución,0.539727,12 meses,Factoring | Yield · barrido | Reserve · póliza | Confirming,0.00117474,0.364149,0.365324,0,seguridad social + nóminas,0.0894403,525,448,true,0.329826,0,0,0,0,0,0.03279,0,19,53,3,1,0,0,7.37471
COMP_0114,GROUP_0044,insuficiente,,0,,,,,,,,,sin cobertura,,105,20,true,0.647779,0,0,0,0,0,0,0,30,30,2,0.864809,0,0.375,1.00962
COMP_0115,GROUP_0095,servicio,servicios profesionales,1,servicios profesionales,0.580592,6 meses,Reserve · póliza | Yield · barrido,0.295116,0.208782,0.503899,0,seguridad social + nóminas,0.0241915,253,193,false,0.293908,0,0,0,0,0,0.0310332,0,,,,,,,0.0542148
COMP_0116,GROUP_0195,servicio,comercio minorista,1,comercio minorista,0.493456,días,Reserve · póliza | Yield · barrido | FX Shield,0.105094,0.452072,0.557167,0,seguridad social + nóminas,0.0529783,542,521,true,0.0853812,0,0,0,0,0,0.0558944,0.112389,60,40.5,10,0.611099,0,0,1.58615
COMP_0117,GROUP_0101,servicio,servicios profesionales,1,servicios profesionales,0.811388,6 meses,Factoring | Reserve · póliza | Yield · barrido,0.356107,0.0627797,0.418887,2,cobros,0.0721776,770,204,true,0.914698,0,0,0,0,0,0.00434093,0,6,14,10,0.505699,0,0.0583215,0.6731
COMP_0118,GROUP_0138,servicio,servicios profesionales | holding / tesorería,2,servicios profesionales,0.650048,6 meses,Reserve · póliza | Yield · barrido | FX Shield,0.550476,0.084507,0.634983,0,seguridad social + nóminas,0.290583,243,232,false,0.000913187,0,0,0,0,0,0.542208,0,,,,,,,0.150922
COMP_0119,GROUP_0048,mixto,comercio minorista,1,comercio minorista,0.652221,días,Reserve · póliza | FX Shield | Yield · barrido,-0.0488259,0.387323,0.338497,3,liquidación de efectivo + retirada de efectivo,0.0963006,1322,1162,true,0.0257392,0,0,0,0,0,0.0214018,0.00918736,0,20,119,0.303182,0,0,0.0742774
COMP_0120,GROUP_0210,servicio,servicios profesionales,1,servicios profesionales,0.520186,6 meses,Factoring | Yield · barrido | Reserve · póliza,0.149931,0.14948,0.299411,2,cobros,0.144388,590,223,true,0.7051,0,0,0,0,0,0,6.17017e-06,14,0,2393,0.00250355,0,0.00118554,1.58545
COMP_0121,GROUP_0158,servicio,holding / tesorería | servicios profesionales,2,holding / tesorería,0.656483,largo,Reserve · póliza | Yield · barrido | FX Shield,0.299176,0.29536,0.594536,0,seguridad social + nóminas,0.252218,463,384,false,0.0944748,0,0,0,0,0,0.11275,0,,,,,,,-5.40331e-16
COMP_0122,GROUP_0086,servicio,comercio minorista,1,comercio minorista,0.69098,días,Yield · barrido | Reserve · póliza | FX Shield,0.137815,0.26222,0.400036,3,liquidación de efectivo + retirada de efectivo,0.0863322,8979,3183,false,0.720781,0,0,0,0,0,0,0.0452003,,,,,,,3.84352
COMP_0123,GROUP_0153,servicio,holding / tesorería | servicios profesionales | transporte / logística,3,holding / tesorería,0.574,largo,Factoring | Yield · barrido | Reserve · póliza | FX Shield,0.0981493,0.239226,0.337375,0,seguridad social + nóminas,0.0417961,969,851,true,0.0475981,0,0,0,0,0,0.0727253,0.00295876,47,17,62,0.249119,0,0,1.23938
COMP_0124,GROUP_0136,servicio,servicios profesionales | holding / tesorería,2,servicios profesionales,0.736638,6 meses,Reserve · póliza | Yield · barrido | Factoring | FX Shield,0.356374,0.2728,0.629174,0,seguridad social + nóminas,0.206591,380,353,true,0.0785539,1,0,0,0,0,0.250573,0,0,0,93,0.973243,0,0.0102459,0.17211
COMP_0125,GROUP_0250,mixto,holding / tesorería,1,holding / tesorería,0.907422,largo,Yield · barrido | FX Shield | Reserve · póliza,0.0444111,0.132886,0.177297,2,cobros,0.257282,102,96,true,0.00035512,0,0,0,0,0,0,0,7,55,2,0.891249,0,0,50.8074
COMP_0126,GROUP_0220,servicio,holding / tesorería,1,holding / tesorería,0.699341,largo,Yield · barrido | FX Shield | Reserve · póliza,0.145562,0.185184,0.330746,0,seguridad social + nóminas,0.222877,1889,1581,true,0.0955498,0,0,0,0,1,0.0748599,2.00935e-05,109,15,24,0.268487,0,0,
COMP_0127,GROUP_0064,insuficiente,,0,,,,,,,,,sin cobertura,,24,7,false,0.896352,0,0,0,0,0,0,0,,,,,,,88.8907
COMP_0128,GROUP_0103,mixto,mayorista / distribución | holding / tesorería,2,mayorista / distribución,0.680841,12 meses,Yield · barrido | Reserve · póliza | FX Shield,-0.00894722,0.539975,0.531028,0,seguridad social + nóminas,0.239227,994,893,false,0.0379036,0,1,0,0,1,0.0687983,0,,,,,,,2.93584
COMP_0129,GROUP_0185,producto,holding / tesorería,1,holding / tesorería,0.715161,largo,Reserve · póliza | FX Shield | Yield · barrido,-0.217543,0.458525,0.240983,3,liquidación de efectivo + retirada de efectivo,0.0897335,946,662,true,0.190385,0,0,0,0,0,0.00299822,5.24376e-05,30,32,39,0.671243,0,0,0.0591239
COMP_0130,GROUP_0079,servicio,servicios profesionales,1,servicios profesionales,0.911306,6 meses,Factoring | Yield · barrido | Reserve · póliza,0.58992,0.269067,0.858987,0,seguridad social + nóminas,0.306821,1646,1516,true,0.150436,0,0,0,0,0,0.309867,0,61,30,64,0.0652434,0,0.132323,1.69186
COMP_0131,GROUP_0070,producto,comercio minorista,1,comercio minorista,0.640897,días,Yield · barrido | Reserve · póliza | FX Shield,-0.270846,0.325839,0.0549926,2,cobros,0.191657,40,24,true,0.0212358,0,0,0,0,0,0,5.47231e-05,,47,1,,0,0,1078.05
COMP_0132,GROUP_0104,mixto,holding / tesorería,1,holding / tesorería,0.67066,largo,Reserve · póliza | FX Shield | Yield · barrido,-0.0125186,0.44276,0.430241,3,liquidación de efectivo + retirada de efectivo,0.0102234,692,572,true,0.0188745,0,0,0,0,0,0.0248004,0.000779716,90,67,44,0.384673,0,0,0.0837363
COMP_0133,GROUP_0103,producto,holding / tesorería,1,holding / tesorería,0.783658,largo,Yield · barrido | FX Shield | Reserve · póliza,-0.0914567,0.244615,0.153158,2,cobros,0.409827,35,31,false,0.000334734,0,0,0,0,0,0,0,,,,,,,
COMP_0134,GROUP_0169,insuficiente,,0,,,,,,,,,sin cobertura,,115,0,false,1,0,0,0,0,0,0,,,,,,,,2.47142
COMP_0135,GROUP_0050,mixto,comercio minorista,1,comercio minorista,0.71047,días,Reserve · póliza | Yield · barrido | FX Shield,-0.0255205,0.412593,0.387073,2,cobros,0.12803,312,86,false,0.789853,0,0,0,0,0,0,0.0138984,,,,,,,1.18944
COMP_0136,GROUP_0142,servicio,servicios profesionales,1,servicios profesionales,0.493736,6 meses,Factoring | Reserve · póliza | Yield · barrido,0.146323,0.356698,0.503021,3,liquidación de efectivo + retirada de efectivo,0.095118,4369,3939,true,0.0509288,0,0,0,0,0,0.066961,0.00414416,16,35,25,0.327117,0,0,0.197168
COMP_0137,GROUP_0217,servicio,holding / tesorería,1,holding / tesorería,0.926825,largo,Reserve · póliza | FX Shield | Yield · barrido,0.154466,0.147356,0.301822,2,cobros,0.279813,145,117,true,0.0054079,0,0,0,0,0,0,0,,30,0,,0,0.0465116,0.0398341
COMP_0138,GROUP_0035,servicio,comercio minorista | hostelería,2,comercio minorista,0.603549,días,Reserve · póliza | Yield · barrido | FX Shield,0.185057,0.460134,0.645191,1,liquidación TPV + cobros masivos,0.0858319,14875,14492,true,0.0174578,0,0,0,0,1,0.211472,0.0884028,0,30,18,0.521315,0,0,-0.446642
COMP_0139,GROUP_0217,servicio,servicios profesionales,1,servicios profesionales,0.651423,6 meses,Factoring | Yield · barrido | Reserve · póliza,0.41572,0.214006,0.629726,2,cobros,0.185037,552,542,true,0.00207069,0,0,0,0,0,5.60117e-05,0,30,30,15,0.570351,0,0.0436562,1.02825
COMP_0140,GROUP_0072,servicio,energía | servicios profesionales,2,energía,0.78,12 meses,Factoring | Yield · barrido | FX Shield | Reserve · póliza,0.102629,0.703903,0.806532,3,liquidación de efectivo + retirada de efectivo,0.0181318,5447,3093,true,0.214332,0,0,0,0,0,0.0910554,0.16212,0,30,19,0.97652,0.125109,0.0227472,2.39717
COMP_0141,GROUP_0220,producto,comercio minorista,1,comercio minorista,0.780703,días,Yield · barrido | Reserve · póliza | FX Shield,-0.112009,0.317671,0.205662,3,liquidación de efectivo + retirada de efectivo,0.0392389,864,79,true,0.699504,0,0,0,0,0,0.0018472,0.295515,15,30,1,1,0,0,2.62014
COMP_0142,GROUP_0217,servicio,servicios profesionales | alquiler / inmobiliario,2,servicios profesionales,0.861875,6 meses,Reserve · póliza | Yield · barrido | Factoring | Seguro de cobro,0.445009,0.355719,0.800728,0,seguridad social + nóminas,0.153115,2480,2470,true,9.63858e-05,0,0,0,0,0,0.0670239,0,31,30,22,0.334961,0,0.117375,0.529438
COMP_0143,GROUP_0146,servicio,comercio minorista,1,comercio minorista,0.559533,días,Yield · barrido | Reserve · póliza | FX Shield,0.0855947,0.309922,0.395517,0,seguridad social + nóminas,0.0622969,301,274,true,0.0982678,0,0,0,0,1,0.106734,0.0136333,0,30,41,0.0573849,0,0,21.7369
COMP_0144,GROUP_0236,servicio,servicios profesionales,1,servicios profesionales,0.480482,6 meses,Yield · barrido | Reserve · póliza,0.408286,0.149544,0.55783,2,cobros,0.182024,868,221,false,0.728586,0,0,0,0,0,0.0011525,5.46614e-05,,,,,,,1.31716
COMP_0145,GROUP_0007,servicio,holding / tesorería,1,holding / tesorería,0.725456,largo,Yield · barrido | FX Shield | Reserve · póliza,0.241645,0.218103,0.459747,2,cobros,0.117871,2334,2089,false,0.488345,0,0,0,0,0,0,0.00109531,,,,,,,7.47723
COMP_0146,GROUP_0020,servicio,servicios profesionales,1,servicios profesionales,0.622017,6 meses,Reserve · póliza | Yield · barrido,0.288445,0.239437,0.527881,2,cobros,0.0974544,93,93,false,0,0,0,0,0,0,0.158245,0,,,,,,,0.0816143
COMP_0147,GROUP_0227,servicio,comercio minorista,1,comercio minorista,0.581411,días,Reserve · póliza | Yield · barrido | FX Shield,0.136935,0.188898,0.325832,2,cobros,0.120956,748,75,true,0.551006,0,0,0,0,0,0,0.00400296,,,0,,0,0,
COMP_0148,GROUP_0016,servicio,servicios profesionales,1,servicios profesionales,0.4907,6 meses,Yield · barrido | Reserve · póliza,0.239246,0.0567523,0.295998,2,cobros,0.393531,49,35,false,0.422124,0,0,0,0,0,0,0,,,,,,,
COMP_0149,GROUP_0132,mixto,servicios profesionales | comercio minorista,2,servicios profesionales,0.72,6 meses,Reserve · póliza | Factoring | Yield · barrido | FX Shield,-0.0228185,0.407062,0.384243,3,liquidación de efectivo + retirada de efectivo,0.133559,1687,882,true,0.519432,0,0,0,0,0,0,0.0610828,111,63.5,59,0.337385,0,0.0115607,0.113196
COMP_0150,GROUP_0081,mixto,comercio minorista,1,comercio minorista,0.771013,días,Reserve · póliza | FX Shield | Yield · barrido,-0.0420475,0.365905,0.323857,3,liquidación de efectivo + retirada de efectivo,0.0928708,2652,1821,true,0.115307,1,0,0,0,0,0.0173814,0.172075,0,5,19,0.894901,0,0,0.33723
COMP_0151,GROUP_0101,mixto,software / suscripción | transporte / logística,2,software / suscripción,0.78,largo,Yield · barrido | Reserve · póliza | Factoring | FX Shield,-0.0195855,0.365179,0.345593,2,cobros,0.109365,172,135,true,0.00177004,0,0,0,0,0,0,0.000992231,,10,6,1,0,0.178947,22.3507
COMP_0152,GROUP_0037,servicio,servicios profesionales,1,servicios profesionales,0.53523,6 meses,Factoring | Reserve · póliza | Yield · barrido,0.301234,0.433052,0.734286,3,liquidación de efectivo + retirada de efectivo,0.124997,2304,2233,true,0.0178523,0,0,0,0,0,0.0193874,0.0487073,67,62,150,0.0308914,0,0.00855131,-0.109902
COMP_0153,GROUP_0115,servicio,servicios profesionales | holding / tesorería,2,servicios profesionales,0.641901,6 meses,Yield · barrido | Reserve · póliza | FX Shield,0.416197,0.0669014,0.483099,0,seguridad social + nóminas,0.152668,96,91,false,0.0859412,0,0,0,0,0,0.362624,0,,,,,,,55.1116
COMP_0154,GROUP_0003,insuficiente,,0,,,,,,,,,sin cobertura,,37,3,true,0.999072,0,0,0,0,0,0,0,41,14,2,1,0,0,0.337662
COMP_0155,GROUP_0143,producto,holding / tesorería,1,holding / tesorería,0.92086,largo,Reserve · póliza | FX Shield | Yield · barrido,-0.262249,0.362566,0.100318,2,cobros,0.221326,510,396,true,0.168453,0,0,0,0,0,0,0,,0,8,1,0,0,0.00347034
COMP_0156,GROUP_0187,servicio,servicios profesionales,1,servicios profesionales,0.565403,6 meses,Reserve · póliza | Yield · barrido,0.151994,0.438898,0.590892,0,seguridad social + nóminas,0.26534,2563,1304,false,0.372626,0,0,0,0,0,0.341545,0.00060911,,,,,,,0.552847
COMP_0157,GROUP_0146,producto,comercio minorista | construcción,2,comercio minorista,0.630748,días,Reserve · póliza | FX Shield | Yield · barrido,-0.140498,0.408451,0.267953,2,cobros,0.154116,282,260,false,0.0217506,0,0,0,0,0,0.00103002,0.0020532,,,,,,,0.49837
COMP_0158,GROUP_0001,producto,comercio minorista,1,comercio minorista,0.88779,días,Reserve · póliza | FX Shield | Yield · barrido,-0.0998057,0.498964,0.399159,3,liquidación de efectivo + retirada de efectivo,0.174962,520,339,false,0.215079,0,0,0,0,0,0,0.144403,,,,,,,0.134557
COMP_0159,GROUP_0102,servicio,servicios profesionales,1,servicios profesionales,0.621228,6 meses,Factoring | Yield · barrido | Reserve · póliza,0.272152,0.24817,0.520322,0,seguridad social + nóminas,0.220155,222,212,true,0,0,0,0,0,0,0.217574,0,4,1,2,0.908733,0,0,1.02976
COMP_0160,GROUP_0106,servicio,servicios profesionales,1,servicios profesionales,0.571341,6 meses,Yield · barrido | Reserve · póliza,0.412198,0.416321,0.828519,0,seguridad social + nóminas,0.333217,1739,1469,false,0.0338928,0,0,0,0,0,0.189547,5.43903e-06,,,,,,,1.27822
COMP_0161,GROUP_0079,servicio,servicios profesionales,1,servicios profesionales,0.742195,6 meses,Yield · barrido | Factoring | Reserve · póliza,0.613025,0.1235,0.736526,0,seguridad social + nóminas,0.235989,244,238,true,0.000127137,0,0,0,0,0,0.245174,0,,,7,0.306248,0,0.0348101,3404.26
COMP_0162,GROUP_0095,servicio,servicios profesionales | mayorista / distribución,2,servicios profesionales,0.62326,6 meses,Reserve · póliza | Yield · barrido,0.156684,0.44884,0.605524,0,seguridad social + nóminas,0.295585,306,243,false,0.0609273,0,0,0,0,0,0.172993,0,,,,,,,0.490405
COMP_0163,GROUP_0094,servicio,servicios profesionales | mayorista / distribución,2,servicios profesionales,0.765878,6 meses,Factoring | Reserve · póliza | Confirming | Yield · barrido,0.309136,0.386403,0.695539,3,liquidación de efectivo + retirada de efectivo,0.0851583,1486,1027,true,0.493269,0,0,0,0,0,0.191238,0.0253465,28,13,302,0.89467,0,0.100637,0.821739
COMP_0164,GROUP_0154,mixto,holding / tesorería,1,holding / tesorería,0.74947,largo,Reserve · póliza | FX Shield | Yield · barrido,0.0596214,0.251791,0.311413,0,seguridad social + nóminas,0.252799,559,483,true,0.00480176,0,0,0,0,0,0.108079,0,0,0,3,1,0,0,0.978595
COMP_0165,GROUP_0035,servicio,servicios profesionales,1,servicios profesionales,0.490424,6 meses,Yield · barrido | Reserve · póliza,0.435998,0.0851284,0.521127,2,cobros,0.196011,74,74,false,0,0,0,0,0,0,0,0,,,,,,,237.308
COMP_0166,GROUP_0149,producto,comercio minorista,1,comercio minorista,0.856307,días,Reserve · póliza | Yield · barrido | FX Shield,-0.188931,0.327619,0.138688,2,cobros,0.0961569,131,82,true,0.319492,0,0,0,0,0,0,0.0671105,,102.5,27,0.944055,0,0,
COMP_0167,GROUP_0218,servicio,software / suscripción | servicios profesionales,2,software / suscripción,0.78,largo,Reserve · póliza | Yield · barrido | Factoring | FX Shield,0.598626,0.328881,0.927507,0,seguridad social + nóminas,0.0991303,738,675,true,0.00162524,0,0,0,0,0,0.501381,0.0981009,30,30,18,0.263835,0,0.0535988,0.554281
COMP_0168,GROUP_0061,insuficiente,,0,,,,,,,,,sin cobertura,,0,0,true,,0,0,0,0,1,,,,21,6,,0,0.00601295,2.74311
COMP_0169,GROUP_0090,servicio,comercio minorista | servicios profesionales | hostelería,3,comercio minorista,0.611603,6 meses,Reserve · póliza | Yield · barrido | Factoring | FX Shield,0.101494,0.53412,0.635614,1,liquidación TPV + cobros masivos,0.00184236,6235,4620,true,0.289496,0,0,0,0,1,0.105031,0.207526,1,55,262,0.547105,0,0.000277624,0.204906
COMP_0170,GROUP_0128,insuficiente,,0,,,,,,,,,sin cobertura,,55,10,false,0.2998,0,0,0,0,0,0,0,,,,,,,
COMP_0171,GROUP_0048,mixto,holding / tesorería,1,holding / tesorería,0.919836,largo,Reserve · póliza | FX Shield | Yield · barrido,0.00349506,0.144827,0.148322,2,cobros,0.331768,59,59,true,0,0,0,0,0,0,0,0,0,33.5,2,1,0,0,0.809916
COMP_0172,GROUP_0212,producto,comercio minorista | mayorista / distribución | construcción,3,comercio minorista,0.676937,días,Reserve · póliza | Yield · barrido | FX Shield,-0.391852,0.611019,0.219167,3,liquidación de efectivo + retirada de efectivo,0.0999384,4246,4191,false,0.103091,0,0,0,0,0,0.000412397,0.00682816,,,,,,,9.88136
COMP_0173,GROUP_0019,mixto,comercio minorista,1,comercio minorista,0.580549,días,Reserve · póliza | FX Shield | Yield · barrido,0.0672428,0.408061,0.475304,0,seguridad social + nóminas,0.0920323,1623,1274,true,0.130092,0,0,0,0,0,0.0720953,0.00277216,0,25,23,0.586993,0,0,0.384469
COMP_0174,GROUP_0017,servicio,servicios profesionales,1,servicios profesionales,0.641211,6 meses,Reserve · póliza | Yield · barrido,0.494564,0.173571,0.668134,0,seguridad social + nóminas,0.372814,874,657,false,0.00102438,0,0,0,0,0,0.364942,0,,,,,,,0.109895
COMP_0175,GROUP_0143,servicio,servicios profesionales,1,servicios profesionales,0.479377,6 meses,Reserve · póliza | Yield · barrido,0.142805,0.553438,0.696243,3,liquidación de efectivo + retirada de efectivo,0.0794847,14725,13820,false,0.0463321,0,0,0,0,0,0.0197684,0.00318887,,,,,,,0.0571931
COMP_0176,GROUP_0225,mixto,servicios profesionales | mayorista / distribución,2,servicios profesionales,0.560392,6 meses,Factoring | Yield · barrido | Reserve · póliza | Confirming,0.0405702,0.320343,0.360913,0,seguridad social + nóminas,0.232072,270,235,true,0.202103,0,0,0,0,0,0.158017,0,26,23,3,0.953944,0,0,9.76289
COMP_0177,GROUP_0185,producto,comercio minorista,1,comercio minorista,0.721661,días,Reserve · póliza | FX Shield | Yield · barrido,-0.173182,0.502218,0.329036,3,liquidación de efectivo + retirada de efectivo,0.196303,925,786,true,0.119837,0,0,0,0,0,0.00652492,0.150387,30,31,18,0.902428,0,0,0.118924
COMP_0178,GROUP_0220,servicio,holding / tesorería,1,holding / tesorería,0.794013,largo,Yield · barrido | FX Shield | Reserve · póliza,0.152538,0.147722,0.300261,0,seguridad social + nóminas,0.0649542,1071,918,true,0.175153,0,0,0,0,1,0.0494855,0,45,45,12,0.521427,0,0,1.5808
COMP_0179,GROUP_0017,producto,comercio minorista,1,comercio minorista,0.710491,días,Reserve · póliza | FX Shield | Yield · barrido,-0.18987,0.466446,0.276576,3,liquidación de efectivo + retirada de efectivo,0.161597,755,594,false,0.000274192,0,0,0,0,0,0.00341745,0.018517,,,,,,,0.0317662
COMP_0180,GROUP_0055,servicio,energía | construcción | servicios profesionales,3,energía,0.78,6 meses,Factoring | Reserve · póliza | FX Shield | Seguro de cobro,0.258681,0.358595,0.617276,0,seguridad social + nóminas,0.00464126,2381,1823,true,0.148916,0,0,0,0,0,0.0096103,0.00338396,7,39.5,154,0.341167,0,0.00350754,0.0603781
COMP_0181,GROUP_0045,mixto,holding / tesorería | comercio minorista,2,holding / tesorería,0.584768,largo,Reserve · póliza | Yield · barrido | FX Shield,0.0403078,0.34975,0.390058,0,seguridad social + nóminas,0.179981,2505,2403,true,0.0941607,0,0,0,0,1,0.0989891,0.000288412,0,16,50,0.142197,0,0,0.0261097
COMP_0182,GROUP_0179,servicio,comercio minorista | hostelería,2,comercio minorista,0.541228,días,Reserve · póliza | Yield · barrido | FX Shield,0.230765,0.315659,0.546423,3,liquidación de efectivo + retirada de efectivo,0.0445923,4610,951,false,0.856021,0,0,0,0,0,0.124503,0.105447,,,,,,,1.46882
COMP_0183,GROUP_0232,servicio,servicios profesionales,1,servicios profesionales,0.525662,6 meses,Factoring | Reserve · póliza | Yield · barrido,0.122397,0.107764,0.230162,2,cobros,0.138701,184,157,true,0.000120986,0,0,0,0,1,0.000175822,0,0,0,11,0.864575,0,0,0.157678
COMP_0184,GROUP_0044,mixto,mayorista / distribución | servicios profesionales,2,mayorista / distribución,0.599288,12 meses,Factoring | Yield · barrido | Reserve · póliza | Confirming,0.015227,0.387568,0.402796,0,seguridad social + nóminas,0.0351924,167,157,true,0.000190862,0,0,0,0,0,0.0381704,0,60,30,4,0.5165,0,0,7.9548
COMP_0185,GROUP_0044,servicio,hostelería | holding / tesorería,2,hostelería,0.78,6 meses,Reserve · póliza | Yield · barrido | FX Shield,0.0747115,0.563479,0.63819,3,liquidación de efectivo + retirada de efectivo,0.0949714,3227,1960,true,0.215208,0,1,0,0,0,0.000771742,6.37106e-05,90,55,147,0.0587151,0,0.00303688,-0.0169228
COMP_0186,GROUP_0142,mixto,comercio minorista | hostelería,2,comercio minorista,0.557405,días,Reserve · póliza | Yield · barrido | FX Shield,0.0406343,0.398047,0.438681,3,liquidación de efectivo + retirada de efectivo,0.0340749,1668,1591,true,0.137813,0,0,0,0,0,0.109924,0.0245134,,13,1,1,0,0,0.0569866
COMP_0187,GROUP_0044,insuficiente,,0,,,,,,,,,sin cobertura,,30,4,true,0.741817,0,0,0,0,0,0,0,,30,0,,0,0,0.723824
COMP_0188,GROUP_0158,servicio,comercio minorista,1,comercio minorista,0.769687,días,Reserve · póliza | Yield · barrido | FX Shield,0.0970408,0.388152,0.485193,3,liquidación de efectivo + retirada de efectivo,0.12396,493,479,false,0.0115973,0,0,0,0,0,0,0.484785,,,,,,,
COMP_0189,GROUP_0211,producto,comercio minorista | holding / tesorería,2,comercio minorista,0.748422,días,Reserve · póliza | Yield · barrido | FX Shield,-0.144523,0.308837,0.164313,3,liquidación de efectivo + retirada de efectivo,0.0544918,293,97,true,0.586847,0,0,0,0,0,0,0.0164401,15,52.5,125,0.0309661,0,0,0.36079
COMP_0190,GROUP_0182,servicio,comercio minorista,1,comercio minorista,0.628491,días,Reserve · póliza | FX Shield | Yield · barrido,0.0988138,0.323686,0.4225,3,liquidación de efectivo + retirada de efectivo,0.155897,975,124,true,0.784745,0,0,0,0,0,0,0.595655,81,15,29,0.129989,0,0.0537634,0.342766
COMP_0191,GROUP_0132,servicio,servicios profesionales,1,servicios profesionales,0.68,6 meses,Factoring | Reserve · póliza | Yield · barrido,0.184432,0.194708,0.379141,2,cobros,0.0738896,1540,98,true,0.883151,0,0,0,0,0,0,0.00154906,62,64,52,0.74953,0,0.0437158,0.550981
COMP_0192,GROUP_0048,mixto,holding / tesorería,1,holding / tesorería,0.679436,largo,Reserve · póliza | FX Shield | Yield · barrido,-0.0218035,0.423974,0.402171,0,seguridad social + nóminas,0.0454233,2560,1320,true,0.026807,0,0,0,0,0,0.0395574,4.13864e-05,25,33,181,0.136776,0,0,0.237535
COMP_0193,GROUP_0224,mixto,comercio minorista | hostelería,2,comercio minorista,0.703423,días,Reserve · póliza | Yield · barrido | FX Shield,-0.0258869,0.509743,0.483857,3,liquidación de efectivo + retirada de efectivo,0.0318279,6796,6125,true,0.406386,0,0,0,0,0,0.151732,0.241231,0,0,16,0.341287,0,0,1.04043
COMP_0194,GROUP_0035,producto,,0,,,,,-0.122039,0.182422,0.0603839,2,cobros,0.232187,115,101,true,0.0118259,0,0,0,0,0,0,0,,12,0,,0,0,8.07928
COMP_0195,GROUP_0065,producto,comercio minorista,1,comercio minorista,0.794377,días,Reserve · póliza | FX Shield | Yield · barrido,-0.431005,0.824979,0.393974,3,liquidación de efectivo + retirada de efectivo,0.135325,2260,2028,false,0.195544,0,1,0,0,0,1.64451e-06,0.0639401,,,,,,,0.586662
COMP_0196,GROUP_0199,producto,construcción | mayorista / distribución,2,construcción,0.577235,6 meses,Reserve · póliza,-0.232639,0.30261,0.0699713,2,cobros,0.373443,744,27,false,0.51556,0,0,0,0,0,0,0,,,,,,,0.110657
COMP_0197,GROUP_0035,servicio,servicios profesionales,1,servicios profesionales,0.4797,6 meses,Factoring | Reserve · póliza | Yield · barrido,0.0878696,0.26786,0.35573,2,cobros,0.196617,61,61,true,0,0,0,0,0,0,0,0,4,36,1,1,0,0,0.169209
COMP_0198,GROUP_0037,producto,mayorista / distribución,1,mayorista / distribución,0.546507,12 meses,Factoring | Confirming | Yield · barrido | Reserve · póliza,-0.13835,0.442279,0.30393,2,cobros,0.209415,67,49,true,0.00113276,0,0,0,0,0,0,4.31026e-06,,0,1,,0,0.0641026,4.91591
COMP_0199,GROUP_0179,servicio,servicios profesionales,1,servicios profesionales,0.532539,6 meses,Reserve · póliza | Yield · barrido,0.120874,0.145195,0.266068,2,cobros,0.418397,301,50,false,0.819447,0,0,0,0,0,5.75414e-05,0,,,,,,,0.860364
COMP_0200,GROUP_0224,producto,comercio minorista | mayorista / distribución,2,comercio minorista,0.600446,días,Reserve · póliza | Factoring | Confirming | FX Shield,-0.196764,0.402282,0.205518,2,cobros,0.0231168,825,274,true,0.474857,0,0,0,0,0,0,0.00547094,85,0,10,0.592407,0,0,0.114776
COMP_0201,GROUP_0101,servicio,holding / tesorería | transporte / logística,2,holding / tesorería,0.797143,largo,Reserve · póliza | Yield · barrido | Factoring | FX Shield,0.339323,0.147207,0.486529,2,cobros,0.150449,725,249,true,0.690586,0,0,0,0,0,0.00187278,0,6,24,16,0.324237,0,0.0318302,1.75326
COMP_0202,GROUP_0194,producto,mayorista / distribución | construcción,2,mayorista / distribución,0.57141,12 meses,Reserve · póliza,-0.109144,0.311516,0.202372,2,cobros,0.400549,718,712,false,9.65833e-06,0,0,0,0,0,0,0,,,,,,,1.77508
COMP_0203,GROUP_0016,servicio,holding / tesorería | servicios profesionales,2,holding / tesorería,0.576013,largo,Reserve · póliza | Yield · barrido | Factoring | FX Shield,0.260115,0.369513,0.629628,1,liquidación TPV + cobros masivos,0.0376367,9669,8074,true,0.0885523,0,0,0,0,1,0.269188,0.00236371,30,18,98,0.193984,0,0,0.0922993
COMP_0204,GROUP_0052,servicio,servicios profesionales,1,servicios profesionales,0.609052,6 meses,Factoring | Reserve · póliza | Yield · barrido,0.128564,0.327693,0.456257,0,seguridad social + nóminas,0.171845,58,58,true,0,0,0,0,0,0,0.166292,0,33,8,6,0.470322,0,0,0.0650112
COMP_0205,GROUP_0175,servicio,comercio minorista,1,comercio minorista,0.574103,días,Yield · barrido | Reserve · póliza | FX Shield,0.127554,0.276263,0.403817,3,liquidación de efectivo + retirada de efectivo,0.00273282,202,70,true,0.767236,0,0,0,1,0,0,0.0237944,38,10,82,0.0312172,0,0.0977199,3.40224
COMP_0206,GROUP_0239,servicio,comercio minorista,1,comercio minorista,0.674617,días,Reserve · póliza | Yield · barrido | FX Shield,0.252606,0.263877,0.516483,3,liquidación de efectivo + retirada de efectivo,0.0708867,2653,1525,false,0.79303,0,0,0,0,0,0,0.0355448,,,,,,,1.02625
COMP_0207,GROUP_0153,servicio,servicios profesionales | holding / tesorería | transporte / logística,3,servicios profesionales,0.562294,6 meses,Factoring | Reserve · póliza | Yield · barrido | FX Shield,0.15283,0.349439,0.502269,0,seguridad social + nóminas,0.300841,917,780,true,0.0278653,0,0,0,0,0,0.462513,0.000348973,60,26,11,0.805313,0,0,0.168403
COMP_0208,GROUP_0003,producto,mayorista / distribución,1,mayorista / distribución,0.456023,12 meses,Factoring | Confirming | Reserve · póliza | Seguro de cobro,-0.0846529,0.296683,0.21203,2,cobros,0.179226,438,47,true,0.796887,0,0,0,0,0,0,0,0,17.5,363,0.00999065,0,0,1.17286
COMP_0209,GROUP_0221,servicio,hostelería,1,hostelería,0.546355,6 meses,Reserve · póliza | FX Shield | Yield · barrido,0.248778,0.3286,0.577378,0,seguridad social + nóminas,0.0230161,340,309,true,0.00202677,0,0,0,0,0,0.273873,0.0717157,120,9.5,25,0.137712,0,0,0.0148272
COMP_0210,GROUP_0117,servicio,servicios profesionales,1,servicios profesionales,0.55898,6 meses,Yield · barrido | Factoring | Reserve · póliza,0.334481,0.280815,0.615296,0,seguridad social + nóminas,0.217513,619,487,true,0.0130404,0,0,0,0,1,0.434354,0.000499449,,45,0,,0,0,11.902
COMP_0211,GROUP_0243,mixto,comercio minorista,1,comercio minorista,0.680023,días,Reserve · póliza | FX Shield | Yield · barrido,-0.0411144,0.231359,0.190244,2,cobros,0.13332,301,35,false,0.598187,0,0,0,0,0,0,0.00770667,,,,,,,-0.0096691
COMP_0212,GROUP_0199,insuficiente,,0,,,,,,,,,sin cobertura,,92,1,false,0.999999,0,0,0,0,0,0,0,,,,,,,2.57323
COMP_0213,GROUP_0170,servicio,comercio minorista,1,comercio minorista,0.557591,días,Reserve · póliza | FX Shield | Yield · barrido,0.272327,0.225766,0.498094,2,cobros,0.0792015,2405,932,false,0.892569,0,0,0,0,0,0,0.00227166,,,,,,,0.351826
COMP_0214,GROUP_0112,producto,construcción | mayorista / distribución,2,construcción,0.595823,6 meses,Reserve · póliza | Yield · barrido,-0.276236,0.313173,0.0369375,2,cobros,0.431117,80,68,false,0.000162983,0,0,0,0,0,0,0,,,,,,,5600.89
COMP_0215,GROUP_0070,servicio,servicios profesionales,1,servicios profesionales,0.621256,6 meses,Yield · barrido | Factoring | Reserve · póliza,0.23912,0.126982,0.366102,0,seguridad social + nóminas,0.00913592,61,38,true,0.401259,0,0,0,0,0,0.258871,0,0,51,2,1,0,0,2.14956
COMP_0216,GROUP_0067,servicio,hostelería | comercio minorista,2,hostelería,0.529992,6 meses,Reserve · póliza | Yield · barrido | FX Shield,0.393724,0.37966,0.773385,0,seguridad social + nóminas,0.0248558,9893,6441,false,0.323723,0,0,0,0,1,0.189256,0.0741282,,,,,,,1.93106
COMP_0217,GROUP_0087,insuficiente,,0,,,,,,,,,sin cobertura,,56,6,false,0.847108,0,0,0,0,0,0,0,,,,,,,0.119416
COMP_0218,GROUP_0113,mixto,holding / tesorería,1,holding / tesorería,0.814426,largo,Yield · barrido | FX Shield | Reserve · póliza,-0.0571529,0.232469,0.175317,0,seguridad social + nóminas,0.112416,312,271,true,0.0184918,0,0,0,0,0,0.00282046,0,4,1,0,1,0,0,5.9598
COMP_0219,GROUP_0132,servicio,transporte / logística | alquiler / inmobiliario | servicios profesionales,3,transporte / logística,0.78,días,Reserve · póliza | Factoring | Yield · barrido | Confirming,0.262228,0.123707,0.385934,2,cobros,0.167626,8940,1220,true,0.871047,0,0,0,0,0,3.04458e-05,0,47,64,260,0.489087,0,0.0175887,-0.13854
COMP_0220,GROUP_0124,producto,mayorista / distribución | comercio minorista,2,mayorista / distribución,0.649604,12 meses,Reserve · póliza | Factoring | Confirming | FX Shield,-0.189729,0.651233,0.461504,1,liquidación TPV + cobros masivos,0.108888,1435,1048,true,0.106628,0,1,0,0,1,0.0328368,0.00576691,35.5,81,36,0.356371,0,0,0.0592675
COMP_0221,GROUP_0138,servicio,comercio minorista,1,comercio minorista,0.545992,días,Reserve · póliza | FX Shield | Yield · barrido,0.0886717,0.614747,0.703419,1,liquidación TPV + cobros masivos,0.0419044,1143,1008,false,0.177622,0,0,0,0,1,0.0427504,0.0432149,,,,,,,0.356593
COMP_0222,GROUP_0064,mixto,comercio minorista,1,comercio minorista,0.589095,días,Yield · barrido | Reserve · póliza | FX Shield,-0.0339747,0.26222,0.228246,2,cobros,0.282787,491,107,false,0.656146,0,0,0,0,0,0,0.000374343,,,,,,,30.0693
COMP_0223,GROUP_0078,mixto,holding / tesorería,1,holding / tesorería,0.80582,largo,Yield · barrido | FX Shield | Reserve · póliza,-0.054156,0.0969345,0.0427785,2,cobros,0.223879,44,41,false,0.0262995,0,0,0,0,0,0,0,,,,,,,
COMP_0224,GROUP_0234,producto,comercio minorista,1,comercio minorista,0.817367,días,Reserve · póliza | FX Shield | Yield · barrido,-0.0976552,0.339478,0.241823,3,liquidación de efectivo + retirada de efectivo,0.16649,239,123,false,0.382497,0,0,0,0,0,0.00454998,0.254898,,,,,,,0.491083
COMP_0225,GROUP_0118,producto,comercio minorista,1,comercio minorista,0.709628,días,Reserve · póliza | FX Shield | Yield · barrido,-0.103547,0.37561,0.272063,3,liquidación de efectivo + retirada de efectivo,0.149993,2092,1914,true,0.00492255,0,0,0,0,0,0,0.00241257,5,21,85,0.021178,0,0,0.135098
COMP_0226,GROUP_0013,servicio,servicios profesionales,1,servicios profesionales,0.535697,6 meses,Yield · barrido | Factoring | Reserve · póliza,0.273544,0.105787,0.379331,2,cobros,0.173422,238,134,true,0.392621,0,0,0,0,0,0.00410401,0,38,51.5,30,0.192726,0,0,2.45918
COMP_0227,GROUP_0092,servicio,servicios profesionales,1,servicios profesionales,0.523978,6 meses,Yield · barrido | Reserve · póliza,0.337522,0.461268,0.79879,0,seguridad social + nóminas,0.109858,1835,1357,false,0.0985337,0,0,0,0,1,0.112985,0.0024431,,,,,,,1.27356
COMP_0228,GROUP_0081,producto,comercio minorista,1,comercio minorista,0.830788,días,Reserve · póliza | FX Shield | Yield · barrido,-0.136265,0.480372,0.344107,1,liquidación TPV + cobros masivos,0.045198,6877,5968,true,0.0851762,1,0,0,0,0,0.0178991,0.208306,0,5,102,0.864401,0,0,0.214945
COMP_0229,GROUP_0101,servicio,servicios profesionales,1,servicios profesionales,0.626398,6 meses,Yield · barrido | Factoring | Reserve · póliza,0.34106,0.18851,0.52957,2,cobros,0.231042,25,25,true,0,0,0,0,0,0,0,0,,76,0,,0,1,105.744
COMP_0230,GROUP_0213,mixto,holding / tesorería,1,holding / tesorería,0.711164,largo,Yield · barrido | FX Shield | Reserve · póliza,0.00193732,0.299089,0.301026,2,cobros,0.0941991,89,86,false,0.000605628,0,0,0,0,0,0.0230016,0,,,,,,,3.31827
COMP_0231,GROUP_0108,mixto,holding / tesorería | comercio minorista,2,holding / tesorería,0.680762,largo,Reserve · póliza | Yield · barrido | FX Shield,0.0117538,0.299301,0.311054,0,seguridad social + nóminas,0.0344544,679,646,true,0.0911796,0,0,0,0,0,0.00756876,0.000128255,0,14,33,0.282916,0,0,0.0689227
COMP_0232,GROUP_0038,producto,mayorista / distribución,1,mayorista / distribución,0.510904,12 meses,Factoring | Reserve · póliza | Confirming | Seguro de cobro,-0.110196,0.378773,0.268577,2,cobros,0.0872712,127,111,true,5.12792e-05,0,0,0,0,0,0.00894747,0,0,12,18,0.905663,0,0,0.0860293
COMP_0233,GROUP_0150,producto,comercio minorista,1,comercio minorista,0.707591,días,Reserve · póliza | FX Shield | Yield · barrido,-0.0999419,0.376968,0.277026,3,liquidación de efectivo + retirada de efectivo,0.0723916,4430,2383,false,0.630315,0,0,0,0,0,2.24677e-08,0.0100567,,,,,,,0.133095
COMP_0234,GROUP_0101,servicio,hostelería | software / suscripción | transporte / logística,3,hostelería,0.78,6 meses,Reserve · póliza | Yield · barrido | FX Shield | Factoring,0.170165,0.464046,0.634211,3,liquidación de efectivo + retirada de efectivo,0.0564109,3635,1928,true,0.763998,0,0,0,0,0,0.0298174,0.0321226,9,16,24,0.265426,0,0.180213,0.533305
COMP_0235,GROUP_0028,producto,comercio minorista | mayorista / distribución | industria,3,comercio minorista,0.63779,12 meses,Reserve · póliza | Yield · barrido | FX Shield,-0.217204,0.56773,0.350526,3,liquidación de efectivo + retirada de efectivo,0.236465,14484,1763,false,0.71282,0,0,0,0,0,1.9587e-06,0.00157159,,,,,,,1.30671
COMP_0236,GROUP_0243,servicio,servicios profesionales,1,servicios profesionales,0.549247,6 meses,Reserve · póliza | Yield · barrido,0.467699,0.091135,0.558834,2,cobros,0.210382,5049,1994,false,0.480147,0,0,0,0,0,0.0051189,0,,,,,,,-0.131673
COMP_0237,GROUP_0044,servicio,servicios profesionales,1,servicios profesionales,0.721336,6 meses,Factoring | Reserve · póliza | Yield · barrido,0.204528,0.297122,0.50165,2,cobros,0.315537,172,100,true,0.254976,0,0,0,0,0,0,0,60,30,14,0.230191,0,0.0333333,0.663797
COMP_0238,GROUP_0149,servicio,servicios profesionales,1,servicios profesionales,0.636205,6 meses,Factoring | Reserve · póliza | Yield · barrido,0.325859,0.46657,0.792429,0,seguridad social + nóminas,0.132981,752,645,true,0.165188,0,0,0,0,0,0.103776,6.9771e-05,85,86,33,0.653446,0,0.0229277,0.0604148
COMP_0239,GROUP_0202,servicio,servicios profesionales,1,servicios profesionales,0.877903,6 meses,Factoring | Reserve · póliza | Yield · barrido,0.320685,0.357145,0.677829,0,seguridad social + nóminas,0.103184,493,454,true,0.0658135,0,0,0,0,0,0.217635,0,30,34,15,0.500898,0,0.107649,0.272736
COMP_0240,GROUP_0009,insuficiente,,0,,,,,,,,,sin cobertura,,73,10,false,0.886052,0,0,0,0,0,0,0,,,,,,,5.24556
COMP_0241,GROUP_0050,mixto,construcción | servicios profesionales,2,construcción,0.516437,6 meses,Reserve · póliza | Yield · barrido,0.00987677,0.238815,0.248692,0,seguridad social + nóminas,0.0665614,6144,1391,false,0.8987,0,0,0,0,0,0.0101518,0,,,,,,,0.62593
COMP_0242,GROUP_0108,mixto,,0,,,,,-0.0609086,0.176468,0.11556,2,cobros,0.372094,31,31,true,0,0,0,0,0,0,0,0,30,24.5,1,1,0,0,0.350447
COMP_0243,GROUP_0170,servicio,comercio minorista,1,comercio minorista,0.528594,días,Reserve · póliza | FX Shield | Yield · barrido,0.186612,0.61889,0.805502,3,liquidación de efectivo + retirada de efectivo,0.110333,9872,8009,false,0.105256,0,0,0,0,0,0.0648033,0.0414903,,,,,,,0.874898
COMP_0244,GROUP_0212,servicio,servicios profesionales,1,servicios profesionales,0.548419,6 meses,Reserve · póliza | Yield · barrido,0.475718,0.483637,0.959355,0,seguridad social + nóminas,0.036161,4071,3851,false,0.00528421,0,0,0,0,0,0.306021,0.00308532,,,,,,,0.132529
COMP_0245,GROUP_0096,servicio,servicios profesionales,1,servicios profesionales,0.912926,6 meses,Factoring | Reserve · póliza | Yield · barrido,0.75284,0.133489,0.886329,0,seguridad social + nóminas,0.253979,226,174,true,0.00277937,0,0,0,0,0,0.760202,0,0,4,3,1,0,0.735849,0.970858
COMP_0246,GROUP_0213,mixto,construcción | comercio minorista,2,construcción,0.75,6 meses,Reserve · póliza | Yield · barrido | Factoring | FX Shield,-0.0466171,0.5263,0.479683,3,liquidación de efectivo + retirada de efectivo,0.339042,2621,2421,true,0.0704499,0,0,0,0,1,8.87989e-05,0.0913328,5,43,164,0.015154,0,0.0004004,4.24648
COMP_0247,GROUP_0218,producto,software / suscripción | servicios profesionales,2,software / suscripción,0.78,largo,Yield · barrido | Factoring | Reserve · póliza | FX Shield,-0.142499,0.450843,0.308344,2,cobros,0.160512,1175,343,true,0.341837,0,0,0,0,0,0,0.000318851,30,30,25,0.301452,0,0.0602056,1.84536
COMP_0248,GROUP_0095,servicio,hostelería | energía | construcción,3,hostelería,0.78,6 meses,Reserve · póliza | Factoring | FX Shield | Seguro de cobro,0.0729095,0.638518,0.711428,1,liquidación TPV + cobros masivos,0.0741342,4042,3281,true,0.0940142,0,1,0,0,1,0.0762557,0.00742871,43,30,152,0.0895467,0,0.000527148,0.706223
COMP_0249,GROUP_0194,producto,construcción | mayorista / distribución,2,construcción,0.582247,6 meses,Reserve · póliza,-0.238107,0.30551,0.0674027,2,cobros,0.320427,493,110,false,0.734877,0,0,0,0,0,0,0,,,,,,,0.862382
COMP_0250,GROUP_0065,servicio,alquiler / inmobiliario,1,alquiler / inmobiliario,0.78,largo,Yield · barrido | Reserve · póliza | Seguro de cobro,0.24773,0.431164,0.678894,3,liquidación de efectivo + retirada de efectivo,0.073571,1463,1253,true,0.0319886,0,0,0,0,0,0.000244495,0.0109058,14,24,223,0.27197,0,0.448911,1.2354
COMP_0251,GROUP_0170,servicio,servicios profesionales,1,servicios profesionales,0.489872,6 meses,Yield · barrido | Reserve · póliza,0.108513,0.0963132,0.204826,2,cobros,0.371562,639,182,false,0.791596,0,0,0,0,0,0,0,,,,,,,1.10465
COMP_0252,GROUP_0179,insuficiente,,0,,,,,,,,,sin cobertura,,463,5,false,0.984404,0,0,0,0,0,0,0,,,,,,,-0.196447
COMP_0253,GROUP_0055,mixto,software / suscripción,1,software / suscripción,0.78,largo,Reserve · póliza | FX Shield | Yield · barrido,0.0404523,0.362335,0.402788,0,seguridad social + nóminas,0.198331,583,319,true,0.00469661,0,0,0,0,0,0.218238,0.000275264,29,49,26,0.970182,0,0,0.937734
COMP_0254,GROUP_0158,servicio,holding / tesorería,1,holding / tesorería,0.523923,largo,Reserve · póliza | FX Shield | Yield · barrido,0.163338,0.482601,0.64594,0,seguridad social + nóminas,0.116754,1488,1123,false,0.118374,0,0,0,0,0,0.0647921,0.00784666,,,,,,,-3.94866e-16
COMP_0255,GROUP_0025,servicio,alquiler / inmobiliario | servicios profesionales,2,alquiler / inmobiliario,0.78,largo,Reserve · póliza | Yield · barrido | Factoring | Seguro de cobro,0.485828,0.415793,0.901621,0,seguridad social + nóminas,0.0615939,3024,2523,true,0.0652125,0,0,0,0,1,0.48157,0.00840005,30,25,166,0.0713677,0,0.034979,0.575535
COMP_0256,GROUP_0170,servicio,servicios profesionales,1,servicios profesionales,0.489872,6 meses,Yield · barrido | Reserve · póliza,0.0790735,0.122825,0.201899,2,cobros,0.453755,214,198,false,0.211355,0,0,0,0,0,0,0,,,,,,,104.586
COMP_0257,GROUP_0023,servicio,hostelería,1,hostelería,0.491259,6 meses,Yield · barrido | Reserve · póliza | FX Shield,0.0922446,0.473228,0.565473,1,liquidación TPV + cobros masivos,0.0885624,3823,3622,true,0.0333738,0,0,0,0,0,0.152222,0.0196776,14,20,347,0.464962,0,0,2.10992
COMP_0258,GROUP_0078,mixto,construcción,1,construcción,0.521449,6 meses,Reserve · póliza,0.0313347,0.189519,0.220854,2,cobros,0.0222786,159,146,false,0.29715,0,0,0,0,0,0.00612411,2.68985e-05,,,,,,,1.12921
COMP_0259,GROUP_0198,servicio,servicios profesionales,1,servicios profesionales,0.72,6 meses,Factoring | Yield · barrido | Reserve · póliza,0.333796,0.235551,0.569347,2,cobros,0.0857518,106,96,true,0.0510439,0,0,0,0,0,0,0.000183573,0,46,3,1,0,0.641509,
COMP_0260,GROUP_0087,insuficiente,,0,,,,,,,,,sin cobertura,,49,5,false,0.774497,0,0,0,0,0,0,0,,,,,,,0.00566557
COMP_0261,GROUP_0086,producto,mayorista / distribución | construcción,2,mayorista / distribución,0.61822,12 meses,Reserve · póliza,-0.33267,0.547846,0.215176,2,cobros,0.048993,303,296,false,0.00023409,0,0,0,0,0,0.00333706,4.47328e-06,,,,,,,
COMP_0262,GROUP_0211,producto,comercio minorista,1,comercio minorista,0.697972,días,Reserve · póliza | FX Shield | Yield · barrido,-0.109336,0.449075,0.339739,3,liquidación de efectivo + retirada de efectivo,0.0801728,5743,1843,true,0.938386,0,0,0,0,0,0,0.0227068,31,30,359,0.037322,0,0.00540541,0.763713
COMP_0263,GROUP_0250,mixto,holding / tesorería,1,holding / tesorería,0.863549,largo,Yield · barrido | FX Shield | Reserve · póliza,0.0198999,0.193336,0.213236,2,cobros,0.257747,98,94,true,0.000528671,0,0,0,0,0,0,0,7,55,2,0.8891,0,0,51.5086
COMP_0264,GROUP_0066,servicio,servicios profesionales,1,servicios profesionales,0.475626,6 meses,Factoring | Reserve · póliza | Yield · barrido,0.205057,0.122519,0.327576,2,cobros,0.274461,369,60,true,0.542847,0,0,0,0,0,0,0,,0,0,,0,0,0.205201
COMP_0265,GROUP_0033,servicio,servicios profesionales,1,servicios profesionales,0.762712,6 meses,Factoring | Reserve · póliza | Yield · barrido,0.360037,0.364212,0.724249,0,seguridad social + nóminas,0.310362,543,440,true,0.0170273,0,0,0,0,0,0.366504,0,30,2,11,0.447101,0,0.237968,0.355988
COMP_0266,GROUP_0016,servicio,comercio minorista,1,comercio minorista,0.550963,días,Reserve · póliza | FX Shield | Yield · barrido,0.204228,0.468931,0.673159,3,liquidación de efectivo + retirada de efectivo,0.18986,1482,977,false,0.105116,0,0,0,0,0,0.00801779,0.0207705,,,,,,,0.170644
COMP_0267,GROUP_0155,servicio,servicios profesionales,1,servicios profesionales,0.701801,6 meses,Factoring | Reserve · póliza | Yield · barrido,0.570258,0.391986,0.962244,0,seguridad social + nóminas,0.223963,2291,2070,true,0.00837608,0,0,0,0,0,0.406277,6.66255e-05,15,15,28,0.371551,0,0.161723,0.0295752
COMP_0268,GROUP_0094,mixto,comercio minorista,1,comercio minorista,0.650273,días,Reserve · póliza | FX Shield | Yield · barrido,-0.0340798,0.294989,0.260909,3,liquidación de efectivo + retirada de efectivo,0.137319,3881,1282,true,0.798005,0,0,0,0,0,0,0.0150308,30,23,1080,0.0755955,0,0,0.305185
COMP_0269,GROUP_0156,producto,holding / tesorería | comercio minorista,2,holding / tesorería,0.758725,largo,Yield · barrido | Reserve · póliza | FX Shield,-0.220357,0.383409,0.163052,2,cobros,0.0389996,1536,829,true,0.336858,0,1,1,0,1,0,0.000705341,,,2,0.500673,0,0,
COMP_0270,GROUP_0116,servicio,holding / tesorería | servicios profesionales,2,holding / tesorería,0.725457,largo,Yield · barrido | Factoring | Reserve · póliza | FX Shield,0.417772,0.171747,0.589519,2,cobros,0.184132,543,158,true,0.479151,0,0,0,0,0,0.012928,0,44,19,81,0.747698,0,0.00325733,1.09736
COMP_0271,GROUP_0138,servicio,comercio minorista | holding / tesorería,2,comercio minorista,0.555106,días,Reserve · póliza | Yield · barrido | FX Shield,0.119275,0.517813,0.637088,1,liquidación TPV + cobros masivos,0.171366,19249,17909,false,0.0928772,0,0,0,0,1,0.0029176,0.0157747,,,,,,,0.110986
COMP_0272,GROUP_0017,servicio,servicios profesionales,1,servicios profesionales,0.565403,6 meses,Reserve · póliza | Yield · barrido,0.233311,0.138774,0.372085,0,seguridad social + nóminas,0.00488277,181,163,false,0.113847,0,0,0,0,0,0.0209998,0,,,,,,,0.169754
COMP_0273,GROUP_0155,servicio,servicios profesionales,1,servicios profesionales,0.654807,6 meses,Factoring | Reserve · póliza | Yield · barrido,0.218508,0.3175,0.536007,2,cobros,0.326517,178,144,true,0.000735953,0,0,0,0,0,0.000640281,0,5,33.5,3,0.481947,0,0.153846,0.00766922
COMP_0274,GROUP_0097,producto,holding / tesorería,1,holding / tesorería,0.752589,largo,Yield · barrido | FX Shield | Reserve · póliza,-0.27589,0.336578,0.0606882,2,cobros,0.226038,164,137,false,0.377059,0,0,0,0,0,0,0,,,,,,,9.90801
COMP_0275,GROUP_0060,insuficiente,,0,,,,,,,,,sin cobertura,,125,17,true,0.799635,0,0,0,0,0,0,0,30,30,3,0.46336,0,0.227273,0.291865
COMP_0276,GROUP_0199,mixto,,0,,,,,-0.043082,0.115162,0.0720795,2,cobros,0.251913,932,27,false,0.973868,0,0,0,0,0,0,0,,,,,,,0.0792676
COMP_0277,GROUP_0236,servicio,holding / tesorería | servicios profesionales,2,holding / tesorería,0.554992,largo,Reserve · póliza | Yield · barrido | FX Shield,0.351496,0.387531,0.739027,0,seguridad social + nóminas,0.242015,1434,1190,false,0.0776859,0,0,0,0,1,0.069865,7.55269e-05,,,,,,,0.45754
COMP_0278,GROUP_0162,mixto,comercio minorista,1,comercio minorista,0.592121,días,Reserve · póliza | FX Shield | Yield · barrido,-0.01417,0.483633,0.469463,3,liquidación de efectivo + retirada de efectivo,0.187903,1757,540,true,0.645463,0,0,0,0,0,0.00408593,0.055987,41,32,122,0.0356019,0,0,0.489399
COMP_0279,GROUP_0022,mixto,holding / tesorería | alquiler / inmobiliario,2,holding / tesorería,0.848934,largo,Yield · barrido | Reserve · póliza | FX Shield | Seguro de cobro,0.0498852,0.316876,0.366761,2,cobros,0.276689,72,57,true,9.48667e-06,0,0,0,0,0,0,0,186,221,3,0.576991,0,0.58,689.559
COMP_0280,GROUP_0107,mixto,,0,,,,,-0.0423713,0.157575,0.115203,2,cobros,0.339072,1789,184,true,0.955413,0,0,0,0,0,0,0,67.5,30,102,0.286237,0,0,0.585715
COMP_0281,GROUP_0127,servicio,comercio minorista,1,comercio minorista,0.534807,días,Reserve · póliza | FX Shield | Yield · barrido,0.170111,0.527548,0.697659,1,liquidación TPV + cobros masivos,0.18315,2591,2012,false,0.0702417,0,0,0,0,1,0.0124182,0.0172801,,,,,,,0.412548
COMP_0282,GROUP_0187,servicio,servicios profesionales,1,servicios profesionales,0.573274,6 meses,Reserve · póliza | Yield · barrido,0.487909,0.393331,0.88124,0,seguridad social + nóminas,0.183511,8704,5297,false,0.101823,0,0,0,0,0,0.306918,0.000109061,,,,,,,0.253964
COMP_0283,GROUP_0089,servicio,servicios profesionales,1,servicios profesionales,0.516602,6 meses,Yield · barrido | Factoring | Reserve · póliza,0.0781267,0.197445,0.275572,2,cobros,0.164691,10521,10043,true,0.716032,0,0,0,0,0,0,1.46679e-05,20,10,92,0.134798,0,0.00634249,2.02169
COMP_0284,GROUP_0163,mixto,servicios profesionales,1,servicios profesionales,0.460325,6 meses,Factoring | Reserve · póliza | Yield · barrido,-0.0679879,0.248749,0.180761,2,cobros,0.369241,46,46,true,0,0,0,0,0,0,1.9347e-05,0,,26.5,0,,0,0,0.145416
COMP_0285,GROUP_0205,mixto,mayorista / distribución,1,mayorista / distribución,0.525552,12 meses,Reserve · póliza,-0.0325095,0.346313,0.313804,2,cobros,0.396229,60,60,false,0,0,0,0,0,0,0,0,,,,,,,0.00400218
COMP_0286,GROUP_0203,mixto,comercio minorista,1,comercio minorista,0.518258,días,Reserve · póliza | FX Shield | Yield · barrido,-0.0378874,0.509166,0.471279,0,seguridad social + nóminas,0.101798,246,243,true,0.000113283,0,0,0,0,1,0.0501741,0.00562062,,6,1,1,0,0,-0.377408
COMP_0287,GROUP_0231,servicio,software / suscripción | servicios profesionales,2,software / suscripción,0.78,largo,Reserve · póliza | Yield · barrido | Factoring | FX Shield,0.141804,0.276129,0.417933,2,cobros,0.354179,161,150,true,0.219249,0,0,0,0,0,0,0,47,33,3,0.641977,0,0.504202,0.0182101
COMP_0288,GROUP_0075,mixto,comercio minorista,1,comercio minorista,0.578324,días,Reserve · póliza | Yield · barrido | FX Shield,-0.0050307,0.392088,0.387057,3,liquidación de efectivo + retirada de efectivo,0.0745726,3062,1554,false,0.268071,0,0,0,0,1,0.0238426,0.0122794,,,,,,,
COMP_0289,GROUP_0142,producto,comercio minorista,1,comercio minorista,0.694592,días,Yield · barrido | Reserve · póliza | FX Shield,-0.094034,0.553613,0.459579,3,liquidación de efectivo + retirada de efectivo,0.18461,1152,1028,true,0.129925,0,0,0,0,0,0.0393453,0.0276788,2,34,14,0.67418,0,0,2.19583
COMP_0290,GROUP_0053,servicio,comercio minorista,1,comercio minorista,0.657252,días,Reserve · póliza | FX Shield | Yield · barrido,0.072309,0.481967,0.554276,3,liquidación de efectivo + retirada de efectivo,0.0299625,2682,1566,true,0.114361,0,0,0,0,0,0.0589608,0.129648,0,1,330,0.699383,0,0,0.695377
COMP_0291,GROUP_0104,servicio,holding / tesorería,1,holding / tesorería,0.564149,largo,Yield · barrido | FX Shield | Reserve · póliza,0.0760393,0.440976,0.517015,3,liquidación de efectivo + retirada de efectivo,0.0736796,201,180,true,0.0169118,0,0,0,0,0,0.124353,0.0114042,74,65,13,0.271906,0,0,8.67239
COMP_0292,GROUP_0199,producto,comercio minorista,1,comercio minorista,0.835387,días,Reserve · póliza | FX Shield | Yield · barrido,-0.338907,0.446355,0.107448,3,liquidación de efectivo + retirada de efectivo,0.15413,1166,471,false,0.39084,0,0,0,0,0,0,0.0532228,,,,,,,0.0061622
COMP_0293,GROUP_0126,producto,transporte / logística | holding / tesorería,2,transporte / logística,0.78,días,Reserve · póliza | Factoring | FX Shield | Yield · barrido,-0.335721,0.476704,0.140983,3,liquidación de efectivo + retirada de efectivo,0.0936527,1431,1408,true,0.0186108,0,0,0,0,0,2.11081e-08,0.00373185,34,42.5,16,0.640303,0,0,0.270512
COMP_0294,GROUP_0217,producto,mayorista / distribución,1,mayorista / distribución,0.470704,12 meses,Factoring | Confirming | Yield · barrido | Reserve · póliza,-0.104839,0.205058,0.100219,2,cobros,0.303679,57,51,true,0.00236738,0,0,0,0,0,0,0,31,30,3,0.333333,0,0,2031.54
COMP_0295,GROUP_0039,mixto,comercio minorista | hostelería,2,comercio minorista,0.629627,días,Reserve · póliza | Yield · barrido | FX Shield,0.0178388,0.364564,0.382403,0,seguridad social + nóminas,0.0724661,345,262,true,0.362555,0,0,0,0,0,0.139611,0.025774,0,2,14,0.949934,0,0,0.795466
COMP_0296,GROUP_0199,servicio,servicios profesionales,1,servicios profesionales,0.627679,6 meses,Yield · barrido | Reserve · póliza,0.305855,0.163215,0.46907,0,seguridad social + nóminas,0.187943,63,58,false,0,0,0,0,0,0,0.254529,0,,,,,,,12.5485
COMP_0297,GROUP_0011,servicio,hostelería | comercio minorista | transporte / logística,3,hostelería,0.548426,días,Reserve · póliza | Yield · barrido | FX Shield,0.127309,0.607912,0.735221,3,liquidación de efectivo + retirada de efectivo,0.127605,416,306,false,0.201762,0,0,0,0,0,0.227911,0.114629,,,,,,,0.419631
COMP_0298,GROUP_0063,servicio,servicios profesionales,1,servicios profesionales,0.598957,6 meses,Reserve · póliza | Yield · barrido,0.671803,0.181442,0.853245,0,seguridad social + nóminas,0.281704,325,266,false,0.00633063,0,0,0,0,0,0.0950575,0,,,,,,,0.27743
COMP_0299,GROUP_0087,servicio,servicios profesionales,1,servicios profesionales,0.550766,6 meses,Reserve · póliza | Yield · barrido,0.26201,0.135046,0.397056,2,cobros,0.202885,812,195,false,0.72747,0,0,0,0,0,0.00800196,0,,,,,,,0.0510539
COMP_0300,GROUP_0144,servicio,servicios profesionales | holding / tesorería,2,servicios profesionales,0.675128,6 meses,Reserve · póliza | Yield · barrido | Factoring | FX Shield,0.199005,0.412554,0.611559,0,seguridad social + nóminas,0.340239,894,750,true,0.0635231,0,0,0,0,0,0.12587,0,30,14,10,0.387584,0,0.00273973,0.546373
COMP_0301,GROUP_0009,servicio,comercio minorista | hostelería,2,comercio minorista,0.503324,días,Yield · barrido | Reserve · póliza | FX Shield,0.414532,0.41135,0.825882,0,seguridad social + nóminas,0.0340112,878,755,false,0.239537,0,0,0,0,0,0.123866,0.0454973,,,,,,,3.67756
COMP_0302,GROUP_0243,servicio,servicios profesionales,1,servicios profesionales,0.489457,6 meses,Reserve · póliza | Yield · barrido,0.120702,0.237365,0.358067,2,cobros,0.421806,241,128,false,0.624688,0,0,0,0,0,0,0,,,,,,,0.000880556
COMP_0303,GROUP_0239,servicio,servicios profesionales,1,servicios profesionales,0.508375,6 meses,Reserve · póliza | Yield · barrido,0.257532,0.561516,0.819048,1,liquidación TPV + cobros masivos,0.0623931,4713,4500,false,0.0564614,0,0,0,0,0,0.0886361,0.00518717,,,,,,,-6.81033e-18
COMP_0304,GROUP_0127,servicio,comercio minorista,1,comercio minorista,0.552206,días,Reserve · póliza | FX Shield | Yield · barrido,0.172552,0.538111,0.710663,1,liquidación TPV + cobros masivos,0.200704,3526,3348,false,0.0313976,0,0,0,0,1,0.0112897,0.0232478,,,,,,,0.836591
COMP_0305,GROUP_0184,servicio,comercio minorista,1,comercio minorista,0.503117,días,Reserve · póliza | FX Shield | Yield · barrido,0.286992,0.495029,0.782021,1,liquidación TPV + cobros masivos,0.0411065,13833,12904,false,0.0737951,0,0,0,0,0,0.0375404,0.0154454,,,,,,,0.117144
COMP_0306,GROUP_0094,servicio,hostelería | software / suscripción | servicios profesionales,3,hostelería,0.78,6 meses,Yield · barrido | Reserve · póliza | FX Shield | Factoring,0.271275,0.37819,0.649465,3,liquidación de efectivo + retirada de efectivo,0.0374661,2354,1516,true,0.609885,0,0,0,0,0,0.120852,0.00583128,30,16,340,0.0109202,0,0.0518919,
COMP_0307,GROUP_0112,insuficiente,,0,,,,,,,,,sin cobertura,,239,21,true,0.556896,0,0,0,0,0,0,0.997848,49.5,54,4,0.971393,0,0,
COMP_0308,GROUP_0250,servicio,holding / tesorería,1,holding / tesorería,0.562345,largo,Reserve · póliza | FX Shield | Yield · barrido,0.148732,0.380613,0.529344,3,liquidación de efectivo + retirada de efectivo,0.0760689,2020,1927,true,0.000420877,0,0,0,0,1,0.0425233,0.00247514,42.5,48,155,0.727541,0,0,0.723439
COMP_0309,GROUP_0250,mixto,holding / tesorería,1,holding / tesorería,0.847636,largo,Yield · barrido | FX Shield | Reserve · póliza,0.00850449,0.214186,0.222691,2,cobros,0.252471,97,93,true,0.000527974,0,0,0,0,0,0,0,6,55,2,0.892701,0,0,51.3288
COMP_0310,GROUP_0158,servicio,holding / tesorería,1,holding / tesorería,0.714064,largo,Reserve · póliza | FX Shield | Yield · barrido,0.130579,0.225559,0.356138,2,cobros,0.259581,447,436,false,0.00134969,0,0,0,0,0,0.000655387,0,,,,,,,-2.73701e-14
COMP_0311,GROUP_0175,servicio,holding / tesorería | hostelería | software / suscripción,3,holding / tesorería,0.81416,largo,Yield · barrido | FX Shield | Reserve · póliza,0.322096,0.186286,0.508382,2,cobros,0.181402,1653,383,true,0.510526,0,0,0,0,0,0,0,29,3,330,0.11117,0,0.0843816,2.72183
COMP_0312,GROUP_0194,servicio,comercio minorista,1,comercio minorista,0.64127,días,Reserve · póliza | Yield · barrido | FX Shield,0.148653,0.56483,0.713483,3,liquidación de efectivo + retirada de efectivo,0.274243,1684,1129,false,0.786485,0,0,0,0,0,0.0144548,0.222782,,,,,,,
COMP_0313,GROUP_0094,mixto,servicios profesionales,1,servicios profesionales,0.562064,6 meses,Yield · barrido | Factoring | Reserve · póliza,-0.00427681,0.453331,0.449054,0,seguridad social + nóminas,0.107816,805,766,true,0.161887,0,0,0,0,0,0.00781555,4.09822e-09,0,27,20,0.515098,0,0.0783505,2.91077
COMP_0314,GROUP_0101,servicio,servicios profesionales,1,servicios profesionales,0.63692,6 meses,Factoring | Yield · barrido | Reserve · póliza,0.343963,0.165446,0.509409,2,cobros,0.193008,632,181,true,0.755565,0,0,0,0,0,0.00434781,0,12,28,11,1,0,0.0399693,1.82931
COMP_0315,GROUP_0064,producto,mayorista / distribución | construcción,2,mayorista / distribución,0.573619,12 meses,Reserve · póliza,-0.224822,0.354391,0.129569,2,cobros,0.415667,38,29,false,2.44024e-05,0,0,0,0,0,0,0,,,,,,,0.0411879
COMP_0316,GROUP_0150,mixto,holding / tesorería | hostelería,2,holding / tesorería,0.550935,largo,Reserve · póliza | Yield · barrido | FX Shield,-0.0130297,0.455524,0.442494,0,seguridad social + nóminas,0.119182,1247,936,true,0.354267,0,0,0,0,0,0.142877,0.000564974,22,27,103,0.0923873,0,0,0.0138632
COMP_0317,GROUP_0170,servicio,servicios profesionales,1,servicios profesionales,0.602962,6 meses,Yield · barrido | Reserve · póliza,0.641466,0.123239,0.764706,0,seguridad social + nóminas,0.0430148,51,28,false,0.279999,0,0,0,0,0,0.11203,0,,,,,,,107.141
COMP_0318,GROUP_0226,servicio,servicios profesionales,1,servicios profesionales,0.622765,6 meses,Yield · barrido | Factoring | Reserve · póliza,0.447649,0.203928,0.651577,0,seguridad social + nóminas,0.33385,339,325,true,0.00197485,0,0,0,0,0,0.57182,0,9,31,4,0.652186,0,0,2.48982
COMP_0319,GROUP_0184,servicio,comercio minorista,1,comercio minorista,0.551377,días,Reserve · póliza | FX Shield | Yield · barrido,0.16057,0.475145,0.635715,3,liquidación de efectivo + retirada de efectivo,0.0931332,13325,12177,false,0.261602,0,0,0,0,0,0.000107694,0.0101728,,,,,,,0.115344
COMP_0320,GROUP_0246,producto,mayorista / distribución,1,mayorista / distribución,0.528542,12 meses,Factoring | Reserve · póliza | Confirming | Seguro de cobro,-0.0715958,0.337253,0.265657,0,seguridad social + nóminas,0.0582081,475,426,true,0.0429987,0,0,0,0,1,0.00655394,0,25,33.5,20,0.187243,0,0,0.433931
COMP_0321,GROUP_0159,mixto,mayorista / distribución | comercio minorista | hostelería,3,mayorista / distribución,0.599234,12 meses,Reserve · póliza | Yield · barrido | FX Shield,0.0664209,0.767606,0.834027,1,liquidación TPV + cobros masivos,0.0953887,3081,2995,false,0.000875215,0,1,0,0,0,0.0952278,0.0175627,,,,,,,2.4285
COMP_0322,GROUP_0108,producto,comercio minorista,1,comercio minorista,0.75779,días,Reserve · póliza | FX Shield | Yield · barrido,-0.189749,0.528905,0.339156,3,liquidación de efectivo + retirada de efectivo,0.200488,1010,964,true,0.038937,0,0,0,0,0,0.0158077,0.0326649,0,16,76,0.677885,0,0,0.0944319
COMP_0323,GROUP_0122,servicio,hostelería | servicios profesionales,2,hostelería,0.78,6 meses,Reserve · póliza | Factoring | Yield · barrido | FX Shield,0.0963853,0.448311,0.544697,3,liquidación de efectivo + retirada de efectivo,0.0332786,522,154,true,0.567431,0,0,0,1,0,0,0.0111502,30,14,168,0.877738,0,0.0510349,0.506053
COMP_0324,GROUP_0138,servicio,comercio minorista,1,comercio minorista,0.539571,días,Reserve · póliza | FX Shield | Yield · barrido,0.119189,0.53024,0.649429,1,liquidación TPV + cobros masivos,0.166839,6300,5883,false,0.0827378,0,0,0,0,0,0.00604402,0.0144201,,,,,,,0.144374
COMP_0325,GROUP_0101,insuficiente,,0,,,,,,,,,sin cobertura,,21,21,true,0,0,0,0,0,0,0,0,,77,0,,0,1,
COMP_0326,GROUP_0018,mixto,energía,1,energía,0.78,12 meses,FX Shield | Factoring | Reserve · póliza,0.069196,0.639632,0.708828,1,liquidación TPV + cobros masivos,0.217153,4956,2751,true,0.13937,0,1,1,0,1,0.14406,0.00689454,30,38,322,0.17786,0,0.0371293,-1.20611
COMP_0327,GROUP_0130,mixto,construcción,1,construcción,0.457331,6 meses,Reserve · póliza,0.0315687,0.145195,0.176763,2,cobros,0.367855,962,64,false,0.962413,0,0,0,0,0,0,0,,,,,,,
COMP_0328,GROUP_0136,servicio,servicios profesionales,1,servicios profesionales,0.827886,6 meses,Yield · barrido | Factoring | Reserve · póliza,0.391519,0.234597,0.626117,0,seguridad social + nóminas,0.230064,299,238,true,0.0924481,1,0,0,0,0,0.282624,0,0,0,42,0.371022,0,0.00347222,6.97128
COMP_0329,GROUP_0161,producto,comercio minorista | construcción,2,comercio minorista,0.635304,días,Reserve · póliza | Yield · barrido | FX Shield,-0.110971,0.402858,0.291887,3,liquidación de efectivo + retirada de efectivo,0.0877959,996,514,false,0.191166,0,0,0,0,0,0.000241956,0.00185646,,,,,,,2.59139
COMP_0330,GROUP_0088,mixto,holding / tesorería,1,holding / tesorería,0.876261,largo,Yield · barrido | FX Shield | Reserve · póliza,0.0315172,0.31871,0.350227,2,cobros,0.164286,255,248,true,0.000829915,0,0,0,0,0,0,0,32,26,66,0.121788,0,0,2.84457
COMP_0331,GROUP_0096,servicio,servicios profesionales,1,servicios profesionales,0.851468,6 meses,Yield · barrido | Factoring | Reserve · póliza,0.260503,0.351289,0.611792,2,cobros,0.0509746,30,25,true,0.00118639,0,0,0,0,0,0.0989601,0,22.5,2,3,0.778402,0,0.375,230.181
COMP_0332,GROUP_0149,servicio,holding / tesorería,1,holding / tesorería,0.787148,largo,Yield · barrido | FX Shield | Reserve · póliza,0.251592,0.169619,0.421211,2,cobros,0.0444964,747,745,true,0,0,0,0,0,0,0.00112689,0,,,20,0.0854091,0,0,8.38357
COMP_0333,GROUP_0217,producto,holding / tesorería,1,holding / tesorería,0.861171,largo,Yield · barrido | FX Shield | Reserve · póliza,-0.121877,0.274444,0.152566,2,cobros,0.351613,44,44,true,0,0,0,0,0,0,0,0,,29.5,2,1,0,0,1.9835
COMP_0334,GROUP_0159,mixto,comercio minorista | hostelería,2,comercio minorista,0.647918,días,Yield · barrido | Reserve · póliza | FX Shield,-0.0103016,0.712925,0.702623,1,liquidación TPV + cobros masivos,0.20571,6400,3939,false,0.1766,0,1,0,0,0,0.128404,0.278405,,,,,,,2.50842
COMP_0335,GROUP_0214,servicio,servicios profesionales,1,servicios profesionales,0.488491,6 meses,Yield · barrido | Reserve · póliza,0.134107,0.245236,0.379343,2,cobros,0.37324,1671,798,false,0.541942,0,0,0,0,0,0,0,,,,,,,1.26747
COMP_0336,GROUP_0211,servicio,servicios profesionales | holding / tesorería,2,servicios profesionales,0.68,6 meses,Reserve · póliza | Yield · barrido | Factoring | FX Shield,0.198142,0.355408,0.55355,3,liquidación de efectivo + retirada de efectivo,0.181846,1992,868,true,0.63649,0,0,0,0,0,0.00262653,0.00390152,30,30,863,0.0352164,0,0.00289137,0.479166
COMP_0337,GROUP_0022,insuficiente,,0,,,,,,,,,sin cobertura,,48,13,true,0.236844,0,0,0,0,0,0,0,,30,0,,0,0.692308,
COMP_0338,GROUP_0088,servicio,holding / tesorería | servicios profesionales,2,holding / tesorería,0.640534,largo,Reserve · póliza | Yield · barrido | Factoring | FX Shield,0.169901,0.322867,0.492768,0,seguridad social + nóminas,0.387696,784,741,true,0.0302326,0,0,0,0,0,0.510073,0,28,27,25,0.236401,0,0,0.0648521
COMP_0339,GROUP_0188,insuficiente,,0,,,,,,,,,sin cobertura,,0,0,true,,0,0,0,0,0,,,45,25,4,1,0,0.0283688,0.00810836
COMP_0340,GROUP_0116,servicio,servicios profesionales,1,servicios profesionales,0.589199,6 meses,Yield · barrido | Factoring | Reserve · póliza,0.202656,0.223384,0.42604,0,seguridad social + nóminas,0.299875,522,511,true,0.00236522,0,0,0,0,1,0.13712,0,119,6,11,0.832136,0,0,5.36182
COMP_0341,GROUP_0150,mixto,comercio minorista,1,comercio minorista,0.503921,días,Reserve · póliza | FX Shield | Yield · barrido,0.0243886,0.407413,0.431802,3,liquidación de efectivo + retirada de efectivo,0.0866351,1944,1525,true,0.356668,0,0,0,0,0,0.0396999,0.000938812,11,18,123,0.033404,0,0,0.192668
COMP_0342,GROUP_0079,servicio,servicios profesionales | alquiler / inmobiliario,2,servicios profesionales,0.785812,6 meses,Yield · barrido | Reserve · póliza | Factoring | Seguro de cobro,0.337266,0.57653,0.913795,1,liquidación TPV + cobros masivos,0.24172,1672,1580,true,0.0299218,0,1,0,0,1,0.26954,0.00526679,,,215,0.0820801,0,0.151183,
COMP_0343,GROUP_0167,mixto,hostelería,1,hostelería,0.568123,6 meses,Reserve · póliza | Yield · barrido | FX Shield,0.0530805,0.547469,0.600549,3,liquidación de efectivo + retirada de efectivo,0.101119,8055,6121,true,0.113352,0,0,0,0,0,0.107437,0.042607,71,33,199,0.0895065,0,0,
COMP_0344,GROUP_0211,producto,comercio minorista | holding / tesorería,2,comercio minorista,0.737139,días,Yield · barrido | Reserve · póliza | FX Shield,-0.141912,0.409212,0.267299,3,liquidación de efectivo + retirada de efectivo,0.11788,356,145,true,0.489816,0,0,0,0,0,0,0.0142079,14,94,169,0.0560363,0,0,1.47958
COMP_0345,GROUP_0069,servicio,servicios profesionales,1,servicios profesionales,0.849807,6 meses,Factoring | Reserve · póliza | Yield · barrido,0.670109,0.189264,0.859373,0,seguridad social + nóminas,0.286796,84,83,true,0,0,0,0,0,0,0.579225,0,30,1,25,0.215416,0,0.0218978,0.577529
COMP_0346,GROUP_0097,producto,mayorista / distribución,1,mayorista / distribución,0.471429,12 meses,Factoring | Confirming | Yield · barrido | Reserve · póliza,-0.256762,0.353244,0.0964823,2,cobros,0.270031,53,47,true,0.00114766,0,0,0,0,0,0,0,0,28,3,1,0,0,819.505
COMP_0347,GROUP_0117,servicio,servicios profesionales,1,servicios profesionales,0.61913,6 meses,Yield · barrido | Factoring | Reserve · póliza,0.408747,0.239842,0.648589,0,seguridad social + nóminas,0.268939,369,329,true,0.00272829,0,0,0,0,0,0.569501,0,,22,0,,0,0,9.52096
COMP_0348,GROUP_0138,servicio,servicios profesionales | holding / tesorería,2,servicios profesionales,0.637345,6 meses,Reserve · póliza | Yield · barrido | FX Shield,0.465309,0.16425,0.62956,0,seguridad social + nóminas,0.393025,258,257,false,0.0025635,0,0,0,0,0,0.535272,0,,,,,,,0.262287
COMP_0349,GROUP_0101,mixto,comercio minorista,1,comercio minorista,0.763498,días,Reserve · póliza | FX Shield | Yield · barrido,-0.00375032,0.333399,0.329649,3,liquidación de efectivo + retirada de efectivo,0.0218008,589,251,true,0.853974,0,0,0,0,0,0,0.0215391,0,29,10,0.963334,0,0.0166667,0.859117
COMP_0350,GROUP_0189,servicio,servicios profesionales,1,servicios profesionales,0.583834,6 meses,Factoring | Reserve · póliza | Yield · barrido,0.227165,0.339467,0.566632,0,seguridad social + nóminas,0.0305444,175,94,true,0.334509,0,0,0,0,0,0.120372,0,28,23,75,0.252119,0,0,0.866477
COMP_0351,GROUP_0223,producto,comercio minorista,1,comercio minorista,0.753366,días,Reserve · póliza | FX Shield | Yield · barrido,-0.159243,0.762013,0.60277,1,liquidación TPV + cobros masivos,0.171218,9839,8496,false,0.30615,0,1,1,0,1,0.00404452,0.0498252,,,,,,,0.0962004
COMP_0352,GROUP_0044,producto,holding / tesorería,1,holding / tesorería,0.754909,largo,Reserve · póliza | FX Shield | Yield · barrido,-0.077552,0.451251,0.373699,3,liquidación de efectivo + retirada de efectivo,0.0731156,1362,968,true,0.233767,0,0,0,0,0,0.00022716,4.4414e-06,60,30,17,0.22095,0,0,0.361026
COMP_0353,GROUP_0073,producto,comercio minorista,1,comercio minorista,0.845329,días,Reserve · póliza | FX Shield | Yield · barrido,-0.173841,0.490127,0.316286,2,cobros,0.0828351,66,66,true,0,0,0,0,0,0,0,0.0676609,,6,2,,0,0.0185185,0.170319
COMP_0354,GROUP_0220,mixto,mayorista / distribución | holding / tesorería,2,mayorista / distribución,0.611648,12 meses,Yield · barrido | Factoring | Reserve · póliza | FX Shield,0.00517884,0.546568,0.551747,0,seguridad social + nóminas,0.0498987,3010,2579,true,0.0528597,0,1,0,0,1,0.179515,2.86955e-05,60,86,36,0.258678,0,0,2.60668
COMP_0355,GROUP_0049,insuficiente,,0,,,,,,,,,sin cobertura,,22,22,false,0,0,0,0,0,0,0.0444556,0,,,,,,,2.48614
COMP_0356,GROUP_0172,servicio,holding / tesorería,1,holding / tesorería,0.705779,largo,Reserve · póliza | FX Shield | Yield · barrido,0.179203,0.395195,0.574398,3,liquidación de efectivo + retirada de efectivo,0.0619919,2146,1515,false,0.00099254,0,0,0,0,0,8.66605e-06,3.20774e-06,,,,,,,2.19545e-17
COMP_0357,GROUP_0036,servicio,servicios profesionales,1,servicios profesionales,0.61247,6 meses,Yield · barrido | Factoring | Reserve · póliza,0.462142,0.233166,0.695308,0,seguridad social + nóminas,0.348394,411,371,true,0.000954511,0,0,0,0,0,0.371347,0,51,35,19,0.98586,0,0,2.32381
COMP_0358,GROUP_0127,servicio,hostelería | comercio minorista,2,hostelería,0.567274,6 meses,Yield · barrido | Reserve · póliza | FX Shield,0.332086,0.405344,0.737429,0,seguridad social + nóminas,0.16626,230,228,false,0,0,0,0,0,0,0.416808,0.123675,,,,,,,5.16087
COMP_0359,GROUP_0110,servicio,servicios profesionales,1,servicios profesionales,0.497641,6 meses,Yield · barrido | Factoring | Reserve · póliza,0.0769853,0.312141,0.389126,2,cobros,0.12692,420,195,true,0.652307,0,0,0,0,0,0,0.00173154,59,14,4,0.563808,0,0.0347222,2.32575
COMP_0360,GROUP_0138,servicio,comercio minorista,1,comercio minorista,0.493175,días,Reserve · póliza | FX Shield | Yield · barrido,0.119872,0.522784,0.642656,1,liquidación TPV + cobros masivos,0.0275982,2444,2285,false,0.045135,0,0,0,0,0,0.00834594,0.00592183,,,,,,,0.0885454
COMP_0361,GROUP_0116,producto,holding / tesorería | comercio minorista,2,holding / tesorería,0.654849,largo,Yield · barrido | Reserve · póliza | FX Shield,-0.209376,0.451266,0.24189,3,liquidación de efectivo + retirada de efectivo,0.0588372,4931,1926,true,0.751723,0,0,0,0,0,0.000492397,0.00863068,121,1,11,0.884899,0,0,3.17289
COMP_0362,GROUP_0142,producto,comercio minorista,1,comercio minorista,0.740993,días,Reserve · póliza | FX Shield | Yield · barrido,-0.0986203,0.510855,0.412234,3,liquidación de efectivo + retirada de efectivo,0.24215,4149,3530,true,0.125908,0,0,0,0,0,0.0212079,0.135526,9,12.5,43,0.152666,0,0,0.121718
COMP_0363,GROUP_0250,servicio,servicios profesionales | holding / tesorería,2,servicios profesionales,0.618874,6 meses,Yield · barrido | Factoring | Reserve · póliza | FX Shield,0.325169,0.180054,0.505223,0,seguridad social + nóminas,0.358592,165,136,true,0.00191616,0,0,0,0,0,0.59253,0,55,22,2,0.999703,0,0,1.49138
COMP_0364,GROUP_0195,mixto,comercio minorista | hostelería,2,comercio minorista,0.644556,días,Yield · barrido | Reserve · póliza | FX Shield,-0.00348053,0.520007,0.516527,0,seguridad social + nóminas,0.100913,1218,936,true,0.229516,0,0,0,0,0,0.232374,0.0680521,0,53,20,0.985685,0,0,3.56286
COMP_0365,GROUP_0122,servicio,hostelería | servicios profesionales,2,hostelería,0.78,6 meses,Reserve · póliza | Factoring | Yield · barrido | FX Shield,0.200614,0.242396,0.44301,2,cobros,0.185831,1834,340,true,0.666995,0,0,0,0,1,0,3.96945e-05,30,0,43,0.209604,0,0.0732984,0.101496
COMP_0366,GROUP_0119,servicio,servicios profesionales,1,servicios profesionales,0.609261,6 meses,Factoring | Reserve · póliza | Yield · barrido,0.42775,0.210519,0.638268,0,seguridad social + nóminas,0.132154,802,365,true,0.473404,0,0,0,0,0,0.326886,0,28,17,41,0.241816,0,0,-0.0645034
COMP_0367,GROUP_0187,producto,comercio minorista | mayorista / distribución | construcción,3,comercio minorista,0.647939,días,Reserve · póliza | Yield · barrido | FX Shield,-0.57763,0.62821,0.0505801,2,cobros,0.0498745,1278,444,false,0.0860274,0,0,0,0,0,0,0.000270729,,,,,,,23.5601
COMP_0368,GROUP_0016,servicio,hostelería | servicios profesionales,2,hostelería,0.533099,6 meses,Reserve · póliza | Factoring | Yield · barrido | FX Shield,0.128811,0.479221,0.608032,0,seguridad social + nóminas,0.166647,815,765,true,0.0357578,0,0,0,0,0,0.390936,0.0260393,30,30,74,0.0866382,0,0,-0.017064
COMP_0369,GROUP_0246,mixto,mayorista / distribución | industria | transporte / logística,3,mayorista / distribución,0.57964,12 meses,Factoring | Reserve · póliza | Confirming | Seguro de cobro,0.0351287,0.463747,0.498876,0,seguridad social + nóminas,0.113081,542,485,true,0.180837,0,0,0,0,1,0.0187159,0,30,60,42,0.20685,0,0,-0.0474405
COMP_0370,GROUP_0164,producto,mayorista / distribución,1,mayorista / distribución,0.474211,12 meses,Factoring | Confirming | Yield · barrido | Reserve · póliza,-0.0769679,0.231041,0.154073,2,cobros,0.27264,767,154,true,0.78845,0,0,0,0,0,0,0,31,2,2,1,0,0,2.61321
COMP_0371,GROUP_0122,insuficiente,,0,,,,,,,,,sin cobertura,,56,7,true,0.861133,0,0,0,0,0,0,0,34.5,30,2,1,0,0.2,0.277656
COMP_0372,GROUP_0144,servicio,servicios profesionales,1,servicios profesionales,0.77715,6 meses,Factoring | Reserve · póliza | Yield · barrido,0.140861,0.446885,0.587746,0,seguridad social + nóminas,0.220613,348,344,true,0,0,0,0,0,0,0.0772739,0,0,8,220,0.697737,0,0.0018315,0.698045
COMP_0373,GROUP_0192,servicio,comercio minorista,1,comercio minorista,0.530251,días,Yield · barrido | Reserve · póliza | FX Shield,0.102771,0.248136,0.350907,2,cobros,0.14016,1949,1714,false,0.553614,0,0,0,0,0,0,0.00127832,,,,,,,2.11678
COMP_0374,GROUP_0020,mixto,mayorista / distribución | servicios profesionales,2,mayorista / distribución,0.518096,12 meses,Yield · barrido | Reserve · póliza,-0.0111728,0.36599,0.354817,2,cobros,0.283841,133,133,false,0,0,0,0,0,0,0.0295824,0,,,,,,,13.8473
COMP_0375,GROUP_0143,servicio,servicios profesionales,1,servicios profesionales,0.607795,6 meses,Factoring | Reserve · póliza | Yield · barrido,0.157268,0.260575,0.417843,0,seguridad social + nóminas,0.204036,80,80,true,0,0,0,0,0,0,0.309443,0,0,,2,0.700429,0,0,0.415549
COMP_0376,GROUP_0070,servicio,holding / tesorería | servicios profesionales,2,holding / tesorería,0.539522,largo,Yield · barrido | Factoring | Reserve · póliza | FX Shield,0.144647,0.505416,0.650063,0,seguridad social + nóminas,0.120263,1644,1267,true,0.0457438,0,0,0,0,0,0.138194,0.00220307,50,41,6,0.9949,0,0,6.73273
COMP_0377,GROUP_0009,producto,comercio minorista,1,comercio minorista,0.914095,días,Yield · barrido | Reserve · póliza | FX Shield,-0.201281,0.378418,0.177136,3,liquidación de efectivo + retirada de efectivo,0.128715,171,31,false,0.653062,0,0,0,0,0,0,0.940653,,,,,,,21.5287
COMP_0378,GROUP_0234,servicio,servicios profesionales,1,servicios profesionales,0.613456,6 meses,Factoring | Yield · barrido | Reserve · póliza,0.428152,0.241393,0.669544,0,seguridad social + nóminas,0.298324,182,171,true,0.000132819,0,0,0,0,0,0.457315,0,0,0,17,1,0,0,1.66274
COMP_0379,GROUP_0112,mixto,comercio minorista,1,comercio minorista,0.858429,días,Reserve · póliza | Yield · barrido | FX Shield,-0.0318145,0.397916,0.366102,3,liquidación de efectivo + retirada de efectivo,0.167089,557,141,true,0.516757,0,0,0,0,0,0,0.869929,0,29,21,0.257522,0,0,
COMP_0380,GROUP_0059,producto,mayorista / distribución,1,mayorista / distribución,0.54373,12 meses,Factoring | Confirming | Reserve · póliza | Seguro de cobro,-0.258811,0.365541,0.10673,2,cobros,0.367585,36,31,true,0.000110446,0,0,0,0,0,0,0,,30,0,,0,0,
COMP_0381,GROUP_0079,servicio,servicios profesionales,1,servicios profesionales,0.864858,6 meses,Factoring | Yield · barrido | Reserve · póliza,0.535641,0.339629,0.87527,0,seguridad social + nóminas,0.32342,1085,1047,true,0.000938505,0,0,0,0,0,0.469472,0,61,61,25,0.202711,0,0.0937907,1.37936
COMP_0382,GROUP_0068,insuficiente,,0,,,,,,,,,sin cobertura,,31,13,true,0.0846134,0,0,0,0,0,0,0,,0,0,,0,0,19.5198
COMP_0383,GROUP_0078,servicio,servicios profesionales,1,servicios profesionales,0.507684,6 meses,Yield · barrido | Reserve · póliza,0.101059,0.299503,0.400562,0,seguridad social + nóminas,0.254781,455,421,false,0.00324571,0,0,0,0,0,0.0171177,4.08446e-05,,,,,,,1.06086
COMP_0384,GROUP_0094,servicio,servicios profesionales,1,servicios profesionales,0.542748,6 meses,Factoring | Reserve · póliza | Yield · barrido,0.146649,0.416782,0.563431,3,liquidación de efectivo + retirada de efectivo,0.102335,5381,3723,true,0.00173026,0,0,0,0,0,0.00158568,8.90889e-06,28,3,440,0.138065,0,0.00181105,0.251952
COMP_0385,GROUP_0145,servicio,holding / tesorería,1,holding / tesorería,0.550642,largo,Reserve · póliza | FX Shield | Yield · barrido,0.151878,0.594863,0.746741,1,liquidación TPV + cobros masivos,0.102393,7247,6662,false,0.11882,0,0,0,0,1,0.0223945,0.00180346,,,,,,,0.0208664
COMP_0386,GROUP_0020,servicio,holding / tesorería | servicios profesionales,2,holding / tesorería,0.66104,largo,Yield · barrido | Reserve · póliza | FX Shield,0.119151,0.278376,0.397528,2,cobros,0.263908,26,26,false,0,0,0,0,0,0,0.022464,0,,,,,,,1.71081
COMP_0387,GROUP_0097,mixto,servicios profesionales,1,servicios profesionales,0.505153,6 meses,Yield · barrido | Factoring | Reserve · póliza,-0.00276699,0.367174,0.364407,0,seguridad social + nóminas,0.178065,1164,1084,true,0.259996,0,0,0,0,1,0.0493149,0,0,0,23,0.606879,0,0,4.15362
COMP_0388,GROUP_0187,servicio,servicios profesionales,1,servicios profesionales,0.564713,6 meses,Yield · barrido | Reserve · póliza,0.208289,0.41715,0.625439,0,seguridad social + nóminas,0.288903,2182,1156,false,0.102059,0,0,0,0,0,0.207233,7.0126e-05,,,,,,,3.00122
COMP_0389,GROUP_0150,servicio,servicios profesionales,1,servicios profesionales,0.577002,6 meses,Yield · barrido | Reserve · póliza,0.333399,0.452775,0.786175,0,seguridad social + nóminas,0.342587,2020,1737,false,0.156968,0,0,0,0,0,0.230746,6.37209e-06,,,,,,,2.36525
COMP_0390,GROUP_0064,insuficiente,,0,,,,,,,,,sin cobertura,,103,20,false,0.426231,0,0,0,0,0,0,0,,,,,,,0.836904
COMP_0391,GROUP_0042,mixto,construcción,1,construcción,0.493672,6 meses,Reserve · póliza,-0.0452555,0.28314,0.237884,0,seguridad social + nóminas,0.0529592,208,157,false,0.141778,0,0,0,0,0,0.000981698,0,,,,,,,0.140048
COMP_0392,GROUP_0222,mixto,comercio minorista | hostelería,2,comercio minorista,0.663461,días,Yield · barrido | Reserve · póliza | FX Shield,-0.0259963,0.60373,0.577734,3,liquidación de efectivo + retirada de efectivo,0.0726135,1695,1355,true,0.130227,0,0,0,0,0,0.0706559,0.0367884,0,0,644,0.0052905,0,0,8.95476
COMP_0393,GROUP_0054,servicio,servicios profesionales,1,servicios profesionales,0.646547,6 meses,Factoring | Reserve · póliza | Yield · barrido,0.52467,0.356774,0.881445,0,seguridad social + nóminas,0.208143,2796,2661,true,0.00472837,0,0,0,0,0,0.182665,4.30225e-05,21,11,31,0.32294,0,0.0398215,-0.296989
COMP_0394,GROUP_0224,servicio,comercio minorista,1,comercio minorista,0.479298,días,Reserve · póliza | FX Shield | Yield · barrido,0.0745276,0.328542,0.403069,0,seguridad social + nóminas,0.124345,194,144,true,0.220017,0,0,0,0,0,0.0645228,0.0141968,,0,1,1,0,0,0.128268
COMP_0395,GROUP_0112,servicio,servicios profesionales,1,servicios profesionales,0.593941,6 meses,Yield · barrido | Factoring | Reserve · póliza,0.338696,0.433864,0.77256,3,liquidación de efectivo + retirada de efectivo,0.0895053,3148,2750,true,0.322815,0,0,0,0,0,0.273763,0.00726112,0,36,906,0.00148372,0,0.00414938,2.02375
COMP_0396,GROUP_0096,servicio,servicios profesionales,1,servicios profesionales,0.884172,6 meses,Factoring | Yield · barrido | Reserve · póliza,0.611851,0.204637,0.816489,0,seguridad social + nóminas,0.316866,457,417,true,0.00291385,0,0,0,0,0,0.736515,0,0,4,3,1,0,0.616915,1.18922
COMP_0397,GROUP_0155,servicio,transporte / logística,1,transporte / logística,0.78,días,Factoring | Reserve · póliza | Confirming,0.462134,0.199603,0.661737,2,cobros,0.0183352,1988,200,true,0.95424,0,0,0,0,0,0.0131294,0,12,16,88,0.0920304,0,0.128382,0.931703
COMP_0398,GROUP_0018,mixto,holding / tesorería | servicios profesionales,2,holding / tesorería,0.625886,largo,Yield · barrido | Factoring | Reserve · póliza | FX Shield,0.00948475,0.361429,0.370913,0,seguridad social + nóminas,0.330081,642,511,true,0.22278,0,0,0,0,0,0.112974,0,30,30,19,0.25055,0,0,
COMP_0399,GROUP_0115,servicio,comercio minorista | hostelería,2,comercio minorista,0.532736,días,Reserve · póliza | Yield · barrido | FX Shield,0.140204,0.62179,0.761993,1,liquidación TPV + cobros masivos,0.18509,19539,17827,false,0.180324,0,0,0,0,1,0.120626,0.087461,,,,,,,0.763012
COMP_0400,GROUP_0142,producto,comercio minorista,1,comercio minorista,0.673511,días,Yield · barrido | Reserve · póliza | FX Shield,-0.216425,0.461779,0.245355,3,liquidación de efectivo + retirada de efectivo,0.245743,643,466,true,0.293858,0,0,0,0,1,0.000164735,0.0603351,38.5,43,9,0.273969,0,0,27.6736
COMP_0401,GROUP_0087,producto,construcción | mayorista / distribución,2,construcción,0.564703,6 meses,Reserve · póliza,-0.209026,0.327672,0.118646,2,cobros,0.299073,402,54,false,0.931236,0,0,0,0,0,0,0,,,,,,,0.174433
COMP_0402,GROUP_0131,servicio,servicios profesionales | industria | holding / tesorería,3,servicios profesionales,0.5973,6 meses,Reserve · póliza | Yield · barrido | FX Shield,0.423871,0.409072,0.832943,0,seguridad social + nóminas,0.0201322,4975,4666,false,0.00793066,0,0,0,0,1,0.621296,6.99264e-07,,,,,,,0.660242
COMP_0403,GROUP_0201,producto,comercio minorista,1,comercio minorista,0.757966,días,Yield · barrido | Reserve · póliza | FX Shield,-0.189716,0.635659,0.445943,3,liquidación de efectivo + retirada de efectivo,0.125817,208,88,true,0.310268,0,0,0,0,0,0,0.0133436,4,42.5,189,0.0209303,0.00414079,0.00207039,3031.29
COMP_0404,GROUP_0094,servicio,servicios profesionales,1,servicios profesionales,0.578783,6 meses,Factoring | Reserve · póliza | Yield · barrido,0.157721,0.212006,0.369727,2,cobros,0.12302,1549,733,true,0.873904,0,0,0,0,0,0.000699353,0,49,42,204,0.484075,0,0.00174825,0.658863
COMP_0405,GROUP_0035,servicio,hostelería | servicios profesionales,2,hostelería,0.505965,6 meses,Reserve · póliza | Factoring | Yield · barrido | FX Shield,0.284716,0.412771,0.697487,1,liquidación TPV + cobros masivos,0.0179187,3414,2903,true,0.0284179,0,0,0,0,0,0.273545,0.012901,7,22,14,0.16438,0,0,-0.0190257
COMP_0406,GROUP_0034,mixto,transporte / logística,1,transporte / logística,0.78,días,Factoring | Reserve · póliza | Confirming,0.0129585,0.422816,0.435774,0,seguridad social + nóminas,0.170353,7986,6325,true,0.448282,0,0,0,0,0,0.0642463,1.63808e-06,0,6,48,1,0,0,0.522749
COMP_0407,GROUP_0067,mixto,comercio minorista,1,comercio minorista,0.522815,días,Reserve · póliza | FX Shield | Yield · barrido,-0.0275272,0.471624,0.444097,0,seguridad social + nóminas,0.0407802,1578,939,false,0.148827,0,0,0,0,1,0.0373915,0.00435923,,,,,,,0.107612
COMP_0408,GROUP_0076,servicio,servicios profesionales,1,servicios profesionales,0.486834,6 meses,Reserve · póliza | Yield · barrido,0.139733,0.399959,0.539692,2,cobros,0.204897,132,132,false,0,0,0,0,0,0,0,0,,,,,,,0.00133108
COMP_0409,GROUP_0009,servicio,servicios profesionales,1,servicios profesionales,0.548833,6 meses,Reserve · póliza | Yield · barrido,0.402535,0.218724,0.621259,0,seguridad social + nóminas,0.100068,4017,2086,false,0.987375,0,0,0,0,0,0.0116062,0,,,,,,,0.802011
COMP_0410,GROUP_0112,producto,comercio minorista,1,comercio minorista,0.715004,días,Reserve · póliza | FX Shield | Yield · barrido,-0.0764359,0.427889,0.351453,2,cobros,0.114864,578,96,true,0.710826,0,0,0,0,0,5.68632e-05,0.0109719,2,22,13,0.603396,0,0.00581395,0.221024
COMP_0411,GROUP_0158,servicio,comercio minorista | holding / tesorería,2,comercio minorista,0.561734,días,Reserve · póliza | Yield · barrido | FX Shield,0.13498,0.599834,0.734814,1,liquidación TPV + cobros masivos,0.221679,13199,11991,false,0.0939504,0,0,0,0,1,0.0132532,0.0320272,,,,,,,0.000275198
COMP_0412,GROUP_0016,mixto,holding / tesorería | comercio minorista,2,holding / tesorería,0.619319,largo,Reserve · póliza | Yield · barrido | FX Shield,-0.0296975,0.425009,0.395311,0,seguridad social + nóminas,0.115171,1039,936,true,0.000376876,0,0,0,0,0,0.0270601,0.00222127,8,30,33,0.687179,0,0,0.713132
COMP_0413,GROUP_0130,mixto,comercio minorista,1,comercio minorista,0.777372,días,Reserve · póliza | FX Shield | Yield · barrido,-0.0297071,0.409486,0.379779,3,liquidación de efectivo + retirada de efectivo,0.205284,1310,181,false,0.634039,0,0,0,0,0,1.19317e-07,0.309808,,,,,,,0.253692
COMP_0414,GROUP_0217,servicio,alquiler / inmobiliario,1,alquiler / inmobiliario,0.78,largo,Reserve · póliza | Yield · barrido | Seguro de cobro,0.148579,0.554855,0.703434,0,seguridad social + nóminas,0.0919295,1778,1769,true,0.000143274,0,0,0,0,0,0.0629225,0.000121143,30,30,23,0.892478,0,0.074347,0.611124
COMP_0415,GROUP_0204,servicio,alquiler / inmobiliario | energía | servicios profesionales,3,alquiler / inmobiliario,0.78,largo,Reserve · póliza | Factoring | Yield · barrido | FX Shield,0.23029,0.452223,0.682513,0,seguridad social + nóminas,0.00458728,596,496,true,0.756248,0,0,0,0,0,0.000234121,0.000172903,20,0.5,31,0.479933,0,0.345745,0.00761494
COMP_0416,GROUP_0040,mixto,comercio minorista | hostelería,2,comercio minorista,0.585371,días,Reserve · póliza | Yield · barrido | FX Shield,-0.0284839,0.489939,0.461455,0,seguridad social + nóminas,0.258027,797,568,true,0.0952405,0,0,0,0,0,0.194712,0.012501,0,22,26,0.428116,0,0,0.0617752
COMP_0417,GROUP_0092,servicio,servicios profesionales,1,servicios profesionales,0.501194,6 meses,Yield · barrido | Reserve · póliza,0.247374,0.500621,0.747995,0,seguridad social + nóminas,0.0462453,717,546,false,0.0499654,0,0,0,0,0,0.0934292,0.00893179,,,,,,,1.7755
COMP_0418,GROUP_0070,mixto,holding / tesorería,1,holding / tesorería,0.658575,largo,Yield · barrido | FX Shield | Reserve · póliza,-0.00574129,0.373886,0.368145,2,cobros,0.0229526,694,552,true,0.23706,0,0,0,0,0,0.00603517,0.000247476,,55.5,2,1,0,0,5.71403
COMP_0419,GROUP_0152,insuficiente,,0,,,,,,,,,sin cobertura,,135,17,false,0.941771,0,0,0,0,0,0.00243454,0,,,,,,,0.0818284
COMP_0420,GROUP_0104,producto,comercio minorista,1,comercio minorista,0.710424,días,Reserve · póliza | FX Shield | Yield · barrido,-0.0983095,0.558578,0.460269,3,liquidación de efectivo + retirada de efectivo,0.0478801,540,481,true,0.0952333,0,0,0,0,0,0.0170176,0.0251167,1,99.5,34,0.142225,0,0,0.0476987
COMP_0421,GROUP_0230,insuficiente,,0,,,,,,,,,sin cobertura,,20,19,true,0.000245115,0,0,0,0,0,0,0,,,1,1,0,0,
COMP_0422,GROUP_0018,servicio,servicios profesionales | holding / tesorería,2,servicios profesionales,0.713875,6 meses,Reserve · póliza | Yield · barrido | Factoring | FX Shield,0.384186,0.361829,0.746015,0,seguridad social + nóminas,0.3552,434,410,true,0.0585669,0,0,0,0,0,0.519066,0,30,30,14,0.241895,0,0.041502,0.0950992
COMP_0423,GROUP_0162,producto,mayorista / distribución,1,mayorista / distribución,0.530368,12 meses,Factoring | Reserve · póliza | Confirming | Seguro de cobro,-0.106098,0.395568,0.289471,2,cobros,0.154501,256,248,true,0.0212099,0,0,0,0,0,0,0,9,29,9,0.864853,0,0,0.122161
COMP_0424,GROUP_0097,mixto,hostelería,1,hostelería,0.511371,6 meses,Reserve · póliza | FX Shield | Yield · barrido,0.0257939,0.403127,0.428921,0,seguridad social + nóminas,0.247615,364,351,true,0.000858818,0,0,0,0,0,0.220896,0.000230662,0,25,1,1,0,0,0.87224
COMP_0425,GROUP_0097,producto,construcción | mayorista / distribución,2,construcción,0.568254,6 meses,Reserve · póliza | Yield · barrido,-0.266044,0.379246,0.113202,2,cobros,0.246482,56,53,false,0.0321213,0,0,0,0,0,0,0,,,,,,,4.04226
COMP_0426,GROUP_0003,insuficiente,,0,,,,,,,,,sin cobertura,,60,10,true,0.685057,0,0,0,0,0,0,0,0,14,3,1,0,0,0.383453
COMP_0427,GROUP_0214,servicio,servicios profesionales | hostelería,2,servicios profesionales,0.591595,6 meses,Reserve · póliza | Factoring | Yield · barrido | FX Shield,0.32815,0.46835,0.7965,0,seguridad social + nóminas,0.126154,1140,1023,true,0.0355741,0,0,0,0,0,0.53845,0.00764433,41,31,122,0.0781473,0,0.000725163,0.25231
COMP_0428,GROUP_0213,mixto,holding / tesorería | comercio minorista,2,holding / tesorería,0.547616,largo,Yield · barrido | Reserve · póliza | FX Shield,-0.0529748,0.419074,0.366099,3,liquidación de efectivo + retirada de efectivo,0.106736,980,913,true,0.0813885,0,0,0,0,0,0.0430354,0.00304274,15,71,47,0.0930127,0,0,6.26048
COMP_0429,GROUP_0170,mixto,,0,,,,,-0.0193767,0.230737,0.211361,2,cobros,0.445841,90,76,false,0.00850332,0,0,0,0,0,0,0,,,,,,,13.1255
COMP_0430,GROUP_0182,servicio,servicios profesionales,1,servicios profesionales,0.573466,6 meses,Factoring | Reserve · póliza | Yield · barrido,0.184628,0.277502,0.462131,2,cobros,0.471238,1277,339,true,0.88512,0,0,0,0,0,0,0,12.5,21.5,4,0.761128,0,0.0649351,0.0221685
COMP_0431,GROUP_0102,servicio,servicios profesionales,1,servicios profesionales,0.506713,6 meses,Yield · barrido | Factoring | Reserve · póliza,0.092906,0.389121,0.482027,0,seguridad social + nóminas,0.134769,749,592,true,0.300998,0,0,0,0,1,0.0526779,3.71523e-05,60,1,16,0.135603,0,0,7.75441
COMP_0432,GROUP_0095,servicio,servicios profesionales,1,servicios profesionales,0.62616,6 meses,Yield · barrido | Reserve · póliza,0.328071,0.264913,0.592984,0,seguridad social + nóminas,0.421278,260,210,false,0.025741,0,0,0,0,0,0.340162,0,,,,,,,3.08263
COMP_0433,GROUP_0023,producto,comercio minorista,1,comercio minorista,0.813783,días,Reserve · póliza | FX Shield | Yield · barrido,-0.240341,0.643904,0.403563,3,liquidación de efectivo + retirada de efectivo,0.221328,930,905,true,0.0233426,0,0,0,0,0,0.0115685,0.163273,0,10,8,0.955382,0,0,0.110761
COMP_0434,GROUP_0134,mixto,holding / tesorería,1,holding / tesorería,0.627883,largo,Yield · barrido | FX Shield | Reserve · póliza,-0.0235544,0.486592,0.463037,3,liquidación de efectivo + retirada de efectivo,0.0282247,985,921,true,0.0637628,0,0,0,0,0,0.0118591,0.000794308,,,1,1,0,0,
COMP_0435,GROUP_0048,producto,holding / tesorería | comercio minorista,2,holding / tesorería,0.671666,largo,Reserve · póliza | Yield · barrido | FX Shield,-0.121089,0.524971,0.403882,3,liquidación de efectivo + retirada de efectivo,0.10868,994,710,true,0.00474193,0,0,0,0,0,0.00246933,6.17254e-05,0,35,18,0.477891,0,0,0.128149
COMP_0436,GROUP_0048,producto,holding / tesorería | comercio minorista,2,holding / tesorería,0.720419,largo,Reserve · póliza | Yield · barrido | FX Shield,-0.25386,0.526399,0.272539,3,liquidación de efectivo + retirada de efectivo,0.0708189,2459,1091,true,0.013035,0,0,0,0,0,0,5.07156e-05,0,31,19,0.714528,0,0,0.586669
COMP_0437,GROUP_0199,mixto,servicios profesionales,1,servicios profesionales,0.488063,6 meses,Reserve · póliza | Yield · barrido,-0.00583896,0.442419,0.43658,0,seguridad social + nóminas,0.223536,1036,827,false,0.318019,0,0,0,0,0,0.0716711,3.41453e-05,,,,,,,0.473925
COMP_0438,GROUP_0150,servicio,servicios profesionales,1,servicios profesionales,0.585329,6 meses,Factoring | Reserve · póliza | Yield · barrido,0.0701381,0.491704,0.561842,0,seguridad social + nóminas,0.117053,1318,986,true,0.110379,0,0,0,0,0,0.2357,0.00404831,15,30,99,0.0973841,0,0.00167084,0.0785022
COMP_0439,GROUP_0236,mixto,comercio minorista,1,comercio minorista,0.701771,días,Yield · barrido | Reserve · póliza | FX Shield,0.0553742,0.381524,0.436899,3,liquidación de efectivo + retirada de efectivo,0.139158,716,109,false,0.757668,0,0,0,0,0,0.0443975,0.386667,,,,,,,2.62878
COMP_0440,GROUP_0162,producto,comercio minorista | mayorista / distribución,2,comercio minorista,0.638826,días,Reserve · póliza | Factoring | Yield · barrido | Confirming,-0.360529,0.522958,0.162429,2,cobros,0.146733,331,79,true,0.712811,0,0,0,0,0,0,0.000153828,,,1,,0,0,
COMP_0441,GROUP_0217,servicio,holding / tesorería,1,holding / tesorería,0.706572,largo,Yield · barrido | FX Shield | Reserve · póliza,0.279737,0.369954,0.649691,2,cobros,0.0331143,1178,1094,true,0.00974986,0,0,0,0,0,0,0.000136172,30,30,17,0.625162,0,0.109671,4.42326
COMP_0442,GROUP_0158,producto,comercio minorista,1,comercio minorista,0.749845,días,Reserve · póliza | FX Shield | Yield · barrido,-0.194461,0.675228,0.480767,3,liquidación de efectivo + retirada de efectivo,0.258915,2926,2264,false,0.0100323,0,0,0,0,0,0,0.00939836,,,,,,,0.0140988
COMP_0443,GROUP_0143,servicio,servicios profesionales,1,servicios profesionales,0.553804,6 meses,Reserve · póliza | Yield · barrido,0.569587,0.375311,0.944898,0,seguridad social + nóminas,0.16172,1594,1384,false,0.00898949,0,0,0,0,0,0.231627,0.000973023,,,,,,,-0.218316
COMP_0444,GROUP_0042,mixto,mayorista / distribución | comercio minorista | hostelería,3,mayorista / distribución,0.625193,12 meses,Reserve · póliza | Yield · barrido | FX Shield,-0.0321059,0.804474,0.772368,1,liquidación TPV + cobros masivos,0.270608,4810,3811,false,0.0630027,0,1,0,0,1,0.0775706,0.0166607,,,,,,,0.234172
COMP_0445,GROUP_0199,insuficiente,,0,,,,,,,,,sin cobertura,,717,18,false,0.74329,0,0,0,0,0,0,0,,,,,,,0.233798
COMP_0446,GROUP_0182,mixto,mayorista / distribución | holding / tesorería,2,mayorista / distribución,0.673108,12 meses,Reserve · póliza | FX Shield | Yield · barrido,0.0423587,0.698426,0.740785,1,liquidación TPV + cobros masivos,0.295623,9700,6202,false,0.0283976,0,1,0,0,1,0.0637507,4.83311e-06,,,,,,,0.301992
COMP_0447,GROUP_0190,producto,comercio minorista,1,comercio minorista,0.686732,días,Reserve · póliza | FX Shield | Yield · barrido,-0.0941121,0.558291,0.464179,1,liquidación TPV + cobros masivos,0.0119276,2791,1916,true,0.134604,0,0,0,0,1,0.0441502,0.034757,5.5,3,40,0.448214,0,0,0.280369
COMP_0448,GROUP_0158,mixto,holding / tesorería,1,holding / tesorería,0.712821,largo,Reserve · póliza | FX Shield | Yield · barrido,0.00674221,0.187655,0.194398,2,cobros,0.226722,335,92,false,0.535826,0,0,0,0,0,0.00133912,0,,,,,,,4.19011e-16
COMP_0449,GROUP_0017,producto,comercio minorista,1,comercio minorista,0.75813,días,Reserve · póliza | FX Shield | Yield · barrido,-0.405442,0.671707,0.266265,3,liquidación de efectivo + retirada de efectivo,0.232444,2838,2707,false,0.000402487,0,0,0,0,0,0.0012327,0.044008,,,,,,,0.262015
COMP_0450,GROUP_0202,servicio,servicios profesionales,1,servicios profesionales,0.717209,6 meses,Yield · barrido | Factoring | Reserve · póliza,0.257651,0.369164,0.626816,0,seguridad social + nóminas,0.104012,199,163,true,0.198503,0,0,0,0,0,0.231849,0,30,9,5,0.996618,0,0.175439,207.213
COMP_0451,GROUP_0158,producto,holding / tesorería,1,holding / tesorería,0.798571,largo,Reserve · póliza | FX Shield | Yield · barrido,-0.175582,0.310481,0.134899,2,cobros,0.354552,104,104,false,0,0,0,0,0,0,0,0,,,,,,,-2.91109e-14
COMP_0452,GROUP_0103,producto,mayorista / distribución | comercio minorista,2,mayorista / distribución,0.688864,12 meses,Reserve · póliza | FX Shield | Yield · barrido,-0.299318,0.833264,0.533946,1,liquidación TPV + cobros masivos,0.0368577,1626,1423,false,0.033536,0,1,0,0,0,0.0340808,0.0191755,,,,,,,0.0731707
COMP_0453,GROUP_0023,servicio,servicios profesionales,1,servicios profesionales,0.592345,6 meses,Yield · barrido | Factoring | Reserve · póliza,0.158653,0.217485,0.376138,0,seguridad social + nóminas,0.147583,166,132,true,0.0160616,0,0,0,0,0,0.219009,0,0,12,0,1,0,0,23.6944
COMP_0454,GROUP_0112,servicio,servicios profesionales,1,servicios profesionales,0.546432,6 meses,Factoring | Yield · barrido | Reserve · póliza,0.0859139,0.387927,0.473841,2,cobros,0.343823,207,196,true,0,0,0,0,0,0,0,0,0,16,4,1,0,0.0147059,1.88361
COMP_0455,GROUP_0222,producto,comercio minorista,1,comercio minorista,0.72429,días,Yield · barrido | Reserve · póliza | FX Shield,-0.204668,0.647682,0.443013,3,liquidación de efectivo + retirada de efectivo,0.0908544,764,684,true,0.119098,0,0,0,0,0,0.0496641,0.0318929,0,35,125,0.0320942,0,0,4.96779
COMP_0456,GROUP_0131,servicio,servicios profesionales,1,servicios profesionales,0.558913,6 meses,Reserve · póliza | Yield · barrido,0.167869,0.526098,0.693967,0,seguridad social + nóminas,0.172225,681,647,false,0.00640005,0,0,0,0,0,0.441869,0.00198173,,,,,,,0.0261287
COMP_0457,GROUP_0129,servicio,servicios profesionales,1,servicios profesionales,0.554742,6 meses,Factoring | Reserve · póliza | Yield · barrido,0.167461,0.552672,0.720134,3,liquidación de efectivo + retirada de efectivo,0.12435,1021,549,true,0.540514,0,0,0,0,0,0.127024,0.0268774,90,49,77,0.32646,0,0.0189492,0.0800154
COMP_0458,GROUP_0212,producto,holding / tesorería,1,holding / tesorería,0.795671,largo,Reserve · póliza | FX Shield | Yield · barrido,-0.300337,0.403065,0.102728,2,cobros,0.206664,44,44,false,0,0,0,0,0,0,0,0,,,,,,,0.242084
COMP_0459,GROUP_0051,producto,comercio minorista,1,comercio minorista,0.874534,días,Reserve · póliza | FX Shield | Yield · barrido,-0.310083,0.536868,0.226785,3,liquidación de efectivo + retirada de efectivo,0.362436,974,204,false,0.636982,0,0,0,0,0,0,0.152741,,,,,,,0.488563
COMP_0460,GROUP_0116,servicio,servicios profesionales,1,servicios profesionales,0.54445,6 meses,Yield · barrido | Factoring | Reserve · póliza,0.178393,0.271582,0.449975,2,cobros,0.137363,2484,833,true,0.623318,0,0,0,0,0,0.000942136,2.54565e-06,30.5,15,23,0.924196,0,0.00680272,8.83815
COMP_0461,GROUP_0070,producto,comercio minorista,1,comercio minorista,0.794541,días,Yield · barrido | Reserve · póliza | FX Shield,-0.23415,0.493722,0.259573,3,liquidación de efectivo + retirada de efectivo,0.0790704,5635,4944,true,0.060622,0,0,0,0,0,0.00131264,0.171456,4.5,28.5,43,0.440102,0,0,21.5052
COMP_0462,GROUP_0194,producto,comercio minorista,1,comercio minorista,0.908295,días,Reserve · póliza | FX Shield | Yield · barrido,-0.314798,0.397887,0.0830888,3,liquidación de efectivo + retirada de efectivo,0.108986,1018,145,false,0.805085,0,0,0,0,0,0,0.698887,,,,,,,0.441624
COMP_0463,GROUP_0086,producto,comercio minorista,1,comercio minorista,0.869149,días,Reserve · póliza | Yield · barrido | FX Shield,-0.292114,0.58865,0.296536,3,liquidación de efectivo + retirada de efectivo,0.236361,652,353,false,0.461241,0,0,0,0,0,0,0.141283,,,,,,,1.07856
COMP_0464,GROUP_0008,insuficiente,,0,,,,,,,,,sin cobertura,,23,7,true,0.552445,0,0,0,1,0,0,0,30,31,1,1,0,0,0.506079
COMP_0465,GROUP_0246,mixto,hostelería | comercio minorista,2,hostelería,0.613484,6 meses,Reserve · póliza | Yield · barrido | FX Shield,0.0615346,0.579823,0.641358,3,liquidación de efectivo + retirada de efectivo,0.0452634,2227,1904,true,0.253064,0,0,0,0,1,0.154622,0.163312,16,30,14,0.186614,0,0,0.172854
COMP_0466,GROUP_0200,servicio,hostelería | energía | servicios profesionales,3,hostelería,0.78,6 meses,Reserve · póliza | Factoring | FX Shield | Yield · barrido,0.274017,0.588708,0.862725,3,liquidación de efectivo + retirada de efectivo,0.0630053,3906,3620,true,0.0221401,0,0,0,0,1,0.0517835,0.0142945,5,59,65,0.104633,0,0.481551,0.273535
COMP_0467,GROUP_0172,servicio,holding / tesorería | comercio minorista | transporte / logística,3,holding / tesorería,0.591653,días,Reserve · póliza | Yield · barrido | FX Shield,0.139598,0.506628,0.646226,3,liquidación de efectivo + retirada de efectivo,0.288844,2360,1348,false,0.0523386,0,0,0,0,0,0.00385696,0.0145388,,,,,,,-9.18029e-17
COMP_0468,GROUP_0138,servicio,servicios profesionales,1,servicios profesionales,0.508789,6 meses,Reserve · póliza | Yield · barrido,0.176017,0.56483,0.740847,1,liquidación TPV + cobros masivos,0.118123,2052,1616,false,0.14275,0,0,0,0,1,0.0571982,0.00153104,,,,,,,0.0924671
COMP_0469,GROUP_0149,producto,comercio minorista,1,comercio minorista,0.855129,días,Reserve · póliza | FX Shield | Yield · barrido,-0.0902077,0.528329,0.438122,3,liquidación de efectivo + retirada de efectivo,0.327346,836,338,true,0.839514,0,0,0,0,0,0,0.431436,7,25,125,0.223886,0,0.00334225,0.236562
COMP_0470,GROUP_0236,servicio,servicios profesionales,1,servicios profesionales,0.482139,6 meses,Reserve · póliza | Yield · barrido,0.175781,0.390845,0.566626,3,liquidación de efectivo + retirada de efectivo,0.0535284,939,260,false,0.368714,0,0,0,0,0,0.000948007,3.90796e-05,,,,,,,0.137189
COMP_0471,GROUP_0162,producto,comercio minorista,1,comercio minorista,0.694282,días,Yield · barrido | Reserve · póliza | FX Shield,-0.18292,0.620395,0.437476,3,liquidación de efectivo + retirada de efectivo,0.030406,3492,2885,true,0.297854,0,0,0,0,1,0.0151337,0.0378359,12.5,30,154,0.16357,0,0,2.06723
COMP_0472,GROUP_0044,mixto,holding / tesorería,1,holding / tesorería,0.791694,largo,Reserve · póliza | FX Shield | Yield · barrido,0.0459784,0.339802,0.38578,2,cobros,0.0529718,753,502,true,0.212193,0,0,0,0,0,0.000227934,0,60,30,15,0.19731,0,0,0.208354
COMP_0473,GROUP_0185,producto,holding / tesorería | mayorista / distribución | comercio minorista,3,holding / tesorería,0.607017,largo,Reserve · póliza | Yield · barrido | FX Shield | Factoring,-0.21551,0.577684,0.362174,3,liquidación de efectivo + retirada de efectivo,0.045042,1067,768,true,0.161746,0,0,0,0,0,0.00971507,0.00127231,30,37,56,0.350538,0,0,0.015016
COMP_0474,GROUP_0141,servicio,software / suscripción | transporte / logística | alquiler / inmobiliario,3,software / suscripción,0.78,largo,Reserve · póliza | Yield · barrido | Factoring | FX Shield,0.235334,0.518963,0.754296,1,liquidación TPV + cobros masivos,0.144426,2030,1954,true,0.00113401,0,0,0,0,1,0.0851432,0.000353062,8,9,334,0.033587,0,0.0478469,0.0599502
COMP_0475,GROUP_0015,insuficiente,,0,,,,,,,,,sin cobertura,,0,0,false,,0,0,0,1,0,,,,,,,,,
COMP_0476,GROUP_0111,servicio,servicios profesionales,1,servicios profesionales,0.536048,6 meses,Factoring | Yield · barrido | Reserve · póliza,0.242558,0.304981,0.547538,0,seguridad social + nóminas,0.0257075,252,90,true,0.358183,0,0,0,0,0,0.0290546,0,0,0,9,0.917127,0,0,1.45696
COMP_0477,GROUP_0232,producto,comercio minorista,1,comercio minorista,0.768095,días,Reserve · póliza | FX Shield | Yield · barrido,-0.176657,0.563575,0.386918,3,liquidación de efectivo + retirada de efectivo,0.344239,1638,1291,true,0.467891,0,0,0,0,1,1.95459e-05,0.0172672,0,32,227,0.133187,0,0,-4.7651
COMP_0478,GROUP_0131,servicio,servicios profesionales | hostelería,2,servicios profesionales,0.549662,6 meses,Reserve · póliza | Yield · barrido | FX Shield,0.475631,0.502278,0.97791,1,liquidación TPV + cobros masivos,0.0962116,1740,1622,false,0.0685585,0,0,0,0,0,0.578848,0.00647262,,,,,,,-0.000231897
COMP_0479,GROUP_0170,mixto,comercio minorista,1,comercio minorista,0.6997,días,Reserve · póliza | FX Shield | Yield · barrido,0.0357797,0.463339,0.499119,3,liquidación de efectivo + retirada de efectivo,0.242932,9678,3786,false,0.766245,0,0,0,0,0,0,0.0167646,,,,,,,0.701055
COMP_0480,GROUP_0112,mixto,comercio minorista,1,comercio minorista,0.716576,días,Reserve · póliza | Yield · barrido | FX Shield,0.0309632,0.509494,0.540457,3,liquidación de efectivo + retirada de efectivo,0.340926,1034,334,true,0.623521,0,0,0,0,0,0.0114287,0.0574722,0,26,43,0.330388,0,0.0176471,1.28383
COMP_0481,GROUP_0225,servicio,servicios profesionales,1,servicios profesionales,0.489872,6 meses,Reserve · póliza | Yield · barrido,0.385451,0.284176,0.669627,3,liquidación de efectivo + retirada de efectivo,0.0176827,11122,4007,false,0.749851,0,0,0,0,0,0.0143804,0.000637192,,,,,,,-0.00641893
COMP_0482,GROUP_0211,producto,comercio minorista,1,comercio minorista,0.833564,días,Yield · barrido | Reserve · póliza | FX Shield,-0.265167,0.392943,0.127776,3,liquidación de efectivo + retirada de efectivo,0.0770094,112,44,true,0.983784,0,0,0,0,0,0,0.775612,20,12,2,0.953013,0,0,328.947
COMP_0483,GROUP_0063,servicio,servicios profesionales,1,servicios profesionales,0.526188,6 meses,Reserve · póliza | Yield · barrido,0.282165,0.533969,0.816133,0,seguridad social + nóminas,0.00852043,538,517,false,0.00129114,0,0,0,0,0,0.150768,0.00421754,,,,,,,0.0876341
COMP_0484,GROUP_0138,servicio,servicios profesionales,1,servicios profesionales,0.514865,6 meses,Reserve · póliza | Yield · barrido,0.226845,0.56628,0.793125,0,seguridad social + nóminas,0.0242015,1209,1099,false,0.0400354,0,0,0,0,1,0.0913492,0.00302244,,,,,,,0.185643
COMP_0485,GROUP_0052,mixto,holding / tesorería | servicios profesionales | mayorista / distribución,3,holding / tesorería,0.579116,largo,Factoring | Reserve · póliza | Yield · barrido | FX Shield,0.0633139,0.434802,0.498116,0,seguridad social + nóminas,0.373559,119,118,true,0.000188925,0,0,0,0,0,0.221716,0,29,10,13,0.474825,0,0,0.0670296
COMP_0486,GROUP_0132,producto,alquiler / inmobiliario,1,alquiler / inmobiliario,0.78,largo,Reserve · póliza | Yield · barrido | Seguro de cobro,-0.079779,0.417671,0.337892,2,cobros,0.17673,587,468,true,0.515192,0,0,0,0,0,0,0,51,42,35,0.271592,0,0.0606061,0.0127066
COMP_0487,GROUP_0170,producto,comercio minorista,1,comercio minorista,0.748188,días,Reserve · póliza | FX Shield | Yield · barrido,-0.344392,0.592792,0.2484,3,liquidación de efectivo + retirada de efectivo,0.276491,2056,1518,false,0.81269,0,0,0,0,0,0.000454856,0.0312942,,,,,,,0.0546147
COMP_0488,GROUP_0060,insuficiente,,0,,,,,,,,,sin cobertura,,321,7,true,0.972949,0,0,0,0,0,0,0,42,147,1,1,0,0.233083,1.00939
COMP_0489,GROUP_0175,insuficiente,,0,,,,,,,,,sin cobertura,,26,11,false,0.886698,0,0,0,0,0,0,0,,,,,,,21.4445
COMP_0490,GROUP_0138,servicio,servicios profesionales,1,servicios profesionales,0.529502,6 meses,Reserve · póliza | Yield · barrido,0.13376,0.549917,0.683677,0,seguridad social + nóminas,0.203119,180,173,false,0.0114765,0,0,0,0,0,0.15969,0.00372783,,,,,,,0.409778
COMP_0491,GROUP_0146,mixto,hostelería | mayorista / distribución | industria,3,hostelería,0.611205,12 meses,Reserve · póliza | Factoring | Confirming | FX Shield,0.0652944,0.592256,0.657551,1,liquidación TPV + cobros masivos,0.22656,11338,10676,true,0.0366194,0,0,0,0,1,0.231542,0.0629274,306,31,91,0.192643,0,0,0.58841
COMP_0492,GROUP_0150,producto,holding / tesorería,1,holding / tesorería,0.817133,largo,Yield · barrido | FX Shield | Reserve · póliza,-0.127446,0.27438,0.146934,2,cobros,0.170421,50,41,true,0.0849624,0,0,0,0,0,0,0,0,40,3,0.913864,0,0,
COMP_0493,GROUP_0126,servicio,servicios profesionales,1,servicios profesionales,0.486972,6 meses,Yield · barrido | Reserve · póliza,0.179028,0.186827,0.365855,2,cobros,0.262286,231,95,false,0.676919,0,0,0,0,0,0,0,,,,,,,1.96299
COMP_0494,GROUP_0142,mixto,comercio minorista | hostelería,2,comercio minorista,0.612453,días,Reserve · póliza | Yield · barrido | FX Shield,0.00173942,0.521707,0.523446,3,liquidación de efectivo + retirada de efectivo,0.0758844,1038,950,true,0.0835387,0,0,0,0,0,0.032545,0.0240123,9,35,19,0.292192,0,0,0.200194
COMP_0495,GROUP_0124,producto,mayorista / distribución | hostelería,2,mayorista / distribución,0.663895,12 meses,Reserve · póliza | Factoring | Confirming | FX Shield,-0.112885,0.687509,0.574624,1,liquidación TPV + cobros masivos,0.257177,1701,1275,true,0.104252,0,1,0,0,1,0.187031,0.00910202,40.5,55,55,0.123946,0,0,0.176321
COMP_0496,GROUP_0137,producto,comercio minorista,1,comercio minorista,0.753107,días,Yield · barrido | Reserve · póliza | FX Shield,-0.0775829,0.485789,0.408206,3,liquidación de efectivo + retirada de efectivo,0.0716811,278,116,true,0.549659,0,0,0,0,0,0,0.00414831,0,53,155,0.0113472,0,0.0141304,4.69537
COMP_0497,GROUP_0185,insuficiente,,0,,,,,,,,,sin cobertura,,22,22,true,0,0,0,0,0,0,0,0.000284263,,41,0,,0,0,0.00111901
COMP_0498,GROUP_0153,producto,mayorista / distribución,1,mayorista / distribución,0.579341,12 meses,Factoring | Confirming | Reserve · póliza | Seguro de cobro,-0.0844713,0.37073,0.286259,0,seguridad social + nóminas,0.284561,123,90,true,0.10134,0,0,0,0,0,0.0301918,0,62,47,10,0.213519,0,0,1.82733
COMP_0499,GROUP_0241,servicio,hostelería | servicios profesionales,2,hostelería,0.78,6 meses,Reserve · póliza | Factoring | Yield · barrido | FX Shield,0.281124,0.479366,0.76049,1,liquidación TPV + cobros masivos,0.0775618,682,631,true,0.0292291,0,0,0,0,0,0.215759,0.0074988,43,23,32,0.0839355,0,0.0596252,-6.58225e-17
COMP_0500,GROUP_0079,servicio,servicios profesionales | energía,2,servicios profesionales,0.849939,6 meses,Factoring | Yield · barrido | FX Shield | Reserve · póliza,0.509126,0.288085,0.797211,0,seguridad social + nóminas,0.32832,1341,1301,true,0.000225959,0,0,0,0,0,0.46748,0,61,30,44,0.223639,0,0.115629,2.8398
COMP_0501,GROUP_0138,servicio,servicios profesionales,1,servicios profesionales,0.60241,6 meses,Yield · barrido | Reserve · póliza,0.164905,0.36889,0.533795,0,seguridad social + nóminas,0.216286,264,243,false,0.259031,0,0,0,0,0,0.14297,0,,,,,,,1.52044
COMP_0502,GROUP_0098,producto,comercio minorista,1,comercio minorista,0.747359,días,Yield · barrido | Reserve · póliza | FX Shield,-0.257089,0.534383,0.277293,3,liquidación de efectivo + retirada de efectivo,0.00780312,1134,808,false,0.507747,0,0,0,0,0,0,0.00956917,,,,,,,3.36522
COMP_0503,GROUP_0134,producto,comercio minorista,1,comercio minorista,0.706214,días,Reserve · póliza | Yield · barrido | FX Shield,-0.119908,0.613291,0.493383,1,liquidación TPV + cobros masivos,0.0437914,7009,6408,true,0.236604,0,0,0,0,0,0.000780013,0.0243357,14.5,8.5,41,0.894442,0,0,
COMP_0504,GROUP_0013,producto,mayorista / distribución | comercio minorista,2,mayorista / distribución,0.581294,12 meses,Reserve · póliza | Yield · barrido | Factoring | Confirming,-0.160832,0.61041,0.449579,3,liquidación de efectivo + retirada de efectivo,0.07369,2205,1821,true,0.120926,0,0,0,0,0,0.0233913,0.0104242,46,16,96,0.0632926,0,0,2.64875
COMP_0505,GROUP_0092,producto,comercio minorista,1,comercio minorista,0.680043,días,Yield · barrido | Reserve · póliza | FX Shield,-0.0916261,0.636288,0.544662,1,liquidación TPV + cobros masivos,0.00548689,5831,3741,false,0.434187,0,1,0,0,1,0.0174616,0.0185127,,,,,,,2.70606
COMP_0506,GROUP_0217,servicio,software / suscripción | alquiler / inmobiliario | servicios profesionales,3,software / suscripción,0.78,largo,Yield · barrido | Reserve · póliza | Factoring | FX Shield,0.387232,0.402394,0.789625,0,seguridad social + nóminas,0.211332,606,594,true,2.70087e-05,0,0,0,0,0,0.138989,0,28,30,31,0.562046,0,0.0785047,0.312276
COMP_0507,GROUP_0023,servicio,servicios profesionales,1,servicios profesionales,0.599054,6 meses,Factoring | Yield · barrido | Reserve · póliza,0.227864,0.352455,0.580319,0,seguridad social + nóminas,0.407373,652,577,true,0.00116527,0,0,0,0,0,0.364842,0,0,12.5,2,0.713411,0,0,1.20706
COMP_0508,GROUP_0070,mixto,mayorista / distribución,1,mayorista / distribución,0.481636,12 meses,Factoring | Confirming | Yield · barrido | Reserve · póliza,-0.0510079,0.424802,0.373794,0,seguridad social + nóminas,0.0327566,235,228,true,0.415082,0,0,0,0,0,0.00190768,0,3,0,3,0.5579,0,0,18.7841
COMP_0509,GROUP_0055,servicio,hostelería,1,hostelería,0.78,6 meses,Reserve · póliza | Yield · barrido | FX Shield,0.0997425,0.372543,0.472286,0,seguridad social + nóminas,0.290033,257,224,true,0.0270494,0,0,0,0,0,0.200923,0,5.5,41,29,0.580002,0,0,1.19732
COMP_0510,GROUP_0079,servicio,servicios profesionales,1,servicios profesionales,0.581679,6 meses,Yield · barrido | Factoring | Reserve · póliza,0.114361,0.416391,0.530751,2,cobros,0.356055,47,39,true,0.047907,0,0,0,0,0,0,0,,,1,1,0,0.261905,79.0151
COMP_0511,GROUP_0202,servicio,servicios profesionales | software / suscripción | construcción,3,servicios profesionales,0.782737,6 meses,Factoring | Yield · barrido | Reserve · póliza | FX Shield,0.227952,0.432566,0.660518,0,seguridad social + nóminas,0.164943,1276,1123,true,0.259813,0,0,1,0,0,0.0305184,0,12,15,33,0.298277,0,0.134087,1.92872
COMP_0512,GROUP_0217,servicio,software / suscripción | alquiler / inmobiliario,2,software / suscripción,0.78,largo,Reserve · póliza | Yield · barrido | FX Shield | Seguro de cobro,0.228141,0.400191,0.628332,0,seguridad social + nóminas,0.212225,1535,1499,true,0.000197088,0,0,0,0,0,0.0326151,0,31,30,30,0.194269,0,0.095669,0.241332
COMP_0513,GROUP_0142,servicio,servicios profesionales,1,servicios profesionales,0.521747,6 meses,Factoring | Yield · barrido | Reserve · póliza,0.13099,0.434593,0.565584,0,seguridad social + nóminas,0.255514,886,665,true,0.0175885,0,0,0,0,0,0.277749,0.00256005,,8,0,,0,0,1.90672
COMP_0514,GROUP_0008,insuficiente,,0,,,,,,,,,sin cobertura,,49,3,true,0.992681,0,0,0,0,0,0,0,,32,1,1,0,0,0.0158411
COMP_0515,GROUP_0117,producto,comercio minorista | industria | mayorista / distribución,3,comercio minorista,0.62122,12 meses,Factoring | Reserve · póliza | Confirming | Yield · barrido,-0.125056,0.602384,0.477328,1,liquidación TPV + cobros masivos,0.136326,9968,9480,true,0.0529009,0,0,0,0,1,0.0691052,0.0126081,,56,0,,0,0,2.89829
COMP_0516,GROUP_0192,servicio,holding / tesorería | servicios profesionales,2,holding / tesorería,0.513567,largo,Yield · barrido | Reserve · póliza | FX Shield,0.230826,0.573322,0.804149,1,liquidación TPV + cobros masivos,0.0581686,4660,4401,false,0.217701,0,0,0,0,0,0.0726866,0.00450872,,,,,,,1.07596
COMP_0517,GROUP_0165,mixto,mayorista / distribución | holding / tesorería,2,mayorista / distribución,0.58653,12 meses,Reserve · póliza | FX Shield | Yield · barrido,0.0297334,0.644366,0.6741,1,liquidación TPV + cobros masivos,0.335468,8794,6133,false,0.130087,0,1,0,0,1,0.0478442,0.00110393,,,,,,,-2743.88
COMP_0518,GROUP_0101,servicio,servicios profesionales,1,servicios profesionales,0.68,6 meses,Factoring | Yield · barrido | Reserve · póliza,0.0834707,0.446894,0.530365,3,liquidación de efectivo + retirada de efectivo,0.0567608,4617,3427,true,0.675316,0,0,0,0,0,0.0035712,0.0154522,51,27,30,0.281072,0,0.0327241,1.01398
COMP_0519,GROUP_0233,mixto,industria | mayorista / distribución | transporte / logística,3,industria,0.534773,12 meses,Factoring | Confirming | Reserve · póliza | Yield · barrido,0.0253041,0.517751,0.543055,1,liquidación TPV + cobros masivos,0.110683,5255,4067,true,0.198092,0,1,0,0,1,0.0940793,0.00115558,31,7,56,0.0397837,0,0,224.927
COMP_0520,GROUP_0020,mixto,mayorista / distribución,1,mayorista / distribución,0.535771,12 meses,Reserve · póliza,-0.0630425,0.43662,0.373577,2,cobros,0.178471,102,102,false,0,0,0,0,0,0,0.0104387,0,,,,,,,0.0704765
COMP_0521,GROUP_0073,producto,construcción | comercio minorista,2,construcción,0.762178,6 meses,Reserve · póliza | Factoring | FX Shield | Seguro de cobro,-0.230277,0.536246,0.305969,3,liquidación de efectivo + retirada de efectivo,0.261533,1047,310,true,0.272285,0,0,0,0,0,0,0.313974,56,30,55,0.992112,0,0.00153965,0.549464
COMP_0522,GROUP_0066,servicio,transporte / logística | alquiler / inmobiliario,2,transporte / logística,0.78,días,Reserve · póliza | Factoring | Yield · barrido | Confirming,0.233476,0.549438,0.782915,1,liquidación TPV + cobros masivos,0.122073,4806,3311,true,0.00301554,0,0,0,0,0,0.0574796,3.47799e-05,30,29,126,0.970291,0,0.0363861,0.133382
COMP_0523,GROUP_0122,servicio,hostelería | servicios profesionales,2,hostelería,0.78,6 meses,Yield · barrido | Reserve · póliza | Factoring | FX Shield,0.156079,0.360146,0.516225,3,liquidación de efectivo + retirada de efectivo,0.108951,1093,189,true,0.69399,0,0,0,0,0,0,0.00591435,30,0,115,0.309901,0,0.0251542,1.28159
COMP_0524,GROUP_0006,servicio,holding / tesorería | servicios profesionales,2,holding / tesorería,0.589374,largo,Reserve · póliza | Yield · barrido | FX Shield,0.279677,0.349213,0.62889,0,seguridad social + nóminas,0.315685,338,287,false,0.0621437,0,0,0,0,0,0.0579487,0,,,,,,,-0.59521
COMP_0525,GROUP_0202,servicio,servicios profesionales,1,servicios profesionales,0.588844,6 meses,Yield · barrido | Factoring | Reserve · póliza,0.0829397,0.429676,0.512616,0,seguridad social + nóminas,0.0627748,840,749,true,0.424545,0,0,0,0,0,0.0990884,0.000785832,87,0,22,0.995267,0,0.0285948,6.8719
COMP_0526,GROUP_0172,producto,holding / tesorería | comercio minorista | construcción,3,holding / tesorería,0.650062,largo,Reserve · póliza | Yield · barrido | FX Shield,-0.213181,0.518641,0.30546,3,liquidación de efectivo + retirada de efectivo,0.0625148,4328,3267,false,0.00417017,0,0,0,0,0,0.00213577,0.000906107,,,,,,,0.000866119
COMP_0527,GROUP_0108,mixto,holding / tesorería,1,holding / tesorería,0.629719,largo,Yield · barrido | FX Shield | Reserve · póliza,-0.0363868,0.349746,0.313359,0,seguridad social + nóminas,0.143286,145,137,true,0.0233591,0,0,0,0,0,0.035079,0,30,30,11,0.964513,0,0,5.16554
COMP_0528,GROUP_0192,producto,comercio minorista,1,comercio minorista,0.884062,días,Reserve · póliza | Yield · barrido | FX Shield,-0.37745,0.628832,0.251381,3,liquidación de efectivo + retirada de efectivo,0.162073,673,364,false,0.673723,0,0,0,0,0,0,0.214737,,,,,,,1.07348
COMP_0529,GROUP_0095,producto,mayorista / distribución | construcción,2,mayorista / distribución,0.570443,12 meses,Reserve · póliza,-0.247647,0.416736,0.169089,2,cobros,0.410245,41,39,false,0.055938,0,0,0,0,0,0,0,,,,,,,0.190782
COMP_0530,GROUP_0017,mixto,comercio minorista,1,comercio minorista,0.56424,días,Yield · barrido | Reserve · póliza | FX Shield,-0.0092066,0.633803,0.624596,3,liquidación de efectivo + retirada de efectivo,0.0183728,737,728,false,0.00319514,0,0,0,0,0,0.0329691,0.0109341,,,,,,,7.19267
COMP_0531,GROUP_0214,servicio,servicios profesionales | holding / tesorería,2,servicios profesionales,0.631641,6 meses,Reserve · póliza | Yield · barrido | Factoring | FX Shield,0.183068,0.434852,0.61792,0,seguridad social + nóminas,0.294872,1421,1362,true,0.0341434,0,0,0,0,1,0.129212,0,30,41,22,0.133035,0,0.000888889,0.615495
COMP_0532,GROUP_0017,producto,mayorista / distribución,1,mayorista / distribución,0.679253,12 meses,Reserve · póliza,-0.0862722,0.5814,0.495128,0,seguridad social + nóminas,0.210532,265,262,false,0.000276252,0,0,0,0,0,0.112168,0,,,,,,,1.32008
COMP_0533,GROUP_0079,servicio,servicios profesionales,1,servicios profesionales,0.826834,6 meses,Yield · barrido | Factoring | Reserve · póliza,0.367724,0.27522,0.642944,0,seguridad social + nóminas,0.275168,217,189,true,0.373871,0,0,0,0,0,0.190578,0,61,,31,0.117918,0,0.131868,15.8494
COMP_0534,GROUP_0184,servicio,hostelería,1,hostelería,0.495402,6 meses,Reserve · póliza | Yield · barrido | FX Shield,0.232071,0.457095,0.689166,0,seguridad social + nóminas,0.0764748,888,792,true,0.0391005,0,0,0,0,0,0.22313,0.0121511,30,25.5,156,0.110481,0,0,1.04147
COMP_0535,GROUP_0130,servicio,servicios profesionales,1,servicios profesionales,0.485591,6 meses,Reserve · póliza | Yield · barrido,0.0733097,0.210646,0.283956,2,cobros,0.290444,3966,1058,false,0.895241,0,0,0,0,0,0,0,,,,,,,0.0302336
COMP_0536,GROUP_0039,mixto,hostelería,1,hostelería,0.553625,6 meses,Reserve · póliza | Yield · barrido | FX Shield,0.0454623,0.40699,0.452453,0,seguridad social + nóminas,0.169397,108,62,true,0.434956,0,0,0,0,0,0.10318,0.023811,36.5,10,2,1,0,0,1.48955
COMP_0537,GROUP_0172,producto,comercio minorista | holding / tesorería,2,comercio minorista,0.704484,días,Reserve · póliza | Yield · barrido | FX Shield,-0.131693,0.547225,0.415531,3,liquidación de efectivo + retirada de efectivo,0.221849,860,850,false,5.61987e-06,0,0,0,0,0,0,0.00331208,,,,,,,-6.08969e-17
COMP_0538,GROUP_0065,producto,comercio minorista,1,comercio minorista,0.689364,días,Reserve · póliza | FX Shield | Yield · barrido,-0.397864,0.56193,0.164066,3,liquidación de efectivo + retirada de efectivo,0.0450889,724,623,false,0.987491,0,0,0,0,0,0,0.00216427,,,,,,,-35.1632
COMP_0539,GROUP_0187,producto,mayorista / distribución | construcción,2,mayorista / distribución,0.653846,12 meses,Reserve · póliza,-0.184291,0.545982,0.361691,0,seguridad social + nóminas,0.0252463,321,212,false,0.00138795,0,0,0,0,0,0.0184792,0,,,,,,,0.612583
COMP_0540,GROUP_0048,servicio,servicios profesionales | comercio minorista,2,servicios profesionales,0.536123,6 meses,Reserve · póliza | Factoring | Yield · barrido | FX Shield,0.0828056,0.577929,0.660735,1,liquidación TPV + cobros masivos,0.173501,5204,2911,true,0.0213247,0,0,0,0,1,0.145364,0.0147919,3,30,155,0.128194,0,0.000347222,-0.0212589
COMP_0541,GROUP_0169,mixto,construcción,1,construcción,0.486362,6 meses,Reserve · póliza,-0.0666754,0.205675,0.139,2,cobros,0.334798,979,36,false,0.947236,0,0,0,0,0,0,0,,,,,,,0.346899
COMP_0542,GROUP_0023,producto,mayorista / distribución,1,mayorista / distribución,0.533786,12 meses,Factoring | Reserve · póliza | Confirming | Seguro de cobro,-0.18198,0.568753,0.386772,0,seguridad social + nóminas,0.00375673,2448,2179,true,0.0494884,0,0,0,0,0,0.00396619,5.75289e-06,0,0,4,0.856847,0,0,0.429428
COMP_0543,GROUP_0053,mixto,comercio minorista,1,comercio minorista,0.68193,días,Reserve · póliza | Yield · barrido | FX Shield,-0.0011662,0.520471,0.519304,3,liquidación de efectivo + retirada de efectivo,0.0513215,2495,1775,true,0.304914,0,0,0,0,0,0.0300545,0.0385565,0,1,159,0.590794,0,0,1.07651
COMP_0544,GROUP_0208,servicio,servicios profesionales,1,servicios profesionales,0.48421,6 meses,Reserve · póliza | Yield · barrido,0.0730305,0.635874,0.708905,1,liquidación TPV + cobros masivos,0.19336,4791,4285,false,0.0260121,0,0,0,0,1,0.0388902,0.0058928,,,,,,,0.138693
COMP_0545,GROUP_0015,servicio,servicios profesionales,1,servicios profesionales,0.586516,6 meses,Factoring | Reserve · póliza | Yield · barrido,0.384611,0.269537,0.654148,0,seguridad social + nóminas,0.318272,419,366,true,0.327713,0,0,0,0,0,0.245895,0,13,1,3,0.999774,0,0,0.0829305
COMP_0546,GROUP_0095,mixto,mayorista / distribución,1,mayorista / distribución,0.535494,12 meses,Reserve · póliza,-0.0281202,0.446147,0.418027,2,cobros,0.214349,88,65,false,0.375455,0,0,0,0,0,0,0,,,,,,,1.07792
COMP_0547,GROUP_0023,producto,comercio minorista,1,comercio minorista,0.74232,días,Reserve · póliza | FX Shield | Yield · barrido,-0.129539,0.547353,0.417814,3,liquidación de efectivo + retirada de efectivo,0.325475,865,821,true,0.0314423,0,0,0,0,0,0.0221877,0.177913,12,29,71,0.41415,0,0,0.906501
COMP_0548,GROUP_0217,servicio,energía | holding / tesorería,2,energía,0.78,12 meses,FX Shield | Yield · barrido | Reserve · póliza | Factoring,0.303052,0.335857,0.638908,2,cobros,0.169201,699,680,true,0.00471338,0,0,0,0,0,0,0,30,30,12,0.599002,0,0.0437828,2.60089
COMP_0549,GROUP_0065,producto,comercio minorista,1,comercio minorista,0.834352,días,Reserve · póliza | FX Shield | Yield · barrido,-0.494325,0.717274,0.222949,3,liquidación de efectivo + retirada de efectivo,0.0328163,512,477,false,0.436024,0,0,0,0,0,0,0.0657839,,,,,,,0.101428
COMP_0550,GROUP_0246,producto,holding / tesorería | mayorista / distribución,2,holding / tesorería,0.657723,largo,Reserve · póliza | Factoring | FX Shield | Confirming,-0.0976224,0.471502,0.373879,0,seguridad social + nóminas,0.267985,220,184,true,0.101777,0,0,0,0,1,0.0656264,0,30,43,34,0.217927,0,0,0.0215217
COMP_0551,GROUP_0184,mixto,mayorista / distribución,1,mayorista / distribución,0.538532,12 meses,Yield · barrido | Reserve · póliza,0.0301972,0.452983,0.48318,2,cobros,0.249185,101,79,false,0.302413,0,0,0,0,0,0,0,,,,,,,496.62
COMP_0552,GROUP_0126,producto,holding / tesorería,1,holding / tesorería,0.818739,largo,Reserve · póliza | FX Shield | Yield · barrido,-0.240276,0.368539,0.128262,2,cobros,0.163734,1022,1022,true,0,0,0,0,0,0,0,0,,315,0,,0,0,7.09472e-18
COMP_0553,GROUP_0217,servicio,energía,1,energía,0.78,12 meses,FX Shield | Factoring | Yield · barrido | Reserve · póliza,0.263406,0.336661,0.600067,2,cobros,0.208268,141,127,true,0.225163,0,0,0,0,0,0.0162521,0,79,30,5,0.416916,0,0.101351,6.14664
COMP_0554,GROUP_0184,servicio,servicios profesionales,1,servicios profesionales,0.471506,6 meses,Reserve · póliza | Yield · barrido,0.268547,0.345485,0.614032,2,cobros,0.0356219,1623,613,false,0.557466,0,0,0,0,0,4.80762e-05,5.32882e-05,,,,,,,0.440742
COMP_0555,GROUP_0106,mixto,holding / tesorería | industria,2,holding / tesorería,0.627278,largo,Yield · barrido | Reserve · póliza | FX Shield,-0.00975357,0.327465,0.317711,0,seguridad social + nóminas,0.0310617,347,226,false,0.0176309,0,0,0,0,0,0.0076008,1.09943e-05,,,,,,,2.07134
COMP_0556,GROUP_0237,producto,hostelería,1,hostelería,0.78,6 meses,Reserve · póliza | FX Shield | Yield · barrido,-0.175254,0.449439,0.274185,2,cobros,0.145625,303,91,true,0.707695,0,0,0,0,1,0,0,33,30,19,0.150863,0,0.00547445,-0.0633972
COMP_0557,GROUP_0023,insuficiente,,0,,,,,,,,,sin cobertura,,23,22,false,0.0184909,0,0,0,0,0,0,0,,,,,,,30.9548
COMP_0558,GROUP_0026,servicio,comercio minorista | hostelería,2,comercio minorista,0.607213,días,Reserve · póliza | Yield · barrido | FX Shield,0.0989935,0.487321,0.586315,1,liquidación TPV + cobros masivos,0.0734169,325,246,true,0.158302,0,0,0,0,0,0.246648,0.182414,0,0,18,1,0,0,1.53183
COMP_0559,GROUP_0188,insuficiente,,0,,,,,,,,,sin cobertura,,0,0,true,,0,0,0,0,0,,,0,20,13,0.528982,0,0.0695067,0.227611
COMP_0560,GROUP_0097,producto,comercio minorista | holding / tesorería,2,comercio minorista,0.678594,días,Yield · barrido | Reserve · póliza | FX Shield,-0.2792,0.544325,0.265124,2,cobros,0.0594768,944,682,false,0.330509,0,0,0,0,1,0,0.00164281,,,,,,,2.055
COMP_0561,GROUP_0063,servicio,servicios profesionales,1,servicios profesionales,0.538891,6 meses,Reserve · póliza | Yield · barrido,0.0951701,0.441798,0.536968,2,cobros,0.124238,206,190,false,0.142279,0,0,0,0,0,0.00854972,0,,,,,,,0.0108017
COMP_0562,GROUP_0218,servicio,software / suscripción | servicios profesionales,2,software / suscripción,0.78,largo,Reserve · póliza | Yield · barrido | Factoring | FX Shield,0.206195,0.517581,0.723776,1,liquidación TPV + cobros masivos,0.0587537,1210,1178,true,0.0019591,0,0,0,0,0,0.159712,0.0143211,30,30,40,0.132335,0,0.0262976,0.268293
COMP_0563,GROUP_0200,producto,holding / tesorería | comercio minorista,2,holding / tesorería,0.676218,largo,Yield · barrido | Reserve · póliza | FX Shield,-0.19854,0.511884,0.313344,3,liquidación de efectivo + retirada de efectivo,0.0832301,353,250,true,0.0184048,0,0,0,0,0,3.83716e-06,0.000837512,29,44,6,0.980498,0,0,45.1388
COMP_0564,GROUP_0212,servicio,servicios profesionales,1,servicios profesionales,0.499952,6 meses,Reserve · póliza | Yield · barrido,0.270567,0.53459,0.805157,1,liquidación TPV + cobros masivos,0.175944,3143,2781,false,0.00294063,0,0,0,0,1,0.0591959,0.00331379,,,,,,,0.948859
COMP_0565,GROUP_0018,servicio,servicios profesionales | holding / tesorería,2,servicios profesionales,0.585623,6 meses,Yield · barrido | Factoring | Reserve · póliza | FX Shield,0.25427,0.326237,0.580507,0,seguridad social + nóminas,0.38376,387,331,true,0.272836,0,0,0,0,0,0.258524,0,30,30,12,0.133893,0,0,1.37578
COMP_0566,GROUP_0119,mixto,mayorista / distribución,1,mayorista / distribución,0.55575,12 meses,Factoring | Reserve · póliza | Confirming | Seguro de cobro,-0.0422101,0.450448,0.408238,2,cobros,0.0621929,854,205,true,0.584962,0,0,0,0,0,0,0,33.5,20.5,95,0.0314338,0,0,0.084831
COMP_0567,GROUP_0194,servicio,servicios profesionales,1,servicios profesionales,0.618841,6 meses,Reserve · póliza | Yield · barrido,0.239288,0.383803,0.623091,0,seguridad social + nóminas,0.351595,1115,1031,false,0.106704,0,0,0,0,0,0.308034,0,,,,,,,0.0294826
COMP_0568,GROUP_0150,mixto,mayorista / distribución,1,mayorista / distribución,0.669979,12 meses,Factoring | Reserve · póliza | Confirming | Seguro de cobro,-0.049522,0.675406,0.625884,1,liquidación TPV + cobros masivos,0.171047,3505,3117,true,0.0848757,0,1,0,0,1,0.147418,0.000211711,35,67,157,0.0670251,0,0.00145719,0.237345
COMP_0569,GROUP_0094,servicio,servicios profesionales,1,servicios profesionales,0.752478,6 meses,Factoring | Reserve · póliza | Yield · barrido,0.277646,0.486279,0.763924,0,seguridad social + nóminas,0.0378273,3613,1938,true,0.00935652,0,0,0,0,0,0.515825,0.00190617,0,3.5,5,0.998928,0,0.0353535,0.0316301
COMP_0570,GROUP_0123,producto,mayorista / distribución,1,mayorista / distribución,0.634243,12 meses,Factoring | Confirming | Yield · barrido | Reserve · póliza,-0.0977801,0.590109,0.492329,0,seguridad social + nóminas,0.113719,417,381,true,0.00303535,0,0,0,0,0,0.0768994,0.000284128,61,60,9,1,0,0,11.6439
COMP_0571,GROUP_0101,mixto,servicios profesionales,1,servicios profesionales,0.528117,6 meses,Yield · barrido | Factoring | Reserve · póliza,-0.00562181,0.382589,0.376968,2,cobros,0.20722,29,29,true,0,0,0,0,0,0,0,0,,167,0,,0,1,14.5207
COMP_0572,GROUP_0064,insuficiente,,0,,,,,,,,,sin cobertura,,43,7,false,0.267189,0,0,0,0,0,0,0,,,,,,,33.8104
COMP_0573,GROUP_0132,mixto,alquiler / inmobiliario | servicios profesionales,2,alquiler / inmobiliario,0.78,largo,Yield · barrido | Reserve · póliza | Factoring | Seguro de cobro,-0.0243861,0.420969,0.396582,3,liquidación de efectivo + retirada de efectivo,0.100217,301,61,true,0.774386,0,0,0,0,0,0,0.2404,96,56,18,0.378215,0,0.197368,1710.92
COMP_0574,GROUP_0197,servicio,comercio minorista | hostelería | servicios profesionales,3,comercio minorista,0.613736,6 meses,Reserve · póliza | Yield · barrido | Factoring | FX Shield,0.131932,0.620408,0.75234,1,liquidación TPV + cobros masivos,0.0832402,4927,4659,true,0.015481,0,0,0,0,0,0.196194,0.178544,0,30,32,0.979881,0,0.000619195,0.185911
COMP_0575,GROUP_0079,servicio,servicios profesionales,1,servicios profesionales,0.820344,6 meses,Yield · barrido | Factoring | Reserve · póliza,0.408731,0.475026,0.883757,0,seguridad social + nóminas,0.124952,666,655,true,9.94796e-06,0,0,0,0,0,0.159852,0,35.5,61,25,0.102851,0,0.213134,19.7908
COMP_0576,GROUP_0044,mixto,holding / tesorería | mayorista / distribución,2,holding / tesorería,0.704143,largo,Reserve · póliza | Factoring | FX Shield | Confirming,0.052997,0.613156,0.666154,1,liquidación TPV + cobros masivos,0.0591321,3047,2549,true,0.194402,0,1,0,0,0,0.0006965,1.0597e-05,90,60,96,0.180801,0,0.00963126,0.284817
COMP_0577,GROUP_0172,servicio,holding / tesorería,1,holding / tesorería,0.756524,largo,Reserve · póliza | FX Shield | Yield · barrido,0.198368,0.344242,0.54261,2,cobros,0.085335,1697,1114,false,0.0439554,0,0,0,0,1,3.27421e-05,0,,,,,,,-2.3355e-16
COMP_0578,GROUP_0162,producto,comercio minorista,1,comercio minorista,0.734175,días,Yield · barrido | Reserve · póliza | FX Shield,-0.377021,0.645073,0.268052,3,liquidación de efectivo + retirada de efectivo,0.15396,927,863,true,0.0942351,0,0,0,0,0,0.00380941,0.0999836,23,7,20,0.375382,0,0,2.49562
COMP_0579,GROUP_0132,insuficiente,,0,,,,,,,,,sin cobertura,,21,8,true,0.736781,0,0,0,0,0,0,0,,182,1,1,0,0,0.20094
COMP_0580,GROUP_0008,producto,mayorista / distribución,1,mayorista / distribución,0.481271,12 meses,Factoring | Reserve · póliza | Confirming | Seguro de cobro,-0.10271,0.502674,0.399963,2,cobros,0.109272,444,87,true,0.651892,0,0,0,0,0,0,1.13199e-05,0,0,23,0.366439,0,0.0464081,0.469328
COMP_0581,GROUP_0191,servicio,servicios profesionales,1,servicios profesionales,0.485177,6 meses,Yield · barrido | Reserve · póliza,0.308161,0.253521,0.561682,2,cobros,0.135374,200,167,false,0.0495667,0,0,0,0,0,0,0,,,,,,,2.35714
COMP_0582,GROUP_0159,mixto,mayorista / distribución,1,mayorista / distribución,0.493103,12 meses,Yield · barrido | Reserve · póliza,-0.0412009,0.499793,0.458592,0,seguridad social + nóminas,0.136226,403,375,false,0.00503036,0,0,0,0,0,0.0464979,9.79422e-06,,,,,,,658.173
COMP_0583,GROUP_0143,producto,mayorista / distribución | industria,2,mayorista / distribución,0.645699,12 meses,Reserve · póliza,-0.0759623,0.549089,0.473126,0,seguridad social + nóminas,0.189629,785,751,false,0.000614471,0,0,0,0,0,0.0229983,0,,,,,,,1.16995
COMP_0584,GROUP_0117,servicio,servicios profesionales,1,servicios profesionales,0.553528,6 meses,Yield · barrido | Reserve · póliza,0.0752428,0.431442,0.506684,0,seguridad social + nóminas,0.250565,172,147,false,0.00494207,0,0,0,0,0,0.245662,0.00117987,,,,,,,64.8436
COMP_0585,GROUP_0004,insuficiente,,0,,,,,,,,,sin cobertura,,21,20,true,0.0170839,0,0,0,0,0,0,0,,22,0,,0,0.212121,1.09224
COMP_0586,GROUP_0047,producto,holding / tesorería | mayorista / distribución,2,holding / tesorería,0.653013,largo,Reserve · póliza | Factoring | FX Shield | Confirming,-0.192781,0.570879,0.378098,3,liquidación de efectivo + retirada de efectivo,0.113354,815,666,true,0.01197,0,0,0,0,0,0.00685037,6.60316e-05,30,31,83,0.228042,0,0,4.77366e-17
COMP_0587,GROUP_0108,producto,comercio minorista,1,comercio minorista,0.729322,días,Yield · barrido | Reserve · póliza | FX Shield,-0.373494,0.538173,0.164678,3,liquidación de efectivo + retirada de efectivo,0.00651704,74,73,true,0,0,0,0,0,0,0,0.00217833,0,0,2,1,0,0,3.92452
COMP_0588,GROUP_0218,servicio,software / suscripción | servicios profesionales,2,software / suscripción,0.78,largo,Yield · barrido | Factoring | Reserve · póliza | FX Shield,0.408375,0.456751,0.865125,0,seguridad social + nóminas,0.0276709,893,816,true,0.0130731,0,0,0,0,1,0.26812,0.010103,30,30,25,0.127777,0,0.154802,2.64231
COMP_0589,GROUP_0138,servicio,servicios profesionales,1,servicios profesionales,0.607104,6 meses,Yield · barrido | Reserve · póliza,0.33803,0.345485,0.683515,0,seguridad social + nóminas,0.320745,253,233,false,0,0,0,0,0,0,0.204469,0,,,,,,,1.25668
COMP_0590,GROUP_0222,producto,comercio minorista,1,comercio minorista,0.758847,días,Reserve · póliza | FX Shield | Yield · barrido,-0.116355,0.697947,0.581592,3,liquidación de efectivo + retirada de efectivo,0.111152,467,435,true,0.0415528,0,0,0,0,0,0.0300148,0.0626407,0,9,253,0.0221938,0,0.00133511,0.911217
COMP_0591,GROUP_0185,producto,mayorista / distribución | holding / tesorería | construcción,3,mayorista / distribución,0.58246,12 meses,Factoring | Reserve · póliza | FX Shield | Confirming,-0.168918,0.564495,0.395577,1,liquidación TPV + cobros masivos,0.0323288,1613,1361,true,0.121987,0,0,0,0,0,0.0362077,9.47851e-05,30,30,80,0.2538,0,0,0.0417949
COMP_0592,GROUP_0185,producto,comercio minorista,1,comercio minorista,0.663065,días,Reserve · póliza | FX Shield | Yield · barrido,-0.237322,0.663686,0.426364,1,liquidación TPV + cobros masivos,0.133778,2329,1860,true,0.0899859,0,0,0,0,0,0.0129632,0.0520449,30,34,69,0.198427,0,0,0.0576307
COMP_0593,GROUP_0053,producto,mayorista / distribución,1,mayorista / distribución,0.521486,12 meses,Factoring | Reserve · póliza | Confirming | Seguro de cobro,-0.263195,0.558071,0.294876,3,liquidación de efectivo + retirada de efectivo,0.10295,1843,428,true,0.164383,0,0,0,0,0,0.0100068,8.01908e-06,0,9,33,0.668293,0,0,0.0495203
COMP_0594,GROUP_0090,producto,hostelería | alquiler / inmobiliario | comercio minorista,3,hostelería,0.78,6 meses,Reserve · póliza | Yield · barrido | FX Shield | Seguro de cobro,-0.238126,0.639533,0.401407,3,liquidación de efectivo + retirada de efectivo,0.0492856,771,452,true,0.278049,0,0,0,0,0,0.0107889,0.0315687,15,22,12,0.840376,0,0.00625,0.872515
COMP_0595,GROUP_0065,producto,comercio minorista,1,comercio minorista,0.80929,días,Reserve · póliza | FX Shield | Yield · barrido,-0.46963,0.652858,0.183229,3,liquidación de efectivo + retirada de efectivo,0.189377,625,593,false,0.0715308,0,0,0,0,0,0,0.0407745,,,,,,,0.63648
COMP_0596,GROUP_0212,producto,holding / tesorería,1,holding / tesorería,0.743061,largo,Yield · barrido | FX Shield | Reserve · póliza,-0.214929,0.340928,0.125999,2,cobros,0.172227,287,254,false,0.309246,0,0,0,0,0,0,0,,,,,,,229.957
COMP_0597,GROUP_0029,mixto,comercio minorista | holding / tesorería | servicios profesionales,3,comercio minorista,0.637797,días,Reserve · póliza | Yield · barrido | FX Shield | Factoring,0.0426534,0.554797,0.59745,1,liquidación TPV + cobros masivos,0.10476,3527,2225,true,0.439228,0,0,0,0,1,0.00267092,0.041649,27,30,107,0.79739,0,0.000406835,0.022259
COMP_0598,GROUP_0200,mixto,hostelería | energía | construcción,3,hostelería,0.78,6 meses,Reserve · póliza | Factoring | FX Shield | Yield · barrido,0.00451925,0.579257,0.583776,1,liquidación TPV + cobros masivos,0.00789067,2669,1882,true,0.178367,0,0,0,0,0,1.30767e-06,0.0114809,28,37.5,41,0.531936,0,0.0254403,24.9707
COMP_0599,GROUP_0018,insuficiente,,0,,,,,,,,,sin cobertura,,32,22,true,0.0992478,0,0,0,0,0,0,0,30,169,1,1,0,0.111111,
COMP_0600,GROUP_0113,producto,comercio minorista,1,comercio minorista,0.793704,días,Reserve · póliza | FX Shield | Yield · barrido,-0.1091,0.679111,0.57001,1,liquidación TPV + cobros masivos,0.0909471,8222,8073,true,0.0649507,0,0,0,0,1,0.0478522,0.31793,0,11,12,0.261121,0,0,0.732956
COMP_0601,GROUP_0070,producto,construcción | holding / tesorería,2,construcción,0.672662,6 meses,Yield · barrido | Reserve · póliza | Factoring | FX Shield,-0.208442,0.468443,0.260001,0,seguridad social + nóminas,0.061655,288,241,true,0.00113734,0,0,0,0,0,0.0172632,0.0056216,269,0,2,0.914613,0,0,20.8456
COMP_0602,GROUP_0103,producto,mayorista / distribución,1,mayorista / distribución,0.652741,12 meses,Reserve · póliza,-0.180327,0.564416,0.384089,0,seguridad social + nóminas,0.0509294,616,488,false,0.00289517,0,0,0,0,0,0.00843117,0,,,,,,,0.0242649
COMP_0603,GROUP_0239,servicio,servicios profesionales,1,servicios profesionales,0.49788,6 meses,Reserve · póliza | Yield · barrido,0.124204,0.634424,0.758628,1,liquidación TPV + cobros masivos,0.160851,1233,1191,false,0.000394064,0,0,0,0,1,0.0719909,0.00690499,,,,,,,0.405207
COMP_0604,GROUP_0065,producto,comercio minorista,1,comercio minorista,0.785263,días,Reserve · póliza | FX Shield | Yield · barrido,-0.362387,0.859983,0.497597,1,liquidación TPV + cobros masivos,0.207359,6932,5858,false,0.928373,0,1,0,0,0,0.00236314,0.0897242,,,,,,,0.540332
COMP_0605,GROUP_0051,producto,comercio minorista,1,comercio minorista,0.778428,días,Reserve · póliza | FX Shield | Yield · barrido,-0.238412,0.555095,0.316683,3,liquidación de efectivo + retirada de efectivo,0.231473,931,190,false,0.737274,0,0,0,0,0,0.00318809,0.0819391,,,,,,,0.759701
COMP_0606,GROUP_0083,servicio,servicios profesionales,1,servicios profesionales,0.539105,6 meses,Factoring | Yield · barrido | Reserve · póliza,0.188628,0.275836,0.464464,2,cobros,0.185307,166,25,true,0.841012,0,0,0,0,0,0,0,0,1,1,1,0,0.037037,
COMP_0607,GROUP_0023,producto,mayorista / distribución,1,mayorista / distribución,0.567938,12 meses,Factoring | Confirming | Yield · barrido | Reserve · póliza,-0.142205,0.517695,0.37549,0,seguridad social + nóminas,0.114098,514,501,true,0.0119275,0,0,0,0,0,0.0149838,0,0.5,15,118,0.134942,0,0,48.6963
COMP_0608,GROUP_0174,producto,comercio minorista,1,comercio minorista,0.711212,días,Reserve · póliza | FX Shield | Yield · barrido,-0.0722102,0.648037,0.575827,3,liquidación de efectivo + retirada de efectivo,0.067248,451,432,true,0.0156374,0,0,0,0,0,0.0466479,0.0938057,10,29.5,7,0.688919,0,0,0.338694
COMP_0609,GROUP_0129,mixto,construcción,1,construcción,0.611694,6 meses,Factoring | Reserve · póliza | Seguro de cobro,-0.0044716,0.367278,0.362806,2,cobros,0.118437,116,55,true,0.27269,0,0,0,0,0,0,0.000208836,137,69.5,4,0.927556,0,0.171875,0.728224
COMP_0610,GROUP_0112,mixto,comercio minorista,1,comercio minorista,0.738736,días,Yield · barrido | Reserve · póliza | FX Shield,0.0117513,0.704746,0.716497,1,liquidación TPV + cobros masivos,0.121747,2445,2206,true,0.0111928,0,0,0,0,0,0.041516,0.326311,0,13,2166,0.0535337,0,0.00613668,1688.39
COMP_0611,GROUP_0099,producto,construcción,1,construcción,0.633636,6 meses,Factoring | Reserve · póliza | Seguro de cobro,-0.217429,0.38205,0.164621,2,cobros,0.236418,12568,10128,true,0.833264,0,0,0,0,0,0,0,9,6.5,25,0.325506,0.163802,0,
COMP_0612,GROUP_0218,servicio,holding / tesorería | servicios profesionales,2,holding / tesorería,0.554163,largo,Yield · barrido | Reserve · póliza | FX Shield,0.140509,0.420671,0.56118,1,liquidación TPV + cobros masivos,0.175115,2311,2238,false,0.0311108,0,0,0,0,0,0.0288918,7.40578e-05,,,,,,,89825.9
COMP_0613,GROUP_0158,servicio,holding / tesorería | servicios profesionales,2,holding / tesorería,0.552713,largo,Reserve · póliza | Yield · barrido | FX Shield,0.170282,0.546396,0.716678,1,liquidación TPV + cobros masivos,0.0855618,10323,7960,false,0.309187,0,0,0,0,0,0.049855,0.00177964,,,,,,,0.0364274
COMP_0614,GROUP_0218,servicio,software / suscripción | servicios profesionales,2,software / suscripción,0.78,largo,Yield · barrido | Factoring | Reserve · póliza | FX Shield,0.13633,0.509322,0.645652,0,seguridad social + nóminas,0.0724168,1176,1122,true,0.00196307,0,0,0,0,0,0.218742,0.0146171,30,0,49,0.148665,0,0.069121,38.3039
COMP_0615,GROUP_0079,servicio,servicios profesionales,1,servicios profesionales,0.829873,6 meses,Factoring | Reserve · póliza | Yield · barrido,0.474435,0.416467,0.890902,0,seguridad social + nóminas,0.248619,1091,984,true,0.0353513,0,0,0,0,0,0.459349,0,61,30,46,0.189238,0,0.120241,0.600804
COMP_0616,GROUP_0017,mixto,comercio minorista | mayorista / distribución | holding / tesorería,3,comercio minorista,0.634662,días,Reserve · póliza | Yield · barrido | FX Shield,-0.0522993,0.742751,0.690451,1,liquidación TPV + cobros masivos,0.368036,18691,16899,false,0.152701,0,1,0,0,1,0.00453298,0.0203307,,,,,,,0.116706
COMP_0617,GROUP_0212,mixto,comercio minorista | construcción,2,comercio minorista,0.542906,días,Reserve · póliza | FX Shield | Yield · barrido,-0.0538416,0.343206,0.289365,3,liquidación de efectivo + retirada de efectivo,0.104023,327,48,false,0.894209,0,0,0,0,0,0.0216408,0.00541789,,,,,,,0.841495
COMP_0618,GROUP_0013,producto,mayorista / distribución | construcción,2,mayorista / distribución,0.60985,12 meses,Factoring | Reserve · póliza | Confirming | Seguro de cobro,-0.174512,0.473901,0.29939,2,cobros,0.124394,301,141,true,0.606213,0,0,0,0,0,0.00422982,0,38,14,62,0.121959,0,0,1.32258
COMP_0619,GROUP_0039,servicio,comercio minorista | servicios profesionales,2,comercio minorista,0.568907,días,Yield · barrido | Reserve · póliza | Factoring | FX Shield,0.104691,0.475992,0.580683,0,seguridad social + nóminas,0.0553821,325,204,true,0.427412,0,0,0,0,0,0.12194,0.0325881,0,3,13,0.966469,0,0.00440529,1.06684
COMP_0620,GROUP_0082,servicio,servicios profesionales,1,servicios profesionales,0.546804,6 meses,Factoring | Reserve · póliza | Yield · barrido,0.363174,0.349665,0.712839,0,seguridad social + nóminas,0.181567,310,267,true,0.0331742,0,0,0,0,0,0.628759,0.000227336,46.5,11,3,0.998947,0,0,0.299278
COMP_0621,GROUP_0211,producto,comercio minorista | construcción,2,comercio minorista,0.650864,días,Reserve · póliza | Yield · barrido | Factoring | FX Shield,-0.229121,0.565344,0.336222,3,liquidación de efectivo + retirada de efectivo,0.103779,773,192,true,0.478561,0,0,0,0,0,0,0.00582061,30,30,211,0.0306157,0,0.00801603,6.17798
COMP_0622,GROUP_0130,servicio,servicios profesionales,1,servicios profesionales,0.484901,6 meses,Reserve · póliza | Yield · barrido,0.249705,0.234673,0.484378,2,cobros,0.195174,1209,93,false,0.963689,0,0,0,0,0,0,0,,,,,,,0.104636
COMP_0623,GROUP_0063,mixto,comercio minorista | hostelería | transporte / logística,3,comercio minorista,0.594273,días,Reserve · póliza | Yield · barrido | FX Shield,0.0629536,0.643331,0.706284,1,liquidación TPV + cobros masivos,0.305829,12562,10554,false,0.217913,0,0,0,0,1,0.0469616,0.0247838,,,,,,,0.0134559
COMP_0624,GROUP_0154,producto,comercio minorista,1,comercio minorista,0.745288,días,Reserve · póliza | Yield · barrido | FX Shield,-0.326646,0.570837,0.24419,3,liquidación de efectivo + retirada de efectivo,0.266261,8718,1222,false,0.666229,0,0,0,0,0,0,0.0106943,,,,,,,
COMP_0625,GROUP_0159,mixto,servicios profesionales | construcción | mayorista / distribución,3,servicios profesionales,0.552824,6 meses,Reserve · póliza | Yield · barrido,0.0338034,0.420464,0.454267,0,seguridad social + nóminas,0.295222,126,102,false,0.256165,0,0,0,0,0,0.185189,0,,,,,,,
COMP_0626,GROUP_0070,producto,comercio minorista,1,comercio minorista,0.827517,días,Reserve · póliza | Yield · barrido | FX Shield,-0.175306,0.45174,0.276434,3,liquidación de efectivo + retirada de efectivo,0.134824,401,295,false,0.268497,0,0,0,0,0,0.00580494,0.595731,,,,,,,1.98629
COMP_0627,GROUP_0115,servicio,comercio minorista,1,comercio minorista,0.496489,días,Reserve · póliza | FX Shield | Yield · barrido,0.134477,0.582022,0.716499,1,liquidación TPV + cobros masivos,0.308029,11128,10591,false,0.0290128,0,0,0,0,0,0.06771,0.0211723,,,,,,,0.000378913
COMP_0628,GROUP_0013,producto,comercio minorista | construcción,2,comercio minorista,0.662688,días,Reserve · póliza | Factoring | Yield · barrido | FX Shield,-0.16054,0.562298,0.401758,3,liquidación de efectivo + retirada de efectivo,0.226609,1352,306,true,0.429328,0,0,0,0,0,0.010181,0.335983,71,19.5,179,0.0377835,0,0,1.5193
COMP_0629,GROUP_0132,mixto,comercio minorista | servicios profesionales | hostelería,3,comercio minorista,0.572231,6 meses,Reserve · póliza | Yield · barrido | Factoring | FX Shield,0.0190735,0.568697,0.58777,3,liquidación de efectivo + retirada de efectivo,0.223251,2173,869,true,0.451914,0,0,0,0,0,0.0147033,0.166529,90,62,88,0.161727,0,0.0311344,8.43841e-15
COMP_0630,GROUP_0247,producto,mayorista / distribución,1,mayorista / distribución,0.669946,12 meses,Reserve · póliza,-0.10005,0.734258,0.634208,1,liquidación TPV + cobros masivos,0.459448,18102,13303,false,0.130371,0,1,0,0,1,0.114502,0.00366316,,,,,,,0.383318
COMP_0631,GROUP_0222,producto,comercio minorista,1,comercio minorista,0.703519,días,Yield · barrido | Reserve · póliza | FX Shield,-0.125352,0.67203,0.546678,3,liquidación de efectivo + retirada de efectivo,0.011718,603,550,true,0.0682282,0,0,0,0,0,0.0718553,0.0268207,0,30,67,0.0295129,0,0,2.20621
COMP_0632,GROUP_0172,producto,comercio minorista,1,comercio minorista,0.820889,días,Reserve · póliza | FX Shield | Yield · barrido,-0.290401,0.634838,0.344437,3,liquidación de efectivo + retirada de efectivo,0.253761,577,576,false,0,0,0,0,0,0,0,0.0547201,,,,,,,1.56552e-17
COMP_0633,GROUP_0130,producto,comercio minorista,1,comercio minorista,0.848022,días,Reserve · póliza | FX Shield | Yield · barrido,-0.0892242,0.416114,0.32689,3,liquidación de efectivo + retirada de efectivo,0.152254,1094,73,false,0.951283,0,0,0,0,0,0,0.0941085,,,,,,,0.202623
COMP_0634,GROUP_0022,servicio,holding / tesorería,1,holding / tesorería,0.698322,largo,Yield · barrido | FX Shield | Reserve · póliza,0.125631,0.271955,0.397586,0,seguridad social + nóminas,0.0134028,865,111,false,0.603829,0,0,0,0,0,0.0196393,0,,,,,,,1.12278
COMP_0635,GROUP_0127,servicio,mayorista / distribución | servicios profesionales,2,mayorista / distribución,0.566908,12 meses,Reserve · póliza | Yield · barrido,0.0970546,0.677299,0.774354,1,liquidación TPV + cobros masivos,0.205736,875,806,false,0.192241,0,1,0,0,0,0.047798,0.000556182,,,,,,,-0.901863
COMP_0636,GROUP_0037,mixto,hostelería | construcción,2,hostelería,0.589457,6 meses,Reserve · póliza | Factoring | FX Shield | Seguro de cobro,-0.028599,0.569564,0.540965,1,liquidación TPV + cobros masivos,0.0658578,5114,4032,true,0.0354572,0,0,0,0,0,0.247338,0.0216166,34.5,41,35,0.821941,0,0.00389518,7.26685e-17
COMP_0637,GROUP_0132,servicio,servicios profesionales,1,servicios profesionales,0.68,6 meses,Factoring | Reserve · póliza | Yield · barrido,0.0798872,0.453345,0.533232,3,liquidación de efectivo + retirada de efectivo,0.0413457,1865,334,true,0.913584,0,0,0,0,0,0,0.000412626,42,42,73,0.573924,0,0.0362731,-0.0238333
COMP_0638,GROUP_0108,producto,comercio minorista,1,comercio minorista,0.682174,días,Reserve · póliza | FX Shield | Yield · barrido,-0.163437,0.601252,0.437815,3,liquidación de efectivo + retirada de efectivo,0.077832,1175,1157,true,0.00959889,0,0,0,0,0,0.0234398,0.00739991,0,6,51,0.183379,0,0,0.261177
COMP_0639,GROUP_0115,mixto,comercio minorista | hostelería,2,comercio minorista,0.605872,días,Yield · barrido | Reserve · póliza | FX Shield,-0.0555879,0.635253,0.579665,1,liquidación TPV + cobros masivos,0.374019,10803,10111,false,0.0111857,0,0,0,0,1,0.0922001,0.0613795,,,,,,,3.3213
COMP_0640,GROUP_0022,servicio,servicios profesionales,1,servicios profesionales,0.756163,6 meses,Yield · barrido | Factoring | Reserve · póliza,0.134369,0.419084,0.553453,0,seguridad social + nóminas,0.0939332,447,367,true,0.00803672,0,0,0,0,1,0.011613,0,131,17,4,0.998198,0,0.544776,27.1503
COMP_0641,GROUP_0132,mixto,servicios profesionales | construcción,2,servicios profesionales,0.633832,6 meses,Factoring | Yield · barrido | Reserve · póliza | Seguro de cobro,0.0444632,0.359203,0.403667,2,cobros,0.256726,784,150,true,0.804911,0,0,0,0,0,0,0,100,72.5,23,0.2472,0,0.0875576,3.33267
COMP_0642,GROUP_0072,producto,construcción | industria | mayorista / distribución,3,construcción,0.719565,12 meses,Factoring | Reserve · póliza | Confirming | Seguro de cobro,-0.130262,0.582752,0.45249,2,cobros,0.035253,81,77,true,0,0,0,0,0,0,0.0155418,0,,30,1,,0.316667,0.0583333,2.43764
COMP_0643,GROUP_0008,servicio,construcción,1,construcción,0.75,6 meses,Factoring | Reserve · póliza | Seguro de cobro,0.0859239,0.353341,0.439264,2,cobros,0.323205,234,68,true,0.582933,0,0,0,1,0,0,0,13,30,15,0.990227,0,0.0534759,0.116868
COMP_0644,GROUP_0236,mixto,holding / tesorería,1,holding / tesorería,0.565348,largo,Reserve · póliza | FX Shield | Yield · barrido,0.0547767,0.537904,0.592681,3,liquidación de efectivo + retirada de efectivo,0.0728427,282,268,false,0.00240641,0,0,0,0,0,0.0464225,0.00156543,,,,,,,0.469527
COMP_0645,GROUP_0217,mixto,holding / tesorería,1,holding / tesorería,0.767393,largo,Reserve · póliza | FX Shield | Yield · barrido,-0.0476669,0.382606,0.334939,2,cobros,0.204328,135,111,true,0.00458581,0,0,0,0,0,0,0,,30,5,0.48592,0,0.0314961,0.00786558
COMP_0646,GROUP_0118,servicio,servicios profesionales,1,servicios profesionales,0.512567,6 meses,Factoring | Yield · barrido | Reserve · póliza,0.186826,0.420488,0.607314,1,liquidación TPV + cobros masivos,0.0136337,15563,13337,true,0.0417266,0,0,0,0,0,0.161343,0.000525723,3,1,679,0.138525,0,0,1.33613
COMP_0647,GROUP_0126,producto,transporte / logística,1,transporte / logística,0.78,días,Factoring | Reserve · póliza | Confirming,-0.0908537,0.550334,0.45948,1,liquidación TPV + cobros masivos,0.0873663,5650,5401,true,0.000399712,0,0,0,0,1,0.00259419,0.00388221,60,42.5,64,0.213139,0,0,2.14719e-16
COMP_0648,GROUP_0053,mixto,comercio minorista | hostelería,2,comercio minorista,0.679205,días,Reserve · póliza | Yield · barrido | FX Shield,0.0540029,0.580594,0.634596,1,liquidación TPV + cobros masivos,0.111107,1884,1441,true,0.195331,0,0,0,0,0,0.10719,0.117444,0,1,111,0.0642144,0,0,1.75818
COMP_0649,GROUP_0153,producto,holding / tesorería | mayorista / distribución,2,holding / tesorería,0.673882,largo,Reserve · póliza | Factoring | FX Shield | Confirming,-0.0914299,0.489561,0.398131,0,seguridad social + nóminas,0.0475146,1521,1421,true,0.040075,0,0,0,0,0,0.0064376,0,17.5,21,44,0.39699,0,0,0.0938546
COMP_0650,GROUP_0038,producto,mayorista / distribución,1,mayorista / distribución,0.572581,12 meses,Factoring | Confirming | Yield · barrido | Reserve · póliza,-0.403226,0.558926,0.1557,2,cobros,0.0713027,34,32,true,0.00382344,0,0,0,0,0,0,0,0,13,6,0.491242,0,0,41.9966
COMP_0651,GROUP_0081,producto,comercio minorista,1,comercio minorista,0.813664,días,Reserve · póliza | FX Shield | Yield · barrido,-0.184746,0.60443,0.419684,1,liquidación TPV + cobros masivos,0.195921,17888,16128,true,0.0844788,1,0,0,0,0,0.018404,0.197463,0,2,85,0.863811,0,0,-0.000650445
COMP_0652,GROUP_0222,producto,comercio minorista,1,comercio minorista,0.741946,días,Yield · barrido | Reserve · póliza | FX Shield,-0.0776667,0.688874,0.611207,1,liquidación TPV + cobros masivos,0.0160922,1316,1098,true,0.174899,0,0,0,0,0,0.0401564,0.0543372,0,27,367,0.00788205,0,0,7.9884
COMP_0653,GROUP_0128,producto,mayorista / distribución,1,mayorista / distribución,0.571962,12 meses,Yield · barrido | Reserve · póliza,-0.106206,0.459611,0.353405,2,cobros,0.193457,1216,1070,false,0.0582594,0,0,0,0,0,2.85523e-05,0,,,,,,,2.14005
COMP_0654,GROUP_0053,producto,comercio minorista,1,comercio minorista,0.776116,días,Reserve · póliza | FX Shield | Yield · barrido,-0.0817377,0.599498,0.517761,1,liquidación TPV + cobros masivos,0.174299,1428,1264,true,0.0252109,0,0,0,0,1,0.0186347,0.181249,0.5,2,194,0.978379,0,0,0.645707
COMP_0655,GROUP_0172,producto,comercio minorista | holding / tesorería,2,comercio minorista,0.715876,días,Reserve · póliza | Yield · barrido | FX Shield,-0.26309,0.576429,0.313339,3,liquidación de efectivo + retirada de efectivo,0.238112,1499,1498,false,6.48297e-09,0,0,0,0,0,4.06656e-06,0.0122313,,,,,,,0.0017657
COMP_0656,GROUP_0087,mixto,mayorista / distribución | comercio minorista,2,mayorista / distribución,0.512572,12 meses,Reserve · póliza | FX Shield | Yield · barrido,-0.0282922,0.582436,0.554144,3,liquidación de efectivo + retirada de efectivo,0.136815,3932,1391,false,0.785614,0,0,0,0,0,0.000633115,0.000214923,,,,,,,0.232748
COMP_0657,GROUP_0222,producto,comercio minorista,1,comercio minorista,0.65631,días,Yield · barrido | Reserve · póliza | FX Shield,-0.245791,0.667869,0.422078,3,liquidación de efectivo + retirada de efectivo,0.0324804,720,606,true,0.101849,0,0,0,0,0,0.0524332,0.00654384,0,30,137,0.0439787,0,0,4.7119
COMP_0658,GROUP_0132,mixto,transporte / logística | holding / tesorería,2,transporte / logística,0.78,días,Reserve · póliza | Factoring | FX Shield | Yield · barrido,-0.0599507,0.534251,0.474301,3,liquidación de efectivo + retirada de efectivo,0.170971,1683,638,true,0.438646,0,0,0,0,0,0,0.000344401,120,44,50,0.595873,0,0.0369728,0.508857
COMP_0659,GROUP_0035,servicio,comercio minorista | hostelería,2,comercio minorista,0.582736,días,Reserve · póliza | Yield · barrido | FX Shield,0.0929621,0.632945,0.725908,1,liquidación TPV + cobros masivos,0.258244,10326,10113,true,0.0251834,0,0,0,0,1,0.227789,0.0906047,0,12.5,14,0.939195,0,0,0.0174115
COMP_0660,GROUP_0175,producto,construcción | mayorista / distribución,2,construcción,0.584336,6 meses,Reserve · póliza | Yield · barrido,-0.259475,0.364954,0.105479,2,cobros,0.300534,100,30,false,0.567898,0,0,0,0,0,0,0,,,,,,,4.81893
COMP_0661,GROUP_0222,mixto,comercio minorista | hostelería,2,comercio minorista,0.662319,días,Yield · barrido | Reserve · póliza | FX Shield,-0.0333092,0.68806,0.654751,1,liquidación TPV + cobros masivos,0.0612909,2841,2368,true,0.177151,0,0,0,0,0,0.0785885,0.0563448,0,0,1159,0.00357689,0,0,10.4852
COMP_0662,GROUP_0054,servicio,construcción | servicios profesionales,2,construcción,0.75,6 meses,Factoring | Reserve · póliza | Seguro de cobro | Yield · barrido,0.360548,0.469439,0.829986,1,liquidación TPV + cobros masivos,0.0224571,162,144,true,0.011617,0,0,0,0,1,0.586529,0,28.5,15,118,0.0307416,0,0.0757381,0.278854
COMP_0663,GROUP_0143,servicio,servicios profesionales,1,servicios profesionales,0.554218,6 meses,Reserve · póliza | Yield · barrido,0.202895,0.498964,0.701859,0,seguridad social + nóminas,0.0681967,470,437,false,0.00193943,0,0,0,0,0,0.214887,0.000619029,,,,,,,-0.32592
COMP_0664,GROUP_0058,producto,comercio minorista,1,comercio minorista,0.699316,días,Reserve · póliza | FX Shield | Yield · barrido,-0.295835,0.640212,0.344377,3,liquidación de efectivo + retirada de efectivo,0.124017,1772,1664,true,0.203111,0,0,0,0,1,0.00516425,0.00661402,0,8,359,0.0194704,0,0,0.373069
COMP_0665,GROUP_0150,producto,construcción | holding / tesorería | mayorista / distribución,3,construcción,0.545685,6 meses,Factoring | Reserve · póliza | FX Shield | Confirming,-0.09783,0.526478,0.428648,1,liquidación TPV + cobros masivos,0.0576768,3485,2024,true,0.5232,0,0,0,0,0,0.146707,0.000772991,23,15,92,0.229333,0,0,0.658827
COMP_0666,GROUP_0013,mixto,hostelería | construcción,2,hostelería,0.585729,6 meses,Reserve · póliza | Factoring | FX Shield | Seguro de cobro,-0.00285991,0.527906,0.525047,3,liquidación de efectivo + retirada de efectivo,0.0493281,1741,1325,true,0.263467,0,0,0,0,0,0.195083,0.0300336,78.5,54,25,0.16103,0,0,0.695405
COMP_0667,GROUP_0068,mixto,hostelería | construcción,2,hostelería,0.632125,6 meses,Reserve · póliza | Factoring | FX Shield | Seguro de cobro,-0.0101893,0.591637,0.581448,1,liquidación TPV + cobros masivos,0.0301487,569,544,true,0.010579,0,0,0,0,0,0.444076,0.068927,60,60,8,1,0.390884,0,0.473181
COMP_0668,GROUP_0048,producto,mayorista / distribución | construcción,2,mayorista / distribución,0.606304,12 meses,Factoring | Reserve · póliza | Confirming | Seguro de cobro,-0.0979387,0.449301,0.351363,2,cobros,0.118452,446,442,true,0.0010979,0,0,0,0,0,0,0,68,30,9,0.889685,0,0,0.0714893
COMP_0669,GROUP_0007,servicio,hostelería | comercio minorista,2,hostelería,0.546147,6 meses,Reserve · póliza | Yield · barrido | FX Shield,0.332108,0.584093,0.9162,1,liquidación TPV + cobros masivos,0.128237,832,624,false,0.213583,0,0,0,0,0,0.196319,0.145525,,,,,,,-0.122303
COMP_0670,GROUP_0101,servicio,holding / tesorería | servicios profesionales,2,holding / tesorería,0.636257,largo,Yield · barrido | Factoring | Reserve · póliza | FX Shield,0.216303,0.314524,0.530827,0,seguridad social + nóminas,0.104199,187,88,true,0.773621,0,0,0,0,0,0.00769274,0,12,10,6,0.942554,0,0.165644,28.2033
COMP_0671,GROUP_0250,servicio,servicios profesionales,1,servicios profesionales,0.554098,6 meses,Yield · barrido | Factoring | Reserve · póliza,0.295131,0.335339,0.63047,0,seguridad social + nóminas,0.302173,400,376,true,0.00958169,0,0,0,0,0,0.122518,0,28,22,7,0.661886,0,0,6.91477
COMP_0672,GROUP_0184,insuficiente,,0,,,,,,,,,sin cobertura,,29,16,true,0.374573,0,0,0,0,0,0,0.105191,,15,1,,0,0,13.4946
COMP_0673,GROUP_0203,mixto,hostelería | comercio minorista,2,hostelería,0.529184,6 meses,Reserve · póliza | Yield · barrido | FX Shield,0.0565338,0.596419,0.652953,1,liquidación TPV + cobros masivos,0.0417903,841,797,true,0.0277681,0,0,0,0,0,0.207054,0.00167043,0,0,69,0.383264,0,0,0.318862
COMP_0674,GROUP_0112,servicio,software / suscripción | alquiler / inmobiliario | servicios profesionales,3,software / suscripción,0.78,largo,Yield · barrido | Reserve · póliza | Factoring | FX Shield,0.157096,0.616239,0.773336,1,liquidación TPV + cobros masivos,0.189105,2619,2278,true,0.0615234,0,0,0,0,0,0.0778083,0.0220943,1,10,68,0.160474,0,0.0304006,5.73397
COMP_0675,GROUP_0023,servicio,servicios profesionales,1,servicios profesionales,0.530262,6 meses,Factoring | Yield · barrido | Reserve · póliza,0.194703,0.514933,0.709637,0,seguridad social + nóminas,0.0178919,964,690,true,0.0322985,0,0,0,0,0,0.481617,0.00115341,63,12,149,0.0162547,0,0,1.18408
COMP_0676,GROUP_0104,servicio,servicios profesionales | mayorista / distribución,2,servicios profesionales,0.582734,6 meses,Factoring | Reserve · póliza | Yield · barrido | Confirming,0.154408,0.457704,0.612111,0,seguridad social + nóminas,0.111062,131,112,true,0.00535358,0,0,0,0,1,0.396067,0,60,60.5,12,0.538612,0,0,
COMP_0677,GROUP_0138,servicio,servicios profesionales | holding / tesorería,2,servicios profesionales,0.599372,6 meses,Yield · barrido | Reserve · póliza | FX Shield,0.0990632,0.428335,0.527398,0,seguridad social + nóminas,0.281961,76,61,false,0.00204479,0,0,0,0,0,0.176022,0,,,,,,,1.40696
COMP_0678,GROUP_0154,producto,holding / tesorería,1,holding / tesorería,0.70819,largo,Reserve · póliza | FX Shield | Yield · barrido,-0.286128,0.475702,0.189573,2,cobros,0.129005,55,53,true,0,0,0,0,0,0,0,0,,28,0,,0,0,0.642587
COMP_0679,GROUP_0172,producto,holding / tesorería,1,holding / tesorería,0.745961,largo,Reserve · póliza | FX Shield | Yield · barrido,-0.25172,0.517813,0.266093,3,liquidación de efectivo + retirada de efectivo,0.0182961,1121,1088,false,8.22631e-06,0,0,0,0,0,3.07921e-05,0,,,,,,,4.42507e-17
COMP_0680,GROUP_0089,producto,comercio minorista,1,comercio minorista,0.761116,días,Reserve · póliza | FX Shield | Yield · barrido,-0.0883204,0.532805,0.444484,3,liquidación de efectivo + retirada de efectivo,0.154035,2141,978,true,0.989226,0,0,0,0,0,0,0.022937,6,7,30,0.879662,0,0.00464253,0.48496
COMP_0681,GROUP_0176,mixto,mayorista / distribución | comercio minorista,2,mayorista / distribución,0.517958,12 meses,Reserve · póliza | Yield · barrido | FX Shield,-0.0652693,0.665907,0.600638,1,liquidación TPV + cobros masivos,0.0906734,1160,1127,false,0.0214926,0,0,0,0,0,0.0446167,0.00378738,,,,,,,
COMP_0682,GROUP_0200,mixto,energía | servicios profesionales,2,energía,0.78,12 meses,Factoring | Yield · barrido | FX Shield | Reserve · póliza,-0.0452727,0.605318,0.560045,3,liquidación de efectivo + retirada de efectivo,0.0843912,1141,1028,true,0.145087,0,0,0,0,0,0,0.0100512,18,27,13,0.925115,0,0.0533333,11.3909
COMP_0683,GROUP_0239,servicio,holding / tesorería,1,holding / tesorería,0.702672,largo,Yield · barrido | FX Shield | Reserve · póliza,0.118597,0.452361,0.570958,0,seguridad social + nóminas,0.0457456,722,664,false,0.0442968,0,0,0,0,1,0.00497828,0,,,,,,,
COMP_0684,GROUP_0236,servicio,servicios profesionales,1,servicios profesionales,0.519145,6 meses,Reserve · póliza | Yield · barrido,0.250345,0.39768,0.648025,1,liquidación TPV + cobros masivos,0.0321778,1059,395,false,0.34632,0,0,0,0,0,0.00139971,0,,,,,,,0.187742
COMP_0685,GROUP_0035,mixto,comercio minorista | hostelería,2,comercio minorista,0.649153,días,Reserve · póliza | Yield · barrido | FX Shield,0.041081,0.648171,0.689252,1,liquidación TPV + cobros masivos,0.274368,13797,11825,true,0.0744192,0,0,0,0,1,0.215426,0.102362,0,30,40,0.908713,0,0,0.00431142
COMP_0686,GROUP_0139,mixto,software / suscripción | energía | servicios profesionales,3,software / suscripción,0.78,largo,Factoring | Reserve · póliza | FX Shield | Yield · barrido,-0.00516374,0.700138,0.694974,1,liquidación TPV + cobros masivos,0.343845,5779,4887,true,0.179161,0,1,1,0,1,0.042684,0.0053112,31,18,138,0.111114,0,0.102707,-0.20608
COMP_0687,GROUP_0212,servicio,servicios profesionales | holding / tesorería,2,servicios profesionales,0.543586,6 meses,Yield · barrido | Reserve · póliza | FX Shield,0.299302,0.529412,0.828714,0,seguridad social + nóminas,0.0565544,1517,1477,false,0.084673,0,0,0,0,0,0.082746,2.23191e-05,,,,,,,4.07708
COMP_0688,GROUP_0241,producto,holding / tesorería,1,holding / tesorería,0.772173,largo,Reserve · póliza | FX Shield | Yield · barrido,-0.074698,0.359561,0.284863,2,cobros,0.229368,384,347,true,0.0182898,0,0,0,0,0,0,0,,30,5,0.900458,0,0,-2.42421e-14
COMP_0689,GROUP_0200,servicio,hostelería | servicios profesionales,2,hostelería,0.78,6 meses,Yield · barrido | Reserve · póliza | Factoring | FX Shield,0.175692,0.621304,0.796996,1,liquidación TPV + cobros masivos,0.153651,2476,2198,true,0.0715986,0,0,0,0,0,0.223798,0.184226,42,37,301,0.0873569,0,0.0048951,4.83121
COMP_0690,GROUP_0009,insuficiente,,0,,,,,,,,,sin cobertura,,1610,20,false,0.974019,0,0,0,0,0,0.0001382,0,,,,,,,0.024157
COMP_0691,GROUP_0010,servicio,servicios profesionales | holding / tesorería,2,servicios profesionales,0.68,6 meses,Reserve · póliza | Yield · barrido | Factoring | FX Shield,0.260583,0.405333,0.665916,3,liquidación de efectivo + retirada de efectivo,0.102441,5846,1282,true,0.444022,0,0,0,0,0,0.00776952,0.00722617,10,0,222,0.0379047,0,0.00628338,0.398821
COMP_0692,GROUP_0108,producto,holding / tesorería,1,holding / tesorería,0.641922,largo,Yield · barrido | FX Shield | Reserve · póliza,-0.102571,0.407258,0.304687,0,seguridad social + nóminas,0.0515794,89,25,true,0.694294,0,0,0,1,0,0.0399205,0,0,12,2,1,0,0,
COMP_0693,GROUP_0116,servicio,holding / tesorería,1,holding / tesorería,0.68693,largo,Reserve · póliza | FX Shield | Yield · barrido,0.308436,0.307995,0.616431,0,seguridad social + nóminas,0.0186195,12793,4213,false,0.474678,0,0,0,0,0,0.000338599,0,,,,,,,0.877222
COMP_0694,GROUP_0162,producto,construcción | mayorista / distribución,2,construcción,0.587789,6 meses,Factoring | Reserve · póliza | Confirming | Seguro de cobro,-0.124534,0.400898,0.276365,0,seguridad social + nóminas,0.101584,433,77,true,0.913305,0,0,0,0,0,0.00596165,0,,,1,,0,0,0.472091
COMP_0695,GROUP_0084,producto,transporte / logística | comercio minorista,2,transporte / logística,0.78,días,Reserve · póliza | Yield · barrido | Factoring | FX Shield,-0.0856451,0.685176,0.599531,3,liquidación de efectivo + retirada de efectivo,0.0182142,3096,1062,true,0.221324,0,0,0,0,0,0.0163228,0.148382,,0,13,0.796767,0,0.00645508,2.22205
COMP_0696,GROUP_0017,mixto,mayorista / distribución,1,mayorista / distribución,0.684017,12 meses,Reserve · póliza,-0.00602549,0.717896,0.71187,1,liquidación TPV + cobros masivos,0.407241,5007,4817,false,0.011141,0,1,0,0,1,0.0358463,5.02267e-06,,,,,,,-38.2893
COMP_0697,GROUP_0132,servicio,alquiler / inmobiliario | servicios profesionales,2,alquiler / inmobiliario,0.78,largo,Reserve · póliza | Yield · barrido | Factoring | Seguro de cobro,0.0777555,0.428278,0.506033,1,liquidación TPV + cobros masivos,0.00954032,4185,529,true,0.876944,0,0,0,0,0,1.20515e-05,0.000159195,69,68,247,0.32198,0,0.0184509,0.00747127
COMP_0698,GROUP_0241,mixto,holding / tesorería | mayorista / distribución | construcción,3,holding / tesorería,0.585071,largo,Factoring | Reserve · póliza | FX Shield | Confirming,0.0673665,0.43302,0.500386,0,seguridad social + nóminas,0.288661,196,179,true,0.00786965,0,0,0,0,0,0.175758,0,60,40,5,0.649178,0,0,-1.12761e-16
COMP_0699,GROUP_0158,mixto,holding / tesorería | mayorista / distribución | servicios profesionales,3,holding / tesorería,0.634321,largo,Reserve · póliza | Yield · barrido | FX Shield,-0.0343461,0.487987,0.453641,0,seguridad social + nóminas,0.150628,448,368,false,0.0681197,0,0,0,0,0,0.078432,0,,,,,,,-2.98286e-16
COMP_0700,GROUP_0103,mixto,mayorista / distribución | comercio minorista | holding / tesorería,3,mayorista / distribución,0.603514,12 meses,Reserve · póliza | Yield · barrido | FX Shield,-0.0217037,0.765534,0.743831,1,liquidación TPV + cobros masivos,0.457938,12661,11735,false,0.0320855,0,1,0,0,1,0.0217915,0.0134219,,,,,,,0.0712482
COMP_0701,GROUP_0211,insuficiente,,0,,,,,,,,,sin cobertura,,29,7,true,0.315089,0,0,0,0,0,0,0.827151,24,0,2,1,0,0,844.38
COMP_0702,GROUP_0236,insuficiente,,0,,,,,,,,,sin cobertura,,90,13,false,0.55816,0,0,0,0,0,0,0,,,,,,,26.6161
COMP_0703,GROUP_0115,servicio,holding / tesorería | servicios profesionales,2,holding / tesorería,0.565141,largo,Reserve · póliza | Yield · barrido | FX Shield,0.122611,0.542254,0.664865,1,liquidación TPV + cobros masivos,0.239093,8033,7672,false,0.0270564,0,0,0,0,0,0.0523585,0.00115277,,,,,,,0.132635
COMP_0704,GROUP_0131,insuficiente,,0,,,,,,,,,sin cobertura,,21,21,false,0,0,0,0,0,0,0,0,,,,,,,72.0138
COMP_0705,GROUP_0067,servicio,servicios profesionales,1,servicios profesionales,0.594539,6 meses,Yield · barrido | Reserve · póliza,0.414692,0.349213,0.763905,0,seguridad social + nóminas,0.237639,679,480,false,0.224834,0,0,0,0,0,0.154305,0,,,,,,,1.50555
COMP_0706,GROUP_0212,servicio,servicios profesionales,1,servicios profesionales,0.510446,6 meses,Reserve · póliza | Yield · barrido,0.21021,0.571044,0.781254,1,liquidación TPV + cobros masivos,0.097013,1956,1887,false,0.000452626,0,0,0,0,0,0.0669918,0.00181609,,,,,,,0.70049
COMP_0707,GROUP_0035,servicio,comercio minorista | hostelería,2,comercio minorista,0.559885,días,Reserve · póliza | Yield · barrido | FX Shield,0.10717,0.631465,0.738635,1,liquidación TPV + cobros masivos,0.249418,5195,4640,true,0.056292,0,0,0,0,1,0.35434,0.0689001,0,20,13,0.63923,0,0,0.00798177
COMP_0708,GROUP_0196,producto,hostelería,1,hostelería,0.78,6 meses,Reserve · póliza | FX Shield | Yield · barrido,-0.0765988,0.528668,0.452069,1,liquidación TPV + cobros masivos,0.116723,2469,1742,true,0.00313904,0,0,0,0,0,0.0269114,0.000286514,30,16,55,0.299693,0,0.000653168,0.631538
COMP_0709,GROUP_0040,producto,comercio minorista | mayorista / distribución | construcción,3,comercio minorista,0.608516,días,Reserve · póliza | Factoring | Yield · barrido | Confirming,-0.170791,0.688339,0.517549,3,liquidación de efectivo + retirada de efectivo,0.0553753,528,493,true,0.102185,0,0,0,0,0,0.0152781,0.0489101,60,11.5,70,0.296594,0,0,1.0336
COMP_0710,GROUP_0146,servicio,servicios profesionales,1,servicios profesionales,0.549109,6 meses,Reserve · póliza | Yield · barrido,0.408188,0.529619,0.937807,1,liquidación TPV + cobros masivos,0.196316,1173,1143,false,0.0480865,0,0,0,0,0,0.228063,0.00158355,,,,,,,0.585071
COMP_0711,GROUP_0219,mixto,holding / tesorería | comercio minorista | servicios profesionales,3,holding / tesorería,0.602372,largo,Reserve · póliza | Yield · barrido | FX Shield | Factoring,0.0470867,0.391176,0.438263,3,liquidación de efectivo + retirada de efectivo,0.111219,3595,3106,true,0.568046,0,0,0,0,0,0.000555782,0.0016712,16,25.5,102,0.0236069,0,0.00236593,-0.000423439
COMP_0712,GROUP_0155,insuficiente,,0,,,,,,,,,sin cobertura,,32,6,true,0.634615,0,0,0,0,0,0.193932,0,,29,0,,0,0.478261,
COMP_0713,GROUP_0023,producto,comercio minorista,1,comercio minorista,0.768399,días,Reserve · póliza | FX Shield | Yield · barrido,-0.22292,0.701303,0.478383,1,liquidación TPV + cobros masivos,0.184322,19228,11196,true,0.00689063,0,0,0,0,0,0.0206818,0.0797049,0,0,6,0.992421,0,0,0.456959
COMP_0714,GROUP_0172,producto,holding / tesorería,1,holding / tesorería,0.773716,largo,Reserve · póliza | FX Shield | Yield · barrido,-0.382273,0.493579,0.111306,2,cobros,0.115686,1406,812,false,0.463169,0,0,0,0,0,0,0,,,,,,,-8.09243e-18
COMP_0715,GROUP_0177,insuficiente,,0,,,,,,,,,sin cobertura,,63,11,false,0.714074,0,0,0,0,0,0,0.0105747,,,,,,,
COMP_0716,GROUP_0178,producto,comercio minorista | holding / tesorería,2,comercio minorista,0.637997,días,Yield · barrido | Reserve · póliza | FX Shield,-0.211577,0.526305,0.314728,3,liquidación de efectivo + retirada de efectivo,0.0162337,115,115,false,0,0,0,0,0,0,0,0.000352682,,,,,,,1.53431
COMP_0717,GROUP_0020,producto,holding / tesorería,1,holding / tesorería,0.737676,largo,Reserve · póliza | FX Shield | Yield · barrido,-0.42017,0.508078,0.0879076,2,cobros,0.0867118,30,30,false,0,0,0,0,0,0,0,0,,,,,,,0.0402638
COMP_0718,GROUP_0138,servicio,servicios profesionales | holding / tesorería,2,servicios profesionales,0.601581,6 meses,Reserve · póliza | Yield · barrido | FX Shield,0.446769,0.419014,0.865783,0,seguridad social + nóminas,0.137767,92,70,false,0.0243761,0,0,0,0,0,0.204199,0,,,,,,,0.437795
COMP_0719,GROUP_0068,producto,mayorista / distribución | industria | construcción,3,mayorista / distribución,0.632587,12 meses,Factoring | Reserve · póliza | Confirming | Seguro de cobro,-0.201833,0.656718,0.454885,0,seguridad social + nóminas,0.178713,616,607,true,0.00031407,0,0,0,0,0,0.0893058,0,0,0,14,0.58091,0.297654,0,0.975378
COMP_0720,GROUP_0130,producto,comercio minorista,1,comercio minorista,0.802662,días,Reserve · póliza | Yield · barrido | FX Shield,-0.277959,0.562759,0.2848,3,liquidación de efectivo + retirada de efectivo,0.162445,751,73,false,0.871507,0,0,0,0,0,0.000186267,0.0927093,,,,,,,
COMP_0721,GROUP_0113,producto,comercio minorista,1,comercio minorista,0.782023,días,Reserve · póliza | Yield · barrido | FX Shield,-0.170725,0.532391,0.361667,1,liquidación TPV + cobros masivos,0.0628041,1490,1288,true,0.0892079,0,0,0,0,0,0,0.0351457,4,7,18,0.158374,0,0,1.48586
COMP_0722,GROUP_0064,insuficiente,,0,,,,,,,,,sin cobertura,,22,14,false,0.15917,0,0,0,0,0,0,0,,,,,,,52.3937
COMP_0723,GROUP_0230,mixto,mayorista / distribución | holding / tesorería | servicios profesionales,3,mayorista / distribución,0.593172,12 meses,Yield · barrido | Factoring | Reserve · póliza | FX Shield,-0.0381954,0.499354,0.461159,0,seguridad social + nóminas,0.170432,130,126,true,0.0272357,0,1,0,0,0,0.127191,0,,,7,0.877412,0,0,351.892
COMP_0724,GROUP_0236,servicio,servicios profesionales | holding / tesorería,2,servicios profesionales,0.621327,6 meses,Reserve · póliza | Yield · barrido | FX Shield,0.605929,0.323115,0.929045,0,seguridad social + nóminas,0.282565,235,227,false,0.0113139,0,0,0,0,0,0.571044,0,,,,,,,0.00310467
COMP_0725,GROUP_0222,producto,comercio minorista,1,comercio minorista,0.728194,días,Yield · barrido | Reserve · póliza | FX Shield,-0.0862262,0.724477,0.638251,1,liquidación TPV + cobros masivos,0.0364086,2293,1818,true,0.152769,0,0,0,0,0,0.0633864,0.0561791,0,8,1014,0.0101907,0,0,9.65003
COMP_0726,GROUP_0055,servicio,servicios profesionales,1,servicios profesionales,0.585227,6 meses,Factoring | Yield · barrido | Reserve · póliza,0.294635,0.346452,0.641086,0,seguridad social + nóminas,0.219294,41,36,true,0,0,0,0,0,0,0.737774,0,23,39,3,0.647701,0,0,1.27103
COMP_0727,GROUP_0009,servicio,servicios profesionales,1,servicios profesionales,0.544276,6 meses,Yield · barrido | Reserve · póliza,0.434224,0.422328,0.856552,0,seguridad social + nóminas,0.0490773,1140,890,false,0.447044,0,0,0,0,0,0.099498,6.19448e-05,,,,,,,1.29341
COMP_0728,GROUP_0183,mixto,mayorista / distribución,1,mayorista / distribución,0.562543,12 meses,Factoring | Reserve · póliza | Confirming | Seguro de cobro,-0.0564952,0.523853,0.467358,3,liquidación de efectivo + retirada de efectivo,0.0753105,817,272,true,0.745684,0,0,0,0,0,0.000761193,0,30,30,255,0.385897,0,0,0.565508
COMP_0729,GROUP_0018,mixto,holding / tesorería | construcción,2,holding / tesorería,0.609761,largo,Reserve · póliza | Yield · barrido | Factoring | FX Shield,0.053421,0.351628,0.405049,0,seguridad social + nóminas,0.214974,58,47,true,0.312615,0,0,0,0,0,0.120626,0,,32.5,0,,0,0,
COMP_0730,GROUP_0041,producto,comercio minorista,1,comercio minorista,0.895868,días,Reserve · póliza | Yield · barrido | FX Shield,-0.0804126,0.5029,0.422487,3,liquidación de efectivo + retirada de efectivo,0.197371,5147,342,false,0.774639,0,0,0,0,0,0,0.692149,,,,,,,1.28212
COMP_0731,GROUP_0149,mixto,mayorista / distribución,1,mayorista / distribución,0.493405,12 meses,Factoring | Confirming | Yield · barrido | Reserve · póliza,-0.0166107,0.453636,0.437025,3,liquidación de efectivo + retirada de efectivo,0.0220502,889,884,true,0.0141148,0,0,0,0,0,0,0,,27.5,1223,0.00389374,0,0,2.02721
COMP_0732,GROUP_0022,mixto,servicios profesionales,1,servicios profesionales,0.72,6 meses,Yield · barrido | Factoring | Reserve · póliza,-0.0124337,0.396074,0.383641,2,cobros,0.125332,133,64,true,0.0467583,0,0,0,0,0,0,0,,0,1,,0,0.184211,44.5154
COMP_0733,GROUP_0129,producto,comercio minorista,1,comercio minorista,0.702984,días,Reserve · póliza | Yield · barrido | FX Shield,-0.153056,0.527743,0.374686,3,liquidación de efectivo + retirada de efectivo,0.0369647,115,56,true,0.845756,0,0,0,0,0,0,0.0249432,30,70,3,1,0,0.02,1.41723
COMP_0734,GROUP_0041,insuficiente,,0,,,,,,,,,sin cobertura,,21,3,false,0.990463,0,0,0,0,0,0,1,,,,,,,6.41338
COMP_0735,GROUP_0200,insuficiente,,0,,,,,,,,,sin cobertura,,30,5,true,0.806818,0,0,0,0,0,0,0,,,0,,0,0,18560.4
COMP_0736,GROUP_0184,producto,holding / tesorería,1,holding / tesorería,0.755075,largo,Reserve · póliza | FX Shield | Yield · barrido,-0.322065,0.428749,0.106684,2,cobros,0.0577466,44,36,false,0.00116932,0,0,0,0,0,0,0,,,,,,,0.0792625
COMP_0737,GROUP_0205,servicio,servicios profesionales,1,servicios profesionales,0.572215,6 meses,Yield · barrido | Factoring | Reserve · póliza,0.0805663,0.465873,0.546439,0,seguridad social + nóminas,0.165435,1263,1193,true,0.0012555,0,0,0,0,0,0.298716,0,31,29,92,0.135892,0,0,2.01245
COMP_0738,GROUP_0064,mixto,hostelería | servicios profesionales,2,hostelería,0.510957,6 meses,Reserve · póliza | Yield · barrido | FX Shield,0.00531223,0.567109,0.572421,0,seguridad social + nóminas,0.144265,330,294,false,0.002116,0,0,0,0,0,0.197845,0.00036513,,,,,,,0.089995
COMP_0739,GROUP_0187,servicio,servicios profesionales,1,servicios profesionales,0.621741,6 meses,Yield · barrido | Reserve · póliza,0.206644,0.408244,0.614888,0,seguridad social + nóminas,0.338261,634,412,false,0.146664,0,0,0,0,0,0.725572,0,,,,,,,1.50407
COMP_0740,GROUP_0044,mixto,comercio minorista | construcción | servicios profesionales,3,comercio minorista,0.552192,6 meses,Reserve · póliza | Factoring | Yield · barrido | FX Shield,0.0173872,0.425545,0.442932,3,liquidación de efectivo + retirada de efectivo,0.00616518,171,66,true,0.751863,0,0,0,0,0,0,0.00863928,60,60,14,0.17593,0,0.043956,1.04664
COMP_0741,GROUP_0013,mixto,comercio minorista,1,comercio minorista,0.571741,días,Reserve · póliza | Yield · barrido | FX Shield,0.0100992,0.419848,0.429947,3,liquidación de efectivo + retirada de efectivo,0.145118,919,356,true,0.77529,0,0,0,0,0,0.00566722,0.0064121,18,7,204,0.1168,0,0,1.81619
COMP_0742,GROUP_0047,mixto,holding / tesorería,1,holding / tesorería,0.674317,largo,Reserve · póliza | FX Shield | Yield · barrido,-0.0688857,0.551019,0.482133,3,liquidación de efectivo + retirada de efectivo,0.0693999,2273,2231,true,0.000133057,0,0,0,0,0,0.000138646,1.39186e-06,30,7,7,0.937625,0,0.00569801,-0.00244835
COMP_0743,GROUP_0033,servicio,software / suscripción | alquiler / inmobiliario | servicios profesionales,3,software / suscripción,0.78,largo,Yield · barrido | Reserve · póliza | Factoring | FX Shield,0.13284,0.551121,0.683962,1,liquidación TPV + cobros masivos,0.201296,4158,2732,true,0.0510243,0,0,0,0,1,0.236342,0.00446081,30,0,52,0.159943,0,0.101948,13.9107
COMP_0744,GROUP_0032,producto,comercio minorista,1,comercio minorista,0.893382,días,Reserve · póliza | Yield · barrido | FX Shield,-0.32729,0.504143,0.176852,3,liquidación de efectivo + retirada de efectivo,0.297856,180,85,false,0.911603,0,0,0,0,0,0,0.635087,,,,,,,1.48788
COMP_0745,GROUP_0058,producto,comercio minorista | software / suscripción,2,comercio minorista,0.812234,días,Reserve · póliza | Yield · barrido | FX Shield,-0.136683,0.634736,0.498054,1,liquidación TPV + cobros masivos,0.023381,1109,912,true,0.177716,0,0,0,0,1,0.00232142,0.128908,0,0,28,0.0687823,0,0.00477327,0.21212
COMP_0746,GROUP_0222,producto,comercio minorista,1,comercio minorista,0.710359,días,Yield · barrido | Reserve · póliza | FX Shield,-0.16883,0.708575,0.539745,1,liquidación TPV + cobros masivos,0.120964,692,590,true,0.108851,0,0,0,0,0,0.062229,0.0336289,0,15,85,0.0232326,0,0,6.31988
COMP_0747,GROUP_0172,mixto,comercio minorista,1,comercio minorista,0.682715,días,Reserve · póliza | FX Shield | Yield · barrido,-0.0244463,0.62179,0.597343,1,liquidación TPV + cobros masivos,0.0107661,5480,3771,false,0.609206,0,0,0,0,0,0.00401008,0.0548633,,,,,,,0.000104707
COMP_0748,GROUP_0074,producto,comercio minorista | mayorista / distribución,2,comercio minorista,0.611692,días,Reserve · póliza | Yield · barrido | FX Shield,-0.128459,0.617233,0.488774,1,liquidación TPV + cobros masivos,0.102051,1878,1491,false,0.13574,0,0,0,0,1,4.18369e-06,0.000524258,,,,,,,1.0863
COMP_0749,GROUP_0243,servicio,servicios profesionales,1,servicios profesionales,0.482691,6 meses,Reserve · póliza | Yield · barrido,0.0726755,0.280447,0.353123,2,cobros,0.22428,301,91,false,0.984567,0,0,0,0,0,0,0,,,,,,,0.0709146
COMP_0750,GROUP_0172,producto,comercio minorista,1,comercio minorista,0.708627,días,Reserve · póliza | FX Shield | Yield · barrido,-0.196545,0.692833,0.496288,1,liquidación TPV + cobros masivos,0.0122356,2775,1890,false,0.283716,0,0,0,0,0,0.00345172,0.0176734,,,,,,,-9.4596e-18
COMP_0751,GROUP_0142,mixto,comercio minorista | hostelería,2,comercio minorista,0.606079,días,Reserve · póliza | Yield · barrido | FX Shield,-0.0667742,0.605447,0.538672,1,liquidación TPV + cobros masivos,0.167612,1301,1248,true,0.00511983,0,0,0,0,0,0.077959,0.053884,,7,0,,0,0,0.607434
COMP_0752,GROUP_0236,servicio,servicios profesionales | holding / tesorería,2,servicios profesionales,0.528811,6 meses,Reserve · póliza | Yield · barrido | FX Shield,0.130136,0.533761,0.663897,1,liquidación TPV + cobros masivos,0.0289794,663,441,false,0.0399146,0,0,0,0,0,0.111721,0.00153627,,,,,,,0.431955
COMP_0753,GROUP_0170,mixto,holding / tesorería,1,holding / tesorería,0.733948,largo,Yield · barrido | FX Shield | Reserve · póliza,0.0303552,0.348799,0.379154,0,seguridad social + nóminas,0.0701846,398,346,false,0.113375,0,0,0,0,0,0.000407708,0,,,,,,,11.567
COMP_0754,GROUP_0211,producto,comercio minorista | construcción,2,comercio minorista,0.661402,días,Reserve · póliza | FX Shield | Yield · barrido,-0.499306,0.589685,0.0903792,3,liquidación de efectivo + retirada de efectivo,0.0243365,4697,672,false,0.140446,0,0,0,0,0,0,0.00118641,,,,,,,0.123525
COMP_0755,GROUP_0103,mixto,comercio minorista,1,comercio minorista,0.654961,días,Reserve · póliza | FX Shield | Yield · barrido,0.00889842,0.671292,0.680191,1,liquidación TPV + cobros masivos,0.198254,8068,7713,false,0.0184149,0,0,0,0,0,0.0100523,0.0423073,,,,,,,0.0198171
COMP_0756,GROUP_0104,producto,comercio minorista | construcción | mayorista / distribución,3,comercio minorista,0.620977,días,Reserve · póliza | Factoring | Confirming | Seguro de cobro,-0.161378,0.623113,0.461735,1,liquidación TPV + cobros masivos,0.218479,1955,1564,true,0.192125,0,0,0,0,0,0.0133753,0.0913783,77,65,188,0.0340769,0,0,0.476723
COMP_0757,GROUP_0133,mixto,servicios profesionales | holding / tesorería | mayorista / distribución,3,servicios profesionales,0.679071,6 meses,Factoring | Reserve · póliza | Yield · barrido | FX Shield,0.016523,0.526115,0.542638,0,seguridad social + nóminas,0.0658197,408,338,true,0.102786,0,0,0,0,0,0.0313475,0,134.5,32,4,1,0,0.06,0.0226567
COMP_0758,GROUP_0169,insuficiente,,0,,,,,,,,,sin cobertura,,122,12,false,0.696217,0,0,0,0,0,0,0,,,,,,,0.237893
COMP_0759,GROUP_0094,servicio,comercio minorista,1,comercio minorista,0.688396,días,Reserve · póliza | FX Shield | Yield · barrido,0.106052,0.498546,0.604597,3,liquidación de efectivo + retirada de efectivo,0.14613,1185,683,true,0.419235,0,0,0,0,0,0,0.830793,29,15,3,0.878919,0,0.128631,0.008869
COMP_0760,GROUP_0249,servicio,hostelería | comercio minorista,2,hostelería,0.570174,6 meses,Reserve · póliza | Yield · barrido | FX Shield,0.200853,0.623239,0.824093,1,liquidación TPV + cobros masivos,0.292226,4635,3844,false,0.0497123,0,0,0,0,0,0.26737,0.294422,,,,,,,-0.77869
COMP_0761,GROUP_0199,producto,holding / tesorería | comercio minorista,2,holding / tesorería,0.677196,largo,Reserve · póliza | Yield · barrido | FX Shield,-0.366129,0.556752,0.190623,3,liquidación de efectivo + retirada de efectivo,0.0918332,575,60,false,0.248018,0,0,0,0,0,0,5.08614e-05,,,,,,,0.346202
COMP_0762,GROUP_0051,producto,comercio minorista,1,comercio minorista,0.844294,días,Reserve · póliza | FX Shield | Yield · barrido,-0.0830752,0.463753,0.380678,3,liquidación de efectivo + retirada de efectivo,0.0417739,1216,821,false,0.364661,0,0,0,0,0,0,0.0981331,,,,,,,0.553543
COMP_0763,GROUP_0095,servicio,servicios profesionales,1,servicios profesionales,0.511551,6 meses,Reserve · póliza | Yield · barrido,0.254161,0.551367,0.805528,1,liquidación TPV + cobros masivos,0.0313506,504,446,false,0.00803345,0,0,0,0,0,0.191263,0.0180308,,,,,,,0.0713822
COMP_0764,GROUP_0022,mixto,servicios profesionales | holding / tesorería,2,servicios profesionales,0.72,6 meses,Reserve · póliza | Yield · barrido | Factoring | FX Shield,-0.0172907,0.529966,0.512675,2,cobros,0.019692,274,215,true,0.0448005,0,0,0,0,0,1.91328e-05,0,32,22,10,0.392172,0,0.386792,-4.83544
COMP_0765,GROUP_0016,producto,comercio minorista,1,comercio minorista,0.776669,días,Reserve · póliza | FX Shield | Yield · barrido,-0.186404,0.483506,0.297102,3,liquidación de efectivo + retirada de efectivo,0.126806,1567,831,true,0.623526,0,0,0,0,0,0,0.0147156,0,8,80,0.184024,0,0,0.165991
COMP_0766,GROUP_0212,mixto,comercio minorista | hostelería,2,comercio minorista,0.525093,días,Reserve · póliza | Yield · barrido | FX Shield,-0.0463938,0.654308,0.607914,1,liquidación TPV + cobros masivos,0.335553,1923,1794,false,0.00798464,0,0,0,0,0,0.0654746,0.00758733,,,,,,,1.42893
COMP_0767,GROUP_0054,servicio,servicios profesionales,1,servicios profesionales,0.530882,6 meses,Reserve · póliza | Yield · barrido,0.0807757,0.496272,0.577047,0,seguridad social + nóminas,0.00637891,231,231,false,0,0,0,0,0,0,0.00932412,0,,,,,,,0.0451945
COMP_0768,GROUP_0127,servicio,servicios profesionales,1,servicios profesionales,0.482829,6 meses,Yield · barrido | Reserve · póliza,0.189826,0.355841,0.545667,1,liquidación TPV + cobros masivos,0.0165555,68,59,false,4.76691e-05,0,0,0,0,0,0,0,,,,,,,20.4438
COMP_0769,GROUP_0114,servicio,servicios profesionales,1,servicios profesionales,0.5498,6 meses,Reserve · póliza | Yield · barrido,0.163492,0.573737,0.737228,1,liquidación TPV + cobros masivos,0.229962,15138,7585,false,0.34023,0,0,1,0,0,0.0841618,4.42038e-07,,,,,,,0.112899
COMP_0770,GROUP_0082,producto,mayorista / distribución | construcción,2,mayorista / distribución,0.54664,12 meses,Factoring | Reserve · póliza | Confirming | Seguro de cobro,-0.138682,0.486094,0.347412,0,seguridad social + nóminas,0.0763171,492,476,true,0.0792154,0,0,0,0,0,0.00985961,0,18.5,11,10,0.947065,0,0,4.85847
COMP_0771,GROUP_0175,insuficiente,,0,,,,,,,,,sin cobertura,,147,10,false,0.398047,0,0,0,0,0,0,0,,,,,,,32.8177
COMP_0772,GROUP_0023,producto,comercio minorista | construcción | mayorista / distribución,3,comercio minorista,0.568321,días,Reserve · póliza | Factoring | Yield · barrido | Confirming,-0.124464,0.575675,0.45121,1,liquidación TPV + cobros masivos,0.152176,1768,1675,true,0.0434676,0,0,0,0,0,0.0598851,0.00236386,14,17,16,0.251982,0,0,4.07055
COMP_0773,GROUP_0112,servicio,servicios profesionales,1,servicios profesionales,0.72,6 meses,Yield · barrido | Factoring | Reserve · póliza,0.156224,0.656141,0.812365,1,liquidación TPV + cobros masivos,0.279439,12773,12361,true,0.00191168,0,0,0,0,0,0.100303,0.0594619,0,0,317,0.550214,0,0.0336613,2.49401
COMP_0774,GROUP_0103,producto,holding / tesorería | mayorista / distribución,2,holding / tesorería,0.652755,largo,Reserve · póliza | FX Shield | Yield · barrido,-0.181427,0.580779,0.399352,1,liquidación TPV + cobros masivos,0.149553,690,645,false,0.000104371,0,0,0,0,1,0.00397599,0,,,,,,,0.0448078
COMP_0775,GROUP_0211,producto,comercio minorista | construcción,2,comercio minorista,0.685881,días,Reserve · póliza | Factoring | Yield · barrido | FX Shield,-0.122198,0.462872,0.340674,3,liquidación de efectivo + retirada de efectivo,0.0985994,1072,305,true,0.666725,0,0,0,0,0,0,0.00828082,23,17,219,0.108015,0,0.0166074,1.09916
COMP_0776,GROUP_0158,mixto,holding / tesorería,1,holding / tesorería,0.658347,largo,Reserve · póliza | FX Shield | Yield · barrido,0.018929,0.327879,0.346808,0,seguridad social + nóminas,0.165479,171,118,false,0.135371,0,0,0,0,0,0.0342961,0,,,,,,,5.32794e-15
COMP_0777,GROUP_0179,mixto,,0,,,,,0.0464779,0.322908,0.369386,2,cobros,0.20299,555,188,false,0.638873,0,0,0,0,0,0,0,,,,,,,2.10707
COMP_0778,GROUP_0238,mixto,mayorista / distribución,1,mayorista / distribución,0.540083,12 meses,Factoring | Reserve · póliza | Confirming | Seguro de cobro,-0.0453592,0.576147,0.530788,1,liquidación TPV + cobros masivos,0.108497,1517,1418,true,0.00675695,0,0,0,0,0,0.0224213,0,3,30,79,0.0526967,0,0,0.0606962
COMP_0779,GROUP_0108,producto,holding / tesorería,1,holding / tesorería,0.680889,largo,Yield · barrido | FX Shield | Reserve · póliza,-0.242773,0.514941,0.272168,2,cobros,0.0481331,172,93,true,0.425958,0,0,0,0,0,0.00137237,0,0,9,22,0.793371,0,0,2.82996
COMP_0780,GROUP_0065,mixto,comercio minorista | hostelería,2,comercio minorista,0.619922,días,Yield · barrido | Reserve · póliza | FX Shield,-0.0353266,0.744041,0.708714,1,liquidación TPV + cobros masivos,0.208768,3843,3140,true,0.136314,0,0,0,0,0,0.0865127,0.0519899,5,55,14,0.315549,0,0.0237113,2.0318
COMP_0781,GROUP_0170,producto,mayorista / distribución | construcción,2,mayorista / distribución,0.567405,12 meses,Reserve · póliza,-0.28814,0.494615,0.206475,2,cobros,0.23033,208,90,false,0.331826,0,0,0,0,0,0,0,,,,,,,0.346609
COMP_0782,GROUP_0130,servicio,servicios profesionales,1,servicios profesionales,0.482277,6 meses,Reserve · póliza | Yield · barrido,0.230895,0.298467,0.529362,2,cobros,0.0870484,3157,1207,false,0.793985,0,0,0,0,0,0,0,,,,,,,0.0376618
COMP_0783,GROUP_0122,servicio,servicios profesionales,1,servicios profesionales,0.55653,6 meses,Yield · barrido | Factoring | Reserve · póliza,0.163291,0.364856,0.528146,2,cobros,0.142877,241,77,true,0.712061,0,0,0,0,0,0.00104837,0,60,29,19,0.397937,0,0.0611765,2.20773
COMP_0784,GROUP_0149,producto,mayorista / distribución | construcción,2,mayorista / distribución,0.595992,12 meses,Factoring | Reserve · póliza | Confirming | Seguro de cobro,-0.285632,0.531487,0.245855,2,cobros,0.203992,140,108,true,0.0555533,0,0,0,0,0,0,0,,180,2,0.974468,0,0,
COMP_0785,GROUP_0140,servicio,servicios profesionales,1,servicios profesionales,0.575898,6 meses,Reserve · póliza | Yield · barrido,0.194297,0.499793,0.69409,0,seguridad social + nóminas,0.103245,871,864,false,0,0,0,0,0,0,0.096845,0,,,,,,,0.0329171
COMP_0786,GROUP_0017,servicio,servicios profesionales,1,servicios profesionales,0.496914,6 meses,Reserve · póliza | Yield · barrido,0.118534,0.580157,0.698691,1,liquidación TPV + cobros masivos,0.101918,2870,2476,false,0.00387411,0,0,0,0,1,0.0066097,3.08831e-05,,,,,,,0.363618
COMP_0787,GROUP_0008,mixto,construcción,1,construcción,0.51852,6 meses,Factoring | Reserve · póliza | Seguro de cobro,-0.051628,0.440123,0.388494,2,cobros,0.239302,80,37,true,0.355591,0,0,0,1,0,0,0,30,29,6,1,0,0.0294118,0.980726
COMP_0788,GROUP_0045,mixto,comercio minorista | hostelería,2,comercio minorista,0.679146,días,Reserve · póliza | Yield · barrido | FX Shield,0.00452603,0.706836,0.711362,1,liquidación TPV + cobros masivos,0.226299,4495,4426,true,0.00738469,0,1,0,0,0,0.205787,0.357996,0,56,235,0.796615,0,0,0.022969
COMP_0789,GROUP_0115,producto,comercio minorista,1,comercio minorista,0.884269,días,Reserve · póliza | FX Shield | Yield · barrido,-0.348586,0.535833,0.187247,3,liquidación de efectivo + retirada de efectivo,0.181883,29,28,false,0.0921522,0,0,0,0,0,0,0.358067,,,,,,,0
COMP_0790,GROUP_0210,producto,hostelería,1,hostelería,0.78,6 meses,Reserve · póliza | Yield · barrido | FX Shield,-0.125555,0.424254,0.2987,2,cobros,0.107825,854,622,true,0.714522,0,0,0,0,0,0,0,0,0,387,0.446775,0,0.0081843,1.54796
COMP_0791,GROUP_0065,producto,comercio minorista | mayorista / distribución,2,comercio minorista,0.646282,días,Reserve · póliza | Yield · barrido | FX Shield,-0.32368,0.697804,0.374124,3,liquidación de efectivo + retirada de efectivo,0.0379758,1667,844,false,0.00629761,0,0,0,0,0,0.000502354,0.00282714,,,,,,,6.51267
COMP_0792,GROUP_0070,producto,comercio minorista,1,comercio minorista,0.846572,días,Yield · barrido | Reserve · póliza | FX Shield,-0.371095,0.727838,0.356743,3,liquidación de efectivo + retirada de efectivo,0.0851863,1973,1608,false,0.215453,0,0,0,0,0,3.02698e-05,0.274355,,,,,,,5.20119
COMP_0793,GROUP_0147,mixto,hostelería | comercio minorista,2,hostelería,0.536226,6 meses,Reserve · póliza | Yield · barrido | FX Shield,-0.00900839,0.662965,0.653957,1,liquidación TPV + cobros masivos,0.38777,6548,5558,true,0.0579266,0,0,0,0,1,0.0996319,0.012421,22,20,113,0.0990329,0,0,0.529861
COMP_0794,GROUP_0035,producto,comercio minorista | hostelería,2,comercio minorista,0.59339,días,Reserve · póliza | Yield · barrido | FX Shield,-0.137188,0.618163,0.480975,1,liquidación TPV + cobros masivos,0.258551,3739,3697,true,0.0252082,0,0,0,0,0,0.278345,0.00657513,0,30,11,0.630521,0,0,0.15632
COMP_0795,GROUP_0039,servicio,comercio minorista | servicios profesionales,2,comercio minorista,0.532244,días,Yield · barrido | Reserve · póliza | Factoring | FX Shield,0.0971853,0.521993,0.619179,1,liquidación TPV + cobros masivos,0.0678758,684,470,true,0.34454,0,0,0,0,0,0.155502,0.0185901,0,3,19,0.960219,0,0.00589391,1.73256
COMP_0796,GROUP_0160,producto,hostelería | alquiler / inmobiliario | comercio minorista,3,hostelería,0.78,6 meses,Yield · barrido | Reserve · póliza | FX Shield | Seguro de cobro,-0.197178,0.552584,0.355406,3,liquidación de efectivo + retirada de efectivo,0.085408,271,256,true,0.00809563,0,0,0,0,0,0,0.0167734,30,15,5,0.868414,0,0.0483092,13.047
COMP_0797,GROUP_0081,mixto,comercio minorista,1,comercio minorista,0.670319,días,Reserve · póliza | FX Shield | Yield · barrido,0.0544641,0.514244,0.568709,1,liquidación TPV + cobros masivos,0.0719471,8115,5866,true,0.382813,0,0,0,0,0,0.0351613,0.0415745,0,27,11,0.265582,0,0,0.105562
COMP_0798,GROUP_0057,mixto,industria | hostelería | transporte / logística,3,industria,0.586755,12 meses,Reserve · póliza | Factoring | Confirming | Yield · barrido,0.047309,0.535556,0.582865,1,liquidación TPV + cobros masivos,0.0943198,2646,1472,true,0.0277073,0,0,0,0,0,0.189932,0.00139395,25,23,17,0.472217,0,0,1.81641
COMP_0799,GROUP_0183,mixto,comercio minorista,1,comercio minorista,0.532695,días,Reserve · póliza | FX Shield | Yield · barrido,-0.037796,0.454797,0.417001,3,liquidación de efectivo + retirada de efectivo,0.124122,2917,566,true,0.790157,0,0,0,0,0,0,0.00272983,41,30,334,0.0447218,0,0,0.9766
COMP_0800,GROUP_0149,producto,comercio minorista,1,comercio minorista,0.637526,días,Reserve · póliza | Yield · barrido | FX Shield,-0.194458,0.554817,0.360359,3,liquidación de efectivo + retirada de efectivo,0.0304964,278,140,true,0.27151,0,0,0,0,0,0,0.0015725,21,218.5,8,0.722923,0,0,
COMP_0801,GROUP_0023,mixto,mayorista / distribución,1,mayorista / distribución,0.503269,12 meses,Factoring | Confirming | Reserve · póliza | Seguro de cobro,-0.0576658,0.513163,0.455497,0,seguridad social + nóminas,0.264808,714,672,true,0.00595403,0,0,0,0,0,0.06886,0,9,12,5,0.854017,0,0,1.35563
COMP_0802,GROUP_0117,producto,construcción | mayorista / distribución,2,construcción,0.614405,6 meses,Factoring | Reserve · póliza | Confirming | Seguro de cobro,-0.124001,0.501832,0.37783,0,seguridad social + nóminas,0.019697,940,731,true,0.00241817,0,0,0,0,0,0.090174,7.24899e-05,,34,0,,0,0,1.85914
COMP_0803,GROUP_0231,servicio,software / suscripción | servicios profesionales,2,software / suscripción,0.78,largo,Yield · barrido | Factoring | Reserve · póliza | FX Shield,0.229928,0.58263,0.812558,1,liquidación TPV + cobros masivos,0.302568,5371,4623,true,0.119289,0,0,0,0,1,0.203781,0.00276849,41,17,129,0.122827,0,0.411493,1.1874
COMP_0804,GROUP_0077,insuficiente,,0,,,,,,,,,sin cobertura,,56,14,false,0.833435,0,0,0,0,0,0,0,,,,,,,6.01511
COMP_0805,GROUP_0213,producto,holding / tesorería | mayorista / distribución | construcción,3,holding / tesorería,0.633225,largo,Factoring | Reserve · póliza | Yield · barrido | FX Shield,-0.150076,0.498391,0.348315,0,seguridad social + nóminas,0.0792028,90,87,true,0.000174097,0,0,0,0,0,0.00297339,0,30,8,2,0.803305,0,0,23.3788
COMP_0806,GROUP_0177,producto,mayorista / distribución | comercio minorista,2,mayorista / distribución,0.69632,12 meses,Reserve · póliza | Yield · barrido | FX Shield,-0.302772,0.795982,0.49321,1,liquidación TPV + cobros masivos,0.374997,1881,1825,false,0.0472162,0,1,1,0,1,0.000272993,0.00650831,,,,,,,
COMP_0807,GROUP_0101,insuficiente,,0,,,,,,,,,sin cobertura,,33,20,true,0.235403,0,0,0,0,0,0,0,,,0,,0,0,74.0606
COMP_0808,GROUP_0015,servicio,servicios profesionales,1,servicios profesionales,0.562702,6 meses,Factoring | Reserve · póliza | Yield · barrido,0.264738,0.419786,0.684524,0,seguridad social + nóminas,0.211821,1175,829,true,0.210301,0,0,0,0,0,0.263448,0,63,1,3,0.992833,0,0,0.766993
COMP_0809,GROUP_0250,mixto,mayorista / distribución | construcción | industria,3,mayorista / distribución,0.608704,12 meses,Factoring | Reserve · póliza | Confirming | Seguro de cobro,0.0366536,0.534884,0.571538,0,seguridad social + nóminas,0.151304,271,253,true,0.000365193,0,0,0,0,0,0.180813,0,200,28,3,0.965448,0,0,290.703
COMP_0810,GROUP_0016,mixto,construcción,1,construcción,0.550253,6 meses,Factoring | Reserve · póliza | Seguro de cobro,-0.0542739,0.484117,0.429843,0,seguridad social + nóminas,0.104945,373,296,true,0.350009,0,0,0,0,0,0.0386978,0.000130958,60,30,11,1,0,0,0.575047
COMP_0811,GROUP_0155,mixto,alquiler / inmobiliario,1,alquiler / inmobiliario,0.78,largo,Reserve · póliza | Yield · barrido | Seguro de cobro,2.01718e-05,0.511228,0.511248,3,liquidación de efectivo + retirada de efectivo,0.0986781,2608,501,true,0.774237,0,0,0,0,0,0,0.00312928,16,28.5,23,0.706933,0,0.0361771,0.148683
COMP_0812,GROUP_0160,servicio,hostelería | alquiler / inmobiliario,2,hostelería,0.78,6 meses,Yield · barrido | Reserve · póliza | FX Shield | Seguro de cobro,0.0706937,0.685979,0.756672,1,liquidación TPV + cobros masivos,0.154358,2161,1964,true,0.0495872,0,0,0,0,0,0.0542025,0.155174,0,0,25,0.761186,0,0.00760818,3.8693
COMP_0813,GROUP_0155,mixto,mayorista / distribución,1,mayorista / distribución,0.585893,12 meses,Factoring | Reserve · póliza | Confirming | Seguro de cobro,0.0389284,0.616487,0.655415,1,liquidación TPV + cobros masivos,0.305507,1458,1379,true,0.0766277,0,0,0,0,0,0.00499855,1.61466e-05,34,36,7,0.293719,0,0.0661765,0.0183333
COMP_0814,GROUP_0016,mixto,construcción | hostelería,2,construcción,0.547276,6 meses,Reserve · póliza | Factoring | FX Shield | Seguro de cobro,-0.0457921,0.508056,0.462264,0,seguridad social + nóminas,0.159056,305,259,true,0.00586485,0,0,0,0,0,0.256056,0.000318286,30,28,9,0.462061,0,0,0.552654
COMP_0815,GROUP_0250,producto,holding / tesorería,1,holding / tesorería,0.692267,largo,Yield · barrido | FX Shield | Reserve · póliza,-0.106057,0.437404,0.331347,2,cobros,0.0850007,99,95,true,0.000528343,0,0,0,0,0,0,0,7,55,2,0.8893,0,0,32.1249
COMP_0816,GROUP_0158,mixto,comercio minorista | hostelería | holding / tesorería,3,comercio minorista,0.586816,días,Reserve · póliza | Yield · barrido | FX Shield,-0.0645209,0.636288,0.571767,1,liquidación TPV + cobros masivos,0.263731,2279,1753,false,0.217141,0,0,0,0,0,0.0477471,0.0225536,,,,,,,0.000916405
COMP_0817,GROUP_0070,producto,comercio minorista | holding / tesorería,2,comercio minorista,0.658134,días,Yield · barrido | Reserve · póliza | FX Shield,-0.235478,0.560622,0.325144,1,liquidación TPV + cobros masivos,0.0664964,1338,1068,true,0.0614719,0,0,0,0,0,0.00162564,0.00119545,0,64,14,0.384612,0,0,2.91473
COMP_0818,GROUP_0115,insuficiente,,0,,,,,,,,,sin cobertura,,78,20,false,0.767929,0,0,0,0,0,0,0,,,,,,,1.81248
COMP_0819,GROUP_0250,servicio,servicios profesionales,1,servicios profesionales,0.495338,6 meses,Factoring | Reserve · póliza | Yield · barrido,0.119937,0.569506,0.689443,1,liquidación TPV + cobros masivos,0.097539,1078,1032,true,0.0631923,0,0,0,0,0,0.0833145,6.86886e-05,19.5,103,35,0.441036,0,0,0.133536
COMP_0820,GROUP_0158,servicio,servicios profesionales | holding / tesorería,2,servicios profesionales,0.538891,6 meses,Reserve · póliza | Yield · barrido | FX Shield,0.349015,0.458989,0.808004,1,liquidación TPV + cobros masivos,0.102226,1521,1256,false,0.171851,0,0,0,0,0,0.111998,0.000356381,,,,,,,-3.60954e-17
COMP_0821,GROUP_0070,mixto,holding / tesorería,1,holding / tesorería,0.637823,largo,Reserve · póliza | FX Shield | Yield · barrido,-0.0240408,0.50598,0.481939,1,liquidación TPV + cobros masivos,0.251897,2021,1768,true,0.123137,0,0,0,0,0,0.00296347,2.00029e-05,5,50,10,0.594081,0,0,0.085789
COMP_0822,GROUP_0116,mixto,comercio minorista,1,comercio minorista,0.569211,días,Reserve · póliza | Yield · barrido | FX Shield,-0.0096006,0.415286,0.405685,3,liquidación de efectivo + retirada de efectivo,0.0332018,1093,1086,false,0,0,0,0,0,0,0,0.000648438,,,,,,,
COMP_0823,GROUP_0115,mixto,,0,,,,,0.0320938,0.381524,0.413618,1,liquidación TPV + cobros masivos,0.0371681,210,198,false,0.121585,0,0,0,0,0,0,0,,,,,,,7.4105
COMP_0824,GROUP_0159,servicio,servicios profesionales | holding / tesorería | mayorista / distribución,3,servicios profesionales,0.534611,6 meses,Reserve · póliza | Yield · barrido | FX Shield,0.11221,0.609776,0.721987,1,liquidación TPV + cobros masivos,0.237474,3696,3578,false,0.00572296,0,1,0,0,0,0.107465,0.000617695,,,,,,,-0.415524
COMP_0825,GROUP_0043,producto,comercio minorista,1,comercio minorista,0.869977,días,Yield · barrido | Reserve · póliza | FX Shield,-0.301087,0.575186,0.274099,1,liquidación TPV + cobros masivos,0.081437,8269,7573,false,0.0954786,0,0,0,0,1,0,0.232085,,,,,,,1107.73
COMP_0826,GROUP_0250,producto,holding / tesorería,1,holding / tesorería,0.690719,largo,Yield · barrido | FX Shield | Reserve · póliza,-0.10716,0.441956,0.334796,2,cobros,0.0798609,97,93,true,0.000528715,0,0,0,0,0,0,0,6,55,2,0.8891,0,0,28.6185
COMP_0827,GROUP_0078,producto,construcción,1,construcción,0.587051,6 meses,Reserve · póliza,-0.0809785,0.393123,0.312145,1,liquidación TPV + cobros masivos,0.0194325,261,248,false,0.00115815,0,0,0,0,0,0.0338586,4.1372e-05,,,,,,,0.360799
COMP_0828,GROUP_0016,producto,construcción,1,construcción,0.614198,6 meses,Factoring | Reserve · póliza | Seguro de cobro,-0.212643,0.42814,0.215497,2,cobros,0.108713,1324,70,true,0.800251,0,0,0,0,0,0,6.89393e-06,30,8,46,0.449106,0,0,0.633324
COMP_0829,GROUP_0153,mixto,industria | holding / tesorería | mayorista / distribución,3,industria,0.59578,12 meses,Factoring | Reserve · póliza | Confirming | FX Shield,-0.0527828,0.495682,0.442899,1,liquidación TPV + cobros masivos,0.0831025,1935,1476,true,0.0678746,0,0,0,0,0,0.0373879,0,41,45,32,0.605927,0,0,0.0626914
COMP_0830,GROUP_0016,producto,comercio minorista,1,comercio minorista,0.752952,días,Reserve · póliza | Yield · barrido | FX Shield,-0.215211,0.665907,0.450696,3,liquidación de efectivo + retirada de efectivo,0.0188933,1627,723,false,0.616521,0,0,0,0,0,0.0805358,0.391091,,,,,,,1.90455
COMP_0831,GROUP_0250,producto,comercio minorista,1,comercio minorista,0.806989,días,Yield · barrido | Reserve · póliza | FX Shield,-0.34024,0.620888,0.280648,3,liquidación de efectivo + retirada de efectivo,0.0926835,157,144,true,0.00159088,0,0,0,0,0,8.62447e-05,0.690939,12.5,33,4,0.645433,0,0,76.1739
COMP_0832,GROUP_0014,producto,comercio minorista,1,comercio minorista,0.666946,días,Reserve · póliza | Yield · barrido | FX Shield,-0.0845824,0.646508,0.561926,1,liquidación TPV + cobros masivos,0.311317,7115,5454,true,0.264122,0,0,0,0,0,0.030032,0.00710536,0,0,245,0.0562108,0,0,1.17806
COMP_0833,GROUP_0158,producto,comercio minorista,1,comercio minorista,0.779464,días,Reserve · póliza | FX Shield | Yield · barrido,-0.198812,0.507457,0.308644,1,liquidación TPV + cobros masivos,0.0832996,150,78,false,0.484986,0,0,0,0,0,0.0463711,0.591849,,,,,,,7.32056e-15
COMP_0834,GROUP_0096,servicio,servicios profesionales,1,servicios profesionales,0.642598,6 meses,Yield · barrido | Factoring | Reserve · póliza,0.103898,0.55067,0.654568,1,liquidación TPV + cobros masivos,0.0119615,215,173,true,0.00788685,0,0,0,0,0,0.178373,0,,0,1,,0,0.15,179.338
COMP_0835,GROUP_0250,mixto,hostelería,1,hostelería,0.65263,6 meses,Yield · barrido | Reserve · póliza | FX Shield,0.0301452,0.578776,0.608921,1,liquidación TPV + cobros masivos,0.0980832,491,446,true,0.00197444,0,0,0,0,0,0.36117,0.270859,48,27,12,0.507817,0,0,7.60317
COMP_0836,GROUP_0189,producto,mayorista / distribución | construcción,2,mayorista / distribución,0.60631,12 meses,Factoring | Reserve · póliza | Confirming | Seguro de cobro,-0.25012,0.535797,0.285676,2,cobros,0.136768,387,164,true,0.58781,0,0,0,0,0,0,0,30.5,27,46,0.309986,0,0,5.19911
COMP_0837,GROUP_0070,producto,comercio minorista,1,comercio minorista,0.779671,días,Yield · barrido | Reserve · póliza | FX Shield,-0.0831937,0.700497,0.617303,1,liquidación TPV + cobros masivos,0.220402,6201,5150,false,0.252059,0,0,0,0,0,0.0054893,0.0945216,,,,,,,13.6757
COMP_0838,GROUP_0250,producto,holding / tesorería,1,holding / tesorería,0.686796,largo,Yield · barrido | FX Shield | Reserve · póliza,-0.108656,0.448244,0.339588,2,cobros,0.0657273,98,93,true,0.00103889,0,0,0,0,0,0,0,6,53,2,0.8891,0,0,51.5395
COMP_0839,GROUP_0250,producto,holding / tesorería,1,holding / tesorería,0.686875,largo,Yield · barrido | FX Shield | Reserve · póliza,-0.10494,0.445529,0.340589,2,cobros,0.057164,106,97,true,0.00818231,0,0,0,0,0,0,0,7,55,2,0.8891,0,0,51.5749
COMP_0840,GROUP_0248,mixto,comercio minorista | hostelería,2,comercio minorista,0.615193,días,Reserve · póliza | Yield · barrido | FX Shield,0.0677915,0.619097,0.686888,1,liquidación TPV + cobros masivos,0.329773,1017,827,false,0.00775122,0,0,0,0,0,0.109787,0.0904395,,,,,,,
COMP_0841,GROUP_0005,servicio,hostelería,1,hostelería,0.520878,6 meses,Reserve · póliza | Yield · barrido | FX Shield,0.253627,0.605012,0.858639,1,liquidación TPV + cobros masivos,0.225133,4132,3587,false,0.226468,0,0,0,0,0,0.177391,0.0562205,,,,,,,1.1591
COMP_0842,GROUP_0053,producto,construcción,1,construcción,0.504889,6 meses,Factoring | Reserve · póliza | Seguro de cobro,-0.219262,0.467007,0.247745,2,cobros,0.0377961,173,139,true,0.0175809,0,0,0,0,0,0,0,0,0,8,0.875598,0,0,0.00517798
COMP_0843,GROUP_0218,servicio,software / suscripción | servicios profesionales,2,software / suscripción,0.78,largo,Reserve · póliza | Yield · barrido | Factoring | FX Shield,0.307624,0.579785,0.887409,1,liquidación TPV + cobros masivos,0.299128,1752,1532,true,0.00962959,0,0,0,0,0,0.385865,0.0789997,30,30,64,0.359683,0,0.0506329,0.811847
COMP_0844,GROUP_0088,producto,holding / tesorería | construcción,2,holding / tesorería,0.716317,largo,Yield · barrido | Reserve · póliza | Factoring | FX Shield,-0.104738,0.420318,0.31558,1,liquidación TPV + cobros masivos,0.0383927,79,68,true,0.000902877,0,0,0,0,0,0,0,71,18,2,0.878579,0,0,3.49278
COMP_0845,GROUP_0222,producto,comercio minorista,1,comercio minorista,0.699981,días,Yield · barrido | Reserve · póliza | FX Shield,-0.152988,0.725309,0.572321,1,liquidación TPV + cobros masivos,0.185382,814,645,true,0.159844,0,0,0,0,0,0.0621622,0.0263549,0,8,196,0.0119215,0,0,9.26787
COMP_0846,GROUP_0141,servicio,hostelería | alquiler / inmobiliario | industria,3,hostelería,0.78,6 meses,Reserve · póliza | Yield · barrido | Factoring | Confirming,0.141079,0.637425,0.778504,1,liquidación TPV + cobros masivos,0.198809,1287,1255,true,9.92724e-05,0,0,0,0,1,0.065285,0,6,12,160,0.0511687,0,0.0534392,0.0541869
COMP_0847,GROUP_0037,mixto,servicios profesionales | mayorista / distribución | construcción,3,servicios profesionales,0.581331,6 meses,Factoring | Reserve · póliza | Confirming | Seguro de cobro,0.0562224,0.601073,0.657295,0,seguridad social + nóminas,0.0778664,692,676,true,0.000402425,0,0,0,0,0,0.336633,4.65171e-06,,15,14,,0,0.124406,0.297031
COMP_0848,GROUP_0126,mixto,comercio minorista,1,comercio minorista,0.588681,días,Reserve · póliza | FX Shield | Yield · barrido,-0.0427133,0.605841,0.563128,3,liquidación de efectivo + retirada de efectivo,0.131816,3099,1149,false,0.381423,0,0,0,0,0,0,0.00164238,,,,,,,0.311252
COMP_0849,GROUP_0246,mixto,mayorista / distribución,1,mayorista / distribución,0.536246,12 meses,Factoring | Reserve · póliza | Confirming | Seguro de cobro,-0.0199018,0.599187,0.579285,1,liquidación TPV + cobros masivos,0.139198,4550,1851,true,0.175937,0,0,0,0,1,0.0848447,0.000146053,30,41,27,0.437206,0,0,-0.168411
COMP_0850,GROUP_0114,mixto,comercio minorista | hostelería | mayorista / distribución,3,comercio minorista,0.615193,días,Reserve · póliza | Yield · barrido | FX Shield,0.0500916,0.771955,0.822047,1,liquidación TPV + cobros masivos,0.389392,4151,3549,false,0.145921,0,1,0,0,1,0.138076,0.114799,,,,,,,0.0604778
COMP_0851,GROUP_0211,insuficiente,,0,,,,,,,,,sin cobertura,,95,20,false,0.767249,0,0,0,0,0,0,0,,,,,,,137.666
COMP_0852,GROUP_0090,mixto,comercio minorista | hostelería,2,comercio minorista,0.658901,días,Reserve · póliza | Yield · barrido | FX Shield,-0.0118776,0.686282,0.674404,1,liquidación TPV + cobros masivos,0.175752,5750,5269,true,0.137727,0,0,0,0,0,0.349595,0.319039,0,55,130,0.646867,0,0.000345304,1.06394
COMP_0853,GROUP_0001,producto,construcción,1,construcción,0.475,6 meses,Reserve · póliza,-0.131524,0.319594,0.18807,2,cobros,0.0621718,62,27,false,0.642725,0,0,0,0,0,0,0,,,,,,,1.53897
COMP_0854,GROUP_0131,servicio,software / suscripción | servicios profesionales,2,software / suscripción,0.78,largo,Reserve · póliza | Yield · barrido | Factoring | FX Shield,0.244294,0.589284,0.833578,1,liquidación TPV + cobros masivos,0.28283,3577,2843,true,0.222292,0,0,0,0,0,0.3755,0.000684375,41,60,79,0.228669,0,0.0371094,-0.0575079
COMP_0855,GROUP_0006,servicio,holding / tesorería | servicios profesionales | mayorista / distribución,3,holding / tesorería,0.509838,largo,Reserve · póliza | Yield · barrido | FX Shield,0.1388,0.664664,0.803464,1,liquidación TPV + cobros masivos,0.379065,2742,2564,false,0.0458527,0,1,1,0,1,0.104257,0.00791768,,,,,,,0.0778237
COMP_0856,GROUP_0101,mixto,transporte / logística,1,transporte / logística,0.78,días,Factoring | Reserve · póliza | Confirming,0.0621614,0.396346,0.458507,2,cobros,0.109106,1357,500,true,0.726838,0,0,0,0,0,0,0,46.5,28,24,0.231089,0,0.0281215,0.745644
COMP_0857,GROUP_0097,producto,construcción | mayorista / distribución | industria,3,construcción,0.606166,12 meses,Factoring | Reserve · póliza | Confirming | Seguro de cobro,-0.130742,0.485926,0.355184,0,seguridad social + nóminas,0.0685168,139,100,true,0.072626,0,0,0,0,1,0.0260594,0,,0,1,1,0,0,
COMP_0858,GROUP_0048,producto,holding / tesorería | mayorista / distribución,2,holding / tesorería,0.658827,largo,Reserve · póliza | Factoring | FX Shield | Confirming,-0.221409,0.63317,0.411761,1,liquidación TPV + cobros masivos,0.0636768,824,648,true,0.0138833,0,0,0,0,0,0,0,0,22,7,0.360944,0,0,0.199252
COMP_0859,GROUP_0150,mixto,holding / tesorería,1,holding / tesorería,0.546292,largo,Reserve · póliza | FX Shield | Yield · barrido,-0.0417496,0.531069,0.489319,1,liquidación TPV + cobros masivos,0.0907189,4209,827,false,0.310174,0,0,0,0,0,0.0639056,0.00100728,,,,,,,0.24723
COMP_0860,GROUP_0199,producto,comercio minorista,1,comercio minorista,0.81861,días,Reserve · póliza | FX Shield | Yield · barrido,-0.327727,0.742336,0.41461,3,liquidación de efectivo + retirada de efectivo,0.176912,255,223,false,0.0571524,0,0,0,0,0,0.00780882,0.415176,,,,,,,-0.0433715
COMP_0861,GROUP_0226,producto,comercio minorista,1,comercio minorista,0.721281,días,Yield · barrido | Reserve · póliza | FX Shield,-0.142335,0.637912,0.495577,1,liquidación TPV + cobros masivos,0.366966,1662,1237,true,0.180286,0,0,0,0,0,0.0287554,0.0305384,0,11,13,0.29109,0,0,13.3385
COMP_0862,GROUP_0132,mixto,servicios profesionales | comercio minorista,2,servicios profesionales,0.582855,6 meses,Reserve · póliza | Factoring | Yield · barrido | FX Shield,0.0285018,0.47828,0.506782,1,liquidación TPV + cobros masivos,0.0470108,3165,318,true,0.886006,0,0,0,0,0,0.000858049,9.96603e-05,19,30,87,0.47392,0,0.0386283,-0.0139918
COMP_0863,GROUP_0142,producto,comercio minorista | mayorista / distribución | construcción,3,comercio minorista,0.591187,días,Reserve · póliza | FX Shield | Yield · barrido,-0.411901,0.590721,0.17882,3,liquidación de efectivo + retirada de efectivo,0.0888055,148,126,false,0.137744,0,0,0,0,1,0,3.10529e-05,,,,,,,0.207826
COMP_0864,GROUP_0218,servicio,software / suscripción | servicios profesionales,2,software / suscripción,0.78,largo,Reserve · póliza | Yield · barrido | Factoring | FX Shield,0.201477,0.52511,0.726587,1,liquidación TPV + cobros masivos,0.0836954,1964,1922,true,0.000167581,0,0,0,0,0,0.0554545,0,30,30,91,0.0598624,0,0.0251704,0.825997
COMP_0865,GROUP_0230,producto,industria | mayorista / distribución | holding / tesorería,3,industria,0.545755,12 meses,Factoring | Reserve · póliza | Confirming | FX Shield,-0.0803107,0.56266,0.48235,0,seguridad social + nóminas,0.121879,118,87,true,0.0994733,0,0,0,0,0,0.110998,0,0,5,4,0.477328,0,0,0.0977824
COMP_0866,GROUP_0102,mixto,mayorista / distribución,1,mayorista / distribución,0.465416,12 meses,Factoring | Confirming | Reserve · póliza | Seguro de cobro,0.0119328,0.499465,0.511398,1,liquidación TPV + cobros masivos,0.126643,234,194,true,7.87774e-05,0,0,0,0,1,0,0,1,1,1,1,0,0,1.8446
COMP_0867,GROUP_0103,producto,holding / tesorería,1,holding / tesorería,0.712407,largo,Yield · barrido | FX Shield | Reserve · póliza,-0.388911,0.543496,0.154586,2,cobros,0.0891143,48,48,false,0,0,0,0,0,0,0,0,,,,,,,
COMP_0868,GROUP_0096,servicio,servicios profesionales,1,servicios profesionales,0.793382,6 meses,Factoring | Reserve · póliza | Yield · barrido,0.428355,0.469742,0.898097,0,seguridad social + nóminas,0.0657075,873,680,true,0.00841583,0,0,0,0,0,0.42473,0,16,10,78,0.0987086,0,0.234002,0.87381
COMP_0869,GROUP_0228,producto,comercio minorista | mayorista / distribución | construcción,3,comercio minorista,0.613289,días,Reserve · póliza | Factoring | Yield · barrido | Confirming,-0.211456,0.651451,0.439996,3,liquidación de efectivo + retirada de efectivo,0.107725,4848,1879,true,0.742015,0,0,0,0,0,0,0.00781096,49.5,,668,0.0258346,0,0.00207469,
COMP_0870,GROUP_0142,servicio,hostelería,1,hostelería,0.539312,6 meses,Reserve · póliza | Yield · barrido | FX Shield,0.113403,0.634984,0.748387,1,liquidación TPV + cobros masivos,0.250601,3951,3596,true,0.0066797,0,0,0,0,1,0.185682,0.121042,32,28,4,0.315762,0,0,
COMP_0871,GROUP_0021,servicio,servicios profesionales | mayorista / distribución,2,servicios profesionales,0.558608,6 meses,Factoring | Reserve · póliza | Confirming | Yield · barrido,0.23034,0.535832,0.766172,1,liquidación TPV + cobros masivos,0.0382624,151,151,true,0,0,0,0,0,0,0.28606,0,190,190,20,0.213449,0,0,0.556826
COMP_0872,GROUP_0236,servicio,holding / tesorería | servicios profesionales,2,holding / tesorería,0.638463,largo,Reserve · póliza | Yield · barrido | FX Shield,0.151383,0.544325,0.695707,0,seguridad social + nóminas,0.0144944,458,392,false,0.0188609,0,0,0,0,0,0.0263074,0,,,,,,,0.391324
COMP_0873,GROUP_0023,mixto,mayorista / distribución | hostelería,2,mayorista / distribución,0.538868,12 meses,Reserve · póliza | Factoring | Confirming | FX Shield,0.00711265,0.672305,0.679418,1,liquidación TPV + cobros masivos,0.288961,1941,1687,true,0.00860686,0,0,0,0,0,0.170722,0.000547108,12,19,25,0.246872,0,0,0.394723
COMP_0874,GROUP_0185,producto,mayorista / distribución | comercio minorista | construcción,3,mayorista / distribución,0.606032,12 meses,Reserve · póliza | Factoring | Confirming | Seguro de cobro,-0.221989,0.698588,0.476599,1,liquidación TPV + cobros masivos,0.133457,783,727,true,0.110746,0,0,0,0,0,0.0222031,0.0035431,30,30,32,0.396887,0,0,0.0217005
COMP_0875,GROUP_0141,servicio,hostelería | software / suscripción | energía,3,hostelería,0.78,6 meses,FX Shield | Reserve · póliza | Yield · barrido | Factoring,0.251785,0.62628,0.878065,1,liquidación TPV + cobros masivos,0.343146,4229,4013,true,0.0294323,0,0,0,0,1,0.195539,0.000767915,26,13,584,0.00486338,0,0.354981,1.64626
COMP_0876,GROUP_0189,producto,comercio minorista,1,comercio minorista,0.726172,días,Reserve · póliza | FX Shield | Yield · barrido,-0.120484,0.516523,0.396039,1,liquidación TPV + cobros masivos,0.0135453,349,58,true,0.75917,0,0,0,0,0,0.00565679,0.0579679,12,30.5,3,0.485442,0,0,0.226637
COMP_0877,GROUP_0127,producto,comercio minorista | mayorista / distribución,2,comercio minorista,0.740938,días,Reserve · póliza | FX Shield | Yield · barrido,-0.0900861,0.799089,0.709003,1,liquidación TPV + cobros masivos,0.381161,8572,6698,false,0.0470918,0,1,1,0,1,0.0104278,0.0549801,,,,,,,0.160118
COMP_0878,GROUP_0147,mixto,hostelería | comercio minorista,2,hostelería,0.616591,6 meses,Reserve · póliza | Yield · barrido | FX Shield,-0.0172507,0.632616,0.615365,1,liquidación TPV + cobros masivos,0.225008,941,868,true,0.0232616,0,0,0,0,0,0.276521,0.0591341,27.5,38,3,0.600605,0,0,0.764756
COMP_0879,GROUP_0108,producto,comercio minorista | hostelería,2,comercio minorista,0.693007,días,Reserve · póliza | Yield · barrido | FX Shield,-0.161992,0.620622,0.45863,1,liquidación TPV + cobros masivos,0.0317184,81,41,true,0.265897,0,0,0,0,0,0.437029,0.14451,0,0,4,1,0,0,0.0957021
COMP_0880,GROUP_0218,mixto,comercio minorista,1,comercio minorista,0.633064,días,Reserve · póliza | FX Shield | Yield · barrido,-0.0495734,0.524784,0.47521,3,liquidación de efectivo + retirada de efectivo,0.0487032,2268,574,true,0.696568,0,0,0,0,0,0,0.00819326,15,15,146,0.046604,0,0.0035668,0.862533
COMP_0881,GROUP_0071,mixto,servicios profesionales,1,servicios profesionales,0.478535,6 meses,Yield · barrido | Reserve · póliza,-0.0363931,0.483844,0.447451,1,liquidación TPV + cobros masivos,0.0876425,2339,2230,false,0.00244291,0,0,0,0,0,0.0713835,0.000193384,,,,,,,1.74731
COMP_0882,GROUP_0101,servicio,servicios profesionales,1,servicios profesionales,0.533248,6 meses,Yield · barrido | Factoring | Reserve · póliza,0.112156,0.47849,0.590646,1,liquidación TPV + cobros masivos,0.0136786,25,25,true,0,0,0,0,0,0,0,0,,49.5,0,,0,0.5,105.744
COMP_0883,GROUP_0194,producto,comercio minorista,1,comercio minorista,0.837251,días,Yield · barrido | Reserve · póliza | FX Shield,-0.417616,0.669976,0.25236,3,liquidación de efectivo + retirada de efectivo,0.0362071,193,138,true,0.300677,0,0,0,0,0,0,0.0997121,,33,0,,0,0,47.2454
COMP_0884,GROUP_0222,producto,comercio minorista,1,comercio minorista,0.696019,días,Yield · barrido | Reserve · póliza | FX Shield,-0.191773,0.751603,0.55983,1,liquidación TPV + cobros masivos,0.151181,682,617,true,0.0538628,0,0,0,0,0,0.041268,0.0201873,0,30,97,0.030817,0,0.00149031,4.5825
COMP_0885,GROUP_0158,servicio,comercio minorista,1,comercio minorista,0.518859,días,Reserve · póliza | FX Shield | Yield · barrido,0.239129,0.54826,0.787389,1,liquidación TPV + cobros masivos,0.29574,5549,4822,false,0.157863,0,0,0,0,1,0.0425056,0.0230409,,,,,,,3.7712e-17
COMP_0886,GROUP_0161,servicio,servicios profesionales,1,servicios profesionales,0.541791,6 meses,Reserve · póliza | Yield · barrido,0.204841,0.526098,0.730938,1,liquidación TPV + cobros masivos,0.230606,12971,8032,false,0.096073,0,0,0,0,0,0.0859372,4.25316e-05,,,,,,,0.286029
COMP_0887,GROUP_0048,producto,holding / tesorería | mayorista / distribución,2,holding / tesorería,0.649225,largo,Reserve · póliza | Factoring | FX Shield | Confirming,-0.301145,0.636378,0.335233,1,liquidación TPV + cobros masivos,0.175098,1372,887,true,0.00631679,0,0,0,0,0,0,2.42161e-05,0,30,17,0.457364,0,0,0.0727791
COMP_0888,GROUP_0142,producto,hostelería | comercio minorista | construcción,3,hostelería,0.590079,6 meses,Reserve · póliza | Factoring | Yield · barrido | FX Shield,-0.0901927,0.670946,0.580754,1,liquidación TPV + cobros masivos,0.265901,597,557,true,0.0312595,0,0,0,0,0,0.128205,0.0746375,36.5,32,12,0.172346,0,0,0.76302
COMP_0889,GROUP_0130,servicio,servicios profesionales,1,servicios profesionales,0.482139,6 meses,Yield · barrido | Reserve · póliza,0.240524,0.339271,0.579795,2,cobros,0.0209987,1806,355,false,0.954063,0,0,0,0,0,0,0,,,,,,,
COMP_0890,GROUP_0245,servicio,hostelería | alquiler / inmobiliario | energía,3,hostelería,0.78,6 meses,Reserve · póliza | FX Shield | Yield · barrido | Factoring,0.32569,0.51032,0.836009,1,liquidación TPV + cobros masivos,0.123845,3640,2915,true,0.01918,0,0,0,0,0,0.210682,2.8231e-05,15,29,117,0.552917,0,0.01591,0.356843
COMP_0891,GROUP_0081,producto,comercio minorista,1,comercio minorista,0.80204,días,Reserve · póliza | Yield · barrido | FX Shield,-0.218743,0.71831,0.499567,3,liquidación de efectivo + retirada de efectivo,0.0241053,301,208,false,0.473651,0,0,0,0,0,0.0168386,0.369493,,,,,,,1.65225
COMP_0892,GROUP_0142,servicio,servicios profesionales,1,servicios profesionales,0.568261,6 meses,Factoring | Yield · barrido | Reserve · póliza,0.154014,0.453918,0.607933,0,seguridad social + nóminas,0.200956,913,588,true,0.0208784,0,0,0,0,0,0.592141,0,27.5,10,2,0.620364,0,0,1.5484
COMP_0893,GROUP_0011,mixto,comercio minorista | hostelería | mayorista / distribución,3,comercio minorista,0.628034,días,Reserve · póliza | Yield · barrido | FX Shield,-0.0114736,0.787697,0.776223,1,liquidación TPV + cobros masivos,0.313992,4818,3742,false,0.220039,0,1,0,0,1,0.115129,0.138501,,,,,,,0.0774491
COMP_0894,GROUP_0172,producto,holding / tesorería,1,holding / tesorería,0.731462,largo,Reserve · póliza | FX Shield | Yield · barrido,-0.354552,0.551781,0.197229,3,liquidación de efectivo + retirada de efectivo,0.0160825,1242,1232,false,5.84329e-07,0,0,0,0,0,1.8322e-06,0,,,,,,,3.52222e-17
COMP_0895,GROUP_0016,producto,construcción | comercio minorista | hostelería,3,construcción,0.589572,6 meses,Reserve · póliza | Factoring | Yield · barrido | FX Shield,-0.105246,0.567691,0.462445,1,liquidación TPV + cobros masivos,0.155003,463,422,true,0.10182,0,0,0,0,0,0.0775937,0.0057373,30,12,20,0.976827,0,0,0.0223979
COMP_0896,GROUP_0114,servicio,comercio minorista | hostelería,2,comercio minorista,0.567119,días,Reserve · póliza | Yield · barrido | FX Shield,0.0930653,0.619511,0.712576,1,liquidación TPV + cobros masivos,0.300058,1866,1513,false,0.128913,0,0,0,0,1,0.084292,0.131976,,,,,,,0.114261
COMP_0897,GROUP_0081,producto,comercio minorista,1,comercio minorista,0.789553,días,Reserve · póliza | FX Shield | Yield · barrido,-0.24784,0.689583,0.441743,1,liquidación TPV + cobros masivos,0.239685,5908,5068,true,0.092996,1,0,0,0,0,0.0141131,0.166973,1,4,51,0.515339,0,0,0.209623
COMP_0898,GROUP_0011,mixto,comercio minorista | hostelería,2,comercio minorista,0.675466,días,Reserve · póliza | Yield · barrido | FX Shield,0.0437833,0.635253,0.679036,1,liquidación TPV + cobros masivos,0.236169,4784,2788,false,0.227474,0,0,0,0,1,0.0558676,0.189174,,,,,,,0.216248
COMP_0899,GROUP_0093,servicio,software / suscripción,1,software / suscripción,0.78,largo,Yield · barrido | FX Shield | Reserve · póliza,0.15821,0.447432,0.605642,0,seguridad social + nóminas,0.149024,167,147,true,0.0108969,0,0,0,0,0,0.677135,0,,14.5,2,,0,0.0117647,2.07997
COMP_0900,GROUP_0199,producto,mayorista / distribución | construcción,2,mayorista / distribución,0.60455,12 meses,Reserve · póliza,-0.448501,0.588442,0.139941,1,liquidación TPV + cobros masivos,0.00844457,1739,90,false,0.939259,0,0,0,0,0,0,0,,,,,,,0.326897
COMP_0901,GROUP_0017,producto,comercio minorista,1,comercio minorista,0.826481,días,Reserve · póliza | FX Shield | Yield · barrido,-0.50352,0.678128,0.174608,3,liquidación de efectivo + retirada de efectivo,0.0635052,391,389,false,0,0,0,0,0,0,0,0.08545,,,,,,,0.588649
COMP_0902,GROUP_0217,producto,construcción | mayorista / distribución,2,construcción,0.634347,6 meses,Factoring | Reserve · póliza | Confirming | Seguro de cobro,-0.199403,0.59103,0.391628,2,cobros,0.0656102,43,42,true,0,0,0,0,0,0,0,0,,181,0,,0,0.125,1525.78
COMP_0903,GROUP_0079,mixto,alquiler / inmobiliario,1,alquiler / inmobiliario,0.78,largo,Yield · barrido | Reserve · póliza | Seguro de cobro,0.0464552,0.587819,0.634274,1,liquidación TPV + cobros masivos,0.145983,637,553,true,0.0199781,0,0,0,0,0,0.0805013,0.00112328,30,76.5,29,0.28436,0,0.117512,302.324
COMP_0904,GROUP_0129,producto,comercio minorista,1,comercio minorista,0.772628,días,Reserve · póliza | Yield · barrido | FX Shield,-0.273956,0.614599,0.340642,1,liquidación TPV + cobros masivos,0.0880923,131,81,true,0.576492,0,0,0,0,0,0,0.0247365,,13,2,,0,0.0175439,1.34071
COMP_0905,GROUP_0065,producto,mayorista / distribución | comercio minorista,2,mayorista / distribución,0.623882,12 meses,Reserve · póliza | Yield · barrido | FX Shield,-0.276269,0.775476,0.499208,1,liquidación TPV + cobros masivos,0.230947,578,565,false,0.000668303,0,0,0,0,0,0.0139195,0.00233678,,,,,,,2.7172
COMP_0906,GROUP_0238,producto,comercio minorista | construcción | hostelería,3,comercio minorista,0.635109,6 meses,Reserve · póliza | Yield · barrido | FX Shield | Factoring,-0.112585,0.585372,0.472787,1,liquidación TPV + cobros masivos,0.223061,778,692,true,0.190228,0,0,0,0,1,0.016596,0.230672,112,4,1,1,0,0,
COMP_0907,GROUP_0022,producto,construcción | mayorista / distribución,2,construcción,0.630466,6 meses,Factoring | Reserve · póliza | Confirming | Seguro de cobro,-0.14227,0.565094,0.422824,2,cobros,0.119245,53,50,true,0.0271425,0,0,0,0,1,0,0,,5.5,2,1,0,0.586207,178.157
COMP_0908,GROUP_0022,mixto,alquiler / inmobiliario | servicios profesionales,2,alquiler / inmobiliario,0.78,largo,Reserve · póliza | Yield · barrido | Factoring | Seguro de cobro,0.0508208,0.562379,0.6132,1,liquidación TPV + cobros masivos,0.156089,1355,1159,true,0.0220395,0,0,0,0,0,0.0734016,0.000315646,17,31,22,0.520944,0,0.249284,0.00224203
COMP_0909,GROUP_0220,producto,mayorista / distribución,1,mayorista / distribución,0.722078,12 meses,Factoring | Reserve · póliza | Confirming | Seguro de cobro,-0.10751,0.687917,0.580407,1,liquidación TPV + cobros masivos,0.360454,8456,7233,true,0.0236108,0,1,0,0,1,0.0474387,0.00199249,96,48,68,0.0796065,0,0,0.839061
COMP_0910,GROUP_0172,servicio,holding / tesorería,1,holding / tesorería,0.731048,largo,Reserve · póliza | FX Shield | Yield · barrido,0.143144,0.487572,0.630716,1,liquidación TPV + cobros masivos,0.151476,2230,1391,false,0.121929,0,0,0,0,0,7.40044e-05,0,,,,,,,-0.0178369
COMP_0911,GROUP_0172,producto,comercio minorista | holding / tesorería,2,comercio minorista,0.661195,días,Reserve · póliza | Yield · barrido | FX Shield,-0.306177,0.596313,0.290136,3,liquidación de efectivo + retirada de efectivo,0.0337837,899,899,false,0,0,0,0,0,0,0.000667592,0.00513167,,,,,,,6.54773e-17
COMP_0912,GROUP_0185,producto,comercio minorista | mayorista / distribución | construcción,3,comercio minorista,0.650383,días,Reserve · póliza | Factoring | Confirming | Seguro de cobro,-0.313857,0.744357,0.4305,1,liquidación TPV + cobros masivos,0.291961,3903,3472,true,0.195081,0,0,0,0,1,0.00461112,0.0260145,30,31,217,0.252356,0,0,0.24841
COMP_0913,GROUP_0108,producto,holding / tesorería | mayorista / distribución,2,holding / tesorería,0.603394,largo,Reserve · póliza | Factoring | FX Shield | Confirming,-0.196948,0.583067,0.386119,1,liquidación TPV + cobros masivos,0.120566,790,773,true,0.0108159,0,0,0,0,0,0.00453432,0,0,8,22,0.485038,0,0,0.019661
COMP_0914,GROUP_0244,servicio,servicios profesionales,1,servicios profesionales,0.512086,6 meses,Factoring | Reserve · póliza | Yield · barrido,0.195741,0.577039,0.77278,1,liquidación TPV + cobros masivos,0.263257,1268,1219,true,0.0858856,0,0,0,0,0,0.182139,0.0122229,60,0,6,0.500003,0,0.00617284,-0.00296249
COMP_0915,GROUP_0088,servicio,holding / tesorería,1,holding / tesorería,0.509725,largo,Reserve · póliza | FX Shield | Yield · barrido,0.0822308,0.543173,0.625404,1,liquidación TPV + cobros masivos,0.257004,1646,1607,true,0.000102607,0,0,0,0,0,0.0240154,0.00610306,54,28,116,0.0965087,0,0,0.0815151
COMP_0916,GROUP_0150,insuficiente,,0,,,,,,,,,sin cobertura,,157,12,false,0.953649,0,0,0,0,0,0,0,,,,,,,
COMP_0917,GROUP_0217,insuficiente,,0,,,,,,,,,sin cobertura,,27,20,true,1.56229e-05,0,0,0,0,0,0,0,,30,0,,0,0.125,76.5951
COMP_0918,GROUP_0179,mixto,servicios profesionales | construcción,2,servicios profesionales,0.537082,6 meses,Reserve · póliza | Yield · barrido,0.0481776,0.38401,0.432188,0,seguridad social + nóminas,0.0270479,153,26,false,0.905304,0,0,0,0,0,0.168847,0,,,,,,,0.413412
COMP_0919,GROUP_0230,mixto,mayorista / distribución,1,mayorista / distribución,0.685227,12 meses,Factoring | Reserve · póliza | Confirming | Seguro de cobro,-0.0561316,0.752223,0.696091,1,liquidación TPV + cobros masivos,0.310396,6191,5634,true,0.133309,0,1,1,0,1,0.0869872,0.00857779,62,61,304,0.143759,0,0,0.139755
COMP_0920,GROUP_0122,producto,hostelería | comercio minorista,2,hostelería,0.78,6 meses,Reserve · póliza | Yield · barrido | FX Shield,-0.123718,0.578837,0.455119,3,liquidación de efectivo + retirada de efectivo,0.0281569,1765,676,true,0.799771,0,0,0,0,0,2.54638e-05,0.245578,60,0,99,0.0380542,0,0.0185759,0.472884
COMP_0921,GROUP_0183,producto,construcción | comercio minorista,2,construcción,0.608132,6 meses,Reserve · póliza | Factoring | FX Shield | Seguro de cobro,-0.126471,0.468584,0.342112,1,liquidación TPV + cobros masivos,0.0700253,221,128,true,0.603291,0,0,0,0,0,0.00362398,0.000305454,30,30,23,0.185712,0,0,0.141153
COMP_0922,GROUP_0096,producto,mayorista / distribución | construcción,2,mayorista / distribución,0.634931,12 meses,Factoring | Reserve · póliza | Confirming | Seguro de cobro,-0.165619,0.612182,0.446564,1,liquidación TPV + cobros masivos,0.0232357,32,29,true,0.000141927,0,0,0,0,0,0,0,,92,0,,0,0.181818,0.818691
COMP_0923,GROUP_0126,producto,comercio minorista | construcción,2,comercio minorista,0.68813,días,Reserve · póliza | Yield · barrido | Factoring | FX Shield,-0.373032,0.690495,0.317463,1,liquidación TPV + cobros masivos,0.0142167,2380,168,true,0.958387,0,0,0,0,0,0,0.12908,72,30,37,0.147768,0,0,8.15158
COMP_0924,GROUP_0065,producto,comercio minorista,1,comercio minorista,0.731618,días,Yield · barrido | Reserve · póliza | FX Shield,-0.415227,0.747307,0.332081,1,liquidación TPV + cobros masivos,0.316131,4047,3570,false,0.247696,0,0,0,0,1,3.37893e-05,0.0181795,,,,,,,2.32044
COMP_0925,GROUP_0021,producto,construcción,1,construcción,0.553425,6 meses,Reserve · póliza | Yield · barrido,-0.241772,0.436827,0.195055,1,liquidación TPV + cobros masivos,0.0224128,27,27,false,0,0,0,0,0,0,0,0,,,,,,,3.19938
COMP_0926,GROUP_0217,servicio,servicios profesionales,1,servicios profesionales,0.68,6 meses,Factoring | Yield · barrido | Reserve · póliza,0.102373,0.571459,0.673832,1,liquidación TPV + cobros masivos,0.174979,918,817,true,0.00750554,0,0,0,0,0,0,0,30,30,17,0.551593,0,0.0744417,1.31077
COMP_0927,GROUP_0108,producto,comercio minorista,1,comercio minorista,0.702241,días,Reserve · póliza | FX Shield | Yield · barrido,-0.290943,0.709258,0.418315,1,liquidación TPV + cobros masivos,0.237247,3564,2944,true,0.0161543,0,0,0,0,0,0.00825041,0.0109468,0,11,182,0.703303,0,0,0.014057
COMP_0928,GROUP_0131,servicio,servicios profesionales | industria | transporte / logística,3,servicios profesionales,0.564575,6 meses,Reserve · póliza | Yield · barrido,0.322769,0.589271,0.912039,1,liquidación TPV + cobros masivos,0.326221,10921,9706,false,0.0441785,0,0,0,0,1,0.405768,0.000992794,,,,,,,0.0125508
COMP_0929,GROUP_0067,servicio,hostelería,1,hostelería,0.543662,6 meses,Yield · barrido | Reserve · póliza | FX Shield,0.121855,0.664664,0.78652,1,liquidación TPV + cobros masivos,0.388988,7243,3785,false,0.477433,0,0,0,0,1,0.258322,0.0730741,,,,,,,17.8619
COMP_0930,GROUP_0246,mixto,mayorista / distribución,1,mayorista / distribución,0.578782,12 meses,Factoring | Reserve · póliza | Confirming | Seguro de cobro,-0.00460234,0.607124,0.602521,1,liquidación TPV + cobros masivos,0.131758,132,107,true,0.0923942,0,0,0,0,1,0.0642656,0,,30,1,,0,0,0.773343
COMP_0931,GROUP_0084,mixto,mayorista / distribución,1,mayorista / distribución,0.603056,12 meses,Factoring | Confirming | Reserve · póliza | Seguro de cobro,-0.00234397,0.667044,0.6647,1,liquidación TPV + cobros masivos,0.252605,2622,1287,true,0.0939986,0,0,0,0,0,0.0120177,5.51049e-05,40,0,11,0.809487,0,0.0202429,1.23385
COMP_0932,GROUP_0081,servicio,hostelería | alquiler / inmobiliario,2,hostelería,0.78,6 meses,Reserve · póliza | Yield · barrido | FX Shield | Seguro de cobro,0.214476,0.520502,0.734978,1,liquidación TPV + cobros masivos,0.0887183,481,459,true,0.0528219,0,0,0,0,0,0.078486,0,39,0,203,0.0775579,0,0.0210797,0.325043
COMP_0933,GROUP_0152,mixto,,0,,,,,-0.0558563,0.416736,0.360879,2,cobros,0.0262522,418,36,false,0.846352,0,0,0,0,0,0,0,,,,,,,0.0615993
COMP_0934,GROUP_0184,producto,holding / tesorería,1,holding / tesorería,0.727527,largo,Yield · barrido | FX Shield | Reserve · póliza,-0.289514,0.473281,0.183767,1,liquidación TPV + cobros masivos,0.13255,30,24,false,0.167587,0,0,0,0,0,0,0,,,,,,,7.35253
COMP_0935,GROUP_0018,mixto,alquiler / inmobiliario | construcción | mayorista / distribución,3,alquiler / inmobiliario,0.78,largo,Reserve · póliza | Factoring | Seguro de cobro | Confirming,-0.00607293,0.689121,0.683048,1,liquidación TPV + cobros masivos,0.285604,1521,1212,true,0.0317115,0,1,0,0,0,0.208408,1.65856e-06,30,60,157,0.279895,0,0.00648508,0.0989388
COMP_0936,GROUP_0046,mixto,construcción | industria,2,construcción,0.525366,6 meses,Factoring | Reserve · póliza | Confirming | Yield · barrido,0.0486189,0.444982,0.4936,0,seguridad social + nóminas,0.0658181,99,61,true,0.327859,0,0,0,0,0,0.168119,0,,48.5,4,1,0,0,3.43843
COMP_0937,GROUP_0172,producto,comercio minorista | holding / tesorería,2,comercio minorista,0.682115,días,Reserve · póliza | Yield · barrido | FX Shield,-0.106338,0.632353,0.526015,1,liquidación TPV + cobros masivos,0.119708,1881,1864,false,5.42917e-06,0,0,0,0,0,0.00194635,0.00916244,,,,,,,0.00211919
COMP_0938,GROUP_0050,mixto,servicios profesionales,1,servicios profesionales,0.471907,6 meses,Yield · barrido | Reserve · póliza,-0.0127907,0.369304,0.356513,0,seguridad social + nóminas,0.0503786,723,152,false,0.962914,0,0,0,0,0,0.00857455,0,,,,,,,
COMP_0939,GROUP_0001,producto,mayorista / distribución,1,mayorista / distribución,0.490355,12 meses,Reserve · póliza,-0.107127,0.430406,0.323279,2,cobros,0.0708277,2643,335,false,0.852679,0,0,0,0,0,0,0,,,,,,,0.126455
COMP_0940,GROUP_0217,servicio,alquiler / inmobiliario,1,alquiler / inmobiliario,0.78,largo,Yield · barrido | Reserve · póliza | Seguro de cobro,0.123267,0.56356,0.686826,1,liquidación TPV + cobros masivos,0.205028,908,866,true,0.0094952,0,0,0,0,0,0,0.000131591,28,30,12,0.6039,0,0.108516,3.04928
COMP_0941,GROUP_0158,producto,comercio minorista,1,comercio minorista,0.715048,días,Reserve · póliza | FX Shield | Yield · barrido,-0.194314,0.567937,0.373623,1,liquidación TPV + cobros masivos,0.28674,2914,2668,false,0.0604582,0,0,0,0,0,0.00114625,0.0168952,,,,,,,-3.76225e-16
COMP_0942,GROUP_0016,servicio,servicios profesionales,1,servicios profesionales,0.530475,6 meses,Factoring | Reserve · póliza | Yield · barrido,0.163093,0.586363,0.749456,1,liquidación TPV + cobros masivos,0.124918,1082,1053,true,0.00232254,0,0,0,0,0,0.271191,1.57052e-05,30,30,30,0.943351,0,0,0.0643611
COMP_0943,GROUP_0173,producto,comercio minorista | software / suscripción | transporte / logística,3,comercio minorista,0.870291,días,Reserve · póliza | Yield · barrido | FX Shield | Factoring,-0.254692,0.781671,0.526979,3,liquidación de efectivo + retirada de efectivo,0.037492,284,171,true,0.0538916,0,0,0,0,0,0,0.602064,0,0,305,0.120469,0.495181,0.000688389,1.94969
COMP_0944,GROUP_0104,producto,mayorista / distribución | comercio minorista | industria,3,mayorista / distribución,0.600844,12 meses,Reserve · póliza | Factoring | Confirming | FX Shield,-0.140861,0.750011,0.609151,1,liquidación TPV + cobros masivos,0.29665,1605,1424,true,0.0291585,0,0,0,0,0,0.0642972,0.0706419,71,60,212,0.157942,0,0,0.407433
COMP_0945,GROUP_0162,mixto,mayorista / distribución | hostelería,2,mayorista / distribución,0.566513,12 meses,Reserve · póliza | Factoring | Confirming | FX Shield,-0.0385874,0.699078,0.660491,1,liquidación TPV + cobros masivos,0.372703,1257,1192,true,0.0516032,0,0,0,0,0,0.124084,0.00477758,34,45,114,0.0812114,0,0,0.960026
COMP_0946,GROUP_0143,mixto,mayorista / distribución,1,mayorista / distribución,0.570844,12 meses,Reserve · póliza,-0.0245051,0.699669,0.675163,1,liquidación TPV + cobros masivos,0.389977,1393,1101,false,0.00491045,0,0,0,0,0,0.0307375,4.31866e-05,,,,,,,1.03362
COMP_0947,GROUP_0158,mixto,holding / tesorería,1,holding / tesorería,0.546914,largo,Reserve · póliza | FX Shield | Yield · barrido,-0.0361799,0.606877,0.570697,1,liquidación TPV + cobros masivos,0.352646,3113,2821,false,0.0664033,0,0,0,0,0,0.0695989,0.0019136,,,,,,,-6.37634e-16
COMP_0948,GROUP_0189,producto,comercio minorista,1,comercio minorista,0.713759,días,Reserve · póliza | FX Shield | Yield · barrido,-0.173273,0.596778,0.423505,1,liquidación TPV + cobros masivos,0.0514436,2112,320,true,0.802406,0,0,0,0,0,0.0080366,0.646087,31,28,22,0.263435,0,0,-0.841773
COMP_0949,GROUP_0064,insuficiente,,0,,,,,,,,,sin cobertura,,29,21,false,9.42107e-05,0,0,0,0,0,0,0,,,,,,,60.1865
COMP_0950,GROUP_0082,producto,industria | mayorista / distribución | construcción,3,industria,0.65679,12 meses,Factoring | Reserve · póliza | Confirming | Seguro de cobro,-0.116036,0.604005,0.487969,1,liquidación TPV + cobros masivos,0.295444,538,520,true,1.38303e-05,0,1,0,0,1,0.108201,0.000121425,30,10,24,0.655115,0,0,1.54525
COMP_0951,GROUP_0218,mixto,hostelería | software / suscripción,2,hostelería,0.78,6 meses,Yield · barrido | Reserve · póliza | FX Shield,0.0150043,0.599302,0.614307,1,liquidación TPV + cobros masivos,0.289085,3134,3039,true,0.00305399,0,0,0,0,0,0.00407548,0.00133146,30,0,106,0.0880319,0,0.00705882,2.31571
COMP_0952,GROUP_0103,mixto,mayorista / distribución | hostelería | servicios profesionales,3,mayorista / distribución,0.631407,6 meses,Reserve · póliza | Yield · barrido | FX Shield,0.0667934,0.687862,0.754656,1,liquidación TPV + cobros masivos,0.368762,2024,1749,false,0.113304,0,1,0,0,0,0.324818,0.00026832,,,,,,,0.107564
COMP_0953,GROUP_0070,insuficiente,,0,,,,,,,,,sin cobertura,,31,12,true,0.720629,0,0,0,0,0,0,0,,60,3,,0,0,35.5045
COMP_0954,GROUP_0011,mixto,comercio minorista | hostelería,2,comercio minorista,0.651647,días,Reserve · póliza | Yield · barrido | FX Shield,0.0241277,0.725145,0.749273,1,liquidación TPV + cobros masivos,0.240226,974,629,false,0.0693296,0,0,0,0,0,0.0902331,0.1813,,,,,,,0.144705
COMP_0955,GROUP_0035,mixto,mayorista / distribución,1,mayorista / distribución,0.566244,12 meses,Factoring | Reserve · póliza | Confirming | Seguro de cobro,-0.0205392,0.55102,0.530481,1,liquidación TPV + cobros masivos,0.168331,458,450,true,0.13683,0,0,0,0,0,0.00892268,0,45.5,26,4,0.857988,0,0,0.111558
COMP_0956,GROUP_0166,servicio,software / suscripción,1,software / suscripción,0.78,largo,Yield · barrido | FX Shield | Reserve · póliza,0.105527,0.569018,0.674545,1,liquidación TPV + cobros masivos,0.276511,1326,1071,true,0.0635903,0,0,0,0,1,0.210772,0.00629467,30,0,70,0.192826,0,0.00366189,1.77746
COMP_0957,GROUP_0006,servicio,servicios profesionales | holding / tesorería,2,servicios profesionales,0.51086,6 meses,Reserve · póliza | Yield · barrido | FX Shield,0.124282,0.614333,0.738615,1,liquidación TPV + cobros masivos,0.300359,1047,999,false,0.000325246,0,1,0,0,1,0.117697,0.0076756,,,,,,,0.000503183
COMP_0958,GROUP_0200,producto,construcción,1,construcción,0.75,6 meses,Factoring | Reserve · póliza | Yield · barrido | Seguro de cobro,-0.0909947,0.704332,0.613337,1,liquidación TPV + cobros masivos,0.327861,5058,4035,true,0.00312489,0,0,0,0,1,0.0138613,0.0235631,35,23,77,0.253232,0,0.00271003,6.92348
COMP_0959,GROUP_0013,producto,construcción | comercio minorista | mayorista / distribución,3,construcción,0.658365,6 meses,Reserve · póliza | Factoring | Yield · barrido | Confirming,-0.347879,0.688196,0.340316,1,liquidación TPV + cobros masivos,0.140519,457,395,true,0.324893,0,0,0,0,0,0.00412391,0.0357254,58,38,39,0.473702,0,0,3.43847
COMP_0960,GROUP_0137,servicio,holding / tesorería,1,holding / tesorería,0.648948,largo,Yield · barrido | FX Shield | Reserve · póliza,0.0777152,0.566343,0.644058,1,liquidación TPV + cobros masivos,0.158804,395,207,true,0.342881,0,0,0,0,0,0,0,,43,1,1,0,0.305556,10.5318
COMP_0961,GROUP_0101,insuficiente,,0,,,,,,,,,sin cobertura,,213,6,true,0.955375,0,0,0,0,0,0.00426423,0,,49,0,,0,0.0681818,2.84618
COMP_0962,GROUP_0154,insuficiente,,0,,,,,,,,,sin cobertura,,3052,19,true,0.948328,0,0,0,0,0,0,0.00297088,,,1,,0,0,
COMP_0963,GROUP_0159,producto,mayorista / distribución,1,mayorista / distribución,0.592813,12 meses,Yield · barrido | Reserve · póliza,-0.226327,0.588857,0.362529,1,liquidación TPV + cobros masivos,0.108372,147,143,false,0.000889867,0,0,0,0,0,0,0,,,,,,,5.52637
COMP_0964,GROUP_0039,mixto,comercio minorista | hostelería,2,comercio minorista,0.574696,días,Reserve · póliza | Yield · barrido | FX Shield,-0.0588091,0.607042,0.548233,1,liquidación TPV + cobros masivos,0.14944,992,642,true,0.358199,0,0,0,0,0,0.135031,0.0121831,0,0,56,0.959353,0,0,1.45594
COMP_0965,GROUP_0229,mixto,holding / tesorería | comercio minorista | transporte / logística,3,holding / tesorería,0.57674,días,Reserve · póliza | Yield · barrido | FX Shield,-0.00530237,0.576429,0.571127,1,liquidación TPV + cobros masivos,0.264115,1083,666,false,0.212602,0,0,0,0,1,0.0116954,0.00265068,,,,,,,0.0288332
COMP_0966,GROUP_0094,mixto,comercio minorista | construcción | hostelería,3,comercio minorista,0.596837,6 meses,Reserve · póliza | Yield · barrido | FX Shield | Factoring,-0.00510451,0.576987,0.571882,1,liquidación TPV + cobros masivos,0.105469,1853,403,true,0.784751,0,0,0,0,0,0.0138827,0.109471,42,8,46,0.0596439,0,0.120879,5.48711
COMP_0967,GROUP_0142,mixto,mayorista / distribución | industria,2,mayorista / distribución,0.591159,12 meses,Factoring | Confirming | Reserve · póliza | Seguro de cobro,0.0390756,0.588688,0.627764,1,liquidación TPV + cobros masivos,0.146342,959,871,true,0.0011861,0,0,0,0,0,0.136833,0,45,28,15,0.326478,0,0,0.206883
COMP_0968,GROUP_0129,servicio,hostelería,1,hostelería,0.530199,6 meses,Reserve · póliza | Yield · barrido | FX Shield,0.0711585,0.610332,0.68149,1,liquidación TPV + cobros masivos,0.147046,76,58,true,0.120178,0,0,0,0,0,0.453299,0.0211816,30,93,4,0.756188,0,0,
COMP_0969,GROUP_0158,mixto,holding / tesorería,1,holding / tesorería,0.684859,largo,Reserve · póliza | FX Shield | Yield · barrido,0.0408104,0.484673,0.525483,1,liquidación TPV + cobros masivos,0.283094,18222,13172,false,0.287987,0,0,0,0,1,0.004098,1.22345e-06,,,,,,,-0.0379069
COMP_0970,GROUP_0011,producto,comercio minorista | mayorista / distribución,2,comercio minorista,0.702206,días,Reserve · póliza | FX Shield | Yield · barrido,-0.0766705,0.754764,0.678093,1,liquidación TPV + cobros masivos,0.337444,2021,1327,false,0.248455,0,1,0,0,1,0.0654075,0.0684781,,,,,,,0.122404
COMP_0971,GROUP_0152,producto,construcción,1,construcción,0.475,6 meses,Reserve · póliza | Yield · barrido,-0.161765,0.373032,0.211268,1,liquidación TPV + cobros masivos,0.0564297,209,27,false,0.870398,0,0,0,0,0,0,0,,,,,,,3.64558
COMP_0972,GROUP_0170,producto,construcción,1,construcción,0.588722,6 meses,Reserve · póliza | Yield · barrido,-0.17152,0.363919,0.192399,1,liquidación TPV + cobros masivos,0.157511,935,212,false,0.958834,0,0,0,0,0,0.00065408,0,,,,,,,2.51548
COMP_0973,GROUP_0013,producto,comercio minorista | construcción,2,comercio minorista,0.664014,días,Reserve · póliza | Factoring | Yield · barrido | FX Shield,-0.192798,0.609937,0.417139,1,liquidación TPV + cobros masivos,0.130386,1299,592,true,0.394359,0,0,0,0,0,0.00934393,0.417967,81,40,190,0.0463,0,0,1.26211
COMP_0974,GROUP_0195,producto,construcción | comercio minorista,2,construcción,0.641339,6 meses,Reserve · póliza | Yield · barrido | Factoring | FX Shield,-0.252649,0.650802,0.398153,1,liquidación TPV + cobros masivos,0.210301,557,329,true,0.430372,0,0,0,0,1,0.00664797,0.089772,60,30,16,0.118547,0,0,9.6113
COMP_0975,GROUP_0237,producto,hostelería,1,hostelería,0.78,6 meses,Reserve · póliza | FX Shield | Yield · barrido,-0.0902418,0.56242,0.472178,1,liquidación TPV + cobros masivos,0.00135034,1156,533,true,0.539176,0,0,0,0,1,0,0,28.5,30,53,0.241609,0,0,0.826301
COMP_0976,GROUP_0149,producto,mayorista / distribución | construcción,2,mayorista / distribución,0.669995,12 meses,Factoring | Reserve · póliza | Confirming | Seguro de cobro,-0.146313,0.633276,0.486963,1,liquidación TPV + cobros masivos,0.0142173,1079,720,true,0.343195,0,0,0,0,0,0,0,58,57,31,0.79844,0,0.00356506,
COMP_0977,GROUP_0080,servicio,software / suscripción | alquiler / inmobiliario | servicios profesionales,3,software / suscripción,0.78,largo,Yield · barrido | Reserve · póliza | Factoring | FX Shield,0.252896,0.600073,0.852969,1,liquidación TPV + cobros masivos,0.168534,1586,1399,true,0.00258084,0,0,0,0,0,0.138715,7.72215e-05,52,40,117,0.0699861,0,0.19891,2.8503
COMP_0978,GROUP_0142,producto,comercio minorista | mayorista / distribución,2,comercio minorista,0.630215,días,Reserve · póliza | Factoring | Confirming | FX Shield,-0.193896,0.685842,0.491946,1,liquidación TPV + cobros masivos,0.310602,2249,1524,true,0.275934,0,0,0,0,1,0.0118649,0.00431745,8,10,26,0.121355,0,0,0.044443
COMP_0979,GROUP_0018,servicio,servicios profesionales,1,servicios profesionales,0.595031,6 meses,Yield · barrido | Factoring | Reserve · póliza,0.269798,0.476997,0.746795,1,liquidación TPV + cobros masivos,0.103189,121,95,true,0.0870899,0,0,0,0,0,0.224835,0,10,45,3,0.46961,0,0.0285714,2.22557
COMP_0980,GROUP_0118,producto,construcción,1,construcción,0.576817,6 meses,Reserve · póliza,-0.240709,0.393952,0.153242,2,cobros,0.0160256,545,37,false,0.694624,0,0,0,0,0,0,0,,,,,,,
COMP_0981,GROUP_0118,servicio,servicios profesionales,1,servicios profesionales,0.480896,6 meses,Yield · barrido | Reserve · póliza,0.0807134,0.368683,0.449396,1,liquidación TPV + cobros masivos,0.0728858,161,75,false,0.408381,0,0,0,0,0,0,0,,,,,,,
COMP_0982,GROUP_0207,servicio,mayorista / distribución | servicios profesionales,2,mayorista / distribución,0.597563,12 meses,Reserve · póliza | Yield · barrido,0.198017,0.675435,0.873452,1,liquidación TPV + cobros masivos,0.355351,3283,2673,false,0.0633907,0,1,0,0,1,0.240065,1.95446e-05,,,,,,,-10.948
COMP_0983,GROUP_0118,servicio,servicios profesionales,1,servicios profesionales,0.537234,6 meses,Reserve · póliza | Yield · barrido,0.254556,0.44884,0.703396,1,liquidación TPV + cobros masivos,0.264702,6879,3519,false,0.422949,0,0,0,0,0,0.139997,0.0013815,,,,,,,0.103067
COMP_0984,GROUP_0218,producto,comercio minorista | construcción | mayorista / distribución,3,comercio minorista,0.61884,días,Reserve · póliza | Factoring | Confirming | Seguro de cobro,-0.136139,0.673951,0.537812,1,liquidación TPV + cobros masivos,0.282653,631,379,true,0.359966,0,0,0,0,0,0.00314508,0.0112225,30,0,14,0.263289,0,0.065,0.208791
COMP_0985,GROUP_0141,servicio,software / suscripción | alquiler / inmobiliario | servicios profesionales,3,software / suscripción,0.78,largo,Yield · barrido | Reserve · póliza | Factoring | FX Shield,0.120191,0.715313,0.835504,1,liquidación TPV + cobros masivos,0.3884,1844,1712,true,0.00719777,0,0,0,0,1,0.0561164,0.00179011,4,7,64,0.214562,0,0.266908,0.258074
COMP_0986,GROUP_0044,mixto,holding / tesorería | construcción,2,holding / tesorería,0.664347,largo,Reserve · póliza | Yield · barrido | Factoring | FX Shield,-0.0115206,0.447644,0.436123,1,liquidación TPV + cobros masivos,0.159476,448,297,true,0.450854,0,0,0,0,0,0,0,60,60,44,0.199182,0,0.0040107,1.80328
COMP_0987,GROUP_0035,mixto,hostelería,1,hostelería,0.501222,6 meses,Reserve · póliza | FX Shield | Yield · barrido,-0.0204508,0.603007,0.582556,1,liquidación TPV + cobros masivos,0.349295,1126,1076,true,0.0214151,0,0,0,0,1,0.131478,0.000764377,2,30,25,0.252003,0,0,0.160225
COMP_0988,GROUP_0236,servicio,servicios profesionales,1,servicios profesionales,0.567613,6 meses,Reserve · póliza | Yield · barrido,0.336231,0.541218,0.877449,1,liquidación TPV + cobros masivos,0.219071,4254,3254,false,0.173777,0,0,0,0,1,0.337341,0.000394006,,,,,,,0.00566302
COMP_0989,GROUP_0038,producto,mayorista / distribución | construcción,2,mayorista / distribución,0.597597,12 meses,Factoring | Reserve · póliza | Confirming | Seguro de cobro,-0.434097,0.668395,0.234298,1,liquidación TPV + cobros masivos,0.0944474,46,41,true,0.0316243,0,0,0,0,0,0,0,0,11,15,0.665965,0,0,26.7245
COMP_0990,GROUP_0211,mixto,servicios profesionales | construcción | comercio minorista,3,servicios profesionales,0.535519,6 meses,Reserve · póliza | Factoring | Yield · barrido | FX Shield,-0.0660042,0.537429,0.471425,1,liquidación TPV + cobros masivos,0.0175286,341,53,true,0.594709,0,0,0,0,0,0,0.00139309,30,28,171,0.22567,0,0.0536513,0.601761
COMP_0991,GROUP_0127,producto,holding / tesorería,1,holding / tesorería,0.727941,largo,Reserve · póliza | FX Shield | Yield · barrido,-0.381615,0.604598,0.222983,1,liquidación TPV + cobros masivos,0.0906956,51,38,false,0.466179,0,0,0,0,1,0,0,,,,,,,0.0604543
COMP_0992,GROUP_0185,producto,comercio minorista | construcción | mayorista / distribución,3,comercio minorista,0.657509,días,Reserve · póliza | Factoring | Confirming | Seguro de cobro,-0.307437,0.741011,0.433574,1,liquidación TPV + cobros masivos,0.231784,270,229,true,0.0977938,0,0,0,0,0,0.00529937,0.0383612,30,35,12,0.824055,0,0,0.0262906
COMP_0993,GROUP_0226,producto,comercio minorista,1,comercio minorista,0.703356,días,Reserve · póliza | Yield · barrido | FX Shield,-0.138538,0.74509,0.606553,1,liquidación TPV + cobros masivos,0.451961,3588,2972,true,0.0414392,0,1,0,0,1,0.110904,0.0624252,0,27,45,0.304442,0,0,1.38359
COMP_0994,GROUP_0037,producto,servicios profesionales | comercio minorista,2,servicios profesionales,0.72,6 meses,Reserve · póliza | Factoring | Yield · barrido | FX Shield,-0.321407,0.72796,0.406553,1,liquidación TPV + cobros masivos,0.177922,633,573,true,0.068225,0,0,0,0,0,0.000260347,0.00686113,0,15,21,0.228038,0,0.074392,0.0839097
COMP_0995,GROUP_0113,producto,comercio minorista,1,comercio minorista,0.720917,días,Reserve · póliza | FX Shield | Yield · barrido,-0.168533,0.789206,0.620673,1,liquidación TPV + cobros masivos,0.325466,6825,6735,true,0.0127553,0,0,0,0,1,0.0620696,0.336018,18,3,12,0.688291,0,0,0.512688
COMP_0996,GROUP_0203,mixto,hostelería | comercio minorista,2,hostelería,0.531048,6 meses,Reserve · póliza | Yield · barrido | FX Shield,0.0525256,0.590302,0.642828,1,liquidación TPV + cobros masivos,0.23848,997,862,true,0.106664,0,0,0,0,0,0.190718,0.00230856,0,0,72,0.302803,0,0,0.201569
COMP_0997,GROUP_0117,servicio,servicios profesionales | mayorista / distribución,2,servicios profesionales,0.525913,6 meses,Factoring | Yield · barrido | Reserve · póliza | Confirming,0.136081,0.592559,0.72864,1,liquidación TPV + cobros masivos,0.0887094,162,147,true,0.000224091,0,0,0,0,0,0.137005,0,,25,0,,0,0,24.7607
COMP_0998,GROUP_0192,mixto,holding / tesorería | comercio minorista,2,holding / tesorería,0.533658,largo,Reserve · póliza | Yield · barrido | FX Shield,-0.00523212,0.701533,0.696301,1,liquidación TPV + cobros masivos,0.42257,4686,4399,false,0.233469,0,0,0,0,0,0.0443901,0.00521379,,,,,,,0.704216
COMP_0999,GROUP_0222,producto,comercio minorista,1,comercio minorista,0.716371,días,Yield · barrido | Reserve · póliza | FX Shield,-0.190905,0.792164,0.601259,1,liquidación TPV + cobros masivos,0.212366,1804,1355,true,0.124818,0,0,0,0,0,0.0435723,0.0387649,0,6,1054,0.00321748,0,0,9.30494
COMP_1000,GROUP_0105,servicio,servicios profesionales,1,servicios profesionales,0.68,6 meses,Factoring | Yield · barrido | Reserve · póliza,0.0742958,0.499309,0.573605,1,liquidación TPV + cobros masivos,0.0680112,808,387,true,0.77128,0,0,0,0,0,0,0,29,,57,0.121852,0,0.00338983,
COMP_1001,GROUP_0143,servicio,servicios profesionales,1,servicios profesionales,0.524254,6 meses,Reserve · póliza | Yield · barrido,0.192221,0.625104,0.817325,1,liquidación TPV + cobros masivos,0.457354,11897,9844,false,0.00909013,0,0,0,0,1,0.0950506,0.0013989,,,,,,,0.206028
COMP_1002,GROUP_0185,producto,mayorista / distribución | construcción,2,mayorista / distribución,0.656006,12 meses,Factoring | Reserve · póliza | Confirming | Seguro de cobro,-0.290597,0.701897,0.4113,1,liquidación TPV + cobros masivos,0.313927,261,255,true,0,0,0,0,0,1,0.0121413,2.50331e-05,30,30,11,0.40413,0,0,5.1946e-17
COMP_1003,GROUP_0132,producto,alquiler / inmobiliario | servicios profesionales,2,alquiler / inmobiliario,0.78,largo,Yield · barrido | Reserve · póliza | Factoring | Seguro de cobro,-0.0808731,0.758337,0.677464,1,liquidación TPV + cobros masivos,0.21069,3106,741,true,0.530706,0,0,0,0,0,0.0894351,0.0258218,74,85,146,0.267919,0,0.0458827,1.08652
COMP_1004,GROUP_0109,servicio,servicios profesionales,1,servicios profesionales,0.68,6 meses,Factoring | Yield · barrido | Reserve · póliza,0.0854072,0.524471,0.609878,1,liquidación TPV + cobros masivos,0.170056,3590,2643,true,0.437457,0,0,0,0,0,0.00173055,0.00308946,22,14,500,0.24054,0,0.00678349,
COMP_1005,GROUP_0172,servicio,comercio minorista | holding / tesorería | transporte / logística,3,comercio minorista,0.574161,días,Reserve · póliza | Yield · barrido | FX Shield,0.124733,0.581607,0.706341,1,liquidación TPV + cobros masivos,0.295207,6655,5057,false,0.821304,0,0,0,0,0,0.0164323,0.0465359,,,,,,,0.0156015
COMP_1006,GROUP_0163,producto,mayorista / distribución | construcción | industria,3,mayorista / distribución,0.553402,12 meses,Factoring | Reserve · póliza | Confirming | Seguro de cobro,-0.0839635,0.63377,0.549806,1,liquidación TPV + cobros masivos,0.282766,4106,1608,true,0.0441487,0,0,0,0,0,0.0800999,0.000280258,15,10.5,27,0.90969,0,0,2.00225
COMP_1007,GROUP_0159,producto,comercio minorista | construcción,2,comercio minorista,0.635512,días,Reserve · póliza | FX Shield | Yield · barrido,-0.260937,0.65348,0.392543,1,liquidación TPV + cobros masivos,0.360347,797,714,false,0.0484657,0,0,0,0,1,0.0215049,0.00764388,,,,,,,0.653008
COMP_1008,GROUP_0220,producto,mayorista / distribución | construcción | comercio minorista,3,mayorista / distribución,0.613314,12 meses,Reserve · póliza | Factoring | Yield · barrido | Confirming,-0.298321,0.697832,0.399511,1,liquidación TPV + cobros masivos,0.101082,1707,1365,true,0.315493,0,0,0,0,0,0.000429076,0.00139393,30,28,15,0.510501,0,0,3.50716
COMP_1009,GROUP_0059,insuficiente,,0,,,,,,,,,sin cobertura,,32,23,true,0.000482516,0,0,0,0,0,0,0,0,30,2,0.527942,0,0,49.9982
COMP_1010,GROUP_0138,producto,comercio minorista | mayorista / distribución | construcción,3,comercio minorista,0.557011,días,Reserve · póliza | FX Shield | Yield · barrido,-0.16539,0.680199,0.514809,1,liquidación TPV + cobros masivos,0.429037,1784,1399,false,0.115032,0,0,0,0,0,0.107397,0.00499557,,,,,,,0.153433
COMP_1011,GROUP_0155,producto,transporte / logística,1,transporte / logística,0.78,días,Factoring | Reserve · póliza | Confirming,-0.338271,0.717819,0.379548,1,liquidación TPV + cobros masivos,0.0213691,381,65,true,0.757445,0,0,0,0,0,0,0.00478561,29.5,30,9,0.888571,0,0.0405616,1.41741
COMP_1012,GROUP_0032,producto,comercio minorista | holding / tesorería,2,comercio minorista,0.633647,días,Yield · barrido | Reserve · póliza | FX Shield,-0.160604,0.655344,0.49474,1,liquidación TPV + cobros masivos,0.356357,1748,1446,false,0.22969,0,0,0,0,1,0.0298747,0.0087031,,,,,,,1.99395
COMP_1013,GROUP_0108,producto,comercio minorista | mayorista / distribución | holding / tesorería,3,comercio minorista,0.606376,días,Reserve · póliza | Yield · barrido | FX Shield | Factoring,-0.227551,0.623638,0.396087,1,liquidación TPV + cobros masivos,0.279596,857,817,true,0.0349765,0,0,0,0,0,0.00583127,0.000114638,0,19,38,0.304126,0,0,0.0106899
COMP_1014,GROUP_0132,producto,comercio minorista,1,comercio minorista,0.664923,días,Reserve · póliza | Yield · barrido | FX Shield,-0.179519,0.690555,0.511036,1,liquidación TPV + cobros masivos,0.249584,995,359,false,0.722338,0,0,0,0,0,0.00128739,0.00589845,,,,,,,1.25826
COMP_1015,GROUP_0132,producto,comercio minorista,1,comercio minorista,0.83373,días,Reserve · póliza | FX Shield | Yield · barrido,-0.39073,0.609983,0.219254,1,liquidación TPV + cobros masivos,0.137676,1078,118,false,0.917645,0,0,0,0,0,0.000108076,0.203533,,,,,,,0.00388192
COMP_1016,GROUP_0069,servicio,hostelería | software / suscripción | transporte / logística,3,hostelería,0.78,6 meses,Reserve · póliza | Yield · barrido | FX Shield | Factoring,0.157195,0.650087,0.807281,1,liquidación TPV + cobros masivos,0.281293,2910,2073,true,0.00293433,0,0,0,0,1,0.0986296,0.00302757,30,51,347,0.126463,0,0.0230964,0.34209
COMP_1017,GROUP_0108,producto,mayorista / distribución | construcción | holding / tesorería,3,mayorista / distribución,0.575231,12 meses,Factoring | Reserve · póliza | Yield · barrido | FX Shield,-0.279837,0.64091,0.361073,1,liquidación TPV + cobros masivos,0.170691,601,594,true,0.00100243,0,0,0,0,0,0.00956975,0,0,2,21,0.991458,0,0,1.45935
COMP_1018,GROUP_0060,mixto,software / suscripción,1,software / suscripción,0.78,largo,Reserve · póliza | FX Shield | Yield · barrido,-0.0171059,0.62991,0.612804,1,liquidación TPV + cobros masivos,0.133471,732,246,true,0.851268,0,0,0,0,0,0,4.69816e-05,31,30,72,0.23896,0,0.0280095,-0.321611
COMP_1019,GROUP_0118,producto,holding / tesorería | construcción,2,holding / tesorería,0.632741,largo,Reserve · póliza | Factoring | FX Shield | Yield · barrido,-0.138896,0.464313,0.325416,1,liquidación TPV + cobros masivos,0.102183,3792,1743,true,0.370295,0,0,0,0,0,0,0,7,30,490,0.00374991,0,0,0.393143
COMP_1020,GROUP_0195,mixto,hostelería | mayorista / distribución,2,hostelería,0.535398,6 meses,Reserve · póliza | Factoring | Confirming | FX Shield,-0.0252741,0.691921,0.666647,1,liquidación TPV + cobros masivos,0.2868,657,510,true,0.0588411,0,0,0,0,0,0.101545,0.0115983,30,30,11,0.935337,0,0,0.601997
COMP_1021,GROUP_0236,servicio,servicios profesionales,1,servicios profesionales,0.581421,6 meses,Reserve · póliza | Yield · barrido,0.0920719,0.383181,0.475253,0,seguridad social + nóminas,0.059353,485,107,false,0.850564,0,0,0,0,0,0.158103,0,,,,,,,0.533851
COMP_1022,GROUP_0126,mixto,comercio minorista | hostelería,2,comercio minorista,0.652889,días,Yield · barrido | Reserve · póliza | FX Shield,-0.0575165,0.771891,0.714374,1,liquidación TPV + cobros masivos,0.13381,2791,1393,true,0.185957,0,0,0,0,0,0.112195,0.262405,,37.5,8,,0,0,16.7595
COMP_1023,GROUP_0119,producto,comercio minorista,1,comercio minorista,0.780499,días,Reserve · póliza | FX Shield | Yield · barrido,-0.136825,0.573322,0.436497,1,liquidación TPV + cobros masivos,0.11069,558,68,false,0.840688,0,0,0,0,0,0.00422243,0.0913219,,,,,,,0.0506221
COMP_1024,GROUP_0226,producto,comercio minorista,1,comercio minorista,0.786221,días,Yield · barrido | Reserve · póliza | FX Shield,-0.245469,0.78906,0.543591,1,liquidación TPV + cobros masivos,0.346711,4201,2796,true,0.111683,0,1,0,0,0,0.029341,0.246548,0,30,20,0.98419,0,0,3.28498
COMP_1025,GROUP_0032,producto,comercio minorista,1,comercio minorista,0.720433,días,Reserve · póliza | FX Shield | Yield · barrido,-0.0754747,0.780655,0.70518,1,liquidación TPV + cobros masivos,0.395844,2031,1962,false,0.17171,0,0,1,0,0,0.0365341,0.0656768,,,,,,,-0.11912
COMP_1026,GROUP_0186,producto,comercio minorista | construcción,2,comercio minorista,0.690303,días,Reserve · póliza | Factoring | FX Shield | Seguro de cobro,-0.301984,0.585186,0.283202,1,liquidación TPV + cobros masivos,0.154312,72,71,true,0.00433117,0,0,0,0,0,0,0.0333245,30,51,1,1,0,0,0.223223
COMP_1027,GROUP_0095,producto,holding / tesorería,1,holding / tesorería,0.685481,largo,Reserve · póliza | FX Shield | Yield · barrido,-0.0889825,0.460232,0.37125,1,liquidación TPV + cobros masivos,0.255494,433,314,false,0.345119,0,0,0,0,0,0,0,,,,,,,0.607093
COMP_1028,GROUP_0069,servicio,software / suscripción | servicios profesionales,2,software / suscripción,0.78,largo,Yield · barrido | Factoring | Reserve · póliza | FX Shield,0.174316,0.645769,0.820085,1,liquidación TPV + cobros masivos,0.249584,492,378,true,0.122063,0,0,0,0,1,0.183909,0.000734588,20,1,83,0.412309,0,0.157459,1.76739
COMP_1029,GROUP_0016,producto,construcción | comercio minorista,2,construcción,0.715143,6 meses,Reserve · póliza | Factoring | FX Shield | Seguro de cobro,-0.466163,0.762027,0.295864,1,liquidación TPV + cobros masivos,0.114819,246,200,true,0.23162,0,0,0,0,0,0.000537925,0.108091,90,30,11,0.543878,0,0,0.0787285
COMP_1030,GROUP_0108,producto,mayorista / distribución | industria | holding / tesorería,3,mayorista / distribución,0.593363,12 meses,Factoring | Reserve · póliza | Confirming | FX Shield,-0.203868,0.669006,0.465138,1,liquidación TPV + cobros masivos,0.267332,306,294,true,0.142451,0,0,0,0,0,0.0460137,0,0,15,28,0.36782,0,0,0.0848699
COMP_1031,GROUP_0187,producto,mayorista / distribución | construcción,2,mayorista / distribución,0.584942,12 meses,Reserve · póliza | Yield · barrido,-0.0814202,0.659693,0.578273,1,liquidación TPV + cobros masivos,0.154213,1737,1270,false,0.518119,0,0,0,0,0,0.110916,4.19755e-05,,,,,,,2.30988
COMP_1032,GROUP_0023,producto,construcción | mayorista / distribución,2,construcción,0.572523,6 meses,Factoring | Reserve · póliza | Confirming | Seguro de cobro,-0.340085,0.580625,0.240539,1,liquidación TPV + cobros masivos,0.155302,71,45,true,0.141362,0,0,0,0,0,0,0,0,,2,0.509751,0,0,37.0862
COMP_1033,GROUP_0142,producto,comercio minorista,1,comercio minorista,0.695641,días,Reserve · póliza | FX Shield | Yield · barrido,-0.180274,0.689095,0.508821,1,liquidación TPV + cobros masivos,0.160088,449,428,true,0.00208524,0,0,0,0,0,0.00798801,0.35078,42,11,4,0.863586,0,0,0.621462
COMP_1034,GROUP_0128,mixto,holding / tesorería,1,holding / tesorería,0.693144,largo,Reserve · póliza | FX Shield | Yield · barrido,0.0168837,0.408244,0.425127,1,liquidación TPV + cobros masivos,0.101698,1108,1027,false,0.495191,0,0,0,0,0,0,3.74361e-06,,,,,,,0.179571
COMP_1035,GROUP_0148,mixto,comercio minorista | hostelería,2,comercio minorista,0.674448,días,Reserve · póliza | Yield · barrido | FX Shield,-0.0280651,0.729628,0.701563,1,liquidación TPV + cobros masivos,0.408358,7486,6321,true,0.181205,0,0,0,0,1,0.0759768,0.108589,0,28,20,0.958632,0,0,0.0142091
COMP_1036,GROUP_0121,mixto,mayorista / distribución | holding / tesorería,2,mayorista / distribución,0.6535,12 meses,Yield · barrido | Reserve · póliza | FX Shield,-0.027439,0.733844,0.706405,1,liquidación TPV + cobros masivos,0.460204,4467,3930,false,0.133094,0,1,0,0,1,0.0385367,0.000467872,,,,,,,1.23447
COMP_1037,GROUP_0081,producto,comercio minorista | alquiler / inmobiliario,2,comercio minorista,0.781464,días,Reserve · póliza | Yield · barrido | FX Shield | Seguro de cobro,-0.156624,0.744975,0.588351,1,liquidación TPV + cobros masivos,0.325605,16430,12876,true,0.0897805,1,0,0,0,1,0.0239438,0.186403,1,3,203,0.756121,0,0.00764628,0.0892909
COMP_1038,GROUP_0018,producto,alquiler / inmobiliario | energía | mayorista / distribución,3,alquiler / inmobiliario,0.78,12 meses,Factoring | Reserve · póliza | Yield · barrido | FX Shield,-0.0804714,0.638698,0.558226,1,liquidación TPV + cobros masivos,0.361853,1810,1486,true,0.306225,0,1,0,0,1,0.0469401,0.000114561,30,30,24,0.499482,0,0.0239521,2.5338
COMP_1039,GROUP_0146,servicio,hostelería,1,hostelería,0.5157,6 meses,Reserve · póliza | FX Shield | Yield · barrido,0.0740013,0.632974,0.706976,1,liquidación TPV + cobros masivos,0.427098,1205,1056,false,0.0129271,0,0,0,0,1,0.185987,0.0411448,,,,,,,-0.534463
COMP_1040,GROUP_0056,producto,comercio minorista,1,comercio minorista,0.737484,días,Reserve · póliza | Yield · barrido | FX Shield,-0.263049,0.708891,0.445842,1,liquidación TPV + cobros masivos,0.226844,213,186,true,0.192598,0,0,0,0,0,0.0370402,0.185439,10,8,4,0.283927,0,0,1.41382
COMP_1041,GROUP_0007,producto,holding / tesorería | mayorista / distribución | construcción,3,holding / tesorería,0.669325,largo,Reserve · póliza | Yield · barrido | FX Shield,-0.432054,0.620754,0.188699,1,liquidación TPV + cobros masivos,0.0676009,87,79,false,0.0439591,0,0,0,0,0,0,0,,,,,,,1.3007
COMP_1042,GROUP_0012,producto,software / suscripción,1,software / suscripción,0.78,largo,Yield · barrido | FX Shield | Reserve · póliza,-0.251581,0.535671,0.284091,2,cobros,0.0106181,130,24,true,0.784148,0,0,0,0,0,0,0,0,0,17,0.260869,0,0,3391.94
COMP_1043,GROUP_0047,producto,servicios profesionales | mayorista / distribución,2,servicios profesionales,0.72,6 meses,Factoring | Reserve · póliza | Confirming | Yield · barrido,-0.129571,0.674962,0.545391,1,liquidación TPV + cobros masivos,0.173305,1046,830,true,0.00357361,0,0,0,0,0,0.0012794,6.50779e-06,30,10,30,0.285278,0,0.00518135,-7.94113e-18
COMP_1044,GROUP_0076,producto,comercio minorista | mayorista / distribución,2,comercio minorista,0.598436,días,Reserve · póliza | FX Shield | Yield · barrido,-0.227238,0.663215,0.435976,1,liquidación TPV + cobros masivos,0.152382,5959,4197,false,0.214113,0,0,0,0,0,0.00034754,0.000412724,,,,,,,0.199402
COMP_1045,GROUP_0141,mixto,servicios profesionales | comercio minorista,2,servicios profesionales,0.562597,6 meses,Yield · barrido | Reserve · póliza | Factoring | FX Shield,0.0198218,0.543996,0.563817,1,liquidación TPV + cobros masivos,0.274163,3430,3335,true,0.0151214,0,0,0,0,1,0.00875971,5.12014e-05,2,0,497,0.0328434,0,0.00988875,2.07119
COMP_1046,GROUP_0079,servicio,alquiler / inmobiliario | servicios profesionales,2,alquiler / inmobiliario,0.78,largo,Yield · barrido | Reserve · póliza | Factoring | Seguro de cobro,0.259961,0.630925,0.890885,1,liquidación TPV + cobros masivos,0.227722,1483,1375,true,0.00616472,0,1,0,0,1,0.419062,0.000108627,,,79,0.571245,0,0.14315,
COMP_1047,GROUP_0092,mixto,servicios profesionales,1,servicios profesionales,0.495105,6 meses,Yield · barrido | Reserve · póliza,0.0388028,0.500414,0.539217,1,liquidación TPV + cobros masivos,0.143426,388,330,false,0.119592,0,0,0,0,0,0.0463901,0,,,,,,,1.4277
COMP_1048,GROUP_0067,servicio,hostelería | servicios profesionales,2,hostelería,0.533513,6 meses,Yield · barrido | Reserve · póliza | FX Shield,0.254728,0.652858,0.907587,1,liquidación TPV + cobros masivos,0.456698,11351,10430,false,0.0882935,0,0,0,0,0,0.28741,0.0402933,,,,,,,3.72791
COMP_1049,GROUP_0025,servicio,servicios profesionales | mayorista / distribución,2,servicios profesionales,0.715986,6 meses,Factoring | Reserve · póliza | Confirming | Yield · barrido,0.232454,0.705758,0.938212,1,liquidación TPV + cobros masivos,0.31246,4091,3584,true,0.074207,0,1,0,0,1,0.329982,0.00172171,30,58,353,0.0847826,0,0.259948,0.373598
COMP_1050,GROUP_0047,mixto,mayorista / distribución | industria,2,mayorista / distribución,0.562372,12 meses,Factoring | Confirming | Reserve · póliza | Seguro de cobro,-0.0220693,0.641734,0.619665,1,liquidación TPV + cobros masivos,0.279944,372,304,true,0.146316,0,0,0,0,0,0.0716073,0,15,42,42,0.56545,0,0,0.680822
COMP_1051,GROUP_0095,producto,mayorista / distribución,1,mayorista / distribución,0.605931,12 meses,Yield · barrido | Reserve · póliza,-0.304124,0.634838,0.330714,1,liquidación TPV + cobros masivos,0.0783185,43,43,false,0,0,0,0,0,0,0,0,,,,,,,11.7797
COMP_1052,GROUP_0222,producto,comercio minorista | mayorista / distribución,2,comercio minorista,0.653812,días,Reserve · póliza | Factoring | Confirming | FX Shield,-0.364983,0.787487,0.422505,1,liquidación TPV + cobros masivos,0.184695,707,675,true,0.0166417,0,0,0,0,0,0.0251511,0.00568496,0,23,152,0.0278401,0,0,0.257082
COMP_1053,GROUP_0002,producto,mayorista / distribución,1,mayorista / distribución,0.713995,12 meses,Reserve · póliza,-0.075357,0.768641,0.693284,1,liquidación TPV + cobros masivos,0.445064,14439,14254,false,0.0521952,0,1,0,0,1,0.0219474,0.00113231,,,,,,,0.0899126
COMP_1054,GROUP_0159,producto,construcción | mayorista / distribución,2,construcción,0.598956,6 meses,Reserve · póliza | Yield · barrido,-0.407605,0.523612,0.116007,1,liquidación TPV + cobros masivos,0.108707,77,28,false,0.458407,0,0,0,0,0,0,0,,,,,,,3.22665
COMP_1055,GROUP_0087,insuficiente,,0,,,,,,,,,sin cobertura,,164,17,false,0.860793,0,0,0,0,0,0,0,,,,,,,0.155763
COMP_1056,GROUP_0152,producto,comercio minorista,1,comercio minorista,0.717119,días,Reserve · póliza | FX Shield | Yield · barrido,-0.216812,0.521748,0.304936,1,liquidación TPV + cobros masivos,0.0900927,1210,62,false,0.962402,0,0,0,0,0,3.14064e-05,0.0133005,,,,,,,0.00709565
COMP_1057,GROUP_0218,servicio,software / suscripción | servicios profesionales,2,software / suscripción,0.78,largo,Reserve · póliza | Yield · barrido | Factoring | FX Shield,0.285469,0.571682,0.857151,1,liquidación TPV + cobros masivos,0.241312,1032,956,true,0.104144,0,0,0,0,0,0.366184,8.82697e-05,30,0,29,0.677083,0,0.0392157,0.444657
COMP_1058,GROUP_0124,producto,hostelería | construcción | comercio minorista,3,hostelería,0.606442,6 meses,Reserve · póliza | Factoring | Yield · barrido | FX Shield,-0.0719167,0.712961,0.641045,1,liquidación TPV + cobros masivos,0.277297,464,360,true,0.0875049,0,0,0,0,0,0.293711,0.035384,30,45,29,0.120365,0,0,0.525946
COMP_1059,GROUP_0131,servicio,servicios profesionales,1,servicios profesionales,0.573688,6 meses,Reserve · póliza | Yield · barrido,0.334762,0.608948,0.943709,1,liquidación TPV + cobros masivos,0.335177,2362,2231,false,0.0500467,0,0,0,0,0,0.495397,0.00040734,,,,,,,0.0465551
COMP_1060,GROUP_0138,servicio,holding / tesorería | servicios profesionales,2,holding / tesorería,0.572597,largo,Reserve · póliza | Yield · barrido | FX Shield,0.137778,0.503521,0.641299,1,liquidación TPV + cobros masivos,0.275209,654,577,false,0.0511591,0,0,0,0,0,0.115902,0,,,,,,,0.163
COMP_1061,GROUP_0111,producto,comercio minorista,1,comercio minorista,0.730562,días,Reserve · póliza | Yield · barrido | FX Shield,-0.454271,0.821929,0.367658,1,liquidación TPV + cobros masivos,0.214672,822,691,true,0.395661,0,0,0,0,0,0.00975864,0.0261036,0,28,114,0.241141,0,0,1.18325
COMP_1062,GROUP_0048,producto,holding / tesorería | mayorista / distribución | construcción,3,holding / tesorería,0.59218,largo,Factoring | Reserve · póliza | FX Shield | Confirming,-0.271938,0.59585,0.323912,1,liquidación TPV + cobros masivos,0.209394,221,219,true,0.114856,0,0,0,0,0,0,0,0,26.5,21,0.202037,0,0,0.757149
COMP_1063,GROUP_0222,producto,comercio minorista,1,comercio minorista,0.715709,días,Yield · barrido | Reserve · póliza | FX Shield,-0.146272,0.80838,0.662108,1,liquidación TPV + cobros masivos,0.288638,2386,1841,true,0.157571,0,0,0,0,0,0.0370464,0.0362801,0,16.5,1247,0.00266428,0,0.000487211,7.46727
COMP_1064,GROUP_0056,servicio,servicios profesionales,1,servicios profesionales,0.517591,6 meses,Factoring | Reserve · póliza | Yield · barrido,0.1822,0.59241,0.774609,1,liquidación TPV + cobros masivos,0.290686,557,484,true,0.0757239,0,0,0,0,0,0.351813,0.000170368,17,7,12,0.533305,0,0,0.337148
COMP_1065,GROUP_0215,insuficiente,,0,,,,,,,,,sin cobertura,,93,21,true,0.649713,0,0,0,0,0,0,0.0336289,0.5,1,33,0.102643,0,0,
COMP_1066,GROUP_0051,mixto,comercio minorista | hostelería | mayorista / distribución,3,comercio minorista,0.642533,días,Reserve · póliza | Yield · barrido | FX Shield,0.0290138,0.809859,0.838873,1,liquidación TPV + cobros masivos,0.412323,15121,13068,false,0.110759,0,1,0,0,1,0.117404,0.202214,,,,,,,0.718197
COMP_1067,GROUP_0211,producto,comercio minorista,1,comercio minorista,0.715277,días,Reserve · póliza | FX Shield | Yield · barrido,-0.217612,0.717947,0.500335,1,liquidación TPV + cobros masivos,0.0947285,9159,4122,true,0.467069,0,0,0,0,0,0,0.00960577,5,24,561,0.039561,0,0.0103806,0.736821
COMP_1068,GROUP_0209,insuficiente,,0,,,,,,,,,sin cobertura,,12,7,false,0.927914,1,1,1,0,1,0,0.446809,,,,,,,
COMP_1069,GROUP_0155,producto,alquiler / inmobiliario,1,alquiler / inmobiliario,0.78,largo,Reserve · póliza | Yield · barrido | Seguro de cobro,-0.273148,0.762126,0.488978,1,liquidación TPV + cobros masivos,0.223318,449,441,true,0.00997179,0,0,0,0,0,0.000361725,0.00315327,31,30,9,0.244147,0,0.0882353,0.131246
COMP_1070,GROUP_0031,mixto,hostelería | software / suscripción | alquiler / inmobiliario,3,hostelería,0.78,largo,Yield · barrido | Reserve · póliza | FX Shield | Seguro de cobro,0.0633528,0.719478,0.78283,1,liquidación TPV + cobros masivos,0.296514,1995,1109,true,0.384046,0,0,0,0,1,0.14814,0.00212708,62.5,89,116,0.0543488,0,0.278411,1.94772
COMP_1071,GROUP_0164,producto,construcción,1,construcción,0.664726,6 meses,Factoring | Reserve · póliza | Seguro de cobro,-0.250808,0.512952,0.262144,1,liquidación TPV + cobros masivos,0.103111,153,61,true,0.990823,0,0,0,0,0,0,2.6162e-05,,0,0,,0,0,0.00330664
COMP_1072,GROUP_0081,producto,comercio minorista,1,comercio minorista,0.779506,días,Reserve · póliza | FX Shield | Yield · barrido,-0.267774,0.751165,0.483391,1,liquidación TPV + cobros masivos,0.30824,15391,13610,true,0.077535,1,0,0,0,1,0.0246791,0.176314,1,5,220,0.812988,0,0,0.0258778
COMP_1073,GROUP_0142,producto,construcción | mayorista / distribución,2,construcción,0.663934,6 meses,Factoring | Reserve · póliza | Confirming | Seguro de cobro,-0.344662,0.609926,0.265263,1,liquidación TPV + cobros masivos,0.167539,28,27,true,0.00212851,0,0,0,0,0,0,0,,17.5,0,,0,0,10.1938
COMP_1074,GROUP_0238,producto,mayorista / distribución | construcción | industria,3,mayorista / distribución,0.61742,12 meses,Factoring | Reserve · póliza | Confirming | Seguro de cobro,-0.202853,0.651287,0.448434,1,liquidación TPV + cobros masivos,0.24479,766,710,true,0.00393822,0,0,0,0,0,0.086548,0,24,30,8,0.721179,0,0,0.118601
COMP_1075,GROUP_0022,producto,holding / tesorería,1,holding / tesorería,0.68693,largo,Reserve · póliza | FX Shield | Yield · barrido,-0.228968,0.504971,0.276003,1,liquidación TPV + cobros masivos,0.226472,1062,215,false,0.629808,0,0,0,0,0,0.000272384,0,,,,,,,0.0411542
COMP_1076,GROUP_0131,mixto,industria | servicios profesionales | holding / tesorería,3,industria,0.626443,12 meses,Reserve · póliza | Yield · barrido | FX Shield,0.0664828,0.536454,0.602937,1,liquidación TPV + cobros masivos,0.067183,1105,995,false,0.06124,0,0,0,0,0,0.39969,0,,,,,,,-0.00146804
COMP_1077,GROUP_0081,mixto,software / suscripción | alquiler / inmobiliario,2,software / suscripción,0.78,largo,Reserve · póliza | Yield · barrido | FX Shield | Seguro de cobro,0.0323891,0.617918,0.650307,1,liquidación TPV + cobros masivos,0.343855,14930,13020,true,0.0302459,0,0,0,0,0,0.0298523,4.61402e-06,5,1,139,0.15894,0,0.00406064,0.0943593
COMP_1078,GROUP_0013,producto,comercio minorista | construcción,2,comercio minorista,0.733903,días,Reserve · póliza | Factoring | Yield · barrido | FX Shield,-0.283653,0.636413,0.35276,1,liquidación TPV + cobros masivos,0.105862,625,252,true,0.383912,0,0,0,0,0,0,0.314988,43,23,60,0.144882,0,0,1.06135
COMP_1079,GROUP_0141,servicio,servicios profesionales,1,servicios profesionales,0.72,6 meses,Factoring | Reserve · póliza | Yield · barrido,0.101427,0.689043,0.790469,1,liquidación TPV + cobros masivos,0.385307,1053,985,true,0.0491867,0,0,0,0,1,0.242053,0.00153589,12,8,56,0.204552,0,0.126949,0.0918426
COMP_1080,GROUP_0007,servicio,servicios profesionales,1,servicios profesionales,0.602133,6 meses,Yield · barrido | Reserve · póliza,0.296396,0.53459,0.830986,1,liquidación TPV + cobros masivos,0.169885,228,179,false,0.0255781,0,0,0,0,0,0.433599,0,,,,,,,1.03352
COMP_1081,GROUP_0108,producto,comercio minorista | industria | construcción,3,comercio minorista,0.594115,días,Reserve · póliza | Factoring | Confirming | FX Shield,-0.135581,0.666444,0.530863,1,liquidación TPV + cobros masivos,0.383706,4177,2421,true,0.0117406,0,0,0,0,0,0.0978002,0.00254528,0,6,60,0.591181,0,0,-0.220323
COMP_1082,GROUP_0142,producto,comercio minorista | construcción,2,comercio minorista,0.654668,días,Reserve · póliza | Yield · barrido | Factoring | FX Shield,-0.340638,0.678146,0.337508,1,liquidación TPV + cobros masivos,0.240373,462,416,true,0.847921,0,0,0,0,0,0.00645304,0.0134768,20,29,6,0.503207,0,0,2.29457
COMP_1083,GROUP_0199,producto,comercio minorista,1,comercio minorista,0.817575,días,Yield · barrido | Reserve · póliza | FX Shield,-0.540986,0.710439,0.169454,3,liquidación de efectivo + retirada de efectivo,0.0151991,133,83,false,0.504493,0,0,0,0,0,0,0.0850658,,,,,,,14.2182
COMP_1084,GROUP_0172,producto,holding / tesorería,1,holding / tesorería,0.728563,largo,Reserve · póliza | FX Shield | Yield · barrido,-0.504481,0.630489,0.126008,1,liquidación TPV + cobros masivos,0.0689092,807,798,false,1.48609e-05,0,0,0,0,0,0,0,,,,,,,-7.41239e-17
COMP_1085,GROUP_0137,producto,construcción,1,construcción,0.533954,6 meses,Factoring | Reserve · póliza | Seguro de cobro,-0.0994578,0.5437,0.444242,1,liquidación TPV + cobros masivos,0.132697,351,210,true,0.535263,0,0,0,0,0,0,0,0,42,15,0.136576,0,0.0486111,1.09322
COMP_1086,GROUP_0193,servicio,comercio minorista | holding / tesorería,2,comercio minorista,0.573126,días,Yield · barrido | Reserve · póliza | FX Shield,0.132636,0.608741,0.741376,1,liquidación TPV + cobros masivos,0.312317,18738,17762,false,0.0244481,0,0,0,0,0,0.0190178,0.0488941,,,,,,,6.12449
COMP_1087,GROUP_0182,servicio,servicios profesionales,1,servicios profesionales,0.48062,6 meses,Reserve · póliza | Yield · barrido,0.175604,0.437448,0.613052,1,liquidación TPV + cobros masivos,0.111255,1307,124,false,0.774409,0,0,0,0,0,0,0,,,,,,,-0.000937937
COMP_1088,GROUP_0234,producto,construcción,1,construcción,0.584754,6 meses,Reserve · póliza,-0.25534,0.442419,0.187079,1,liquidación TPV + cobros masivos,0.0903237,75,25,false,0.650793,0,0,0,0,0,0.000132554,0,,,,,,,0.549832
COMP_1089,GROUP_0108,producto,comercio minorista,1,comercio minorista,0.8472,días,Reserve · póliza | FX Shield | Yield · barrido,-0.505507,0.776611,0.271104,1,liquidación TPV + cobros masivos,0.0702152,415,230,true,0.679459,0,0,0,0,0,0,0.250476,0,8.5,16,0.191446,0,0,0.0439331
COMP_1090,GROUP_0070,producto,comercio minorista,1,comercio minorista,0.779464,días,Yield · barrido | Reserve · póliza | FX Shield,-0.265424,0.6686,0.403176,1,liquidación TPV + cobros masivos,0.287252,17190,16718,false,0.0493685,0,0,0,0,0,0.0121848,0.147685,,,,,,,7.03423
COMP_1091,GROUP_0103,mixto,mayorista / distribución | comercio minorista | hostelería,3,mayorista / distribución,0.605447,12 meses,Reserve · póliza | Yield · barrido | FX Shield,0.0166076,0.779826,0.796434,1,liquidación TPV + cobros masivos,0.486099,17109,14150,false,0.0468054,0,1,0,0,1,0.0536511,0.0152626,,,,,,,0.0172587
COMP_1092,GROUP_0236,servicio,servicios profesionales | holding / tesorería,2,servicios profesionales,0.600338,6 meses,Reserve · póliza | Yield · barrido | FX Shield,0.213937,0.460853,0.67479,1,liquidación TPV + cobros masivos,0.0498321,265,209,false,0.0417562,0,0,0,0,0,0.395659,0,,,,,,,0.589474
COMP_1093,GROUP_0200,producto,construcción | holding / tesorería | mayorista / distribución,3,construcción,0.680163,6 meses,Factoring | Reserve · póliza | FX Shield | Confirming,-0.248452,0.62808,0.379628,1,liquidación TPV + cobros masivos,0.184391,989,783,true,0.0198467,0,0,0,0,0,0,0.000507918,30,6,17,0.278563,0,0.0876289,0.999369
COMP_1094,GROUP_0017,mixto,mayorista / distribución,1,mayorista / distribución,0.470457,12 meses,Reserve · póliza,0.0157829,0.520091,0.535874,1,liquidación TPV + cobros masivos,0.245033,380,346,false,0.334947,0,0,0,0,0,0.00495215,0,,,,,,,0.120346
COMP_1095,GROUP_0118,servicio,servicios profesionales,1,servicios profesionales,0.511609,6 meses,Factoring | Reserve · póliza | Yield · barrido,0.157573,0.58858,0.746153,1,liquidación TPV + cobros masivos,0.252369,4958,4431,true,0.00567296,0,0,0,0,0,0.257891,0.000120998,0,21,1741,0.041819,0,0,0.0253612
COMP_1096,GROUP_0125,servicio,holding / tesorería | servicios profesionales,2,holding / tesorería,0.598488,largo,Yield · barrido | Reserve · póliza | FX Shield,0.152303,0.441384,0.593687,1,liquidación TPV + cobros masivos,0.207486,5523,5274,false,0.0938676,0,0,0,0,0,0.115126,0,,,,,,,49.1
COMP_1097,GROUP_0044,servicio,servicios profesionales,1,servicios profesionales,0.68,6 meses,Factoring | Reserve · póliza | Yield · barrido,0.110926,0.496719,0.607645,1,liquidación TPV + cobros masivos,0.157322,101,31,true,0.538866,0,0,0,0,0,0,0,60,60,12,0.173864,0,0.0517241,0.851196
COMP_1098,GROUP_0103,mixto,comercio minorista,1,comercio minorista,0.591787,días,Yield · barrido | Reserve · póliza | FX Shield,-0.039214,0.694283,0.655069,1,liquidación TPV + cobros masivos,0.340847,424,420,false,0,0,0,0,0,0,0.0120804,0.0117943,,,,,,,2.11799
COMP_1099,GROUP_0125,producto,comercio minorista,1,comercio minorista,0.741145,días,Reserve · póliza | Yield · barrido | FX Shield,-0.180477,0.516156,0.335678,1,liquidación TPV + cobros masivos,0.0460583,1295,742,false,0.678718,0,0,0,0,0,0,0.0158184,,,,,,,
COMP_1100,GROUP_0070,producto,construcción | mayorista / distribución | holding / tesorería,3,construcción,0.669626,6 meses,Factoring | Reserve · póliza | FX Shield | Confirming,-0.39807,0.666995,0.268925,1,liquidación TPV + cobros masivos,0.0905637,138,115,true,0.0231142,0,0,0,0,0,0,0,,30,1,1,0,0,0.0583787
COMP_1101,GROUP_0236,producto,comercio minorista,1,comercio minorista,0.729961,días,Yield · barrido | Reserve · póliza | FX Shield,-0.39675,0.579122,0.182371,1,liquidación TPV + cobros masivos,0.249074,75,53,false,0.411839,0,0,0,0,0,0,0.0127822,,,,,,,14.745
COMP_1102,GROUP_0087,mixto,,0,,,,,-0.0387336,0.434134,0.395401,1,liquidación TPV + cobros masivos,0.203437,905,137,false,0.83109,0,0,0,0,0,0,0,,,,,,,0.496204
COMP_1103,GROUP_0236,producto,mayorista / distribución,1,mayorista / distribución,0.60745,12 meses,Reserve · póliza,-0.29337,0.654515,0.361145,1,liquidación TPV + cobros masivos,0.0654363,204,111,false,0.616291,0,0,0,0,0,0,0,,,,,,,0.0636548
COMP_1104,GROUP_0107,producto,comercio minorista | mayorista / distribución,2,comercio minorista,0.690931,días,Reserve · póliza | Factoring | Confirming | FX Shield,-0.248954,0.78955,0.540596,1,liquidación TPV + cobros masivos,0.0584372,491,321,true,0.208383,0,0,0,0,0,0,0.151019,62,,32,0.266791,0,0,0.341187
COMP_1105,GROUP_0094,producto,comercio minorista,1,comercio minorista,0.71009,días,Reserve · póliza | Yield · barrido | FX Shield,-0.111595,0.769603,0.658008,1,liquidación TPV + cobros masivos,0.115372,2679,1874,true,0.659807,0,0,0,0,0,0,0.031125,28,20,602,0.00602717,0,0.0246914,
COMP_1106,GROUP_0056,producto,mayorista / distribución,1,mayorista / distribución,0.736181,12 meses,Factoring | Reserve · póliza | Confirming | Seguro de cobro,-0.101833,0.826706,0.724873,1,liquidación TPV + cobros masivos,0.370894,529,526,true,0.019061,0,1,0,0,1,0.304958,0.0468226,64,19,27,0.0886927,0,0,0.0397759
COMP_1107,GROUP_0103,servicio,servicios profesionales,1,servicios profesionales,0.501471,6 meses,Yield · barrido | Reserve · póliza,0.112645,0.701326,0.813971,1,liquidación TPV + cobros masivos,0.388366,3137,3051,false,0.0780844,0,0,0,0,0,0.0547758,0.0024736,,,,,,,2.60491
COMP_1108,GROUP_0119,producto,mayorista / distribución | construcción,2,mayorista / distribución,0.620594,12 meses,Factoring | Reserve · póliza | Confirming | Seguro de cobro,-0.0743594,0.599136,0.524777,1,liquidación TPV + cobros masivos,0.133439,382,93,true,0.379735,0,0,0,0,0,0,0,51.5,28,85,0.153151,0,0,0.199486
COMP_1109,GROUP_0205,mixto,software / suscripción,1,software / suscripción,0.78,largo,Yield · barrido | FX Shield | Reserve · póliza,-0.0696893,0.679272,0.609583,1,liquidación TPV + cobros masivos,0.338046,2588,2205,true,0.00290807,0,0,0,0,0,0.0438448,0.00735444,49,23,149,0.0538304,0,0.0005,250.981
COMP_1110,GROUP_0182,producto,construcción,1,construcción,0.668429,6 meses,Factoring | Reserve · póliza | Seguro de cobro,-0.115937,0.59437,0.478433,1,liquidación TPV + cobros masivos,0.238822,2920,447,true,0.884036,0,0,0,0,0,0.026109,0.0187828,102.5,32,67,0.107521,0,0,0.127919
COMP_1111,GROUP_0169,insuficiente,,0,,,,,,,,,sin cobertura,,362,12,false,0.913888,0,0,0,0,0,0,0,,,,,,,0.199584
COMP_1112,GROUP_0170,insuficiente,,0,,,,,,,,,sin cobertura,,254,18,false,0.7789,0,0,0,0,0,0,0,,,,,,,1.30314
COMP_1113,GROUP_0018,producto,comercio minorista,1,comercio minorista,0.688545,días,Reserve · póliza | Yield · barrido | FX Shield,-0.147016,0.592484,0.445468,1,liquidación TPV + cobros masivos,0.220928,136,122,true,0.491989,0,0,0,0,0,0,0.0104908,15,30,5,0.293712,0,0,1.87307
COMP_1114,GROUP_0236,mixto,holding / tesorería,1,holding / tesorería,0.674917,largo,Yield · barrido | FX Shield | Reserve · póliza,-0.0691672,0.468724,0.399557,1,liquidación TPV + cobros masivos,0.282475,67,60,false,0.182432,0,0,0,0,0,0,0,,,,,,,11.1386
COMP_1115,GROUP_0064,producto,construcción | mayorista / distribución | hostelería,3,construcción,0.584545,6 meses,Reserve · póliza | FX Shield | Yield · barrido,-0.273978,0.707539,0.433562,1,liquidación TPV + cobros masivos,0.22687,1073,654,false,0.579658,0,0,0,0,0,0.139518,0.00164194,,,,,,,0.418825
COMP_1116,GROUP_0169,insuficiente,,0,,,,,,,,,sin cobertura,,237,6,false,0.881609,0,0,0,0,0,0,0,,,,,,,0.16277
COMP_1117,GROUP_0139,producto,holding / tesorería,1,holding / tesorería,0.678438,largo,Yield · barrido | FX Shield | Reserve · póliza,-0.254344,0.503521,0.249178,1,liquidación TPV + cobros masivos,0.243931,57,56,false,0.0802483,0,0,0,0,0,0,0,,,,,,,
COMP_1118,GROUP_0023,mixto,industria,1,industria,0.554386,12 meses,Factoring | Reserve · póliza | Confirming,-0.00327883,0.602529,0.59925,1,liquidación TPV + cobros masivos,0.069973,144,144,true,0,0,0,0,0,0,0.523326,0,3,4,1,1,0,0,0.107849
COMP_1119,GROUP_0187,producto,construcción | mayorista / distribución | industria,3,construcción,0.567001,12 meses,Reserve · póliza,-0.107573,0.54681,0.439238,1,liquidación TPV + cobros masivos,0.135861,317,142,false,0.0743317,0,0,0,0,0,0.101573,0,,,,,,,1.36971
COMP_1120,GROUP_0250,producto,mayorista / distribución | construcción,2,mayorista / distribución,0.551489,12 meses,Factoring | Reserve · póliza | Confirming | Seguro de cobro,-0.203808,0.606442,0.402634,1,liquidación TPV + cobros masivos,0.231078,96,88,true,0.000593322,0,0,0,0,0,0,0,6.5,55,3,0.888574,0,0,13.493
COMP_1121,GROUP_0165,producto,comercio minorista,1,comercio minorista,0.848643,días,Reserve · póliza | Yield · barrido | FX Shield,-0.271211,0.681442,0.410231,1,liquidación TPV + cobros masivos,0.164903,1631,1058,false,0.104677,0,0,0,0,0,1.82802e-05,0.28191,,,,,,,
COMP_1122,GROUP_0132,producto,comercio minorista | construcción,2,comercio minorista,0.666327,días,Reserve · póliza | Factoring | Yield · barrido | FX Shield,-0.169633,0.611847,0.442214,1,liquidación TPV + cobros masivos,0.0694413,566,57,true,0.87042,0,0,0,0,0,0,0.0409127,43,76,31,0.115895,0,0.0592593,1.56668
COMP_1123,GROUP_0126,producto,comercio minorista | transporte / logística,2,comercio minorista,0.806229,días,Reserve · póliza | Yield · barrido | Factoring | FX Shield,-0.445825,0.808801,0.362976,1,liquidación TPV + cobros masivos,0.0849659,2066,983,true,0.440112,0,0,0,0,0,0,0.0973464,2,0,38,0.184151,0,0,11.1165
COMP_1124,GROUP_0148,mixto,comercio minorista | hostelería,2,comercio minorista,0.662157,días,Reserve · póliza | Yield · barrido | FX Shield,-0.043389,0.757536,0.714147,1,liquidación TPV + cobros masivos,0.410097,4677,4066,true,0.177664,0,0,0,0,0,0.0806464,0.0904431,0,29,24,0.964394,0,0,-0.165589
COMP_1125,GROUP_0063,servicio,servicios profesionales,1,servicios profesionales,0.527568,6 meses,Reserve · póliza | Yield · barrido,0.0735945,0.666736,0.74033,1,liquidación TPV + cobros masivos,0.367555,315,315,false,0,0,0,0,0,0,0.203812,0.00697374,,,,,,,0.0657224
COMP_1126,GROUP_0149,producto,comercio minorista | mayorista / distribución | construcción,3,comercio minorista,0.62253,días,Reserve · póliza | Factoring | Confirming | Seguro de cobro,-0.165771,0.813314,0.647543,1,liquidación TPV + cobros masivos,0.272683,2957,2681,true,0.000425732,0,0,0,0,0,0.0128914,0.122099,103,80,10,0.642925,0,0,0.275923
COMP_1127,GROUP_0108,producto,comercio minorista,1,comercio minorista,0.747373,días,Reserve · póliza | Yield · barrido | FX Shield,-0.366082,0.771163,0.405081,1,liquidación TPV + cobros masivos,0.299956,1530,1462,true,0.0343141,0,0,0,0,0,0.00488798,0.0357649,0,30,71,0.909638,0,0,1.22644
COMP_1128,GROUP_0085,producto,mayorista / distribución | construcción,2,mayorista / distribución,0.618634,12 meses,Reserve · póliza | Yield · barrido,-0.470539,0.678542,0.208003,1,liquidación TPV + cobros masivos,0.225604,255,250,false,0.029034,0,0,0,0,0,5.78594e-05,0,,,,,,,2.48826
COMP_1129,GROUP_0024,mixto,hostelería | servicios profesionales,2,hostelería,0.55321,6 meses,Reserve · póliza | Yield · barrido | FX Shield,-0.027942,0.626346,0.598404,1,liquidación TPV + cobros masivos,0.30915,15090,13384,false,0.145885,0,0,0,0,1,0.346692,0.00231453,,,,,,,0.311968
COMP_1130,GROUP_0126,producto,holding / tesorería | comercio minorista | construcción,3,holding / tesorería,0.664354,largo,Reserve · póliza | Yield · barrido | FX Shield,-0.387233,0.622204,0.234971,1,liquidación TPV + cobros masivos,0.259115,2064,1945,false,0.0156391,0,0,0,0,1,0.000912843,0.000347076,,,,,,,0.0691784
COMP_1131,GROUP_0143,servicio,servicios profesionales,1,servicios profesionales,0.554357,6 meses,Reserve · póliza | Yield · barrido,0.216738,0.639188,0.855926,1,liquidación TPV + cobros masivos,0.345104,2140,2108,false,0.00415655,0,0,0,0,0,0.128232,4.32773e-05,,,,,,,0.155607
COMP_1132,GROUP_0114,mixto,comercio minorista | hostelería,2,comercio minorista,0.638184,días,Reserve · póliza | Yield · barrido | FX Shield,-0.0300679,0.671914,0.641846,1,liquidación TPV + cobros masivos,0.372539,845,652,false,0.069376,0,0,0,0,0,0.0574625,0.079552,,,,,,,0.119352
COMP_1133,GROUP_0086,producto,comercio minorista,1,comercio minorista,0.829795,días,Reserve · póliza | FX Shield | Yield · barrido,-0.0807103,0.601077,0.520367,1,liquidación TPV + cobros masivos,0.159487,5770,1016,false,0.789521,0,0,0,0,0,0.00595323,0.759941,,,,,,,0.697431
COMP_1134,GROUP_0035,producto,comercio minorista,1,comercio minorista,0.732403,días,Reserve · póliza | FX Shield | Yield · barrido,-0.226468,0.746576,0.520108,1,liquidación TPV + cobros masivos,0.39004,1535,1268,true,0.0156469,0,0,0,0,0,0.0307345,0.0799177,3,6.5,22,0.361839,0,0,0.324037
COMP_1135,GROUP_0081,producto,comercio minorista,1,comercio minorista,0.78157,días,Reserve · póliza | FX Shield | Yield · barrido,-0.266246,0.745187,0.478941,1,liquidación TPV + cobros masivos,0.324331,11007,9256,true,0.102708,1,0,0,0,0,0.0178271,0.152466,2,5,91,0.849615,0,0,0.263817
COMP_1136,GROUP_0222,producto,comercio minorista,1,comercio minorista,0.684106,días,Yield · barrido | Reserve · póliza | FX Shield,-0.10397,0.808255,0.704286,1,liquidación TPV + cobros masivos,0.26315,1496,1233,true,0.175968,0,0,0,0,0,0.0599415,0.0235382,0,3,465,0.00567622,0,0,14.6737
COMP_1137,GROUP_0159,producto,holding / tesorería | mayorista / distribución | construcción,3,holding / tesorería,0.656483,largo,Reserve · póliza | Yield · barrido | FX Shield,-0.336636,0.609776,0.273141,1,liquidación TPV + cobros masivos,0.314161,155,152,false,0,0,0,0,0,0,0.00464258,0,,,,,,,1.38781
COMP_1138,GROUP_0155,producto,transporte / logística | comercio minorista,2,transporte / logística,0.78,días,Reserve · póliza | Factoring | FX Shield | Confirming,-0.400511,0.771904,0.371393,1,liquidación TPV + cobros masivos,0.131221,1769,239,true,0.767639,0,0,0,0,0,0,0.00692567,23,26,68,0.397451,0,0,0.0134776
COMP_1139,GROUP_0197,mixto,comercio minorista | hostelería,2,comercio minorista,0.660259,días,Reserve · póliza | Yield · barrido | FX Shield,0.0333486,0.769852,0.803201,1,liquidación TPV + cobros masivos,0.345531,4163,3901,true,0.0156212,0,0,0,0,0,0.174049,0.208136,0,30,29,0.991732,0,0.000811469,0.137966
COMP_1140,GROUP_0011,mixto,comercio minorista | hostelería,2,comercio minorista,0.566725,días,Reserve · póliza | Yield · barrido | FX Shield,0.0221875,0.695526,0.717714,1,liquidación TPV + cobros masivos,0.324654,673,363,false,0.217224,0,0,0,0,0,0.070707,0.0205171,,,,,,,0.323258
COMP_1141,GROUP_0009,producto,comercio minorista,1,comercio minorista,0.584145,días,Yield · barrido | Reserve · póliza | FX Shield,-0.110938,0.499793,0.388855,1,liquidación TPV + cobros masivos,0.363398,5219,1065,false,0.904776,0,0,0,0,0,8.64897e-05,0.000126093,,,,,,,37.9113
COMP_1142,GROUP_0202,mixto,construcción | mayorista / distribución | servicios profesionales,3,construcción,0.585247,6 meses,Factoring | Reserve · póliza | Confirming | Seguro de cobro,0.0114524,0.600443,0.611896,1,liquidación TPV + cobros masivos,0.202825,437,397,true,0.0364774,0,0,0,0,0,0.105488,0,,0,17,0.953599,0,0.184543,0.0404917
COMP_1143,GROUP_0079,servicio,servicios profesionales | industria,2,servicios profesionales,0.736711,6 meses,Factoring | Reserve · póliza | Yield · barrido | Confirming,0.216244,0.599883,0.816126,1,liquidación TPV + cobros masivos,0.24268,2039,1969,true,0.016208,0,0,0,0,1,0.343753,0,,,106,0.483491,0,0.124314,
COMP_1144,GROUP_0064,producto,mayorista / distribución | construcción,2,mayorista / distribución,0.606069,12 meses,Reserve · póliza | Yield · barrido,-0.434301,0.664664,0.230363,1,liquidación TPV + cobros masivos,0.134601,60,41,false,0.105365,0,0,0,0,0,0,0,,,,,,,267.471
COMP_1145,GROUP_0092,producto,comercio minorista,1,comercio minorista,0.761858,días,Yield · barrido | Reserve · póliza | FX Shield,-0.284965,0.676263,0.391299,1,liquidación TPV + cobros masivos,0.26609,546,444,false,0.0506194,0,0,0,0,0,0.0490538,0.245182,,,,,,,2.13389
COMP_1146,GROUP_0032,mixto,mayorista / distribución,1,mayorista / distribución,0.557864,12 meses,Reserve · póliza,-0.0624559,0.668186,0.60573,1,liquidación TPV + cobros masivos,0.188601,1211,786,false,0.433372,0,0,0,0,0,6.83793e-06,0,,,,,,,0.362411
COMP_1147,GROUP_0181,mixto,hostelería,1,hostelería,0.498944,6 meses,Yield · barrido | Reserve · póliza | FX Shield,-0.0360396,0.602527,0.566487,1,liquidación TPV + cobros masivos,0.260415,703,560,false,0.0566909,0,0,0,0,0,0.123505,0.000791707,,,,,,,2.09703
COMP_1148,GROUP_0165,producto,mayorista / distribución | comercio minorista | construcción,3,mayorista / distribución,0.586047,12 meses,Reserve · póliza | Yield · barrido | FX Shield,-0.493713,0.678542,0.184829,1,liquidación TPV + cobros masivos,0.0856718,56,54,false,0,0,0,0,0,0,0,3.18932e-05,,,,,,,
COMP_1149,GROUP_0057,producto,comercio minorista | industria | hostelería,3,comercio minorista,0.63694,días,Reserve · póliza | Yield · barrido | FX Shield | Factoring,-0.0999469,0.741162,0.641215,1,liquidación TPV + cobros masivos,0.378863,3034,2061,true,0.216257,0,0,0,0,0,0.0871021,0.0480386,25,5,62,0.730739,0,0,7.05547
COMP_1150,GROUP_0106,producto,comercio minorista,1,comercio minorista,0.7747,días,Yield · barrido | Reserve · póliza | FX Shield,-0.46292,0.722452,0.259533,1,liquidación TPV + cobros masivos,0.272905,1135,870,false,0.504359,0,0,0,0,0,0.00173443,0.0665903,,,,,,,19.2459
COMP_1151,GROUP_0016,producto,mayorista / distribución,1,mayorista / distribución,0.530537,12 meses,Reserve · póliza,-0.110256,0.553645,0.443389,1,liquidación TPV + cobros masivos,0.237287,126,89,false,0.316465,0,0,0,0,0,0,0,,,,,,,0.137309
COMP_1152,GROUP_0128,producto,comercio minorista,1,comercio minorista,0.813639,días,Reserve · póliza | Yield · barrido | FX Shield,-0.125595,0.730323,0.604728,1,liquidación TPV + cobros masivos,0.215412,14122,14109,false,4.94358e-05,0,0,0,0,0,0.000349937,0.136295,,,,,,,
COMP_1153,GROUP_0150,producto,comercio minorista | construcción,2,comercio minorista,0.671137,días,Reserve · póliza | Yield · barrido | FX Shield,-0.338766,0.50145,0.162684,1,liquidación TPV + cobros masivos,0.132164,158,24,false,0.716697,0,0,0,0,0,0,0.00330728,,,,,,,2.55573
COMP_1154,GROUP_0023,producto,construcción | mayorista / distribución,2,construcción,0.593943,6 meses,Reserve · póliza | Yield · barrido,-0.39758,0.536868,0.139288,1,liquidación TPV + cobros masivos,0.177555,77,60,false,0.0369326,0,0,0,0,0,0,0,,,,,,,8.1359
COMP_1155,GROUP_0150,producto,construcción | mayorista / distribución | industria,3,construcción,0.611052,12 meses,Factoring | Reserve · póliza | Confirming | Seguro de cobro,-0.225341,0.711272,0.485932,1,liquidación TPV + cobros masivos,0.235443,477,362,true,0.339767,0,0,0,0,0,0.175911,0.000636004,11.5,6.5,35,0.0536537,0,0,0.0984205
COMP_1156,GROUP_0141,producto,servicios profesionales | mayorista / distribución,2,servicios profesionales,0.72,6 meses,Factoring | Reserve · póliza | Yield · barrido | Confirming,-0.0839574,0.779146,0.695189,1,liquidación TPV + cobros masivos,0.333653,409,378,true,0.0012108,0,0,0,0,0,0.130717,0.000565091,3.5,7,39,0.131131,0,0.147208,1.64581
COMP_1157,GROUP_0150,servicio,servicios profesionales,1,servicios profesionales,0.564575,6 meses,Reserve · póliza | Yield · barrido,0.134088,0.612883,0.746971,1,liquidación TPV + cobros masivos,0.359555,1562,773,false,0.123786,0,0,0,0,0,0.493759,0.00152466,,,,,,,0.0100627
COMP_1158,GROUP_0222,producto,mayorista / distribución | construcción,2,mayorista / distribución,0.690663,12 meses,Factoring | Reserve · póliza | Confirming | Seguro de cobro,-0.383826,0.757708,0.373882,1,liquidación TPV + cobros masivos,0.208914,258,258,true,0,0,0,0,0,0,0.0234504,2.77745e-06,30,12,4,0.580782,0,0,0.163536
COMP_1159,GROUP_0235,producto,comercio minorista | hostelería | mayorista / distribución,3,comercio minorista,0.626769,días,Reserve · póliza | Yield · barrido | FX Shield | Factoring,-0.0914951,0.755325,0.663829,1,liquidación TPV + cobros masivos,0.35185,5466,4964,true,0.0594651,0,0,0,0,0,0.12052,0.0344596,15,335,668,0.0326136,0,0,
COMP_1160,GROUP_0158,producto,comercio minorista,1,comercio minorista,0.700756,días,Reserve · póliza | FX Shield | Yield · barrido,-0.132636,0.714167,0.581532,1,liquidación TPV + cobros masivos,0.463056,8076,6590,false,0.183385,0,0,0,0,0,0.0128106,0.0240012,,,,,,,0.000697747
COMP_1161,GROUP_0047,producto,mayorista / distribución,1,mayorista / distribución,0.719617,12 meses,Factoring | Confirming | Reserve · póliza | Seguro de cobro,-0.0928487,0.736537,0.643688,1,liquidación TPV + cobros masivos,0.310797,1806,540,true,0.55869,0,0,0,0,0,0.0683909,0,61,38,64,0.172171,0,0,1.90681
COMP_1162,GROUP_0116,producto,mayorista / distribución | construcción,2,mayorista / distribución,0.591026,12 meses,Factoring | Reserve · póliza | Confirming | Seguro de cobro,-0.355525,0.694055,0.33853,1,liquidación TPV + cobros masivos,0.181345,391,277,true,0.562305,0,0,0,0,0,0.000136932,0,0,3,22,0.597114,0,0,0.419835
COMP_1163,GROUP_0101,producto,comercio minorista | construcción,2,comercio minorista,0.660999,días,Reserve · póliza | Yield · barrido | Factoring | FX Shield,-0.151718,0.577504,0.425786,1,liquidación TPV + cobros masivos,0.283024,553,144,true,0.789296,0,0,0,0,0,0.0038543,0.00269037,0,27,12,0.552692,0,0.0235756,4.29155
COMP_1164,GROUP_0095,servicio,servicios profesionales | mayorista / distribución,2,servicios profesionales,0.600753,6 meses,Reserve · póliza | Yield · barrido,0.217829,0.53749,0.755318,1,liquidación TPV + cobros masivos,0.203885,279,236,false,0.0529029,0,1,0,0,0,0.500466,0,,,,,,,0.0972703
COMP_1165,GROUP_0108,producto,comercio minorista,1,comercio minorista,0.713721,días,Reserve · póliza | FX Shield | Yield · barrido,-0.351538,0.762528,0.41099,1,liquidación TPV + cobros masivos,0.329813,1543,1518,true,0.05554,0,0,0,0,0,0.00912775,0.0190978,0,8,104,0.763127,0,0,0.0372354
COMP_1166,GROUP_0086,producto,comercio minorista,1,comercio minorista,0.749016,días,Reserve · póliza | FX Shield | Yield · barrido,-0.423404,0.621168,0.197765,1,liquidación TPV + cobros masivos,0.161323,550,238,false,0.433553,0,0,0,0,0,0,0.0208124,,,,,,,0.581805
COMP_1167,GROUP_0212,producto,holding / tesorería | mayorista / distribución,2,holding / tesorería,0.639085,largo,Reserve · póliza | FX Shield | Yield · barrido,-0.262117,0.702568,0.440451,1,liquidación TPV + cobros masivos,0.319906,4630,4477,false,0.0642442,0,0,0,0,1,0,2.42683e-05,,,,,,,0.435142
COMP_1168,GROUP_0037,servicio,energía | servicios profesionales,2,energía,0.78,12 meses,Factoring | Reserve · póliza | FX Shield | Yield · barrido,0.117752,0.725348,0.843099,1,liquidación TPV + cobros masivos,0.38614,1788,1583,true,0.00541445,0,0,0,0,0,0.144287,0.00187359,30,17,48,0.937356,0,0.111359,0.0705752
COMP_1169,GROUP_0095,mixto,mayorista / distribución | industria,2,mayorista / distribución,0.677549,12 meses,Factoring | Confirming | Reserve · póliza | Seguro de cobro,0.0369475,0.667786,0.704734,1,liquidación TPV + cobros masivos,0.397542,3975,3080,true,0.098509,0,1,0,0,1,0.16267,0.000742708,90,12,40,0.240061,0,0,0.149525
COMP_1170,GROUP_0090,producto,construcción | mayorista / distribución | comercio minorista,3,construcción,0.6527,6 meses,Reserve · póliza | Factoring | Confirming | Seguro de cobro,-0.398753,0.702852,0.304099,1,liquidación TPV + cobros masivos,0.21614,207,155,true,0.218725,0,0,0,0,0,0.00130428,4.4763e-05,24,28.5,3,1,0,0,0.198408
COMP_1171,GROUP_0139,producto,construcción | energía | mayorista / distribución,3,construcción,0.790709,12 meses,Factoring | Reserve · póliza | FX Shield | Confirming,-0.0973432,0.825075,0.727732,1,liquidación TPV + cobros masivos,0.41405,1122,1024,true,0.0473484,0,1,1,0,0,0.0995499,0.030628,61,17,64,0.0840634,0,0.0616288,0.000585077
COMP_1172,GROUP_0053,mixto,comercio minorista | hostelería,2,comercio minorista,0.668996,días,Reserve · póliza | Yield · barrido | FX Shield,-0.0376698,0.725757,0.688087,1,liquidación TPV + cobros masivos,0.291137,3823,3246,true,0.212996,0,0,0,0,0,0.051582,0.0777242,0,2,266,0.211308,0,0,0.965104
COMP_1173,GROUP_0202,mixto,alquiler / inmobiliario,1,alquiler / inmobiliario,0.78,largo,Reserve · póliza | Yield · barrido | Seguro de cobro,-0.0536464,0.70465,0.651004,1,liquidación TPV + cobros masivos,0.288792,1324,1187,true,0.186872,0,0,0,0,0,0.167503,0.000418088,0,0,74,0.836089,0,0.0595238,0.148811
COMP_1174,GROUP_0148,mixto,hostelería | comercio minorista | construcción,3,hostelería,0.607684,6 meses,Reserve · póliza | Factoring | Yield · barrido | FX Shield,-0.0668294,0.756782,0.689953,1,liquidación TPV + cobros masivos,0.407056,1978,1588,true,0.150601,0,0,0,0,0,0.153608,0.12419,39,31,12,0.715849,0,0,0.00294432
COMP_1175,GROUP_0196,producto,mayorista / distribución | construcción,2,mayorista / distribución,0.714656,12 meses,Factoring | Reserve · póliza | Confirming | Seguro de cobro,-0.410931,0.744457,0.333526,1,liquidación TPV + cobros masivos,0.134615,56,56,true,0,0,0,0,0,0,0.00225895,0,57,0,3,1,0,0,0.724905
COMP_1176,GROUP_0184,mixto,mayorista / distribución,1,mayorista / distribución,0.594342,12 meses,Factoring | Reserve · póliza | Confirming | Seguro de cobro,-0.0682838,0.785156,0.716872,1,liquidación TPV + cobros masivos,0.359201,1516,1398,true,0.111957,0,0,0,0,0,0.06918,0.00510005,30,8,145,0.184735,0,0,0.00609401
COMP_1177,GROUP_0120,servicio,holding / tesorería,1,holding / tesorería,0.469522,largo,Reserve · póliza | FX Shield | Yield · barrido,0.0898946,0.638798,0.728693,1,liquidación TPV + cobros masivos,0.382767,1731,1688,true,0.0114015,0,0,0,0,0,0.0751673,2.19041e-05,0,37,121,0.193295,0.430574,0,-7.15414e-17
COMP_1178,GROUP_0159,producto,comercio minorista,1,comercio minorista,0.665338,días,Reserve · póliza | FX Shield | Yield · barrido,-0.213873,0.753521,0.539649,1,liquidación TPV + cobros masivos,0.484022,18498,17336,false,0.0181211,0,0,0,0,0,0.045254,0.0228495,,,,,,,0.0392393
COMP_1179,GROUP_0239,producto,comercio minorista,1,comercio minorista,0.777185,días,Yield · barrido | Reserve · póliza | FX Shield,-0.139491,0.799503,0.660012,1,liquidación TPV + cobros masivos,0.177235,246,134,false,0.438855,0,0,0,0,0,0.0399017,0.333052,,,,,,,2.02091
COMP_1180,GROUP_0103,mixto,mayorista / distribución,1,mayorista / distribución,0.515748,12 meses,Reserve · póliza,-0.0523994,0.692212,0.639813,1,liquidación TPV + cobros masivos,0.39649,681,679,false,0,0,0,0,0,0,0.0503002,0.000356009,,,,,,,0.677268
COMP_1181,GROUP_0009,mixto,,0,,,,,-0.0478263,0.453604,0.405778,1,liquidación TPV + cobros masivos,0.174526,995,58,false,0.965991,0,0,0,0,0,0,0,,,,,,,2.73563
COMP_1182,GROUP_0022,producto,hostelería | software / suscripción | transporte / logística,3,hostelería,0.78,6 meses,Yield · barrido | Reserve · póliza | FX Shield | Factoring,-0.0919289,0.695118,0.603189,1,liquidación TPV + cobros masivos,0.356669,5910,4660,true,0.0611788,0,0,0,0,1,0.085138,0.00049773,26,28,118,0.113219,0,0.137503,2.53778
COMP_1183,GROUP_0018,mixto,alquiler / inmobiliario,1,alquiler / inmobiliario,0.78,largo,Yield · barrido | Reserve · póliza | Seguro de cobro,-0.0463744,0.54493,0.498556,1,liquidación TPV + cobros masivos,0.21331,122,96,true,0.563424,0,0,0,0,0,0,0,10,30,3,0.65745,0,0.113636,6072.62
COMP_1184,GROUP_0211,producto,hostelería | comercio minorista,2,hostelería,0.78,6 meses,Reserve · póliza | Yield · barrido | FX Shield,-0.09942,0.654063,0.554643,1,liquidación TPV + cobros masivos,0.194043,648,170,true,0.714329,0,0,0,0,0,0,0.0691704,30,25,138,0.149682,0,0.11859,0.598363
COMP_1185,GROUP_0126,producto,transporte / logística,1,transporte / logística,0.78,días,Factoring | Reserve · póliza | Confirming,-0.217625,0.675209,0.457584,1,liquidación TPV + cobros masivos,0.247162,16841,16356,true,6.58822e-06,0,0,0,0,1,6.95507e-05,3.70195e-07,31,44,80,0.273272,0,0,0.00742404
COMP_1186,GROUP_0135,servicio,servicios profesionales,1,servicios profesionales,0.48062,6 meses,Yield · barrido | Reserve · póliza,0.128561,0.443455,0.572016,1,liquidación TPV + cobros masivos,0.149476,59,48,false,0.392828,0,0,0,0,0,0,0,,,,,,,351490
COMP_1187,GROUP_0179,insuficiente,,0,,,,,,,,,sin cobertura,,5,2,false,0.546473,0,0,0,0,0,0,0,,,,,,,0.211517
COMP_1188,GROUP_0004,servicio,servicios profesionales | construcción | mayorista / distribución,3,servicios profesionales,0.596207,6 meses,Factoring | Reserve · póliza | Confirming | Seguro de cobro,0.133489,0.588319,0.721808,1,liquidación TPV + cobros masivos,0.15253,168,160,true,0.0339169,0,0,0,0,0,0.595284,0,67,30.5,3,0.504598,0,0.0704225,0.0145498
COMP_1189,GROUP_0159,mixto,hostelería,1,hostelería,0.561703,6 meses,Yield · barrido | Reserve · póliza | FX Shield,0.0382022,0.646852,0.685054,1,liquidación TPV + cobros masivos,0.297628,460,430,false,0.0440662,0,0,0,0,0,0.244114,0.00696853,,,,,,,172.974
COMP_1190,GROUP_0119,producto,mayorista / distribución | construcción,2,mayorista / distribución,0.668667,12 meses,Factoring | Reserve · póliza | Confirming | Seguro de cobro,-0.215054,0.699109,0.484056,1,liquidación TPV + cobros masivos,0.170524,489,87,true,0.70007,0,0,0,0,0,0,0,38,30,33,0.130213,0,0,0.647494
COMP_1191,GROUP_0139,producto,software / suscripción | alquiler / inmobiliario | mayorista / distribución,3,software / suscripción,0.78,largo,Reserve · póliza | Yield · barrido | Factoring | FX Shield,-0.149361,0.792501,0.64314,1,liquidación TPV + cobros masivos,0.42356,1192,1055,true,0.0668603,0,1,1,0,0,0.0921612,0.00513191,51,26,84,0.0943335,0,0.044385,0.217679
COMP_1192,GROUP_0094,producto,comercio minorista | hostelería | software / suscripción,3,comercio minorista,0.825238,días,Yield · barrido | Reserve · póliza | FX Shield,-0.24768,0.742065,0.494385,1,liquidación TPV + cobros masivos,0.224259,1217,468,true,0.574922,0,0,0,0,0,0.00568888,0.461887,,22,12,,0,0.071066,
COMP_1193,GROUP_0081,mixto,servicios profesionales | comercio minorista | hostelería,3,servicios profesionales,0.60201,6 meses,Yield · barrido | Reserve · póliza | FX Shield | Factoring,-0.0596276,0.754926,0.695298,1,liquidación TPV + cobros masivos,0.329408,412,383,true,0.0260007,0,0,0,0,0,0.128494,0.012818,2,1,18,0.405268,0,0.468439,2.81309
COMP_1194,GROUP_0230,producto,comercio minorista | construcción,2,comercio minorista,0.655759,días,Reserve · póliza | Factoring | FX Shield | Seguro de cobro,-0.138207,0.688417,0.55021,1,liquidación TPV + cobros masivos,0.19102,1893,258,true,0.848654,0,0,0,0,0,0.00157904,0.142538,82,61,114,0.181264,0,0,-1.73096
COMP_1195,GROUP_0171,mixto,mayorista / distribución | construcción,2,mayorista / distribución,0.58101,12 meses,Factoring | Reserve · póliza | Confirming | Seguro de cobro,-0.0339168,0.716688,0.682772,1,liquidación TPV + cobros masivos,0.345029,6572,6363,true,0.0274077,0,0,0,0,1,0.0483748,0.00593374,117,0,340,0.010871,0,0,0.450801
COMP_1196,GROUP_0222,producto,comercio minorista,1,comercio minorista,0.71699,días,Yield · barrido | Reserve · póliza | FX Shield,-0.174597,0.862607,0.68801,1,liquidación TPV + cobros masivos,0.328565,733,668,true,0.0904007,0,0,0,0,0,0.0801288,0.0863691,0,14,113,0.0158997,0,0,5.83635
COMP_1197,GROUP_0217,mixto,energía,1,energía,0.78,12 meses,FX Shield | Factoring | Yield · barrido | Reserve · póliza,-0.0239792,0.719213,0.695234,1,liquidación TPV + cobros masivos,0.325701,1115,1063,true,0.0135035,0,0,0,0,0,0,0.000146931,29.5,30,15,0.617465,0,0.0795107,2.94375
COMP_1198,GROUP_0218,mixto,software / suscripción,1,software / suscripción,0.78,largo,Yield · barrido | FX Shield | Reserve · póliza,-0.0263506,0.744833,0.718483,1,liquidación TPV + cobros masivos,0.476278,3908,3861,true,0.0002217,0,0,0,0,0,0.0866402,0.0101721,30,30,92,0.212696,0,0.0156538,2.48128
COMP_1199,GROUP_0016,producto,construcción | comercio minorista,2,construcción,0.69792,6 meses,Reserve · póliza | Factoring | FX Shield | Seguro de cobro,-0.390207,0.723229,0.333022,1,liquidación TPV + cobros masivos,0.271104,292,228,true,0.00251937,0,0,0,0,0,0.00737498,0.0742327,30,30,11,0.590112,0,0,0.0171153
COMP_1200,GROUP_0138,mixto,holding / tesorería | servicios profesionales | construcción,3,holding / tesorería,0.550642,6 meses,Reserve · póliza | Yield · barrido | FX Shield,0.00448512,0.494615,0.4991,1,liquidación TPV + cobros masivos,0.167549,61,61,false,0,0,0,0,0,0,0.270522,0,,,,,,,0.431906
COMP_1201,GROUP_0211,producto,mayorista / distribución,1,mayorista / distribución,0.609659,12 meses,Yield · barrido | Reserve · póliza,-0.244522,0.68662,0.442098,1,liquidación TPV + cobros masivos,0.192199,604,74,false,0.592104,0,0,0,0,0,0,0,,,,,,,6.43989
COMP_1202,GROUP_0115,mixto,hostelería | comercio minorista,2,hostelería,0.638753,6 meses,Reserve · póliza | Yield · barrido | FX Shield,0.0112389,0.737572,0.748811,1,liquidación TPV + cobros masivos,0.402419,5107,4853,false,0.0199167,0,0,0,0,0,0.315652,0.143365,,,,,,,0.00467036
COMP_1203,GROUP_0216,mixto,,0,,,,,-0.0148272,0.456504,0.441677,1,liquidación TPV + cobros masivos,0.206761,2238,706,false,0.919342,0,0,0,1,0,0,0,,,,,,,-1.53453
COMP_1204,GROUP_0100,producto,software / suscripción | transporte / logística,2,software / suscripción,0.78,largo,Yield · barrido | Reserve · póliza | Factoring | FX Shield,-0.145318,0.786132,0.640814,1,liquidación TPV + cobros masivos,0.448603,2165,1835,true,0.122097,0,0,0,0,1,0.100721,0.0614457,30,34,19,0.298098,0,0.000292569,8.81201
COMP_1205,GROUP_0011,producto,comercio minorista,1,comercio minorista,0.697235,días,Reserve · póliza | FX Shield | Yield · barrido,-0.119711,0.833679,0.713968,1,liquidación TPV + cobros masivos,0.275664,583,416,false,0.273611,0,0,0,0,0,0.0696669,0.0664525,,,,,,,-0.0345079
COMP_1206,GROUP_0084,producto,comercio minorista,1,comercio minorista,0.691704,días,Reserve · póliza | Yield · barrido | FX Shield,-0.11522,0.822025,0.706805,1,liquidación TPV + cobros masivos,0.340219,2252,1134,true,0.0682388,0,0,0,0,0,0.0470845,0.0523617,7,0,12,0.710307,0,0.0060241,1.53142
COMP_1207,GROUP_0132,producto,construcción | comercio minorista,2,construcción,0.707934,6 meses,Reserve · póliza | Factoring | FX Shield | Seguro de cobro,-0.277001,0.702492,0.425492,1,liquidación TPV + cobros masivos,0.201157,2586,271,true,0.890241,0,0,0,0,0,0,0.0714431,106,87,97,0.364681,0,0.026563,-2.85453e-16
COMP_1208,GROUP_0104,mixto,mayorista / distribución | hostelería | comercio minorista,3,mayorista / distribución,0.623273,12 meses,Reserve · póliza | Factoring | Yield · barrido | FX Shield,-0.00196306,0.778319,0.776356,1,liquidación TPV + cobros masivos,0.376973,1676,1440,true,0.102664,0,1,0,0,1,0.24365,0.0532971,30,41,74,0.0846874,0,0,0.377037
COMP_1209,GROUP_0079,servicio,hostelería | servicios profesionales,2,hostelería,0.78,6 meses,Reserve · póliza | Factoring | Yield · barrido | FX Shield,0.188332,0.705348,0.89368,1,liquidación TPV + cobros masivos,0.343194,725,662,true,0.0327971,0,0,0,0,0,0.296129,0.0079965,30,30,45,0.341965,0,0.226615,0.157755
COMP_1210,GROUP_0015,producto,construcción | mayorista / distribución,2,construcción,0.696208,6 meses,Factoring | Reserve · póliza | Confirming | Seguro de cobro,-0.421832,0.706942,0.28511,1,liquidación TPV + cobros masivos,0.201201,85,78,true,0.0381552,0,0,0,0,0,0,0,,4,1,1,0,0,83.3604
COMP_1211,GROUP_0103,producto,comercio minorista | construcción,2,comercio minorista,0.67383,días,Reserve · póliza | Yield · barrido | FX Shield,-0.439922,0.692212,0.25229,1,liquidación TPV + cobros masivos,0.329755,966,931,false,0.000553109,0,0,0,0,0,0.0041517,0.00899715,,,,,,,12.6774
COMP_1212,GROUP_0118,servicio,servicios profesionales,1,servicios profesionales,0.519088,6 meses,Factoring | Reserve · póliza | Yield · barrido,0.110232,0.595362,0.705595,1,liquidación TPV + cobros masivos,0.258996,3610,3522,true,0.0028376,0,0,0,0,0,0.303677,1.82906e-05,10,7,759,0.0271994,0,0,0.0028506
COMP_1213,GROUP_0158,servicio,hostelería,1,hostelería,0.517357,6 meses,Reserve · póliza | FX Shield | Yield · barrido,0.216089,0.633803,0.849892,1,liquidación TPV + cobros masivos,0.42495,5752,5441,false,0.118915,0,0,0,0,0,0.170063,0.0531725,,,,,,,2.87925e-16
COMP_1214,GROUP_0100,producto,construcción | holding / tesorería | mayorista / distribución,3,construcción,0.600993,6 meses,Factoring | Reserve · póliza | FX Shield | Confirming,-0.262968,0.567627,0.304659,1,liquidación TPV + cobros masivos,0.157474,100,96,true,0.00278432,0,0,0,0,0,0,0,3,8,1,1,0,0,0.962977
COMP_1215,GROUP_0168,mixto,holding / tesorería | servicios profesionales,2,holding / tesorería,0.571769,largo,Reserve · póliza | Yield · barrido | FX Shield,0.0696536,0.555095,0.624749,1,liquidación TPV + cobros masivos,0.281263,14645,14110,false,0.0209895,0,0,0,0,0,0.169227,5.62599e-06,,,,,,,0.530564
COMP_1216,GROUP_0127,producto,comercio minorista | mayorista / distribución,2,comercio minorista,0.734725,días,Reserve · póliza | FX Shield | Yield · barrido,-0.0831165,0.800746,0.717629,1,liquidación TPV + cobros masivos,0.418086,5243,4612,false,0.0469402,0,1,1,0,1,0.0162025,0.0579125,,,,,,,0.688361
COMP_1217,GROUP_0144,mixto,servicios profesionales | mayorista / distribución | construcción,3,servicios profesionales,0.604525,6 meses,Factoring | Reserve · póliza | Confirming | Seguro de cobro,0.0421388,0.676595,0.718733,1,liquidación TPV + cobros masivos,0.239052,53,52,true,0.000374744,0,0,0,0,0,0.14641,0.000680268,30,15,1,1,0,0.0384615,0.281417
COMP_1218,GROUP_0084,mixto,mayorista / distribución,1,mayorista / distribución,0.641179,12 meses,Factoring | Confirming | Reserve · póliza | Seguro de cobro,-0.0236054,0.750931,0.727325,1,liquidación TPV + cobros masivos,0.309805,362,361,true,0,0,0,0,0,0,0.0598153,0,,1,2,,0,0,1.07507
COMP_1219,GROUP_0142,producto,construcción | mayorista / distribución | comercio minorista,3,construcción,0.570757,6 meses,Reserve · póliza | Factoring | Confirming | Seguro de cobro,-0.19801,0.708117,0.510106,1,liquidación TPV + cobros masivos,0.317637,1597,910,true,0.0485551,0,0,0,0,1,0.084827,0.000703858,4,9,51,0.0260773,0,0,0.75877
COMP_1220,GROUP_0169,insuficiente,,0,,,,,,,,,sin cobertura,,284,19,false,0.690471,0,0,0,0,0,0,0.92376,,,,,,,0.0648319
COMP_1221,GROUP_0169,producto,comercio minorista | mayorista / distribución,2,comercio minorista,0.598436,días,Reserve · póliza | Yield · barrido | FX Shield,-0.181512,0.724316,0.542804,1,liquidación TPV + cobros masivos,0.246752,8706,1294,false,0.75874,0,0,0,0,0,0.0287688,0.00345933,,,,,,,5.49295
COMP_1222,GROUP_0137,producto,alquiler / inmobiliario | comercio minorista,2,alquiler / inmobiliario,0.78,largo,Reserve · póliza | Yield · barrido | FX Shield | Seguro de cobro,-0.192848,0.722304,0.529456,1,liquidación TPV + cobros masivos,0.240024,3064,2284,true,0.371528,0,0,0,0,0,0,0.0230004,,29,1,,0,0.125,0.303402
COMP_1223,GROUP_0141,servicio,servicios profesionales,1,servicios profesionales,0.72,6 meses,Factoring | Reserve · póliza | Yield · barrido,0.182727,0.664245,0.846973,1,liquidación TPV + cobros masivos,0.331051,4554,4472,true,0.00422712,0,0,0,0,0,0.133819,9.89444e-05,7,6,217,0.109141,0,0.101538,0.121202
COMP_1224,GROUP_0143,servicio,servicios profesionales | mayorista / distribución,2,servicios profesionales,0.509719,6 meses,Factoring | Reserve · póliza | Confirming | Yield · barrido,0.0727154,0.742227,0.814942,1,liquidación TPV + cobros masivos,0.333901,1509,1410,true,0.0523829,0,0,0,0,0,0.251741,4.83607e-05,0,0,58,0.165319,0,0,-0.0191066
COMP_1225,GROUP_0044,producto,comercio minorista | construcción,2,comercio minorista,0.743509,días,Reserve · póliza | Factoring | FX Shield | Seguro de cobro,-0.269363,0.691791,0.422427,1,liquidación TPV + cobros masivos,0.209315,2450,2161,true,0.000554105,0,0,0,0,0,0.000162374,0.498724,30,30,17,0.228892,0,0,-0.00015765
COMP_1226,GROUP_0160,insuficiente,,0,,,,,,,,,sin cobertura,,21,13,true,0.0704564,0,0,0,0,0,0,0,30,0,1,1,0,0.407407,117.646
COMP_1227,GROUP_0244,producto,construcción | holding / tesorería | mayorista / distribución,3,construcción,0.700842,6 meses,Factoring | Reserve · póliza | FX Shield | Confirming,-0.323544,0.608711,0.285168,1,liquidación TPV + cobros masivos,0.24184,267,248,true,0.266438,0,0,0,0,0,0,0,30,0,2,1,0,0,0.0928391
COMP_1228,GROUP_0049,servicio,servicios profesionales,1,servicios profesionales,0.597715,6 meses,Yield · barrido | Reserve · póliza,0.241975,0.474524,0.716499,1,liquidación TPV + cobros masivos,0.234495,422,358,false,0.0306516,0,0,0,0,0,0.464347,0,,,,,,,2.42796
COMP_1229,GROUP_0009,insuficiente,,0,,,,,,,,,sin cobertura,,137,5,false,0.998924,0,0,0,0,0,0,0,,,,,,,0.262414
COMP_1230,GROUP_0019,mixto,construcción | mayorista / distribución,2,construcción,0.75,6 meses,Factoring | Reserve · póliza | Confirming | Seguro de cobro,-0.0668161,0.764013,0.697197,1,liquidación TPV + cobros masivos,0.400819,1095,930,true,0.153928,0,1,0,0,1,0.204755,0.00337256,65,40,122,0.0698818,0.0157928,0,1.68217
COMP_1231,GROUP_0234,mixto,mayorista / distribución,1,mayorista / distribución,0.51782,12 meses,Yield · barrido | Reserve · póliza,-0.034888,0.631732,0.596844,1,liquidación TPV + cobros masivos,0.21308,376,121,false,0.361464,0,0,0,0,0,0.000150765,0,,,,,,,2.51895
COMP_1232,GROUP_0237,producto,hostelería | transporte / logística | mayorista / distribución,3,hostelería,0.78,6 meses,Reserve · póliza | Factoring | Confirming | Yield · barrido,-0.290652,0.738226,0.447574,1,liquidación TPV + cobros masivos,0.215746,265,218,true,0.134029,0,0,0,0,1,0,0,30,30,13,0.362629,0,0,1.43766
COMP_1233,GROUP_0208,producto,comercio minorista,1,comercio minorista,0.713805,días,Reserve · póliza | FX Shield | Yield · barrido,-0.153288,0.727009,0.573721,1,liquidación TPV + cobros masivos,0.316361,2955,869,false,0.587695,0,0,0,0,0,0.00100711,0.0166019,,,,,,,0.259482
COMP_1234,GROUP_0142,producto,comercio minorista,1,comercio minorista,0.756099,días,Reserve · póliza | FX Shield | Yield · barrido,-0.369768,0.770142,0.400374,1,liquidación TPV + cobros masivos,0.30559,1890,1761,true,0.00409164,0,0,0,0,0,0.0353696,0.233751,5,8,20,0.204595,0,0,0.0966145
COMP_1235,GROUP_0054,servicio,software / suscripción | transporte / logística | alquiler / inmobiliario,3,software / suscripción,0.78,largo,Reserve · póliza | Yield · barrido | Factoring | FX Shield,0.263593,0.66022,0.923813,1,liquidación TPV + cobros masivos,0.270077,1412,1347,true,0.00665489,0,0,0,0,0,0.468506,0,30,29,434,0.019828,0,0.0392562,0.0169273
COMP_1236,GROUP_0157,producto,comercio minorista | hostelería | construcción,3,comercio minorista,0.635195,6 meses,Reserve · póliza | Factoring | Yield · barrido | FX Shield,-0.183521,0.761565,0.578045,1,liquidación TPV + cobros masivos,0.410118,1942,1638,true,0.0407822,0,0,0,0,0,0.0984509,0.0112733,0,0,483,0.322779,0,0,0.0815278
COMP_1237,GROUP_0206,producto,comercio minorista | mayorista / distribución | construcción,3,comercio minorista,0.643331,días,Reserve · póliza | Factoring | Yield · barrido | Confirming,-0.21691,0.767136,0.550225,1,liquidación TPV + cobros masivos,0.327958,6508,5520,true,0.216212,0,0,0,0,1,0.0144676,0.00398959,1,13,453,0.0908249,0,0.0100905,
COMP_1238,GROUP_0142,producto,mayorista / distribución | construcción | industria,3,mayorista / distribución,0.648187,12 meses,Factoring | Reserve · póliza | Confirming | Seguro de cobro,-0.232629,0.738738,0.506109,1,liquidación TPV + cobros masivos,0.250295,175,171,true,0.111897,0,0,0,0,0,0.0933857,0,21,14,2,0.952873,0,0,0.0994631
COMP_1239,GROUP_0250,producto,holding / tesorería | mayorista / distribución | construcción,3,holding / tesorería,0.56278,largo,Factoring | Reserve · póliza | Yield · barrido | FX Shield,-0.195251,0.624838,0.429587,1,liquidación TPV + cobros masivos,0.281161,97,91,true,0.00231599,0,0,0,0,0,0,0,6,55,2,0.889094,0,0,31.7167
COMP_1240,GROUP_0250,producto,holding / tesorería | mayorista / distribución | construcción,3,holding / tesorería,0.562652,largo,Factoring | Reserve · póliza | Yield · barrido | FX Shield,-0.191289,0.624941,0.433652,1,liquidación TPV + cobros masivos,0.274948,98,94,true,0.000528672,0,0,0,0,0,0,0,6.5,80.5,2,0.8891,0,0,51.1271
COMP_1241,GROUP_0250,producto,holding / tesorería | construcción | mayorista / distribución,3,holding / tesorería,0.561488,largo,Factoring | Reserve · póliza | Yield · barrido | FX Shield,-0.193506,0.625375,0.431869,1,liquidación TPV + cobros masivos,0.282906,106,96,true,0.00132028,0,0,0,0,0,0,0,7,55,2,0.8891,0,0,51.2546
COMP_1242,GROUP_0122,mixto,construcción | servicios profesionales | mayorista / distribución,3,construcción,0.588956,6 meses,Factoring | Reserve · póliza | Confirming | Seguro de cobro,-0.0661618,0.582064,0.515902,1,liquidación TPV + cobros masivos,0.249002,253,59,true,0.759701,0,0,0,0,0,0,0,48,19.5,23,0.291886,0,0.0628019,0.80878
COMP_1243,GROUP_0104,producto,construcción | hostelería | mayorista / distribución,3,construcción,0.658568,6 meses,Reserve · póliza | Factoring | Confirming | Seguro de cobro,-0.146955,0.760956,0.614001,1,liquidación TPV + cobros masivos,0.320265,904,655,true,0.0849457,0,0,0,0,0,0.159681,0.059165,60,61,32,0.970079,0,0,0.0447749
COMP_1244,GROUP_0013,producto,construcción,1,construcción,0.519658,6 meses,Factoring | Reserve · póliza | Seguro de cobro,-0.126508,0.569012,0.442504,1,liquidación TPV + cobros masivos,0.26049,303,301,true,0,0,0,0,0,0,0,0,0,0,21,0.344654,0,0,0.15181
COMP_1245,GROUP_0022,producto,hostelería | mayorista / distribución | construcción,3,hostelería,0.78,6 meses,Reserve · póliza | Factoring | Yield · barrido | Confirming,-0.268535,0.750722,0.482187,1,liquidación TPV + cobros masivos,0.214132,128,117,true,0.275925,0,0,0,0,1,0,4.12435e-07,67,23,22,0.190213,0,0.209302,
COMP_1246,GROUP_0138,servicio,servicios profesionales,1,servicios profesionales,0.593434,6 meses,Reserve · póliza | Yield · barrido,0.31538,0.527341,0.84272,1,liquidación TPV + cobros masivos,0.270552,751,716,false,0.0182391,0,0,0,0,0,0.380235,0,,,,,,,0.400179
COMP_1247,GROUP_0217,producto,construcción | holding / tesorería,2,construcción,0.683574,6 meses,Reserve · póliza | Factoring | FX Shield | Yield · barrido,-0.216388,0.601363,0.384975,1,liquidación TPV + cobros masivos,0.231175,118,101,true,0.005817,0,0,0,0,0,0,0,,30,0,,0,0.027027,0.0475046
COMP_1248,GROUP_0066,mixto,comercio minorista,1,comercio minorista,0.546841,días,Reserve · póliza | Yield · barrido | FX Shield,-0.01249,0.622411,0.609921,1,liquidación TPV + cobros masivos,0.432876,2353,598,false,0.699247,0,0,0,0,0,0.0378914,0.00768151,,,,,,,1.11862
COMP_1249,GROUP_0090,producto,comercio minorista | hostelería | mayorista / distribución,3,comercio minorista,0.666795,días,Reserve · póliza | Factoring | Yield · barrido | FX Shield,-0.173365,0.860123,0.686758,1,liquidación TPV + cobros masivos,0.408946,3131,2265,true,0.190502,0,0,0,0,1,0.0921857,0.0934587,20,30,76,0.118662,0,0.000358295,0.219368
COMP_1250,GROUP_0065,producto,hostelería | alquiler / inmobiliario,2,hostelería,0.78,6 meses,Yield · barrido | Reserve · póliza | FX Shield | Seguro de cobro,-0.34368,0.887897,0.544217,1,liquidación TPV + cobros masivos,0.306393,1899,1788,true,0.0105725,0,0,0,0,0,0.0121739,0.0210434,26,36,35,0.19075,0,0.232406,1.13637
COMP_1251,GROUP_0217,insuficiente,,0,,,,,,,,,sin cobertura,,28,22,true,0.00102038,0,0,0,0,0,0,0,,30,0,,0,0,141.018
COMP_1252,GROUP_0070,producto,mayorista / distribución | construcción | industria,3,mayorista / distribución,0.599741,12 meses,Factoring | Reserve · póliza | Confirming | Seguro de cobro,-0.261684,0.725117,0.463432,1,liquidación TPV + cobros masivos,0.294785,1168,992,true,0.213116,0,0,0,0,0,0.0195563,0,0,56,1,1,0,0,7.14727
COMP_1253,GROUP_0096,servicio,servicios profesionales,1,servicios profesionales,0.739448,6 meses,Factoring | Yield · barrido | Reserve · póliza,0.157132,0.576255,0.733386,1,liquidación TPV + cobros masivos,0.144466,149,125,true,0.000848237,0,0,0,0,0,0.770348,0,0,3.5,3,1,0,0.630435,1.13645
COMP_1254,GROUP_0040,mixto,holding / tesorería,1,holding / tesorería,0.67906,largo,Reserve · póliza | FX Shield | Yield · barrido,0.0677071,0.466653,0.53436,1,liquidación TPV + cobros masivos,0.267468,106,37,false,0.460595,0,0,0,0,0,0,0,,,,,,,0.429443
COMP_1255,GROUP_0194,producto,mayorista / distribución | construcción,2,mayorista / distribución,0.606621,12 meses,Reserve · póliza,-0.459416,0.700497,0.241081,1,liquidación TPV + cobros masivos,0.21948,105,26,false,0.684479,0,0,0,0,0,0.00316462,0,,,,,,,
COMP_1256,GROUP_0079,servicio,servicios profesionales,1,servicios profesionales,0.701314,6 meses,Yield · barrido | Factoring | Reserve · póliza,0.120817,0.611651,0.732468,1,liquidación TPV + cobros masivos,0.238283,585,500,true,0.0395946,0,0,0,0,0,0.510546,0,31,61.5,62,0.266304,0,0.0365672,23.0295
COMP_1257,GROUP_0222,producto,mayorista / distribución | construcción | industria,3,mayorista / distribución,0.679137,12 meses,Factoring | Reserve · póliza | Confirming | Seguro de cobro,-0.107085,0.757735,0.650651,1,liquidación TPV + cobros masivos,0.301529,452,376,true,0.000270423,0,0,0,0,0,0.102661,8.69051e-06,30,4,3,1,0,0,3.80607
COMP_1258,GROUP_0056,mixto,hostelería | comercio minorista,2,hostelería,0.625911,6 meses,Reserve · póliza | Yield · barrido | FX Shield,0.0336353,0.787664,0.821299,1,liquidación TPV + cobros masivos,0.339056,657,601,true,0.0719493,0,0,0,0,1,0.299169,0.0829614,,6.5,2,0.500525,0,0,0.261132
COMP_1259,GROUP_0151,producto,mayorista / distribución,1,mayorista / distribución,0.597646,12 meses,Reserve · póliza,-0.254585,0.688691,0.434106,1,liquidación TPV + cobros masivos,0.239915,39,38,false,0,0,0,0,0,0,0,0,,,,,,,0.00458166
COMP_1260,GROUP_0011,producto,comercio minorista,1,comercio minorista,0.751916,días,Reserve · póliza | FX Shield | Yield · barrido,-0.157899,0.803438,0.64554,1,liquidación TPV + cobros masivos,0.358885,1530,952,false,0.252744,0,0,0,0,1,0.0639552,0.236076,,,,,,,0.239882
COMP_1261,GROUP_0011,producto,comercio minorista,1,comercio minorista,0.735139,días,Reserve · póliza | FX Shield | Yield · barrido,-0.49651,0.780655,0.284144,1,liquidación TPV + cobros masivos,0.231642,136,88,false,0.416225,0,0,0,0,0,0,0.0168991,,,,,,,0.12487
COMP_1262,GROUP_0026,mixto,industria,1,industria,0.526618,12 meses,Factoring | Reserve · póliza | Confirming,-0.0337014,0.590583,0.556882,1,liquidación TPV + cobros masivos,0.299484,366,331,true,0.0164571,0,0,0,0,0,0.0993514,0,0,7,14,0.532659,0,0,0.227606
COMP_1263,GROUP_0091,servicio,servicios profesionales,1,servicios profesionales,0.525221,6 meses,Reserve · póliza | Yield · barrido,0.0898101,0.550746,0.640556,1,liquidación TPV + cobros masivos,0.459475,727,489,false,0.103177,0,0,0,0,1,0.0272892,0,,,,,,,0.79138
COMP_1264,GROUP_0155,producto,transporte / logística | construcción,2,transporte / logística,0.78,días,Factoring | Reserve · póliza | Confirming | Seguro de cobro,-0.201138,0.702864,0.501726,1,liquidación TPV + cobros masivos,0.309454,2896,364,true,0.703856,0,0,0,0,0,0,0.00539618,19,22,164,0.0614527,0,0.00492763,0.722473
COMP_1265,GROUP_0078,insuficiente,,0,,,,,,,,,sin cobertura,,20,20,false,0,0,0,0,0,0,0,0,,,,,,,
COMP_1266,GROUP_0087,mixto,servicios profesionales,1,servicios profesionales,0.482954,6 meses,Reserve · póliza | Yield · barrido,0.0329786,0.471624,0.504602,1,liquidación TPV + cobros masivos,0.293328,1836,1074,false,0.570273,0,0,0,0,0,0.0421992,0,,,,,,,0.116588
COMP_1267,GROUP_0095,producto,mayorista / distribución | industria,2,mayorista / distribución,0.737072,12 meses,Factoring | Confirming | Reserve · póliza | Seguro de cobro,-0.0718995,0.804541,0.732641,1,liquidación TPV + cobros masivos,0.369073,3739,3266,true,0.152296,0,1,0,0,1,0.076345,0.0155559,56,55,178,0.0422424,0,0.000408998,0.157185
COMP_1268,GROUP_0027,producto,comercio minorista,1,comercio minorista,0.714219,días,Reserve · póliza | FX Shield | Yield · barrido,-0.0909103,0.710646,0.619736,1,liquidación TPV + cobros masivos,0.408855,8813,7883,false,0.315183,0,0,0,0,1,0.0231826,0.0445149,,,,,,,0.825926
COMP_1269,GROUP_0019,mixto,mayorista / distribución,1,mayorista / distribución,0.681939,12 meses,Factoring | Reserve · póliza | Confirming | Seguro de cobro,-0.0437156,0.725107,0.681392,1,liquidación TPV + cobros masivos,0.403526,863,689,true,0.136222,0,1,0,0,0,0.12783,0,13,16,7,0.411935,0,0,0.26176
COMP_1270,GROUP_0020,producto,mayorista / distribución | construcción,2,mayorista / distribución,0.589499,12 meses,Reserve · póliza,-0.314096,0.680199,0.366102,1,liquidación TPV + cobros masivos,0.319212,118,118,false,0,0,0,0,0,0,0.0292924,0,,,,,,,0.0832058
COMP_1271,GROUP_0172,producto,comercio minorista,1,comercio minorista,0.723954,días,Reserve · póliza | FX Shield | Yield · barrido,-0.384759,0.753728,0.36897,1,liquidación TPV + cobros masivos,0.237594,6024,4532,false,0.0102729,0,0,0,0,0,0.00178846,0.0221981,,,,,,,0.000415315
COMP_1272,GROUP_0077,mixto,comercio minorista | industria | hostelería,3,comercio minorista,0.524886,días,Reserve · póliza | Yield · barrido | FX Shield,-0.0572655,0.771748,0.714483,1,liquidación TPV + cobros masivos,0.501622,1683,1318,false,0.12396,0,0,0,0,1,0.0624301,0.00714251,,,,,,,1.5373
COMP_1273,GROUP_0241,producto,construcción | mayorista / distribución,2,construcción,0.72939,6 meses,Factoring | Reserve · póliza | Confirming | Seguro de cobro,-0.358378,0.754207,0.395829,1,liquidación TPV + cobros masivos,0.245682,156,156,true,0,0,0,0,0,0,0.0150519,0,60,42,5,0.947589,0,0,1.63096e-17
COMP_1274,GROUP_0213,producto,construcción,1,construcción,0.715709,6 meses,Factoring | Reserve · póliza | Seguro de cobro,-0.203984,0.618767,0.414783,1,liquidación TPV + cobros masivos,0.258974,92,91,true,0.0677114,0,0,0,0,0,0.0609522,7.26292e-05,,50,6,0.45792,0,0,0.213869
COMP_1275,GROUP_0067,producto,comercio minorista,1,comercio minorista,0.750673,días,Yield · barrido | Reserve · póliza | FX Shield,-0.290253,0.674814,0.38456,1,liquidación TPV + cobros masivos,0.375314,657,392,false,0.116409,0,0,0,0,0,0.0548426,0.187481,,,,,,,4.91147
COMP_1276,GROUP_0103,servicio,servicios profesionales,1,servicios profesionales,0.520388,6 meses,Reserve · póliza | Yield · barrido,0.140461,0.743165,0.883626,1,liquidación TPV + cobros masivos,0.44067,3035,2639,false,0.0556585,0,0,0,0,0,0.195555,0.0108483,,,,,,,0.5514
COMP_1277,GROUP_0200,producto,construcción | comercio minorista | mayorista / distribución,3,construcción,0.680314,6 meses,Reserve · póliza | Factoring | Yield · barrido | Confirming,-0.282579,0.752921,0.470342,1,liquidación TPV + cobros masivos,0.274816,292,225,true,0.0205902,0,0,0,0,0,0.00035885,0.0136577,30,29,5,0.276544,0,0.112676,10.1076
COMP_1278,GROUP_0222,producto,mayorista / distribución | comercio minorista | industria,3,mayorista / distribución,0.638547,12 meses,Reserve · póliza | Factoring | Confirming | FX Shield,-0.215955,0.827754,0.611799,1,liquidación TPV + cobros masivos,0.421004,1152,1122,true,8.07033e-05,0,0,0,0,0,0.0300435,0.000175109,0,14,34,0.48356,0,0,0.430758
COMP_1279,GROUP_0035,producto,comercio minorista | hostelería,2,comercio minorista,0.699502,días,Reserve · póliza | Yield · barrido | FX Shield,-0.0750868,0.813606,0.738519,1,liquidación TPV + cobros masivos,0.399094,9017,8752,true,0.0679955,0,0,0,0,1,0.148938,0.102331,0,30,28,0.85009,0,0,-0.959962
COMP_1280,GROUP_0159,producto,mayorista / distribución,1,mayorista / distribución,0.599441,12 meses,Yield · barrido | Reserve · póliza,-0.22674,0.698012,0.471272,1,liquidación TPV + cobros masivos,0.284424,356,351,false,0,0,0,0,0,0,0,0,,,,,,,6.5079
COMP_1281,GROUP_0218,producto,mayorista / distribución | construcción,2,mayorista / distribución,0.686171,12 meses,Factoring | Reserve · póliza | Confirming | Seguro de cobro,-0.192255,0.759856,0.567601,1,liquidación TPV + cobros masivos,0.45401,336,334,true,0,0,0,0,0,0,0.00559574,0,30,18.5,16,0.312677,0,0.0160321,0.328042
COMP_1282,GROUP_0218,producto,software / suscripción,1,software / suscripción,0.78,largo,Reserve · póliza | FX Shield | Yield · barrido,-0.0923272,0.840323,0.747996,1,liquidación TPV + cobros masivos,0.384509,3449,3163,true,0.0052698,0,0,0,0,1,0.117468,0.0472734,30,30,72,0.10283,0,0.0823171,0.943375
COMP_1283,GROUP_0170,producto,comercio minorista | construcción | hostelería,3,comercio minorista,0.627641,6 meses,Reserve · póliza | Yield · barrido | FX Shield,-0.196005,0.565452,0.369446,1,liquidación TPV + cobros masivos,0.289571,172,56,false,0.484791,0,0,0,0,0,0.0632438,0.0132759,,,,,,,4.98312
COMP_1284,GROUP_0149,mixto,construcción | hostelería,2,construcción,0.516319,6 meses,Reserve · póliza | Factoring | Yield · barrido | FX Shield,-0.0375888,0.630318,0.592729,1,liquidación TPV + cobros masivos,0.394164,974,843,true,0.0248189,0,0,0,0,0,0.0936242,0.00231227,19,,50,0.0560917,0,0,1.74282
COMP_1285,GROUP_0149,producto,mayorista / distribución | construcción,2,mayorista / distribución,0.671394,12 meses,Factoring | Reserve · póliza | Confirming | Seguro de cobro,-0.281856,0.746244,0.464388,1,liquidación TPV + cobros masivos,0.228251,113,82,true,0.0761294,0,0,0,0,0,0,0,,30,1,1,0,0,
COMP_1286,GROUP_0030,producto,comercio minorista,1,comercio minorista,0.706141,días,Reserve · póliza | Yield · barrido | FX Shield,-0.130595,0.759114,0.628518,1,liquidación TPV + cobros masivos,0.50341,9687,8803,false,0.0498861,0,0,1,0,1,0.022558,0.0361274,,,,,,,1.378
