company_id,group_id,country,currency,erp,n_debt_products,debt_granted,debt_outstanding,debt_util,tiene_deuda_producto,tiene_facturas,tiene_erp,paga_deuda_banco,tiene_saldo,meses_historia,saldo_inconsistente,cuentas_moneda_distinta
COMP_0218,GROUP_0113,,EUR,,,,,,False,True,False,True,True,20.0,False,False
COMP_0600,GROUP_0113,ES,EUR,,4.0,402334.0,763503.36,1.0,True,True,False,False,True,20.0,False,False
COMP_0721,GROUP_0113,,EUR,,9.0,4739639.16,3612055.6,0.7620950621059516,True,True,False,True,True,20.0,False,False
COMP_0995,GROUP_0113,,EUR,,2.0,450000.0,550429.87,1.0,True,True,False,False,True,20.0,False,False
COMP_0148,GROUP_0016,,EUR,,,,,,False,False,False,False,True,14.0,False,False
COMP_0203,GROUP_0016,ES,EUR,businessOne,12.0,4256607.09,1503216.6800000002,0.3531490335416418,True,True,True,True,True,24.0,False,False
COMP_0266,GROUP_0016,ES,EUR,businessOne,,,,,False,False,True,True,True,24.0,True,False
COMP_0368,GROUP_0016,ES,EUR,businessOne,,,,,False,True,True,False,True,24.0,True,False
COMP_0412,GROUP_0016,ES,EUR,businessOne,,,,,False,True,True,False,True,24.0,False,False
COMP_0765,GROUP_0016,,NAD,businessOne,,,,,False,True,True,False,True,22.0,False,True
COMP_0810,GROUP_0016,ES,EUR,businessOne,,,,,False,True,True,False,True,24.0,False,False
COMP_0814,GROUP_0016,ES,EUR,businessOne,,,,,False,True,True,False,True,24.0,False,False
COMP_0828,GROUP_0016,,EUR,businessOne,,,,,False,True,True,False,True,24.0,True,True
COMP_0830,GROUP_0016,,EUR,businessOne,,,,,False,False,True,False,True,24.0,True,True
COMP_0895,GROUP_0016,ES,EUR,businessOne,,,,,False,True,True,False,True,24.0,False,False
COMP_0942,GROUP_0016,ES,EUR,businessOne,6.0,210020.22999999998,50020.24,0.23816867546521592,True,True,True,False,True,24.0,False,False
COMP_1029,GROUP_0016,ES,EUR,businessOne,,,,,False,True,True,True,True,24.0,False,False
COMP_1151,GROUP_0016,ES,EUR,,,,,,False,False,False,True,True,11.0,False,False
COMP_1199,GROUP_0016,,EUR,businessOne,,,,,False,True,True,False,True,24.0,False,False
COMP_0076,GROUP_0146,ES,EUR,,3.0,64439.59,18130.47,0.28135607318420247,True,False,False,True,True,24.0,True,False
COMP_0143,GROUP_0146,ES,EUR,sage200,1.0,20500.0,21994.11,1.0,True,True,True,True,True,24.0,True,False
COMP_0157,GROUP_0146,,EUR,,,,,,False,False,False,True,True,17.0,False,False
COMP_0491,GROUP_0146,ES,EUR,sage200,16.0,1434713.74,476395.39,0.3320490887610793,True,True,True,True,True,24.0,True,False
COMP_0710,GROUP_0146,ES,EUR,,,,,,False,False,False,True,True,24.0,False,False
COMP_1039,GROUP_0146,ES,EUR,,4.0,290000.0,52077.29,0.17957686206896553,True,False,False,True,True,24.0,True,False
COMP_1036,GROUP_0121,,EUR,,37.0,154328098.9,16391732.61,0.10621353290058573,True,False,False,True,True,4.0,False,False
COMP_0524,GROUP_0006,,EUR,,8.0,7300000.0,3636829.08,0.49819576438356167,True,False,False,True,True,6.0,True,True
COMP_0855,GROUP_0006,,EUR,,12.0,13002600.0,7039156.17,0.5413652784827649,True,False,False,True,True,6.0,False,True
COMP_0957,GROUP_0006,,EUR,,4.0,1350000.0,400422.22000000003,0.2966090518518519,True,False,False,False,True,6.0,False,False
COMP_0047,GROUP_0018,,EUR,businessCentral,20.0,4898978.54,2492447.86,0.5087688871566275,True,True,True,True,True,20.0,False,False
COMP_0326,GROUP_0018,,EUR,businessCentral,9.0,8827891.48,4376955.29,0.4958098204895468,True,True,True,False,True,18.0,True,False
COMP_0398,GROUP_0018,,EUR,businessCentral,,,,,False,True,True,True,True,20.0,True,False
COMP_0422,GROUP_0018,,EUR,businessCentral,,,,,False,True,True,True,True,14.0,False,False
COMP_0565,GROUP_0018,,EUR,businessCentral,,,,,False,True,True,True,True,12.0,False,False
COMP_0599,GROUP_0018,,EUR,businessCentral,,,,,False,True,True,False,True,14.0,False,False
COMP_0729,GROUP_0018,,EUR,businessCentral,,,,,False,True,True,False,True,19.0,False,False
COMP_0935,GROUP_0018,,EUR,businessCentral,1.0,1500000.0,500044.97,0.3333633133333333,True,True,True,True,True,12.0,False,False
COMP_0979,GROUP_0018,,EUR,businessCentral,,,,,False,True,True,True,True,20.0,False,False
COMP_1038,GROUP_0018,,EUR,businessCentral,32.0,73413509.83,5303071.88,0.07223564017413224,True,True,True,True,True,20.0,False,False
COMP_1113,GROUP_0018,,EUR,businessCentral,1.0,135200.0,129603.28,0.9586041420118343,True,True,True,True,True,14.0,False,False
COMP_1183,GROUP_0018,,EUR,businessCentral,,,,,False,True,True,False,True,20.0,False,False
COMP_0042,GROUP_0162,US,USD,businessOne,1.0,65089.46,0.0,0.0,True,True,True,False,True,24.0,False,True
COMP_0278,GROUP_0162,FR,EUR,businessOne,,,,,False,True,True,False,True,24.0,True,False
COMP_0423,GROUP_0162,,EUR,businessOne,,,,,False,True,True,False,True,24.0,False,True
COMP_0440,GROUP_0162,,VND,businessOne,,,,,False,True,True,False,False,24.0,False,True
COMP_0471,GROUP_0162,ES,EUR,businessOne,22.0,17039388.59,10365512.89,0.6083265743515742,True,True,True,True,True,24.0,True,True
COMP_0578,GROUP_0162,ES,EUR,businessOne,2.0,5450858.76,4786902.95,0.8781924391671452,True,True,True,True,True,24.0,False,False
COMP_0694,GROUP_0162,FR,EUR,businessOne,,,,,False,True,True,False,True,24.0,True,False
COMP_0945,GROUP_0162,ES,EUR,businessOne,,,,,False,True,True,True,True,24.0,False,True
COMP_0105,GROUP_0079,,EUR,dynamicsAx,1.0,36210.04,36210.04,1.0,True,True,True,True,True,23.0,False,False
COMP_0130,GROUP_0079,,EUR,dynamicsAx,,,,,False,True,True,True,True,23.0,False,False
COMP_0161,GROUP_0079,,EUR,dynamicsAx,,,,,False,True,True,False,True,21.0,False,False
COMP_0342,GROUP_0079,,EUR,dynamicsAx,2.0,3500000.0,321924.44,0.09197841142857142,True,True,True,True,True,23.0,False,False
COMP_0381,GROUP_0079,,EUR,dynamicsAx,1.0,25574.45,13426.42,0.524993499371443,True,True,True,True,True,23.0,False,False
COMP_0500,GROUP_0079,,EUR,dynamicsAx,,,,,False,True,True,False,True,23.0,False,False
COMP_0510,GROUP_0079,,EUR,dynamicsAx,,,,,False,True,True,False,True,21.0,False,False
COMP_0533,GROUP_0079,,EUR,dynamicsAx,,,,,False,True,True,False,True,21.0,False,False
COMP_0575,GROUP_0079,,EUR,dynamicsAx,,,,,False,True,True,False,True,23.0,False,False
COMP_0615,GROUP_0079,,EUR,dynamicsAx,,,,,False,True,True,True,True,23.0,False,False
COMP_0903,GROUP_0079,,EUR,dynamicsAx,,,,,False,True,True,False,True,23.0,False,False
COMP_1046,GROUP_0079,,EUR,dynamicsAx,7.0,8619017.74,4276576.71,0.4961791284119111,True,True,True,True,True,23.0,False,False
COMP_1143,GROUP_0079,,EUR,dynamicsAx,5.0,648556.91,19210.67,0.029620638842626775,True,True,True,True,True,23.0,False,False
COMP_1209,GROUP_0079,,EUR,dynamicsAx,,,,,False,True,True,True,True,23.0,False,False
COMP_1256,GROUP_0079,,EUR,dynamicsAx,,,,,False,True,True,False,True,23.0,False,False
COMP_0099,GROUP_0238,ESPAÑA,EUR,sage200,6.0,1243355.0,583603.18,0.4693777561517025,True,True,True,True,True,24.0,False,False
COMP_0778,GROUP_0238,ESPAÑA,EUR,sage200,,,,,False,True,True,True,True,24.0,False,False
COMP_0906,GROUP_0238,ES,EUR,sage200,2.0,251324.47,193810.29,0.7711556698000795,True,True,True,False,False,,False,False
COMP_1074,GROUP_0238,,EUR,sage200,,,,,False,True,True,False,True,17.0,False,False
COMP_0150,GROUP_0081,,EUR,a3,2.0,184000.0,126467.53,0.6873235326086956,True,True,True,True,True,17.0,False,False
COMP_0228,GROUP_0081,,EUR,a3,2.0,127000.0,124799.83000000002,0.9826758267716537,True,True,True,True,True,20.0,False,False
COMP_0651,GROUP_0081,,EUR,a3,1.0,250000.0,192800.6,0.7712024000000001,True,True,True,True,True,20.0,True,False
COMP_0797,GROUP_0081,,EUR,a3,,,,,False,True,True,False,True,12.0,True,False
COMP_0891,GROUP_0081,,EUR,,1.0,300000.0,285198.73,0.9506624333333332,True,False,False,False,True,13.0,False,False
COMP_0897,GROUP_0081,,EUR,a3,2.0,185600.0,182270.38,0.9820602370689655,True,True,True,True,True,20.0,False,False
COMP_0932,GROUP_0081,,EUR,a3,,,,,False,True,True,False,True,8.0,False,False
COMP_1037,GROUP_0081,,EUR,a3,5.0,850930.7000000001,480154.86,0.5642702278810718,True,True,True,True,True,20.0,False,False
COMP_1072,GROUP_0081,,EUR,a3,3.0,532138.3,370185.63,0.6956568057589539,True,True,True,True,True,20.0,True,False
COMP_1077,GROUP_0081,,EUR,a3,1.0,500000.0,217711.52,0.43542304,True,True,True,True,True,20.0,False,False
COMP_1135,GROUP_0081,,EUR,a3,1.0,90000.0,85666.47,0.9518496666666667,True,True,True,True,True,20.0,False,False
COMP_1193,GROUP_0081,,EUR,a3,,,,,False,True,True,False,True,20.0,False,False
COMP_0063,GROUP_0011,,EUR,,,,,,False,False,False,False,True,7.0,False,False
COMP_0297,GROUP_0011,,EUR,,3.0,126866.17,72712.49,0.5731432579701902,True,False,False,True,True,7.0,False,False
COMP_0893,GROUP_0011,,EUR,,6.0,3500000.0,2609276.3499999996,0.7455075285714284,True,False,False,False,True,7.0,False,False
COMP_0898,GROUP_0011,,EUR,,5.0,9750000.0,6674236.43,0.6845370697435897,True,False,False,False,True,7.0,False,False
COMP_0954,GROUP_0011,,EUR,,,,,,False,False,False,False,True,7.0,True,False
COMP_0970,GROUP_0011,,EUR,,5.0,1800000.0,1164184.77,0.6467693166666667,True,False,False,False,True,7.0,True,False
COMP_1140,GROUP_0011,,EUR,,,,,,False,False,False,False,True,7.0,False,False
COMP_1205,GROUP_0011,,EUR,,,,,,False,False,False,False,True,7.0,True,False
COMP_1260,GROUP_0011,,EUR,,1.0,300000.0,0.0,0.0,True,False,False,False,True,7.0,True,False
COMP_1261,GROUP_0011,,EUR,,2.0,1572717.55,1480557.9300000002,0.9414010354243202,True,False,False,False,True,7.0,False,False
COMP_0965,GROUP_0229,,EUR,,19.0,52662732.3,34597954.43,0.6569722632868406,True,False,False,True,True,4.0,True,False
COMP_1070,GROUP_0031,,EUR,sage200,11.0,1275341.03,381915.45,0.29946143111227275,True,True,True,True,True,18.0,False,False
COMP_0415,GROUP_0204,,EUR,netsuite,2.0,300214090.0,300000000.0,0.9992868755760265,True,True,True,False,True,5.0,False,False
COMP_0169,GROUP_0090,,EUR,businessCentral,10.0,1492397.67,556898.37,0.3731568208626324,True,True,True,True,True,24.0,True,False
COMP_0594,GROUP_0090,,EUR,businessCentral,10.0,8900510.39,7669860.7299999995,0.8617326865454059,True,True,True,True,True,24.0,False,False
COMP_0852,GROUP_0090,,EUR,businessCentral,,,,,False,True,True,False,True,24.0,True,False
COMP_1170,GROUP_0090,,EUR,businessCentral,,,,,False,True,True,True,True,24.0,False,True
COMP_1249,GROUP_0090,,EUR,businessCentral,8.0,1404064.7,960298.15,0.6839415234924716,True,True,True,True,True,24.0,False,True
COMP_1053,GROUP_0002,,EUR,,22.0,26698409.97,19179507.82,0.7183764067429969,True,False,False,True,True,4.0,False,True
COMP_0022,GROUP_0065,,EUR,,,,,,False,True,False,False,True,24.0,False,False
COMP_0087,GROUP_0065,,EUR,,27.0,63061629.5,27180586.22,0.4310162365848792,True,False,False,True,True,24.0,False,False
COMP_0195,GROUP_0065,,EUR,,3.0,10000000.0,36266.63,0.0036266629999999996,True,False,False,True,True,24.0,False,False
COMP_0250,GROUP_0065,,EUR,netsuite,3.0,1446857.82,175549.88,0.12133181130402985,True,True,True,True,True,24.0,True,False
COMP_0538,GROUP_0065,,EUR,,1.0,227000.0,0.0,0.0,True,False,False,True,True,24.0,True,False
COMP_0549,GROUP_0065,,EUR,,2.0,32400000.0,10000000.0,0.30864197530864196,True,False,False,True,True,24.0,False,False
COMP_0595,GROUP_0065,,EUR,,,,,,False,False,False,False,True,24.0,False,False
COMP_0604,GROUP_0065,,EUR,,7.0,40868776.0,31427514.369999997,0.7689859458966913,True,False,False,True,True,24.0,True,False
COMP_0780,GROUP_0065,,EUR,,,,,,False,True,False,False,True,24.0,False,False
COMP_0791,GROUP_0065,,EUR,,,,,,False,False,False,True,True,24.0,False,False
COMP_0905,GROUP_0065,,EUR,,,,,,False,False,False,False,True,24.0,False,False
COMP_0924,GROUP_0065,,EUR,,6.0,14071779.72,10180443.4,0.723465233436727,True,False,False,True,True,24.0,False,False
COMP_1250,GROUP_0065,,EUR,netsuite,,,,,False,True,True,False,True,24.0,False,False
COMP_0115,GROUP_0095,,EUR,,,,,,False,False,False,False,True,20.0,False,False
COMP_0162,GROUP_0095,,EUR,,,,,,False,False,False,False,True,21.0,False,False
COMP_0248,GROUP_0095,,EUR,businessCentral,37.0,6994716.25,913835.09,0.1306464847662691,True,True,True,True,True,20.0,False,False
COMP_0432,GROUP_0095,,EUR,,,,,,False,False,False,False,True,21.0,False,False
COMP_0529,GROUP_0095,,EUR,,,,,,False,False,False,False,True,14.0,False,False
COMP_0546,GROUP_0095,,EUR,,,,,,False,False,False,False,True,21.0,False,False
COMP_0763,GROUP_0095,,EUR,,,,,,False,False,False,True,True,20.0,True,False
COMP_1027,GROUP_0095,,EUR,,1.0,141000.0,67190.62,0.476529219858156,True,False,False,True,True,21.0,False,False
COMP_1051,GROUP_0095,,EUR,,,,,,False,False,False,False,True,21.0,False,False
COMP_1164,GROUP_0095,,EUR,,1.0,100000.0,66658.24,0.6665824,True,False,False,False,True,21.0,False,False
COMP_1169,GROUP_0095,,EUR,businessCentral,35.0,17278299.080000002,6124680.959999999,0.35447244729601,True,True,True,True,True,21.0,True,False
COMP_1267,GROUP_0095,,EUR,businessCentral,26.0,4004925.9200000004,1042477.8300000001,0.2602989046049571,True,True,True,True,True,20.0,False,False
COMP_0181,GROUP_0045,,EUR,businessCentral,3.0,6224000.0,5463300.0,0.8777795629820051,True,True,True,True,True,24.0,True,False
COMP_0788,GROUP_0045,,EUR,businessCentral,4.0,637287.98,316873.79000000004,0.4972222918750171,True,True,True,True,True,24.0,False,False
COMP_0030,GROUP_0126,,EUR,m3Rosetta,,,,,False,False,True,False,True,24.0,False,True
COMP_0293,GROUP_0126,,EUR,m3Rosetta,2.0,20000000.0,14743898.4,0.73719492,True,True,True,True,True,24.0,False,False
COMP_0493,GROUP_0126,,EUR,,,,,,False,False,False,False,True,11.0,False,True
COMP_0552,GROUP_0126,,EUR,m3Rosetta,,,,,False,True,True,False,True,24.0,True,False
COMP_0647,GROUP_0126,,EUR,m3Rosetta,1.0,30000.0,0.0,0.0,True,True,True,False,True,24.0,True,False
COMP_0848,GROUP_0126,,EUR,,,,,,False,False,False,False,True,24.0,True,True
COMP_0923,GROUP_0126,,EUR,m3Rosetta,,,,,False,True,True,False,True,24.0,False,False
COMP_1022,GROUP_0126,,MXN,m3Rosetta,,,,,False,True,True,False,True,24.0,False,False
COMP_1123,GROUP_0126,,MXN,m3Rosetta,,,,,False,True,True,False,True,24.0,False,False
COMP_1130,GROUP_0126,,EUR,,1.0,0.01,0.0,0.0,True,False,False,False,True,24.0,False,True
COMP_1185,GROUP_0126,,EUR,m3Rosetta,2.0,1695861.51,0.18,1.0614074258929314e-07,True,True,True,True,True,24.0,False,False
COMP_0170,GROUP_0128,,EUR,,,,,,False,False,False,False,True,14.0,False,False
COMP_0653,GROUP_0128,,EUR,,122.0,21772800.0,306400.0,0.014072604350382129,True,False,False,True,True,24.0,False,True
COMP_1034,GROUP_0128,,EUR,,,,,,False,False,False,False,True,8.0,False,False
COMP_1152,GROUP_0128,,EUR,,,,,,False,False,False,False,True,20.0,False,False
COMP_1068,GROUP_0209,,GBP,,15.0,201250.0,1369906.43,1.0,True,False,False,False,True,7.0,False,True
COMP_0040,GROUP_0178,,EUR,,2.0,23406679.150000002,22532736.23,0.9626626693005274,True,False,False,True,True,8.0,False,False
COMP_0716,GROUP_0178,,EUR,,,,,,False,False,False,False,True,8.0,False,False
COMP_0620,GROUP_0082,ES,EUR,businessCentral,,,,,False,True,True,True,True,20.0,False,False
COMP_0770,GROUP_0082,ES,EUR,businessCentral,2.0,338247.73,269800.36,0.7976413027221203,True,True,True,True,True,24.0,False,False
COMP_0950,GROUP_0082,ES,EUR,businessCentral,8.0,188594.85,7900.21,0.04188985012050965,True,True,True,True,True,24.0,False,False
COMP_0057,GROUP_0122,,CAD,netsuite,,,,,False,True,True,False,True,8.0,False,False
COMP_0323,GROUP_0122,,USD,netsuite,,,,,False,True,True,False,True,8.0,False,False
COMP_0365,GROUP_0122,,EUR,netsuite,10.0,10956203.7,7181192.11,0.6554452898680591,True,True,True,False,True,9.0,False,True
COMP_0371,GROUP_0122,,EUR,netsuite,1.0,20000000.0,20000000.0,1.0,True,True,True,False,True,8.0,False,False
COMP_0523,GROUP_0122,,EUR,netsuite,3.0,2000000.0,0.0,0.0,True,True,True,False,True,9.0,False,False
COMP_0783,GROUP_0122,,GBP,netsuite,,,,,False,True,True,False,True,8.0,False,True
COMP_0920,GROUP_0122,,EUR,netsuite,,,,,False,True,True,False,True,8.0,False,False
COMP_1242,GROUP_0122,,EUR,netsuite,,,,,False,True,True,False,True,8.0,False,False
COMP_0062,GROUP_0165,,EUR,,,,,,False,False,False,True,True,20.0,False,False
COMP_0517,GROUP_0165,,EUR,,7.0,751461.99,580609.24,0.7726395316415139,True,False,False,True,True,21.0,True,False
COMP_1121,GROUP_0165,,EUR,,2.0,43904.59,26414.89,0.601643017279059,True,False,False,False,False,11.0,False,False
COMP_1148,GROUP_0165,,EUR,,,,,,False,False,False,False,True,11.0,False,False
COMP_0558,GROUP_0026,,EUR,businessOne,,,,,False,True,True,True,True,7.0,False,False
COMP_1262,GROUP_0026,,EUR,businessOne,1.0,1095728.13,1095728.13,1.0,True,True,True,True,True,7.0,False,False
COMP_0004,GROUP_0058,ES,EUR,businessCentral,13.0,3143905.87,1295783.74,0.4121572952818718,True,True,True,True,True,9.0,False,False
COMP_0664,GROUP_0058,ES,EUR,businessCentral,7.0,2988068.71,1577176.77,0.5278248002536728,True,True,True,True,True,9.0,False,False
COMP_0745,GROUP_0058,ES,EUR,businessCentral,14.0,7698506.43,5817739.69,0.7556971917733399,True,True,True,True,True,9.0,True,False
COMP_0038,GROUP_0104,,EUR,,2.0,5211767.59,4412473.12,0.8466365861107019,True,True,False,True,True,8.0,False,True
COMP_0058,GROUP_0104,ES,EUR,libra,32.0,46203749.05,37561014.54,0.8129430038102071,True,True,True,True,True,8.0,True,True
COMP_0132,GROUP_0104,ES,EUR,libra,1.0,198657.26,181304.57,0.912650109037042,True,True,True,True,True,8.0,False,False
COMP_0291,GROUP_0104,,EUR,,,,,,False,True,False,False,True,8.0,False,False
COMP_0420,GROUP_0104,,EUR,,8.0,5223067.6899999995,4921140.16,0.9421934487699509,True,True,False,True,True,8.0,False,False
COMP_0676,GROUP_0104,ES,EUR,libra,1.0,50000.0,24371.57,0.4874314,True,True,True,False,False,,False,False
COMP_0756,GROUP_0104,ES,EUR,libra,,,,,False,True,True,True,True,7.0,False,False
COMP_0944,GROUP_0104,ES,EUR,libra,2.0,540310.6599999999,492506.83,0.9115252880629823,True,True,True,True,True,8.0,False,False
COMP_1208,GROUP_0104,ES,EUR,libra,4.0,192246.69,64583.86,0.33594263703577937,True,True,True,False,True,7.0,False,False
COMP_1243,GROUP_0104,ES,EUR,libra,1.0,205364.94,189006.5,0.9203445339793638,True,True,True,True,True,8.0,False,False
COMP_0223,GROUP_0078,,EUR,,,,,,False,False,False,False,True,24.0,True,False
COMP_0258,GROUP_0078,,EUR,,4.0,2066204.2000000002,1400988.75,0.6780495122408521,True,False,False,True,True,24.0,False,False
COMP_0383,GROUP_0078,,EUR,,,,,,False,False,False,True,True,24.0,False,False
COMP_0827,GROUP_0078,,EUR,,1.0,250000.0,2061.8,0.008247200000000001,True,False,False,True,True,24.0,False,False
COMP_1265,GROUP_0078,,EUR,,,,,,False,False,False,False,True,23.0,False,False
COMP_1286,GROUP_0030,,EUR,,4.0,3700000.0,2109514.64,0.5701390918918919,True,False,False,True,True,24.0,False,True
COMP_0152,GROUP_0037,ES,EUR,navision,,,,,False,True,True,True,True,24.0,True,True
COMP_0198,GROUP_0037,ES,EUR,navision,,,,,False,True,True,False,True,24.0,False,False
COMP_0636,GROUP_0037,ES,EUR,navision,,,,,False,True,True,True,True,24.0,False,False
COMP_0847,GROUP_0037,ES,EUR,navision,,,,,False,True,True,False,True,24.0,False,False
COMP_0994,GROUP_0037,ES,EUR,navision,4.0,240000000.0,180025000.0,0.7501041666666667,True,True,True,True,True,24.0,True,True
COMP_1168,GROUP_0037,ES,EUR,navision,,,,,False,True,True,False,True,24.0,False,False
COMP_0119,GROUP_0048,,EUR,businessCentral,1.0,519493.67,354491.05,0.6823779970215998,True,True,True,True,True,8.0,False,False
COMP_0171,GROUP_0048,,EUR,businessCentral,,,,,False,True,True,False,True,8.0,False,False
COMP_0192,GROUP_0048,,EUR,businessCentral,,,,,False,True,True,False,True,8.0,False,False
COMP_0435,GROUP_0048,,EUR,businessCentral,,,,,False,True,True,True,True,8.0,False,False
COMP_0436,GROUP_0048,,EUR,businessCentral,,,,,False,True,True,False,True,8.0,True,False
COMP_0540,GROUP_0048,,EUR,businessCentral,4.0,486696.32,181525.59,0.37297506173870393,True,True,True,True,True,8.0,True,False
COMP_0668,GROUP_0048,,EUR,businessCentral,,,,,False,True,True,False,True,8.0,False,False
COMP_0858,GROUP_0048,,EUR,businessCentral,,,,,False,True,True,True,True,8.0,False,False
COMP_0887,GROUP_0048,,EUR,businessCentral,,,,,False,True,True,False,True,8.0,False,False
COMP_1062,GROUP_0048,,EUR,businessCentral,,,,,False,True,True,False,True,8.0,False,False
COMP_0744,GROUP_0032,US,USD,,,,,,False,False,False,False,True,7.0,True,True
COMP_1012,GROUP_0032,,EUR,,10.0,5831819.35,3498939.6,0.5999739343777856,True,False,False,True,True,10.0,False,False
COMP_1025,GROUP_0032,,EUR,,3.0,417731.25,47731.25,0.11426305788709847,True,False,False,True,True,10.0,True,False
COMP_1146,GROUP_0032,,EUR,,,,,,False,False,False,False,True,9.0,False,False
COMP_0233,GROUP_0150,,EUR,,,,,,False,False,False,False,True,24.0,False,True
COMP_0316,GROUP_0150,España,EUR,sage200,,,,,False,True,True,True,True,24.0,False,True
COMP_0341,GROUP_0150,España,EUR,sage200,,,,,False,True,True,False,True,24.0,False,True
COMP_0389,GROUP_0150,,EUR,,,,,,False,False,False,True,True,17.0,False,False
COMP_0438,GROUP_0150,España,EUR,sage200,,,,,False,True,True,False,True,24.0,False,False
COMP_0492,GROUP_0150,,EUR,sage200,,,,,False,True,True,False,True,24.0,False,False
COMP_0568,GROUP_0150,ES,EUR,sage200,4.0,1100000.0,0.0,0.0,True,True,True,True,True,20.0,False,True
COMP_0665,GROUP_0150,,EUR,sage200,,,,,False,True,True,True,True,24.0,False,True
COMP_0859,GROUP_0150,,EUR,,,,,,False,False,False,False,True,24.0,False,False
COMP_0916,GROUP_0150,,EUR,,,,,,False,False,False,False,True,24.0,False,True
COMP_1153,GROUP_0150,,EUR,,,,,,False,False,False,False,True,24.0,True,False
COMP_1155,GROUP_0150,,EUR,sage200,,,,,False,True,True,False,True,24.0,False,True
COMP_1157,GROUP_0150,,EUR,,,,,,False,False,False,True,True,11.0,False,False
COMP_0466,GROUP_0200,,EUR,netsuite,3.0,2099999.9,726853.84,0.34612089267242346,True,True,True,True,True,20.0,False,False
COMP_0563,GROUP_0200,ES,EUR,netsuite,2.0,8362242.62,1022836.06,0.12231599900649619,True,True,True,True,True,20.0,False,False
COMP_0598,GROUP_0200,DE,EUR,netsuite,1.0,14020855.48,0.0,0.0,True,True,True,True,True,20.0,False,False
COMP_0682,GROUP_0200,ES,EUR,netsuite,2.0,10541666.86,875000.2,0.08300397001921572,True,True,True,True,True,20.0,False,False
COMP_0689,GROUP_0200,,EUR,netsuite,,,,,False,True,True,False,True,20.0,False,False
COMP_0735,GROUP_0200,,EUR,netsuite,,,,,False,True,True,False,True,19.0,False,False
COMP_0958,GROUP_0200,ES,EUR,netsuite,6.0,31200.0,3727.49,0.11947083333333333,True,True,True,False,True,20.0,False,False
COMP_1093,GROUP_0200,ES,EUR,netsuite,,,,,False,True,True,False,True,20.0,False,False
COMP_1277,GROUP_0200,DE,EUR,netsuite,,,,,False,True,True,False,True,20.0,False,False
COMP_0065,GROUP_0139,ES,EUR,businessCentral,9.0,5040000.0,0.0,0.0,True,True,True,True,True,24.0,False,False
COMP_0686,GROUP_0139,ES,EUR,businessCentral,26.0,5304599.05,1001327.98,0.188766006735231,True,True,True,True,True,24.0,True,False
COMP_1117,GROUP_0139,,EUR,,1.0,552018.27,495734.93,0.8980408021640298,True,False,False,True,True,12.0,False,False
COMP_1171,GROUP_0139,ES,EUR,businessCentral,9.0,4287047.48,153610.65999999997,0.03583134096756026,True,True,True,True,True,24.0,True,False
COMP_1191,GROUP_0139,ES,EUR,businessCentral,7.0,3380000.0,381532.61,0.11287947041420118,True,True,True,True,True,23.0,True,False
COMP_0006,GROUP_0195,,EUR,businessCentral,,,,,False,True,True,False,True,12.0,False,False
COMP_0008,GROUP_0195,,EUR,businessCentral,,,,,False,True,True,False,True,12.0,False,True
COMP_0116,GROUP_0195,,EUR,businessCentral,,,,,False,True,True,False,True,12.0,False,False
COMP_0364,GROUP_0195,,EUR,businessCentral,,,,,False,True,True,False,True,12.0,False,False
COMP_0974,GROUP_0195,,EUR,businessCentral,5.0,9000.0,85.93,0.009547777777777778,True,True,True,False,True,12.0,False,False
COMP_1020,GROUP_0195,,EUR,businessCentral,,,,,False,True,True,False,True,12.0,False,False
COMP_1237,GROUP_0206,,EUR,fo,1.0,1500000.0,1515669.61,1.0,True,True,True,False,True,13.0,True,True
COMP_0385,GROUP_0145,,EUR,,2.0,4000000.0,1147969.04,0.28699226,True,False,False,True,True,16.0,False,True
COMP_0110,GROUP_0008,,EUR,businessCentral,,,,,False,True,True,False,True,7.0,False,True
COMP_0464,GROUP_0008,,EUR,businessCentral,,,,,False,True,True,False,True,7.0,False,True
COMP_0514,GROUP_0008,,EUR,businessCentral,,,,,False,True,True,False,True,7.0,False,True
COMP_0580,GROUP_0008,,EUR,businessCentral,,,,,False,True,True,False,True,7.0,False,True
COMP_0643,GROUP_0008,,EUR,businessCentral,1.0,100000.0,50000.0,0.5,True,True,True,False,True,7.0,False,True
COMP_0787,GROUP_0008,,EUR,businessCentral,,,,,False,True,True,False,True,7.0,True,True
COMP_0290,GROUP_0053,ES,EUR,businessOne,,,,,False,True,True,False,True,14.0,False,False
COMP_0543,GROUP_0053,ES,EUR,businessOne,,,,,False,True,True,False,True,14.0,False,False
COMP_0593,GROUP_0053,ES,EUR,businessOne,,,,,False,True,True,False,True,15.0,False,False
COMP_0648,GROUP_0053,ES,EUR,businessOne,,,,,False,True,True,False,True,14.0,False,False
COMP_0654,GROUP_0053,ES,EUR,businessOne,,,,,False,True,True,False,True,11.0,False,False
COMP_0842,GROUP_0053,ES,EUR,businessOne,,,,,False,True,True,False,True,20.0,False,False
COMP_1172,GROUP_0053,ES,EUR,businessOne,,,,,False,True,True,False,True,14.0,False,False
COMP_1129,GROUP_0024,,EUR,,3.0,1500000.0,1039014.6,0.6926764,True,False,False,False,True,9.0,False,False
COMP_0028,GROUP_0218,ES,EUR,businessCentral,,,,,False,False,True,False,True,24.0,False,False
COMP_0167,GROUP_0218,ES,EUR,businessCentral,,,,,False,True,True,False,True,24.0,False,True
COMP_0247,GROUP_0218,US,EUR,businessCentral,,,,,False,True,True,False,True,23.0,True,True
COMP_0562,GROUP_0218,ES,EUR,businessCentral,,,,,False,True,True,False,True,24.0,True,True
COMP_0588,GROUP_0218,ES,EUR,businessCentral,,,,,False,True,True,False,True,24.0,False,False
COMP_0612,GROUP_0218,ES,EUR,businessCentral,1.0,510002.1,0.0,0.0,True,False,True,True,True,24.0,False,True
COMP_0614,GROUP_0218,ES,EUR,businessCentral,,,,,False,True,True,True,True,24.0,False,True
COMP_0843,GROUP_0218,ES,EUR,businessCentral,,,,,False,True,True,True,True,24.0,False,True
COMP_0864,GROUP_0218,ES,EUR,businessCentral,,,,,False,True,True,False,True,24.0,False,True
COMP_0880,GROUP_0218,US,USD,businessCentral,,,,,False,True,True,False,True,13.0,True,False
COMP_0951,GROUP_0218,ES,EUR,businessCentral,,,,,False,True,True,False,True,24.0,False,True
COMP_0984,GROUP_0218,,EUR,businessCentral,,,,,False,True,True,True,True,24.0,False,True
COMP_1057,GROUP_0218,ES,USD,businessCentral,,,,,False,True,True,False,True,14.0,False,True
COMP_1198,GROUP_0218,ES,EUR,businessCentral,,,,,False,True,True,False,True,24.0,False,True
COMP_1281,GROUP_0218,ES,EUR,businessCentral,,,,,False,True,True,False,True,17.0,True,False
COMP_1282,GROUP_0218,ES,EUR,businessCentral,6.0,2242463.39,490495.66,0.21873073254498035,True,True,True,True,True,24.0,False,True
COMP_0796,GROUP_0160,ESPANYA,EUR,businessCentral,,,,,False,True,True,False,True,24.0,False,False
COMP_0812,GROUP_0160,ESPANYA,EUR,businessCentral,3.0,117161.94,117161.94,1.0,True,True,True,False,True,24.0,False,False
COMP_1226,GROUP_0160,Espanya,EUR,businessCentral,,,,,False,True,True,False,True,23.0,False,False
COMP_1204,GROUP_0100,,EUR,businessCentral,3.0,374947.85,478159.11,1.0,True,True,True,False,True,9.0,False,False
COMP_1214,GROUP_0100,,EUR,businessCentral,,,,,False,True,True,False,True,9.0,False,False
COMP_0391,GROUP_0042,,EUR,,1.0,154724.06,92972.62,0.6008930996252295,True,False,False,True,True,8.0,False,False
COMP_0444,GROUP_0042,,EUR,,23.0,29557115.74,15234352.23,0.5154207996480241,True,False,False,True,True,8.0,False,False
COMP_0049,GROUP_0180,,EUR,businessCentral,3.0,792000.0,538281.7,0.6796486111111111,True,True,True,True,True,20.0,True,False
COMP_0202,GROUP_0194,,AED,,,,,,False,False,False,False,True,10.0,False,False
COMP_0249,GROUP_0194,GB,GBP,netsuite,,,,,False,False,True,False,True,24.0,False,True
COMP_0312,GROUP_0194,,EUR,,,,,,False,False,False,True,False,9.0,False,False
COMP_0462,GROUP_0194,,EUR,netsuite,,,,,False,False,True,False,True,24.0,True,False
COMP_0567,GROUP_0194,,EUR,,4.0,430000.0,45517.98,0.10585576744186047,True,False,False,True,True,16.0,False,False
COMP_0883,GROUP_0194,,EUR,netsuite,,,,,False,True,True,True,True,24.0,False,False
COMP_1255,GROUP_0194,SE,EUR,netsuite,,,,,False,False,True,False,True,24.0,True,True
COMP_0007,GROUP_0064,,EUR,,48.0,36960065.8,13966719.25,0.37788675284230694,True,False,False,True,True,20.0,False,True
COMP_0067,GROUP_0064,,EUR,,,,,,False,False,False,False,True,18.0,False,False
COMP_0127,GROUP_0064,,EUR,,,,,,False,False,False,False,True,19.0,False,True
COMP_0222,GROUP_0064,,EUR,,,,,,False,False,False,False,True,20.0,False,False
COMP_0315,GROUP_0064,,EUR,,,,,,False,False,False,False,True,20.0,False,False
COMP_0390,GROUP_0064,,EUR,,,,,,False,False,False,False,True,20.0,False,True
COMP_0572,GROUP_0064,,EUR,,,,,,False,False,False,False,True,20.0,False,False
COMP_0722,GROUP_0064,,EUR,,,,,,False,False,False,False,True,20.0,False,False
COMP_0738,GROUP_0064,,EUR,,,,,,False,False,False,False,True,20.0,False,False
COMP_0949,GROUP_0064,,EUR,,,,,,False,False,False,False,True,17.0,False,False
COMP_1115,GROUP_0064,,EUR,,,,,,False,False,False,False,True,20.0,True,True
COMP_1144,GROUP_0064,,EUR,,,,,,False,False,False,False,True,20.0,False,False
COMP_0804,GROUP_0077,,BRL,,,,,,False,False,False,False,True,8.0,False,False
COMP_1272,GROUP_0077,,EUR,,21.0,8524930.77,5804473.1899999995,0.6808821498499981,True,False,False,True,True,8.0,False,True
COMP_0077,GROUP_0213,,EUR,businessCentral,,,,,False,True,True,False,True,24.0,False,False
COMP_0230,GROUP_0213,,EUR,,,,,,False,False,False,False,True,12.0,False,False
COMP_0246,GROUP_0213,,EUR,businessCentral,2.0,181000.0,211083.48,1.0,True,True,True,False,True,24.0,False,False
COMP_0428,GROUP_0213,,EUR,businessCentral,,,,,False,True,True,False,True,24.0,False,False
COMP_0805,GROUP_0213,,EUR,businessCentral,,,,,False,True,True,False,True,13.0,False,False
COMP_1274,GROUP_0213,,EUR,businessCentral,,,,,False,True,True,False,True,19.0,False,False
COMP_0345,GROUP_0069,,EUR,businessCentral,,,,,False,True,True,False,True,8.0,False,False
COMP_1016,GROUP_0069,,EUR,businessCentral,2.0,300000.0,0.0,0.0,True,True,True,False,True,8.0,False,False
COMP_1028,GROUP_0069,,EUR,businessCentral,1.0,25000.0,0.0,0.0,True,True,True,False,True,8.0,False,False
COMP_1035,GROUP_0148,,EUR,businessCentral,1.0,82680.8,33476.62,0.4048898897930354,True,True,True,True,True,20.0,False,False
COMP_1124,GROUP_0148,,EUR,businessCentral,3.0,43966.35,7998.48,0.18192276593349233,True,True,True,True,True,20.0,True,False
COMP_1174,GROUP_0148,,EUR,businessCentral,,,,,False,True,True,True,True,19.0,False,False
COMP_0447,GROUP_0190,,EUR,businessCentral,10.0,1289582.44,816704.18,0.6333090112486334,True,True,True,True,True,14.0,False,True
COMP_0956,GROUP_0166,,EUR,,27.0,1275735.74,967052.21,0.7580348967882643,True,True,False,True,True,7.0,False,False
COMP_0406,GROUP_0034,,EUR,netsuite,,,,,False,True,True,False,True,8.0,False,True
COMP_0225,GROUP_0118,,EUR,businessCentral,,,,,False,True,True,False,True,19.0,False,False
COMP_0646,GROUP_0118,,EUR,businessCentral,1.0,400000.0,394987.85,0.9874696249999999,True,True,True,True,True,24.0,False,False
COMP_0980,GROUP_0118,,EUR,,,,,,False,False,False,False,True,24.0,False,False
COMP_0981,GROUP_0118,,EUR,businessCentral,,,,,False,False,True,False,True,24.0,True,False
COMP_0983,GROUP_0118,,EUR,businessCentral,,,,,False,False,True,True,True,24.0,False,False
COMP_1019,GROUP_0118,,EUR,businessCentral,,,,,False,True,True,False,True,24.0,False,False
COMP_1095,GROUP_0118,,EUR,businessCentral,,,,,False,True,True,True,True,18.0,True,False
COMP_1212,GROUP_0118,,EUR,businessCentral,,,,,False,True,True,False,True,24.0,False,False
COMP_0018,GROUP_0250,,EUR,distritoK,,,,,False,True,True,False,True,24.0,False,False
COMP_0125,GROUP_0250,,EUR,distritoK,,,,,False,True,True,False,True,24.0,False,False
COMP_0263,GROUP_0250,,EUR,distritoK,,,,,False,True,True,False,True,24.0,False,False
COMP_0308,GROUP_0250,,EUR,distritoK,1.0,200000.0,990.96,0.0049548000000000005,True,True,True,True,True,24.0,False,False
COMP_0309,GROUP_0250,,EUR,distritoK,,,,,False,True,True,False,True,24.0,False,False
COMP_0363,GROUP_0250,,EUR,distritoK,,,,,False,True,True,False,True,24.0,False,False
COMP_0671,GROUP_0250,,EUR,distritoK,,,,,False,True,True,True,True,24.0,False,False
COMP_0809,GROUP_0250,,EUR,distritoK,,,,,False,True,True,False,True,24.0,False,False
COMP_0815,GROUP_0250,,EUR,distritoK,,,,,False,True,True,False,True,24.0,False,False
COMP_0819,GROUP_0250,,EUR,distritoK,3.0,4340000.0,2063037.59,0.47535428341013825,True,True,True,True,True,24.0,False,False
COMP_0826,GROUP_0250,,EUR,distritoK,,,,,False,True,True,False,True,24.0,False,False
COMP_0831,GROUP_0250,,EUR,distritoK,,,,,False,True,True,False,True,24.0,False,False
COMP_0835,GROUP_0250,,EUR,distritoK,,,,,False,True,True,False,True,24.0,False,False
COMP_0838,GROUP_0250,,EUR,distritoK,,,,,False,True,True,False,True,24.0,False,False
COMP_0839,GROUP_0250,,EUR,distritoK,,,,,False,True,True,False,True,24.0,False,False
COMP_1120,GROUP_0250,,EUR,distritoK,,,,,False,True,True,False,True,24.0,False,False
COMP_1239,GROUP_0250,,EUR,distritoK,,,,,False,True,True,False,True,24.0,False,False
COMP_1240,GROUP_0250,,EUR,distritoK,,,,,False,True,True,False,True,24.0,False,False
COMP_1241,GROUP_0250,,EUR,distritoK,,,,,False,True,True,False,True,24.0,False,False
COMP_1195,GROUP_0171,,EUR,businessCentral,1.0,100000.0,73977.73,0.7397773,True,True,True,False,True,10.0,False,False
COMP_0287,GROUP_0231,,EUR,netsuite,,,,,False,True,True,False,True,24.0,True,True
COMP_0803,GROUP_0231,ESPAÑA,EUR,netsuite,31.0,17882722.39,10075116.879999999,0.5633995015006212,True,True,True,True,True,24.0,False,False
COMP_0474,GROUP_0141,,EUR,businessCentral,3.0,306500.04,64705.5,0.21111090230200297,True,True,True,True,True,24.0,True,False
COMP_0846,GROUP_0141,,EUR,businessCentral,1.0,50000.0,50050.04,1.0,True,True,True,False,True,24.0,False,False
COMP_0875,GROUP_0141,,EUR,businessCentral,8.0,712401.89,423583.41,0.5945849048772175,True,True,True,True,True,24.0,False,False
COMP_0985,GROUP_0141,,EUR,businessCentral,1.0,75000.0,0.0,0.0,True,True,True,True,True,24.0,False,False
COMP_1045,GROUP_0141,,EUR,businessCentral,1.0,34450.0,34105.5,0.99,True,True,True,True,True,24.0,False,False
COMP_1079,GROUP_0141,,EUR,businessCentral,6.0,445001.0,13227.73,0.02972516915692324,True,True,True,True,True,23.0,False,False
COMP_1156,GROUP_0141,,EUR,businessCentral,,,,,False,True,True,False,True,24.0,False,False
COMP_1223,GROUP_0141,,EUR,businessCentral,,,,,False,True,True,False,True,24.0,False,False
COMP_0051,GROUP_0163,,EUR,navision,4.0,10000000.0,7522324.7,0.75223247,True,True,True,True,True,24.0,False,False
COMP_0284,GROUP_0163,,EUR,navision,,,,,False,True,True,False,True,24.0,False,False
COMP_1006,GROUP_0163,,EUR,navision,,,,,False,True,True,False,True,24.0,False,False
COMP_0265,GROUP_0033,,EUR,,,,,,False,True,False,False,True,22.0,False,True
COMP_0743,GROUP_0033,,EUR,netsuite,10.0,1843720.0,886376.13,0.4807541980344087,True,True,True,True,True,24.0,False,True
COMP_0570,GROUP_0123,,EUR,businessCentral,,,,,False,True,True,False,True,7.0,False,False
COMP_0009,GROUP_0225,,EUR,businessCentral,4.0,62791666.68,30500000.0,0.48573324475419066,True,True,True,True,True,24.0,False,False
COMP_0039,GROUP_0225,,EUR,businessCentral,,,,,False,True,True,False,True,24.0,False,False
COMP_0176,GROUP_0225,,EUR,businessCentral,,,,,False,True,True,False,True,24.0,False,False
COMP_0481,GROUP_0225,,EUR,,1.0,216290.22,101333.39,0.4685065741761232,True,False,False,True,True,24.0,True,False
COMP_0982,GROUP_0207,ES,EUR,,16.0,7813723.84,2650490.66,0.3392096667701018,True,False,False,True,True,20.0,True,True
COMP_0019,GROUP_0212,,EUR,,,,,,False,False,False,False,True,24.0,False,False
COMP_0172,GROUP_0212,,EUR,,,,,,False,False,False,True,True,24.0,False,False
COMP_0244,GROUP_0212,,EUR,,,,,,False,False,False,False,True,24.0,False,False
COMP_0458,GROUP_0212,,EUR,,,,,,False,False,False,False,True,14.0,False,False
COMP_0564,GROUP_0212,,EUR,,1.0,60000.0,59000.0,0.9833333333333333,True,False,False,False,True,24.0,False,False
COMP_0596,GROUP_0212,,EUR,,3.0,2252000.0,2025435.52,0.8993941030195381,True,False,False,True,True,24.0,False,False
COMP_0617,GROUP_0212,,MXN,,,,,,False,False,False,False,True,10.0,True,False
COMP_0687,GROUP_0212,,EUR,,,,,,False,False,False,False,True,24.0,False,False
COMP_0706,GROUP_0212,,EUR,,,,,,False,False,False,False,True,24.0,False,False
COMP_0766,GROUP_0212,,EUR,,,,,,False,False,False,False,True,24.0,False,False
COMP_1167,GROUP_0212,,EUR,,1.0,199995.46,0.0,0.0,True,False,False,True,True,24.0,False,False
COMP_0220,GROUP_0124,,EUR,,8.0,13880000.0,1163350.55,0.08381488112391931,True,True,False,True,True,20.0,False,False
COMP_0495,GROUP_0124,,EUR,distritoK,8.0,1494795.33,803191.99,0.5373257287337123,True,True,True,True,True,20.0,False,True
COMP_1058,GROUP_0124,,EUR,,,,,,False,True,False,True,True,20.0,False,False
COMP_0190,GROUP_0182,,EUR,netsuite,,,,,False,True,True,False,True,11.0,False,False
COMP_0430,GROUP_0182,,EUR,netsuite,,,,,False,True,True,False,True,9.0,False,False
COMP_0446,GROUP_0182,,EUR,,5.0,1330000.0,175467.55,0.1319304887218045,True,False,False,True,True,11.0,False,False
COMP_1087,GROUP_0182,,EUR,netsuite,,,,,False,False,True,False,True,11.0,True,False
COMP_1110,GROUP_0182,,EUR,netsuite,,,,,False,True,True,True,True,11.0,False,False
COMP_0597,GROUP_0029,ES,EUR,ekon,24.0,19747929.07,13851702.7,0.7014255849765415,True,True,True,True,True,11.0,True,False
COMP_0825,GROUP_0043,ESPAÑA,EUR,,32.0,6532998.51,675300.3200000001,0.10336759130838989,True,False,False,True,True,24.0,False,False
COMP_0041,GROUP_0149,,EUR,m3Rosetta,2.0,576351.7,534369.91,0.9271594236644051,True,True,True,True,True,9.0,False,False
COMP_0093,GROUP_0149,,GBP,m3Rosetta,,,,,False,True,True,False,False,9.0,False,False
COMP_0166,GROUP_0149,,GBP,m3Rosetta,,,,,False,True,True,False,False,9.0,False,True
COMP_0238,GROUP_0149,,EUR,m3Rosetta,,,,,False,True,True,True,True,9.0,True,False
COMP_0332,GROUP_0149,,EUR,m3Rosetta,29.0,2317880.98,2232949.48,0.9633581272149703,True,True,True,True,True,9.0,False,False
COMP_0469,GROUP_0149,,CLP,m3Rosetta,,,,,False,True,True,False,True,10.0,True,True
COMP_0731,GROUP_0149,,EUR,m3Rosetta,,,,,False,True,True,False,True,9.0,False,False
COMP_0784,GROUP_0149,,GBP,m3Rosetta,,,,,False,True,True,False,False,9.0,False,False
COMP_0800,GROUP_0149,,GBP,m3Rosetta,,,,,False,True,True,False,False,9.0,False,False
COMP_0976,GROUP_0149,,GBP,m3Rosetta,,,,,False,True,True,False,False,9.0,False,True
COMP_1126,GROUP_0149,,EUR,m3Rosetta,,,,,False,True,True,False,True,9.0,False,False
COMP_1284,GROUP_0149,,EUR,m3Rosetta,19.0,1875419.66,1791271.55,0.95513105050845,True,True,True,True,True,9.0,False,False
COMP_1285,GROUP_0149,,GBP,m3Rosetta,,,,,False,True,True,False,False,9.0,False,False
COMP_0269,GROUP_0156,,EUR,,10.0,116000.0,87157.87,0.7513609482758621,True,True,False,True,True,21.0,False,True
COMP_0899,GROUP_0093,,EUR,businessCentral,,,,,False,True,True,False,True,15.0,False,False
COMP_0519,GROUP_0233,,EUR,,15.0,1896054.34,515106.83999999997,0.27167303654387875,True,True,False,True,True,24.0,False,True
COMP_0769,GROUP_0114,PT,EUR,,4.0,2758032.97,1330583.45,0.4824392835303923,True,False,False,True,True,9.0,False,False
COMP_0850,GROUP_0114,ES,EUR,,12.0,1685741.83,474054.1,0.28121393891020663,True,False,False,True,True,8.0,True,False
COMP_0896,GROUP_0114,ES,EUR,,2.0,228425.2,61504.100000000006,0.26925269190964923,True,False,False,False,True,9.0,False,True
COMP_1132,GROUP_0114,ES,EUR,,,,,,False,False,False,True,True,8.0,False,True
COMP_0174,GROUP_0017,ESPAÑA,EUR,,,,,,False,False,False,False,True,24.0,False,False
COMP_0179,GROUP_0017,ESPAÑA,EUR,,,,,,False,False,False,True,True,24.0,False,False
COMP_0272,GROUP_0017,ES,EUR,,1.0,64000.0,20169.78,0.3151528125,True,False,False,True,True,7.0,False,False
COMP_0449,GROUP_0017,ESPAÑA,EUR,,2.0,6411940.59,2515529.0300000003,0.3923194537895742,True,False,False,True,True,24.0,False,False
COMP_0530,GROUP_0017,ESPAÑA,EUR,,,,,,False,False,False,False,True,24.0,False,False
COMP_0532,GROUP_0017,ESPAÑA,EUR,,,,,,False,False,False,False,True,24.0,False,False
COMP_0616,GROUP_0017,ESPAÑA,EUR,,2.0,10500000.0,9176568.82,0.8739589352380953,True,False,False,True,True,24.0,False,True
COMP_0696,GROUP_0017,ESPAÑA,EUR,,9.0,21940000.0,7125844.41,0.3247878035551504,True,False,False,True,True,24.0,True,True
COMP_0786,GROUP_0017,ESPAÑA,EUR,,1.0,500000.0,1267.64,0.00253528,True,False,False,True,True,24.0,False,False
COMP_0901,GROUP_0017,ES,EUR,,,,,,False,False,False,True,True,7.0,False,False
COMP_1094,GROUP_0017,ESPAÑA,EUR,,,,,,False,False,False,True,True,24.0,False,False
COMP_0026,GROUP_0236,,EUR,,,,,,False,False,False,True,True,8.0,False,False
COMP_0144,GROUP_0236,,EUR,,,,,,False,False,False,False,True,8.0,False,False
COMP_0277,GROUP_0236,,EUR,,2.0,600000.0,8904.2,0.014840333333333334,True,False,False,True,True,8.0,False,True
COMP_0439,GROUP_0236,,EUR,,,,,,False,False,False,False,True,7.0,False,False
COMP_0470,GROUP_0236,,EUR,,1.0,84455.98,0.0,0.0,True,False,False,False,True,8.0,False,False
COMP_0644,GROUP_0236,,EUR,,,,,,False,False,False,False,True,8.0,False,False
COMP_0684,GROUP_0236,,EUR,,1.0,31661.61,0.0,0.0,True,False,False,False,True,8.0,False,False
COMP_0702,GROUP_0236,,EUR,,1.0,25399.36,0.0,0.0,True,False,False,False,True,8.0,False,False
COMP_0724,GROUP_0236,,EUR,,,,,,False,False,False,False,True,8.0,False,False
COMP_0752,GROUP_0236,,EUR,,,,,,False,False,False,True,True,8.0,False,False
COMP_0872,GROUP_0236,,EUR,,,,,,False,False,False,False,True,8.0,False,False
COMP_0988,GROUP_0236,,EUR,,14.0,9209707.82,5371227.24,0.5832136420588422,True,False,False,True,True,9.0,False,False
COMP_1021,GROUP_0236,,EUR,,,,,,False,False,False,False,True,9.0,False,False
COMP_1092,GROUP_0236,,EUR,,,,,,False,False,False,False,True,8.0,False,False
COMP_1101,GROUP_0236,,EUR,,1.0,127197.12,36583.25,0.28761067860655964,True,False,False,True,True,8.0,False,False
COMP_1103,GROUP_0236,,GBP,,,,,,False,False,False,False,True,8.0,False,True
COMP_1114,GROUP_0236,,EUR,,,,,,False,False,False,True,True,8.0,False,False
COMP_0281,GROUP_0127,,EUR,,1.0,21350000.0,21042166.38,0.9855815634660421,True,False,False,True,True,14.0,False,False
COMP_0304,GROUP_0127,,EUR,,2.0,42700000.0,42533330.94,0.9960967433255269,True,False,False,True,True,14.0,False,False
COMP_0358,GROUP_0127,,EUR,,,,,,False,False,False,False,True,14.0,False,False
COMP_0635,GROUP_0127,,EUR,,2.0,469392.02,359744.49,0.7664052107234375,True,False,False,True,True,14.0,True,False
COMP_0768,GROUP_0127,,EUR,,,,,,False,False,False,False,True,14.0,False,False
COMP_0877,GROUP_0127,,EUR,,9.0,43528906.6,40734052.74,0.9357931526816711,True,False,False,True,True,14.0,False,False
COMP_0991,GROUP_0127,,EUR,,1.0,300000.0,170531.05,0.5684368333333333,True,False,False,False,True,13.0,False,False
COMP_1216,GROUP_0127,,EUR,,5.0,21641324.18,20411175.060000002,0.9431574006392432,True,False,False,True,True,14.0,False,False
COMP_0164,GROUP_0154,,EUR,businessCentral,,,,,False,True,True,True,True,24.0,False,False
COMP_0624,GROUP_0154,,EUR,,1.0,110000.0,0.0,0.0,True,False,False,True,True,24.0,False,False
COMP_0678,GROUP_0154,,EUR,businessCentral,,,,,False,True,True,False,True,24.0,False,False
COMP_0962,GROUP_0154,,EUR,,,,,,False,False,False,True,True,13.0,True,False
COMP_0092,GROUP_0159,,EUR,,,,,,False,False,False,False,True,24.0,False,False
COMP_0321,GROUP_0159,,EUR,,,,,,False,False,False,True,True,24.0,False,False
COMP_0334,GROUP_0159,,EUR,,,,,,False,False,False,True,True,21.0,False,False
COMP_0582,GROUP_0159,,EUR,,,,,,False,False,False,False,True,24.0,False,False
COMP_0625,GROUP_0159,,EUR,,,,,,False,False,False,False,True,24.0,False,False
COMP_0824,GROUP_0159,,EUR,,1.0,1500000.0,738642.91,0.4924286066666667,True,False,False,False,True,24.0,True,False
COMP_0963,GROUP_0159,,EUR,,,,,,False,False,False,False,True,24.0,False,False
COMP_1007,GROUP_0159,,EUR,,3.0,3000000.0,2723714.84,0.9079049466666667,True,False,False,True,True,24.0,False,False
COMP_1054,GROUP_0159,,EUR,,,,,,False,False,False,False,True,24.0,False,False
COMP_1137,GROUP_0159,,EUR,,,,,,False,False,False,True,True,24.0,False,False
COMP_1178,GROUP_0159,ES,EUR,,1.0,4737000.0,1389051.33,0.29323439518682715,True,False,False,True,True,24.0,True,False
COMP_1189,GROUP_0159,,EUR,,,,,,False,False,False,False,True,24.0,False,False
COMP_1280,GROUP_0159,,EUR,,,,,,False,False,False,False,True,14.0,False,False
COMP_0126,GROUP_0220,,EUR,navision,,,,,False,True,True,False,True,21.0,True,False
COMP_0141,GROUP_0220,,EUR,navision,,,,,False,True,True,True,True,13.0,False,False
COMP_0178,GROUP_0220,,EUR,navision,,,,,False,True,True,False,True,24.0,False,True
COMP_0354,GROUP_0220,,EUR,navision,9.0,19329699.21,114554.1,0.005926326051713042,True,True,True,False,True,24.0,False,False
COMP_0909,GROUP_0220,,EUR,navision,49.0,144398569.13,56096315.59,0.3884824893209107,True,True,True,True,True,24.0,False,True
COMP_1008,GROUP_0220,,EUR,navision,,,,,False,True,True,False,True,24.0,False,True
COMP_0274,GROUP_0097,,EUR,,,,,,False,False,False,True,True,21.0,False,True
COMP_0346,GROUP_0097,,EUR,businessCentral,,,,,False,True,True,False,True,19.0,False,False
COMP_0387,GROUP_0097,,EUR,businessCentral,,,,,False,True,True,False,True,20.0,False,False
COMP_0424,GROUP_0097,,EUR,businessCentral,,,,,False,True,True,False,True,21.0,False,False
COMP_0425,GROUP_0097,,EUR,,,,,,False,False,False,False,True,21.0,False,False
COMP_0560,GROUP_0097,,EUR,,1.0,1000000.0,0.0,0.0,True,False,False,False,True,21.0,False,True
COMP_0857,GROUP_0097,,EUR,businessCentral,,,,,False,True,True,False,True,19.0,False,False
COMP_0351,GROUP_0223,,EUR,,22.0,48341442.63,34079035.35,0.7049652119577218,True,False,False,True,True,8.0,False,True
COMP_0001,GROUP_0147,,EUR,sage200,,,,,False,True,True,False,True,8.0,False,False
COMP_0793,GROUP_0147,,EUR,sage200,7.0,1263642.76,1520516.83,1.0,True,True,True,True,True,8.0,False,False
COMP_0878,GROUP_0147,,EUR,sage200,,,,,False,True,True,True,True,8.0,False,False
COMP_0914,GROUP_0244,,EUR,businessCentral,1.0,200000.0,38200.75,0.19100375,True,True,True,True,True,19.0,True,False
COMP_1227,GROUP_0244,,EUR,businessCentral,,,,,False,True,True,True,True,19.0,True,False
COMP_0255,GROUP_0025,,EUR,dynamicsAx,4.0,295871.28,46121.28,0.15588292314144175,True,True,True,False,True,8.0,False,False
COMP_1049,GROUP_0025,,EUR,dynamicsAx,3.0,655000.0,247149.75,0.37732786259541984,True,True,True,False,True,8.0,False,False
COMP_0078,GROUP_0246,,EUR,businessCentral,3.0,736000.0,736000.0,1.0,True,True,True,True,True,7.0,False,False
COMP_0320,GROUP_0246,,EUR,businessCentral,2.0,2130000.0,2130000.0,1.0,True,True,True,True,True,7.0,False,True
COMP_0369,GROUP_0246,,EUR,businessCentral,4.0,817499.27,304890.98,0.372955660253984,True,True,True,True,True,7.0,True,False
COMP_0465,GROUP_0246,,EUR,businessCentral,3.0,169442.41999999998,169442.41999999998,1.0,True,True,True,False,True,7.0,False,False
COMP_0550,GROUP_0246,,EUR,businessCentral,6.0,906500.0,906500.0,1.0,True,True,True,True,True,7.0,False,False
COMP_0849,GROUP_0246,,EUR,businessCentral,5.0,2279442.42,1274442.42,0.5591027037217285,True,True,True,True,True,7.0,True,False
COMP_0930,GROUP_0246,,EUR,businessCentral,1.0,171000.0,171000.0,1.0,True,True,True,True,True,7.0,False,False
COMP_0036,GROUP_0103,,EUR,,,,,,False,False,False,True,True,20.0,False,False
COMP_0128,GROUP_0103,,EUR,,3.0,120000.0,36866.149999999994,0.3072179166666666,True,False,False,True,True,20.0,False,False
COMP_0133,GROUP_0103,,EUR,,,,,,False,False,False,False,True,20.0,False,False
COMP_0452,GROUP_0103,,EUR,,1.0,25000.0,0.0,0.0,True,False,False,True,True,20.0,False,False
COMP_0602,GROUP_0103,,EUR,,,,,,False,False,False,True,True,20.0,False,False
COMP_0700,GROUP_0103,,EUR,,3.0,3918949.0,2346187.86,0.5986778240798745,True,False,False,True,True,20.0,False,False
COMP_0755,GROUP_0103,,EUR,,,,,,False,False,False,True,True,20.0,False,False
COMP_0774,GROUP_0103,,EUR,,4.0,1998588.23,808449.56,0.40451031776565605,True,False,False,True,True,20.0,False,False
COMP_0867,GROUP_0103,,EUR,,,,,,False,False,False,False,True,20.0,False,False
COMP_0952,GROUP_0103,,EUR,,1.0,100000.0,743.92,0.0074392,True,False,False,True,True,20.0,False,False
COMP_1091,GROUP_0103,,EUR,,7.0,10507016.0,5173675.74,0.4924020045272607,True,False,False,True,True,20.0,False,False
COMP_1098,GROUP_0103,,EUR,,,,,,False,False,False,False,True,20.0,True,False
COMP_1107,GROUP_0103,,EUR,,3.0,466000.0,296238.09,0.6357040557939915,True,False,False,True,True,20.0,False,False
COMP_1180,GROUP_0103,,EUR,,,,,,False,False,False,False,True,20.0,False,False
COMP_1211,GROUP_0103,,EUR,,,,,,False,False,False,True,True,20.0,False,False
COMP_1276,GROUP_0103,,EUR,,,,,,False,False,False,True,True,20.0,False,False
COMP_0122,GROUP_0086,,EUR,,,,,,False,False,False,False,True,24.0,True,False
COMP_0261,GROUP_0086,,EUR,,5.0,81342105.26,80940170.3,0.9950587096471714,True,False,False,False,True,24.0,True,False
COMP_0463,GROUP_0086,,USD,,,,,,False,False,False,False,True,24.0,True,False
COMP_1133,GROUP_0086,,EUR,,3.0,1055328.51,512523.8,0.4856533251432769,True,False,False,False,True,24.0,False,True
COMP_1166,GROUP_0086,,USD,,,,,,False,False,False,True,True,21.0,False,False
COMP_0318,GROUP_0226,,EUR,businessCentral,,,,,False,True,True,False,True,20.0,False,False
COMP_0861,GROUP_0226,,EUR,businessCentral,9.0,5810786.16,4000374.23,0.6884394159154533,True,True,True,True,True,20.0,False,True
COMP_0993,GROUP_0226,,EUR,businessCentral,5.0,725000.0,255513.1,0.35243186206896554,True,True,True,True,True,20.0,False,False
COMP_1024,GROUP_0226,,EUR,businessCentral,3.0,600000.0,142918.79,0.23819798333333334,True,True,True,True,True,20.0,False,False
COMP_0715,GROUP_0177,IT,EUR,,,,,,False,False,False,False,False,14.0,False,False
COMP_0806,GROUP_0177,ES,EUR,,2.0,1200000.0,0.0,0.0,True,False,False,True,True,15.0,False,False
COMP_0245,GROUP_0096,ES,EUR,netsuite,,,,,False,True,True,False,True,15.0,False,False
COMP_0331,GROUP_0096,,EUR,netsuite,,,,,False,True,True,False,True,24.0,False,False
COMP_0396,GROUP_0096,,EUR,netsuite,,,,,False,True,True,False,True,24.0,False,False
COMP_0834,GROUP_0096,,EUR,netsuite,,,,,False,True,True,False,True,24.0,False,False
COMP_0868,GROUP_0096,,EUR,netsuite,1.0,60000.0,22500.0,0.375,True,True,True,False,True,24.0,False,False
COMP_0922,GROUP_0096,ES,EUR,netsuite,,,,,False,True,True,True,True,17.0,False,False
COMP_1253,GROUP_0096,ES,EUR,netsuite,,,,,False,True,True,False,True,15.0,False,False
COMP_0100,GROUP_0129,,EUR,businessCentral,7.0,54144901.68,49514770.54,0.9144862951757787,True,True,True,True,True,20.0,False,False
COMP_0457,GROUP_0129,,EUR,businessCentral,,,,,False,True,True,True,True,20.0,True,False
COMP_0609,GROUP_0129,,EUR,businessCentral,,,,,False,True,True,True,True,20.0,False,False
COMP_0733,GROUP_0129,,EUR,businessCentral,,,,,False,True,True,True,True,20.0,True,False
COMP_0904,GROUP_0129,,EUR,businessCentral,,,,,False,True,True,False,True,20.0,True,False
COMP_0968,GROUP_0129,,EUR,businessCentral,,,,,False,True,True,False,True,18.0,True,False
COMP_0034,GROUP_0172,,EUR,,1.0,933923.42,724817.59,0.7760995971168599,True,False,False,True,True,18.0,False,False
COMP_0082,GROUP_0172,,EUR,,1.0,923358.68,686425.41,0.7434006143744704,True,False,False,True,True,18.0,False,False
COMP_0088,GROUP_0172,,EUR,,1.0,285827.16,144602.25,0.5059080109811818,True,False,False,True,True,18.0,False,False
COMP_0356,GROUP_0172,,EUR,,1.0,225802.25,61244.51,0.2712307339718714,True,False,False,True,True,18.0,True,False
COMP_0467,GROUP_0172,,EUR,,1.0,23414.04,16883.11,0.7210677866784203,True,False,False,False,True,18.0,True,False
COMP_0526,GROUP_0172,,EUR,,,,,,False,False,False,False,True,18.0,False,False
COMP_0537,GROUP_0172,ES,EUR,,,,,,False,False,False,False,True,14.0,True,False
COMP_0577,GROUP_0172,,EUR,,2.0,375974.22,84012.26,0.22345218243953002,True,False,False,True,True,18.0,True,False
COMP_0632,GROUP_0172,,EUR,,,,,,False,False,False,False,True,11.0,False,False
COMP_0655,GROUP_0172,,EUR,,,,,,False,False,False,False,True,18.0,False,False
COMP_0679,GROUP_0172,,EUR,,,,,,False,False,False,False,True,18.0,False,False
COMP_0714,GROUP_0172,,EUR,,,,,,False,False,False,False,True,18.0,True,False
COMP_0747,GROUP_0172,,EUR,,2.0,1149720.63,768018.13,0.6680041307078225,True,False,False,True,True,18.0,False,False
COMP_0750,GROUP_0172,,EUR,,1.0,76807.68,23657.17,0.3080052671816152,True,False,False,True,True,18.0,True,False
COMP_0894,GROUP_0172,,EUR,,,,,,False,False,False,True,True,18.0,False,False
COMP_0910,GROUP_0172,,EUR,,2.0,1042805.07,492151.24,0.47194941236716464,True,False,False,True,True,18.0,True,False
COMP_0911,GROUP_0172,,EUR,,,,,,False,False,False,False,True,18.0,False,False
COMP_0937,GROUP_0172,,EUR,,,,,,False,False,False,False,True,18.0,False,False
COMP_1005,GROUP_0172,,EUR,,4.0,341384.68,269074.56,0.7881858084551422,True,False,False,True,True,18.0,False,False
COMP_1084,GROUP_0172,,EUR,,,,,,False,False,False,False,True,18.0,True,False
COMP_1271,GROUP_0172,ES,EUR,,2.0,245896.87,30414.23,0.12368693428265272,True,False,False,True,True,18.0,False,False
COMP_0298,GROUP_0063,,EUR,,1.0,787409.0,635637.86,0.8072524698092097,True,False,False,True,True,19.0,False,False
COMP_0483,GROUP_0063,,EUR,,1.0,302083.28,83333.32,0.27586207353151093,True,False,False,True,True,19.0,False,False
COMP_0561,GROUP_0063,,EUR,,,,,,False,False,False,False,True,18.0,False,False
COMP_0623,GROUP_0063,,EUR,,28.0,21138383.96,16960664.9,0.8023633657187103,True,False,False,True,True,19.0,False,False
COMP_1125,GROUP_0063,,EUR,,,,,,False,False,False,False,True,19.0,True,False
COMP_0089,GROUP_0153,,EUR,sage200,,,,,False,True,True,False,True,24.0,False,False
COMP_0123,GROUP_0153,,EUR,sage200,5.0,2392618.87,205369.35,0.08583454413698575,True,True,True,True,True,24.0,False,False
COMP_0207,GROUP_0153,,EUR,sage200,1.0,441049.98,167016.66,0.37867966800497305,True,True,True,True,True,24.0,False,False
COMP_0498,GROUP_0153,,EUR,sage200,3.0,35000000.0,33200000.0,0.9485714285714286,True,True,True,True,True,9.0,False,False
COMP_0649,GROUP_0153,,EUR,sage200,,,,,False,True,True,False,True,24.0,True,False
COMP_0829,GROUP_0153,,EUR,sage200,5.0,3542664.86,1287348.64,0.36338425757834736,True,True,True,True,True,24.0,False,False
COMP_0074,GROUP_0088,,EUR,sageX3,12.0,9948848.790000001,5809903.25,0.5839774402682423,True,True,True,True,True,20.0,False,False
COMP_0330,GROUP_0088,,EUR,sageX3,,,,,False,True,True,False,True,20.0,False,False
COMP_0338,GROUP_0088,,EUR,sageX3,,,,,False,True,True,False,True,20.0,False,False
COMP_0844,GROUP_0088,,EUR,sageX3,1.0,44156.22,0.0,0.0,True,True,True,True,True,20.0,False,False
COMP_0915,GROUP_0088,,EUR,sageX3,4.0,144000.0,144000.0,1.0,True,True,True,False,True,20.0,False,True
COMP_0020,GROUP_0007,,EUR,,2.0,5450000.0,2711044.91,0.49743943302752297,True,False,False,False,True,8.0,False,True
COMP_0145,GROUP_0007,,GBP,,,,,,False,False,False,False,True,8.0,False,True
COMP_0669,GROUP_0007,ES,EUR,,1.0,1000000.0,286858.79,0.28685879,True,False,False,True,True,8.0,True,True
COMP_1041,GROUP_0007,,EUR,,,,,,False,False,False,True,True,8.0,False,True
COMP_1080,GROUP_0007,,EUR,,,,,,False,False,False,True,True,8.0,False,False
COMP_0288,GROUP_0075,,EUR,,,,,,False,False,False,True,True,24.0,False,False
COMP_0046,GROUP_0062,,EUR,a3,2.0,1468000.0,1444243.51,0.9838171049046321,True,False,True,False,True,,False,False
COMP_1268,GROUP_0027,,EUR,,4.0,1921989.53,1122834.24,0.5842041397592836,True,False,False,True,True,7.0,False,False
COMP_0050,GROUP_0230,,USD,r3,,,,,False,True,True,False,True,12.0,True,False
COMP_0070,GROUP_0230,,EUR,r3,3.0,1586479.99,1023418.8600000001,0.6450877833006895,True,True,True,False,True,12.0,True,True
COMP_0421,GROUP_0230,,EUR,r3,,,,,False,True,True,True,True,12.0,False,False
COMP_0723,GROUP_0230,,EUR,r3,,,,,False,True,True,False,True,12.0,False,False
COMP_0865,GROUP_0230,,EUR,r3,,,,,False,True,True,False,True,12.0,False,False
COMP_0919,GROUP_0230,,EUR,r3,18.0,63950001.0,46683302.55,0.7299969010164675,True,True,True,True,True,12.0,False,True
COMP_1194,GROUP_0230,,EUR,r3,1.0,300000.0,177358.84,0.5911961333333333,True,True,True,False,True,12.0,True,True
COMP_1065,GROUP_0215,,EUR,,1.0,2000.0,0.0,0.0,True,True,False,False,True,18.0,False,False
COMP_0393,GROUP_0054,,EUR,,,,,,False,True,False,False,True,11.0,True,False
COMP_0662,GROUP_0054,,EUR,netsuite,1.0,130000.0,127477.38,0.9805952307692308,True,True,True,False,True,11.0,False,False
COMP_0767,GROUP_0054,,EUR,,,,,,False,False,False,False,True,11.0,False,False
COMP_1235,GROUP_0054,,EUR,,,,,,False,True,False,False,True,11.0,False,False
COMP_0155,GROUP_0143,,EUR,businessCentral,,,,,False,True,True,False,True,24.0,False,False
COMP_0175,GROUP_0143,,EUR,,,,,,False,False,False,True,True,9.0,True,False
COMP_0375,GROUP_0143,,EUR,businessCentral,,,,,False,True,True,False,True,14.0,False,False
COMP_0443,GROUP_0143,,EUR,,,,,,False,False,False,False,True,9.0,True,False
COMP_0583,GROUP_0143,,EUR,,1.0,100.0,0.0,0.0,True,False,False,True,True,24.0,False,False
COMP_0663,GROUP_0143,,EUR,,,,,,False,False,False,False,True,9.0,True,False
COMP_0946,GROUP_0143,,EUR,,,,,,False,False,False,False,True,14.0,False,True
COMP_1001,GROUP_0143,,EUR,businessCentral,3.0,600000.0,216294.53,0.36049088333333335,True,False,True,True,True,24.0,True,False
COMP_1131,GROUP_0143,,EUR,,,,,,False,False,False,False,True,9.0,False,False
COMP_1224,GROUP_0143,,EUR,businessCentral,,,,,False,True,True,True,True,24.0,True,False
COMP_0350,GROUP_0189,,EUR,sageX3,,,,,False,True,True,False,True,16.0,True,True
COMP_0836,GROUP_0189,,GBP,sageX3,,,,,False,True,True,False,True,16.0,False,False
COMP_0876,GROUP_0189,,EUR,sageX3,,,,,False,True,True,True,True,24.0,True,False
COMP_0948,GROUP_0189,,EUR,sageX3,,,,,False,True,True,False,True,24.0,True,False
COMP_1177,GROUP_0120,,EUR,r3,,,,,False,True,True,True,True,24.0,True,False
COMP_0209,GROUP_0221,,EUR,businessCentral,,,,,False,True,True,False,True,9.0,False,False
COMP_0728,GROUP_0183,,USD,businessOne,,,,,False,True,True,False,True,10.0,False,False
COMP_0799,GROUP_0183,GB,GBP,businessOne,,,,,False,True,True,True,True,10.0,False,True
COMP_0921,GROUP_0183,,EUR,businessOne,,,,,False,True,True,False,True,10.0,False,True
COMP_0695,GROUP_0084,IT,EUR,netsuite,,,,,False,True,True,False,True,24.0,False,False
COMP_0931,GROUP_0084,PT,EUR,netsuite,,,,,False,True,True,True,True,24.0,False,False
COMP_1206,GROUP_0084,NL,EUR,netsuite,,,,,False,True,True,False,True,19.0,False,False
COMP_1218,GROUP_0084,DE,EUR,netsuite,,,,,False,True,True,False,True,9.0,False,False
COMP_0380,GROUP_0059,,EUR,businessCentral,,,,,False,True,True,False,True,19.0,False,False
COMP_1009,GROUP_0059,,EUR,businessCentral,,,,,False,True,True,False,True,19.0,False,False
COMP_0343,GROUP_0167,,EUR,sageX3,,,,,False,True,True,True,True,20.0,False,False
COMP_0280,GROUP_0107,,GBP,sageX3,,,,,False,True,True,False,True,8.0,True,True
COMP_1104,GROUP_0107,,USD,sageX3,,,,,False,True,True,False,True,7.0,False,False
COMP_0059,GROUP_0101,,EUR,,,,,,False,True,False,True,True,24.0,True,True
COMP_0073,GROUP_0101,,EUR,,,,,,False,True,False,False,True,24.0,False,True
COMP_0117,GROUP_0101,,EUR,,,,,,False,True,False,False,True,24.0,False,True
COMP_0151,GROUP_0101,,EUR,,,,,,False,True,False,False,True,24.0,False,False
COMP_0201,GROUP_0101,,EUR,,,,,,False,True,False,True,True,24.0,False,True
COMP_0229,GROUP_0101,,EUR,,,,,,False,True,False,False,True,24.0,False,False
COMP_0234,GROUP_0101,,EUR,,,,,,False,True,False,True,True,24.0,False,True
COMP_0314,GROUP_0101,,EUR,,,,,,False,True,False,True,True,24.0,False,True
COMP_0325,GROUP_0101,,EUR,,,,,,False,True,False,False,True,24.0,False,False
COMP_0349,GROUP_0101,,EUR,,,,,,False,True,False,True,True,24.0,False,True
COMP_0518,GROUP_0101,,EUR,,,,,,False,True,False,True,True,24.0,False,True
COMP_0571,GROUP_0101,,EUR,,,,,,False,True,False,False,True,24.0,True,False
COMP_0670,GROUP_0101,,EUR,,,,,,False,True,False,False,True,24.0,False,True
COMP_0807,GROUP_0101,,EUR,,,,,,False,True,False,False,True,17.0,False,False
COMP_0856,GROUP_0101,,EUR,,,,,,False,True,False,True,True,24.0,False,True
COMP_0882,GROUP_0101,,EUR,,,,,,False,True,False,False,True,24.0,False,False
COMP_0961,GROUP_0101,,EUR,,,,,,False,True,False,False,True,22.0,False,True
COMP_1163,GROUP_0101,,EUR,,,,,,False,True,False,False,True,23.0,False,True
COMP_0869,GROUP_0228,,EUR,,,,,,False,True,False,True,True,20.0,True,True
COMP_0502,GROUP_0098,,EUR,,,,,,False,False,False,False,True,24.0,True,False
COMP_0083,GROUP_0133,,EUR,businessCentral,,,,,False,True,True,False,True,8.0,False,False
COMP_0757,GROUP_0133,,EUR,businessCentral,,,,,False,True,True,True,True,8.0,False,False
COMP_0730,GROUP_0041,DE,EUR,,,,,,False,False,False,False,True,9.0,False,True
COMP_0734,GROUP_0041,US,USD,,,,,,False,False,False,False,True,9.0,False,True
COMP_0585,GROUP_0004,España,EUR,netsuite,,,,,False,True,True,False,True,24.0,True,False
COMP_1188,GROUP_0004,España,EUR,netsuite,,,,,False,True,True,False,True,24.0,True,False
COMP_0681,GROUP_0176,ES,EUR,,,,,,False,False,False,True,True,24.0,False,False
COMP_0021,GROUP_0023,,EUR,sage200,,,,,False,True,True,False,True,7.0,False,False
COMP_0257,GROUP_0023,,EUR,sage200,,,,,False,True,True,True,True,21.0,False,True
COMP_0433,GROUP_0023,,EUR,sage200,,,,,False,True,True,False,True,21.0,True,False
COMP_0453,GROUP_0023,,EUR,sage200,,,,,False,True,True,False,True,21.0,True,False
COMP_0507,GROUP_0023,,EUR,sage200,,,,,False,True,True,False,True,20.0,False,False
COMP_0542,GROUP_0023,,EUR,sage200,,,,,False,True,True,False,True,21.0,False,False
COMP_0547,GROUP_0023,,EUR,sage200,,,,,False,True,True,False,True,21.0,False,False
COMP_0557,GROUP_0023,,EUR,,,,,,False,False,False,False,True,16.0,False,False
COMP_0607,GROUP_0023,,EUR,sage200,,,,,False,True,True,False,True,20.0,False,False
COMP_0675,GROUP_0023,,EUR,sage200,,,,,False,True,True,True,True,12.0,False,False
COMP_0713,GROUP_0023,,EUR,sage200,,,,,False,True,True,True,True,21.0,False,True
COMP_0772,GROUP_0023,,EUR,sage200,,,,,False,True,True,False,True,21.0,False,False
COMP_0801,GROUP_0023,,EUR,sage200,,,,,False,True,True,False,True,20.0,False,False
COMP_0873,GROUP_0023,,EUR,sage200,,,,,False,True,True,False,True,21.0,False,True
COMP_1032,GROUP_0023,,EUR,sage200,,,,,False,True,True,False,True,20.0,False,False
COMP_1118,GROUP_0023,,EUR,sage200,,,,,False,True,True,False,True,7.0,False,False
COMP_1154,GROUP_0023,,EUR,,,,,,False,False,False,False,True,16.0,False,False
COMP_1147,GROUP_0181,,EUR,,,,,,False,False,False,False,True,20.0,False,False
COMP_0760,GROUP_0249,,EUR,,,,,,False,False,False,True,True,24.0,True,False
COMP_0010,GROUP_0013,,EUR,sageX3,,,,,False,True,True,False,True,24.0,False,False
COMP_0029,GROUP_0013,,EUR,sageX3,,,,,False,True,True,False,True,24.0,False,True
COMP_0226,GROUP_0013,,EUR,sageX3,,,,,False,True,True,False,True,13.0,False,True
COMP_0504,GROUP_0013,,EUR,sageX3,,,,,False,True,True,True,True,24.0,True,True
COMP_0618,GROUP_0013,,EUR,sageX3,,,,,False,True,True,False,True,24.0,False,True
COMP_0628,GROUP_0013,,EUR,sageX3,,,,,False,True,True,False,True,24.0,False,False
COMP_0666,GROUP_0013,,EUR,sageX3,,,,,False,True,True,False,True,23.0,True,True
COMP_0741,GROUP_0013,,EUR,sageX3,,,,,False,True,True,False,True,24.0,True,False
COMP_0959,GROUP_0013,,EUR,sageX3,,,,,False,True,True,False,True,23.0,False,True
COMP_0973,GROUP_0013,,EUR,sageX3,,,,,False,True,True,True,True,24.0,False,False
COMP_1078,GROUP_0013,,EUR,sageX3,,,,,False,True,True,False,True,24.0,False,False
COMP_1244,GROUP_0013,,EUR,sageX3,,,,,False,True,True,False,True,11.0,False,True
COMP_0146,GROUP_0020,,EUR,,,,,,False,False,False,False,True,14.0,True,False
COMP_0374,GROUP_0020,,EUR,,,,,,False,False,False,False,True,10.0,False,False
COMP_0386,GROUP_0020,,EUR,,,,,,False,False,False,False,True,14.0,False,False
COMP_0520,GROUP_0020,,EUR,,,,,,False,False,False,False,True,14.0,False,False
COMP_0717,GROUP_0020,,EUR,,,,,,False,False,False,False,True,14.0,False,False
COMP_1270,GROUP_0020,,EUR,,,,,,False,False,False,False,True,14.0,False,False
COMP_0329,GROUP_0161,,EUR,,,,,,False,False,False,False,True,24.0,True,False
COMP_0886,GROUP_0161,España ,EUR,,,,,,False,False,False,True,True,24.0,False,False
COMP_0890,GROUP_0245,,EUR,r3,,,,,False,True,True,True,True,24.0,False,False
COMP_0016,GROUP_0070,ES,EUR,businessCentral,,,,,False,True,True,True,True,24.0,False,False
COMP_0113,GROUP_0070,ES,EUR,businessCentral,,,,,False,True,True,False,True,24.0,False,False
COMP_0131,GROUP_0070,ES,EUR,businessCentral,,,,,False,True,True,False,True,6.0,False,False
COMP_0215,GROUP_0070,ES,EUR,businessCentral,,,,,False,True,True,True,True,23.0,False,False
COMP_0376,GROUP_0070,ES,EUR,businessCentral,,,,,False,True,True,True,True,14.0,False,False
COMP_0418,GROUP_0070,ES,EUR,businessCentral,,,,,False,True,True,True,True,24.0,False,False
COMP_0461,GROUP_0070,ES,EUR,businessCentral,,,,,False,True,True,True,True,24.0,False,False
COMP_0508,GROUP_0070,ES,EUR,businessCentral,,,,,False,True,True,True,True,18.0,False,False
COMP_0601,GROUP_0070,ES,EUR,businessCentral,,,,,False,True,True,False,True,24.0,False,False
COMP_0626,GROUP_0070,ES,EUR,,,,,,False,False,False,False,True,24.0,False,False
COMP_0792,GROUP_0070,,EUR,,,,,,False,False,False,False,True,24.0,False,False
COMP_0817,GROUP_0070,ES,EUR,businessCentral,,,,,False,True,True,False,True,24.0,False,False
COMP_0821,GROUP_0070,ES,EUR,businessCentral,,,,,False,True,True,True,True,24.0,False,False
COMP_0837,GROUP_0070,ES,EUR,,,,,,False,False,False,False,True,24.0,False,False
COMP_0953,GROUP_0070,,EUR,businessCentral,,,,,False,True,True,True,True,6.0,False,False
COMP_1090,GROUP_0070,ES,EUR,,,,,,False,False,False,True,True,24.0,False,False
COMP_1100,GROUP_0070,ES,EUR,businessCentral,,,,,False,True,True,True,True,15.0,False,False
COMP_1252,GROUP_0070,ES,EUR,businessCentral,,,,,False,True,True,True,True,24.0,False,False
COMP_1042,GROUP_0012,,EUR,,,,,,False,True,False,False,True,24.0,False,True
COMP_0204,GROUP_0052,,EUR,netsuite,,,,,False,True,True,False,True,9.0,False,False
COMP_0485,GROUP_0052,,EUR,netsuite,,,,,False,True,True,False,True,9.0,False,False
COMP_0476,GROUP_0111,,EUR,businessOne,,,,,False,True,True,False,True,24.0,False,False
COMP_1061,GROUP_0111,,EUR,businessOne,,,,,False,True,True,False,True,24.0,True,False
COMP_0111,GROUP_0243,,EUR,,,,,,False,False,False,False,True,7.0,False,False
COMP_0211,GROUP_0243,,EUR,,,,,,False,False,False,False,True,7.0,True,False
COMP_0236,GROUP_0243,,EUR,,,,,,False,False,False,False,True,7.0,True,True
COMP_0302,GROUP_0243,,PLN,,,,,,False,False,False,False,True,7.0,True,True
COMP_0749,GROUP_0243,,EUR,,,,,,False,False,False,False,True,7.0,False,False
COMP_0581,GROUP_0191,,EUR,,,,,,False,False,False,True,True,24.0,False,False
COMP_0936,GROUP_0046,,EUR,businessCentral,,,,,False,True,True,True,True,15.0,False,False
COMP_0574,GROUP_0197,,EUR,businessCentral,,,,,False,True,True,False,True,24.0,False,False
COMP_1139,GROUP_0197,,EUR,businessCentral,,,,,False,True,True,False,True,24.0,False,False
COMP_0711,GROUP_0219,,EUR,netsuite,,,,,False,True,True,False,True,24.0,True,False
COMP_0072,GROUP_0003,,GBP,businessOne,,,,,False,True,True,False,True,8.0,False,True
COMP_0154,GROUP_0003,,GBP,businessOne,,,,,False,True,True,True,True,8.0,False,False
COMP_0208,GROUP_0003,,GBP,businessOne,,,,,False,True,True,False,True,8.0,True,False
COMP_0426,GROUP_0003,,EUR,businessOne,,,,,False,True,True,False,True,8.0,False,False
COMP_0339,GROUP_0188,GB,GBP,netsuite,,,,,False,True,True,False,True,16.0,True,True
COMP_0559,GROUP_0188,NL,GBP,netsuite,,,,,False,True,True,False,True,16.0,False,True
COMP_0366,GROUP_0119,,EUR,sageIntacct,,,,,False,True,True,True,True,8.0,True,True
COMP_0566,GROUP_0119,,GBP,sageIntacct,,,,,False,True,True,True,True,8.0,False,True
COMP_1023,GROUP_0119,,NOK,,,,,,False,False,False,False,True,8.0,False,True
COMP_1108,GROUP_0119,,DKK,sageIntacct,,,,,False,True,True,False,True,8.0,False,True
COMP_1190,GROUP_0119,,USD,sageIntacct,,,,,False,True,True,False,True,8.0,False,True
COMP_0147,GROUP_0227,,EUR,,,,,,False,True,False,False,True,24.0,True,False
COMP_0832,GROUP_0014,ES,EUR,holded,,,,,False,True,True,True,True,24.0,False,True
COMP_0240,GROUP_0009,,CAD,,,,,,False,False,False,False,True,7.0,False,True
COMP_0301,GROUP_0009,,EUR,,,,,,False,False,False,True,True,11.0,False,True
COMP_0377,GROUP_0009,,EUR,,,,,,False,False,False,False,True,10.0,False,True
COMP_0409,GROUP_0009,,BAM,,,,,,False,False,False,True,True,8.0,False,True
COMP_0690,GROUP_0009,,USD,,,,,,False,False,False,False,True,10.0,True,True
COMP_0727,GROUP_0009,,EUR,,,,,,False,False,False,False,True,11.0,False,True
COMP_1141,GROUP_0009,,USD,,,,,,False,False,False,True,True,11.0,False,True
COMP_1181,GROUP_0009,,EUR,,,,,,False,False,False,False,True,11.0,False,False
COMP_1229,GROUP_0009,,GBP,,,,,,False,False,False,False,True,10.0,False,True
COMP_0134,GROUP_0169,FR,EUR,,,,,,False,False,False,False,True,14.0,False,False
COMP_0541,GROUP_0169,DE,EUR,,,,,,False,False,False,False,True,13.0,False,False
COMP_0758,GROUP_0169,NL,EUR,,,,,,False,False,False,False,True,14.0,False,False
COMP_1111,GROUP_0169,,EUR,,,,,,False,False,False,False,True,10.0,False,False
COMP_1116,GROUP_0169,,EUR,,,,,,False,False,False,False,True,10.0,False,False
COMP_1220,GROUP_0169,AT,EUR,,,,,,False,False,False,True,True,14.0,False,False
COMP_1221,GROUP_0169,DE,EUR,,,,,,False,False,False,False,True,14.0,False,False
COMP_0097,GROUP_0170,,USD,,,,,,False,False,False,False,True,11.0,False,False
COMP_0103,GROUP_0170,,EUR,,,,,,False,False,False,False,True,17.0,False,False
COMP_0109,GROUP_0170,,EUR,,,,,,False,False,False,True,True,17.0,False,False
COMP_0213,GROUP_0170,,NZD,,,,,,False,False,False,False,True,13.0,False,False
COMP_0243,GROUP_0170,,EUR,,,,,,False,False,False,True,True,17.0,False,False
COMP_0251,GROUP_0170,,PEN,,,,,,False,False,False,False,True,13.0,False,False
COMP_0256,GROUP_0170,,USD,,,,,,False,False,False,False,True,17.0,False,False
COMP_0317,GROUP_0170,,EUR,,,,,,False,False,False,True,True,12.0,False,False
COMP_0429,GROUP_0170,,EUR,,,,,,False,False,False,False,True,17.0,False,False
COMP_0479,GROUP_0170,,AUD,,,,,,False,False,False,False,True,13.0,False,False
COMP_0487,GROUP_0170,,COP,,,,,,False,False,False,False,True,13.0,False,False
COMP_0753,GROUP_0170,,EUR,,,,,,False,False,False,True,True,17.0,False,False
COMP_0781,GROUP_0170,,USD,,,,,,False,False,False,False,True,13.0,False,False
COMP_0972,GROUP_0170,,EUR,,,,,,False,False,False,True,True,13.0,False,False
COMP_1112,GROUP_0170,,EUR,,,,,,False,False,False,False,True,15.0,False,False
COMP_1283,GROUP_0170,,MXN,,,,,,False,False,False,False,True,14.0,True,False
COMP_0014,GROUP_0173,,CAD,businessCentral,,,,,False,True,True,False,True,8.0,True,False
COMP_0104,GROUP_0173,,NZD,businessCentral,,,,,False,True,True,False,True,7.0,True,False
COMP_0943,GROUP_0173,,EUR,businessCentral,,,,,False,True,True,False,True,7.0,False,False
COMP_1236,GROUP_0157,,EUR,,,,,,False,True,False,True,True,24.0,True,False
COMP_0355,GROUP_0049,,EUR,,,,,,False,False,False,False,True,8.0,False,False
COMP_1228,GROUP_0049,,EUR,,,,,,False,False,False,False,True,8.0,False,False
COMP_0275,GROUP_0060,,USD,netsuite,,,,,False,True,True,False,True,9.0,True,True
COMP_0488,GROUP_0060,,USD,netsuite,,,,,False,True,True,False,True,8.0,True,True
COMP_1018,GROUP_0060,,USD,netsuite,,,,,False,True,True,False,True,11.0,True,True
COMP_0841,GROUP_0005,España,EUR,,,,,,False,False,False,True,True,24.0,False,False
COMP_0611,GROUP_0099,,EUR,businessOne,,,,,False,True,True,False,True,23.0,True,True
COMP_0606,GROUP_0083,,USD,,,,,,False,True,False,False,True,16.0,True,True
COMP_0283,GROUP_0089,DE,EUR,netsuite,,,,,False,True,True,False,True,8.0,False,False
COMP_0680,GROUP_0089,DE,EUR,netsuite,,,,,False,True,True,False,True,10.0,True,True
COMP_0135,GROUP_0050,,EUR,,,,,,False,False,False,False,True,24.0,False,True
COMP_0241,GROUP_0050,,EUR,,,,,,False,False,False,False,True,24.0,True,True
COMP_0938,GROUP_0050,,EUR,,,,,,False,False,False,False,False,24.0,False,True
COMP_0408,GROUP_0076,,EUR,,,,,,False,False,False,False,True,7.0,True,True
COMP_1044,GROUP_0076,,EUR,,,,,,False,False,False,True,True,7.0,True,False
COMP_1159,GROUP_0235,,EUR,businessOne,,,,,False,True,True,False,True,14.0,False,True
COMP_0370,GROUP_0164,,GBP,netsuite,,,,,False,True,True,False,True,10.0,False,True
COMP_1071,GROUP_0164,,GBP,netsuite,,,,,False,True,True,False,True,9.0,False,True
COMP_0357,GROUP_0036,,EUR,businessOne,,,,,False,True,True,True,True,24.0,False,False
COMP_0033,GROUP_0130,FR,EUR,,,,,,False,False,False,True,False,11.0,False,False
COMP_0327,GROUP_0130,NL,EUR,,,,,,False,False,False,False,False,11.0,False,False
COMP_0413,GROUP_0130,IT,EUR,,,,,,False,False,False,True,True,8.0,True,False
COMP_0535,GROUP_0130,NL,EUR,,,,,,False,False,False,False,True,24.0,True,False
COMP_0622,GROUP_0130,BE,EUR,,,,,,False,False,False,False,True,11.0,False,False
COMP_0633,GROUP_0130,BE,EUR,,,,,,False,False,False,False,True,11.0,False,True
COMP_0720,GROUP_0130,NL,EUR,,,,,,False,False,False,True,False,12.0,False,False
COMP_0782,GROUP_0130,NL,EUR,,,,,,False,False,False,False,True,24.0,True,False
COMP_0889,GROUP_0130,NL,EUR,,,,,,False,False,False,False,False,24.0,False,False
COMP_0708,GROUP_0196,,EUR,businessCentral,,,,,False,True,True,True,True,9.0,False,False
COMP_1175,GROUP_0196,,EUR,businessCentral,,,,,False,True,True,False,True,8.0,False,False
COMP_0416,GROUP_0040,ES,EUR,ekon,,,,,False,True,True,True,True,11.0,False,False
COMP_0709,GROUP_0040,ES,EUR,ekon,,,,,False,True,True,False,True,10.0,False,False
COMP_1254,GROUP_0040,GB,GBP,,,,,,False,False,False,False,True,8.0,False,True
COMP_0124,GROUP_0136,,EUR,netsuite,,,,,False,True,True,True,True,8.0,False,False
COMP_0328,GROUP_0136,,EUR,netsuite,,,,,False,True,True,True,True,8.0,False,False
COMP_0060,GROUP_0112,,EUR,businessCentral,,,,,False,True,True,False,True,24.0,False,False
COMP_0080,GROUP_0112,,EUR,,,,,,False,False,False,False,True,18.0,False,False
COMP_0214,GROUP_0112,,EUR,,,,,,False,False,False,False,True,18.0,True,False
COMP_0307,GROUP_0112,,EUR,businessCentral,,,,,False,True,True,False,True,24.0,False,False
COMP_0379,GROUP_0112,Italia,EUR,businessCentral,,,,,False,True,True,False,True,24.0,False,False
COMP_0395,GROUP_0112,Portugal,EUR,businessCentral,,,,,False,True,True,True,True,24.0,False,False
COMP_0410,GROUP_0112,Portugal,EUR,businessCentral,,,,,False,True,True,False,True,24.0,False,False
COMP_0454,GROUP_0112,,EUR,businessCentral,,,,,False,True,True,False,True,24.0,False,False
COMP_0480,GROUP_0112,Portugal,EUR,businessCentral,,,,,False,True,True,False,True,24.0,False,False
COMP_0610,GROUP_0112,ESPAÑA,EUR,businessCentral,,,,,False,True,True,False,True,24.0,False,False
COMP_0674,GROUP_0112,España,EUR,businessCentral,,,,,False,True,True,True,True,24.0,False,False
COMP_0773,GROUP_0112,,EUR,businessCentral,,,,,False,True,True,False,True,24.0,False,False
COMP_0295,GROUP_0039,,EUR,businessCentral,,,,,False,True,True,False,True,7.0,False,False
COMP_0536,GROUP_0039,,EUR,businessCentral,,,,,False,True,True,False,True,5.0,False,False
COMP_0619,GROUP_0039,,EUR,businessCentral,,,,,False,True,True,False,True,7.0,False,False
COMP_0795,GROUP_0039,,EUR,businessCentral,,,,,False,True,True,False,True,5.0,False,False
COMP_0964,GROUP_0039,,EUR,businessCentral,,,,,False,True,True,False,True,7.0,False,False
COMP_0373,GROUP_0192,,CHF,,,,,,False,False,False,False,True,10.0,False,False
COMP_0516,GROUP_0192,,EUR,,,,,,False,False,False,False,True,13.0,False,False
COMP_0528,GROUP_0192,,CHF,,,,,,False,False,False,False,True,8.0,False,True
COMP_0998,GROUP_0192,,EUR,,,,,,False,False,False,False,True,13.0,False,False
COMP_0095,GROUP_0240,,EUR,sageX3,,,,,False,True,True,False,True,10.0,False,False
COMP_0434,GROUP_0134,,EUR,,,,,,False,True,False,False,True,20.0,False,False
COMP_0503,GROUP_0134,,EUR,,,,,,False,True,False,True,True,20.0,False,False
COMP_0086,GROUP_0168,,EUR,,,,,,False,False,False,False,True,12.0,True,False
COMP_1215,GROUP_0168,,EUR,,,,,,False,False,False,True,True,12.0,False,False
COMP_0881,GROUP_0071,,EUR,,,,,,False,False,False,True,True,18.0,False,False
COMP_0120,GROUP_0210,DE,EUR,netsuite,,,,,False,True,True,True,True,8.0,False,False
COMP_0790,GROUP_0210,DE,EUR,netsuite,,,,,False,True,True,False,True,22.0,False,False
COMP_0045,GROUP_0242,,EUR,,,,,,False,False,False,False,True,8.0,True,False
COMP_0785,GROUP_0140,,EUR,,,,,,False,False,False,True,True,24.0,False,False
COMP_1128,GROUP_0085,,EUR,,,,,,False,False,False,True,True,24.0,False,False
COMP_0232,GROUP_0038,,EUR,sageX3,,,,,False,True,True,False,True,15.0,False,False
COMP_0650,GROUP_0038,,EUR,sageX3,,,,,False,True,True,False,True,15.0,False,False
COMP_0989,GROUP_0038,,EUR,sageX3,,,,,False,True,True,False,True,16.0,True,False
COMP_0069,GROUP_0175,,DKK,netsuite,,,,,False,True,True,True,True,9.0,True,False
COMP_0205,GROUP_0175,,USD,netsuite,,,,,False,True,True,False,True,13.0,False,False
COMP_0311,GROUP_0175,,EUR,netsuite,,,,,False,True,True,True,True,13.0,False,False
COMP_0489,GROUP_0175,,DKK,netsuite,,,,,False,False,True,False,True,9.0,True,False
COMP_0660,GROUP_0175,,DKK,netsuite,,,,,False,False,True,False,True,9.0,False,False
COMP_0771,GROUP_0175,,EUR,netsuite,,,,,False,False,True,False,True,12.0,False,False
COMP_0024,GROUP_0222,,EUR,businessCentral,,,,,False,True,True,True,True,20.0,False,False
COMP_0037,GROUP_0222,,EUR,businessCentral,,,,,False,True,True,False,True,20.0,False,False
COMP_0112,GROUP_0222,,EUR,businessCentral,,,,,False,True,True,True,True,20.0,False,False
COMP_0392,GROUP_0222,,EUR,businessCentral,,,,,False,True,True,True,True,20.0,False,False
COMP_0455,GROUP_0222,,EUR,businessCentral,,,,,False,True,True,False,True,22.0,True,False
COMP_0590,GROUP_0222,,EUR,businessCentral,,,,,False,True,True,False,True,11.0,False,False
COMP_0631,GROUP_0222,,EUR,businessCentral,,,,,False,True,True,False,True,20.0,False,False
COMP_0652,GROUP_0222,,EUR,businessCentral,,,,,False,True,True,False,True,20.0,False,False
COMP_0657,GROUP_0222,,EUR,businessCentral,,,,,False,True,True,False,True,20.0,False,False
COMP_0661,GROUP_0222,,EUR,businessCentral,,,,,False,True,True,True,True,20.0,False,False
COMP_0725,GROUP_0222,,EUR,businessCentral,,,,,False,True,True,False,True,20.0,False,False
COMP_0746,GROUP_0222,,EUR,businessCentral,,,,,False,True,True,False,True,20.0,False,False
COMP_0845,GROUP_0222,,EUR,businessCentral,,,,,False,True,True,True,True,20.0,False,False
COMP_0884,GROUP_0222,,EUR,businessCentral,,,,,False,True,True,False,True,20.0,False,False
COMP_0999,GROUP_0222,,EUR,businessCentral,,,,,False,True,True,True,True,20.0,False,False
COMP_1052,GROUP_0222,,EUR,businessCentral,,,,,False,True,True,False,True,20.0,True,False
COMP_1063,GROUP_0222,,EUR,businessCentral,,,,,False,True,True,False,True,20.0,False,False
COMP_1136,GROUP_0222,,EUR,businessCentral,,,,,False,True,True,True,True,20.0,False,False
COMP_1158,GROUP_0222,,EUR,businessCentral,,,,,False,True,True,False,True,20.0,False,True
COMP_1196,GROUP_0222,,EUR,businessCentral,,,,,False,True,True,False,True,20.0,True,False
COMP_1257,GROUP_0222,,EUR,businessCentral,,,,,False,True,True,False,True,21.0,False,False
COMP_1278,GROUP_0222,,EUR,businessCentral,,,,,False,True,True,True,True,16.0,False,False
COMP_1203,GROUP_0216,,GBP,,,,,,False,False,False,False,True,8.0,True,True
COMP_0196,GROUP_0199,,EUR,,,,,,False,False,False,False,True,9.0,False,True
COMP_0212,GROUP_0199,,SEK,,,,,,False,False,False,False,True,9.0,False,True
COMP_0276,GROUP_0199,,AOA,,,,,,False,False,False,True,True,8.0,False,False
COMP_0292,GROUP_0199,,GHS,,,,,,False,False,False,True,True,8.0,False,True
COMP_0296,GROUP_0199,ES,EUR,,,,,,False,False,False,False,True,14.0,True,True
COMP_0437,GROUP_0199,ES,EUR,,,,,,False,False,False,True,True,14.0,False,True
COMP_0445,GROUP_0199,,GBP,,,,,,False,False,False,False,True,14.0,False,True
COMP_0761,GROUP_0199,,CHF,,,,,,False,False,False,False,True,17.0,False,True
COMP_0860,GROUP_0199,,XOF,,,,,,False,False,False,False,True,8.0,True,False
COMP_0900,GROUP_0199,,AOA,,,,,,False,False,False,True,True,7.0,False,False
COMP_1083,GROUP_0199,PL,PLN,,,,,,False,False,False,False,True,11.0,False,True
COMP_0285,GROUP_0205,,EUR,,,,,,False,False,False,False,True,24.0,False,False
COMP_0737,GROUP_0205,,EUR,,,,,,False,True,False,False,True,24.0,False,False
COMP_1109,GROUP_0205,,EUR,,,,,,False,True,False,False,True,24.0,False,False
COMP_0002,GROUP_0125,Portugal,EUR,,,,,,False,False,False,True,True,24.0,False,False
COMP_1096,GROUP_0125,Spain,EUR,,,,,,False,False,False,False,True,24.0,False,False
COMP_1099,GROUP_0125,Portugal,EUR,,,,,,False,False,False,False,True,24.0,False,False
COMP_0025,GROUP_0211,,USD,netsuite,,,,,False,True,True,False,True,15.0,True,True
COMP_0189,GROUP_0211,,GBP,netsuite,,,,,False,True,True,True,True,15.0,False,True
COMP_0262,GROUP_0211,,USD,netsuite,,,,,False,True,True,True,True,16.0,False,True
COMP_0336,GROUP_0211,,GBP,netsuite,,,,,False,True,True,True,True,15.0,False,True
COMP_0344,GROUP_0211,,GBP,netsuite,,,,,False,True,True,False,True,15.0,True,True
COMP_0482,GROUP_0211,,EUR,netsuite,,,,,False,True,True,False,True,16.0,False,False
COMP_0621,GROUP_0211,,USD,netsuite,,,,,False,True,True,False,True,15.0,False,True
COMP_0701,GROUP_0211,,EUR,netsuite,,,,,False,True,True,False,True,16.0,True,False
COMP_0754,GROUP_0211,,EUR,,,,,,False,False,False,False,True,16.0,False,True
COMP_0775,GROUP_0211,,EUR,netsuite,,,,,False,True,True,True,True,16.0,False,True
COMP_0851,GROUP_0211,,USD,netsuite,,,,,False,False,True,False,True,9.0,False,True
COMP_0990,GROUP_0211,,USD,netsuite,,,,,False,True,True,False,True,10.0,False,True
COMP_1067,GROUP_0211,,AUD,netsuite,,,,,False,True,True,True,True,15.0,False,True
COMP_1184,GROUP_0211,,EUR,netsuite,,,,,False,True,True,False,True,15.0,False,True
COMP_1201,GROUP_0211,,AUD,,,,,,False,False,False,True,True,15.0,False,True
COMP_1259,GROUP_0151,,EUR,,,,,,False,False,False,False,True,9.0,False,False
COMP_0017,GROUP_0073,,EUR,businessCentral,,,,,False,True,True,False,True,18.0,False,False
COMP_0353,GROUP_0073,,EUR,businessCentral,,,,,False,True,True,False,True,9.0,False,False
COMP_0521,GROUP_0073,,USD,businessCentral,,,,,False,True,True,False,True,20.0,False,False
COMP_1000,GROUP_0105,,EUR,,,,,,False,True,False,False,True,12.0,True,False
COMP_1186,GROUP_0135,,PLN,fo,,,,,False,False,True,False,True,14.0,False,False
COMP_0012,GROUP_0087,,EUR,,,,,,False,False,False,False,True,13.0,False,False
COMP_0217,GROUP_0087,NL,EUR,,,,,,False,False,False,False,True,13.0,False,False
COMP_0260,GROUP_0087,NL,EUR,,,,,,False,False,False,False,True,13.0,False,False
COMP_0299,GROUP_0087,NL,EUR,,,,,,False,False,False,False,True,13.0,True,True
COMP_0401,GROUP_0087,,EUR,,,,,,False,False,False,True,True,12.0,True,False
COMP_0656,GROUP_0087,,EUR,,,,,,False,False,False,True,True,13.0,False,True
COMP_1055,GROUP_0087,,EUR,,,,,,False,False,False,False,True,13.0,False,False
COMP_1102,GROUP_0087,NL,EUR,,,,,,False,False,False,True,True,13.0,False,False
COMP_1266,GROUP_0087,,CZK,,,,,,False,False,False,True,True,11.0,False,True
COMP_0259,GROUP_0198,España,EUR,navision,,,,,False,True,True,True,True,24.0,False,False
COMP_0264,GROUP_0066,,EUR,,,,,,False,True,False,False,True,24.0,True,False
COMP_0522,GROUP_0066,,EUR,businessCentral,,,,,False,True,True,True,True,24.0,False,False
COMP_1248,GROUP_0066,,EUR,,,,,,False,False,False,False,True,19.0,False,True
COMP_0015,GROUP_0068,,EUR,businessCentral,,,,,False,True,True,False,True,17.0,False,False
COMP_0382,GROUP_0068,,EUR,businessCentral,,,,,False,True,True,False,True,17.0,False,False
COMP_0667,GROUP_0068,,EUR,businessCentral,,,,,False,True,True,False,True,18.0,False,False
COMP_0719,GROUP_0068,,EUR,businessCentral,,,,,False,True,True,False,True,18.0,False,False
COMP_0053,GROUP_0174,,EUR,dynamicsAx,,,,,False,True,True,False,True,8.0,False,False
COMP_0064,GROUP_0174,,EUR,dynamicsAx,,,,,False,True,True,True,True,8.0,False,False
COMP_0608,GROUP_0174,,EUR,dynamicsAx,,,,,False,True,True,False,True,8.0,False,False
COMP_0691,GROUP_0010,,EUR,datev,,,,,False,True,True,False,True,8.0,True,False
COMP_0475,GROUP_0015,,EUR,,,,,,False,False,False,False,True,23.0,False,True
COMP_0545,GROUP_0015,,EUR,sage50,,,,,False,True,True,False,True,24.0,False,False
COMP_0808,GROUP_0015,ES,EUR,sage200,,,,,False,True,True,True,True,24.0,False,True
COMP_1210,GROUP_0015,,EUR,sage200,,,,,False,True,True,False,True,24.0,False,False
COMP_0840,GROUP_0248,España,EUR,,,,,,False,False,False,False,True,24.0,False,False
COMP_0419,GROUP_0152,,GBP,,,,,,False,False,False,False,True,7.0,False,True
COMP_0933,GROUP_0152,,GBP,,,,,,False,False,False,False,True,7.0,False,True
COMP_0971,GROUP_0152,,GBP,,,,,,False,False,False,False,True,7.0,False,True
COMP_1056,GROUP_0152,,GBP,,,,,,False,False,False,False,True,7.0,False,True
COMP_0300,GROUP_0144,,EUR,businessCentral,,,,,False,True,True,True,True,9.0,False,True
COMP_0372,GROUP_0144,,EUR,businessCentral,,,,,False,True,True,False,True,9.0,False,False
COMP_1217,GROUP_0144,,EUR,businessCentral,,,,,False,True,True,False,True,9.0,False,False
COMP_0032,GROUP_0094,,EUR,netsuite,,,,,False,True,True,False,True,23.0,False,False
COMP_0107,GROUP_0094,,PEN,netsuite,,,,,False,True,True,False,True,24.0,False,True
COMP_0163,GROUP_0094,,MXN,netsuite,,,,,False,True,True,False,True,24.0,False,True
COMP_0268,GROUP_0094,,GBP,netsuite,,,,,False,True,True,True,True,24.0,False,True
COMP_0306,GROUP_0094,,COP,netsuite,,,,,False,True,True,False,False,21.0,False,False
COMP_0313,GROUP_0094,,EUR,netsuite,,,,,False,True,True,False,True,24.0,False,True
COMP_0384,GROUP_0094,,EUR,netsuite,,,,,False,True,True,True,True,24.0,False,True
COMP_0404,GROUP_0094,,USD,netsuite,,,,,False,True,True,False,True,23.0,False,False
COMP_0569,GROUP_0094,,EUR,netsuite,,,,,False,True,True,True,True,24.0,False,False
COMP_0759,GROUP_0094,,USD,netsuite,,,,,False,True,True,False,True,21.0,True,False
COMP_0966,GROUP_0094,,BRL,netsuite,,,,,False,True,True,False,True,20.0,False,False
COMP_1105,GROUP_0094,,CLP,netsuite,,,,,False,True,True,False,False,21.0,False,False
COMP_1192,GROUP_0094,,COP,netsuite,,,,,False,True,True,False,False,21.0,False,False
COMP_0054,GROUP_0217,,EUR,businessCentral,,,,,False,True,True,False,True,19.0,False,False
COMP_0081,GROUP_0217,,EUR,businessCentral,,,,,False,True,True,False,True,19.0,False,False
COMP_0096,GROUP_0217,,EUR,businessCentral,,,,,False,True,True,False,True,19.0,False,False
COMP_0137,GROUP_0217,,EUR,businessCentral,,,,,False,True,True,False,True,19.0,False,False
COMP_0139,GROUP_0217,,EUR,businessCentral,,,,,False,True,True,False,True,19.0,False,False
COMP_0142,GROUP_0217,,EUR,businessCentral,,,,,False,True,True,False,True,19.0,False,False
COMP_0294,GROUP_0217,,EUR,businessCentral,,,,,False,True,True,False,True,19.0,False,False
COMP_0333,GROUP_0217,,EUR,businessCentral,,,,,False,True,True,False,True,19.0,False,False
COMP_0414,GROUP_0217,,EUR,businessCentral,,,,,False,True,True,False,True,19.0,False,False
COMP_0441,GROUP_0217,,EUR,businessCentral,,,,,False,True,True,False,True,19.0,False,False
COMP_0506,GROUP_0217,,EUR,businessCentral,,,,,False,True,True,False,True,19.0,False,False
COMP_0512,GROUP_0217,,EUR,businessCentral,,,,,False,True,True,True,True,19.0,False,False
COMP_0548,GROUP_0217,,EUR,businessCentral,,,,,False,True,True,False,True,19.0,False,False
COMP_0553,GROUP_0217,,EUR,businessCentral,,,,,False,True,True,False,True,19.0,False,False
COMP_0645,GROUP_0217,,EUR,businessCentral,,,,,False,True,True,False,True,19.0,False,False
COMP_0902,GROUP_0217,,EUR,businessCentral,,,,,False,True,True,False,True,19.0,False,False
COMP_0917,GROUP_0217,,EUR,businessCentral,,,,,False,True,True,False,True,19.0,False,False
COMP_0926,GROUP_0217,,EUR,businessCentral,,,,,False,True,True,False,True,19.0,False,False
COMP_0940,GROUP_0217,,EUR,businessCentral,,,,,False,True,True,False,True,19.0,False,False
COMP_1197,GROUP_0217,ES,EUR,businessCentral,,,,,False,True,True,False,True,19.0,False,False
COMP_1247,GROUP_0217,,EUR,businessCentral,,,,,False,True,True,False,True,19.0,False,False
COMP_1251,GROUP_0217,,EUR,businessCentral,,,,,False,True,True,False,True,18.0,False,False
COMP_0359,GROUP_0110,,EUR,netsuite,,,,,False,True,True,False,True,24.0,True,True
COMP_0158,GROUP_0001,,USD,,,,,,False,False,False,False,True,7.0,False,False
COMP_0853,GROUP_0001,,JPY,,,,,,False,False,False,False,True,8.0,True,False
COMP_0939,GROUP_0001,,GBP,,,,,,False,False,False,False,True,8.0,True,True
COMP_0108,GROUP_0179,,EUR,,,,,,False,False,False,False,True,24.0,True,False
COMP_0182,GROUP_0179,,EUR,,,,,,False,False,False,False,True,12.0,False,True
COMP_0199,GROUP_0179,,EUR,,,,,,False,False,False,False,True,12.0,False,False
COMP_0252,GROUP_0179,,EUR,,,,,,False,False,False,False,True,9.0,True,True
COMP_0777,GROUP_0179,,USD,,,,,,False,False,False,False,True,8.0,False,False
COMP_0918,GROUP_0179,,EUR,,,,,,False,False,False,False,True,12.0,False,False
COMP_1187,GROUP_0179,,GBP,,,,,,False,False,False,False,True,11.0,False,True
COMP_1004,GROUP_0109,,USD,netsuite,,,,,False,True,True,False,True,24.0,False,False
COMP_0085,GROUP_0155,PT,EUR,etendo,,,,,False,True,True,False,True,24.0,True,False
COMP_0267,GROUP_0155,ES,EUR,etendo,,,,,False,True,True,True,True,24.0,False,False
COMP_0273,GROUP_0155,,EUR,etendo,,,,,False,True,True,False,True,24.0,False,False
COMP_0397,GROUP_0155,DE,EUR,etendo,,,,,False,True,True,True,True,18.0,False,False
COMP_0712,GROUP_0155,,EUR,etendo,,,,,False,True,True,False,True,24.0,True,False
COMP_0811,GROUP_0155,FR,EUR,etendo,,,,,False,True,True,False,True,24.0,True,False
COMP_0813,GROUP_0155,,EUR,etendo,,,,,False,True,True,True,True,24.0,False,False
COMP_1011,GROUP_0155,,EUR,etendo,,,,,False,True,True,False,True,23.0,False,False
COMP_1069,GROUP_0155,,EUR,etendo,,,,,False,True,True,True,True,24.0,False,False
COMP_1138,GROUP_0155,NL,EUR,etendo,,,,,False,True,True,False,True,24.0,False,False
COMP_1264,GROUP_0155,FR,EUR,etendo,,,,,False,True,True,True,True,24.0,True,False
COMP_0156,GROUP_0187,,EUR,,,,,,False,False,False,False,True,21.0,False,False
COMP_0282,GROUP_0187,,EUR,,,,,,False,False,False,False,True,24.0,True,False
COMP_0367,GROUP_0187,,EUR,,,,,,False,False,False,False,True,24.0,False,False
COMP_0388,GROUP_0187,,EUR,,,,,,False,False,False,False,True,24.0,False,False
COMP_0539,GROUP_0187,,EUR,,,,,,False,False,False,False,True,24.0,False,False
COMP_0739,GROUP_0187,,EUR,,,,,,False,False,False,False,True,24.0,False,False
COMP_1031,GROUP_0187,,EUR,,,,,,False,False,False,False,True,20.0,True,False
COMP_1119,GROUP_0187,,EUR,,,,,,False,False,False,False,True,24.0,True,False
COMP_0305,GROUP_0184,ES,EUR,,,,,,False,False,False,True,True,10.0,False,False
COMP_0319,GROUP_0184,,EUR,,,,,,False,False,False,False,True,8.0,False,False
COMP_0534,GROUP_0184,ES,EUR,businessCentral,,,,,False,True,True,True,True,10.0,False,False
COMP_0551,GROUP_0184,,EUR,,,,,,False,False,False,False,True,7.0,False,False
COMP_0554,GROUP_0184,,EUR,,,,,,False,False,False,False,True,8.0,False,False
COMP_0672,GROUP_0184,ES,EUR,businessCentral,,,,,False,True,True,False,True,10.0,False,False
COMP_0736,GROUP_0184,ES,EUR,,,,,,False,False,False,True,True,10.0,False,False
COMP_0934,GROUP_0184,ES,EUR,,,,,,False,False,False,True,True,10.0,False,False
COMP_1176,GROUP_0184,ES,EUR,businessCentral,,,,,False,True,True,False,True,10.0,False,False
COMP_0977,GROUP_0080,,EUR,netsuite,,,,,False,True,True,False,True,10.0,False,False
COMP_0011,GROUP_0234,,EUR,businessOne,,,,,False,True,True,False,True,9.0,False,False
COMP_0056,GROUP_0234,,EUR,businessOne,,,,,False,True,True,False,True,10.0,False,False
COMP_0224,GROUP_0234,,EUR,,,,,,False,False,False,False,True,10.0,True,False
COMP_0378,GROUP_0234,,EUR,businessOne,,,,,False,True,True,False,True,9.0,False,False
COMP_1088,GROUP_0234,,EUR,,,,,,False,False,False,False,True,10.0,False,False
COMP_1231,GROUP_0234,,EUR,,,,,,False,False,False,False,True,10.0,False,True
COMP_1263,GROUP_0091,,EUR,,1.0,300000.0,300000.0,1.0,True,False,False,False,True,23.0,False,False
COMP_0035,GROUP_0115,,EUR,,,,,,False,False,False,False,True,24.0,False,True
COMP_0066,GROUP_0115,,EUR,,,,,,False,False,False,False,True,22.0,False,False
COMP_0075,GROUP_0115,,EUR,,1.0,500000.0,0.0,0.0,True,False,False,True,True,24.0,False,True
COMP_0153,GROUP_0115,,EUR,,,,,,False,False,False,False,True,24.0,False,False
COMP_0399,GROUP_0115,,EUR,,,,,,False,False,False,True,True,24.0,False,False
COMP_0627,GROUP_0115,,EUR,,,,,,False,False,False,True,True,24.0,False,False
COMP_0639,GROUP_0115,,EUR,,2.0,800000.0,614974.3099999999,0.7687178874999999,True,False,False,True,True,24.0,False,False
COMP_0703,GROUP_0115,,EUR,,,,,,False,False,False,True,True,24.0,False,False
COMP_0789,GROUP_0115,,EUR,,,,,,False,False,False,False,True,24.0,True,False
COMP_0818,GROUP_0115,,EUR,,,,,,False,False,False,False,True,24.0,True,False
COMP_0823,GROUP_0115,,EUR,,,,,,False,False,False,True,True,24.0,False,False
COMP_1202,GROUP_0115,,EUR,,,,,,False,False,False,True,True,24.0,False,False
COMP_0013,GROUP_0203,,EUR,netsuite,2.0,150000.0,101653.79999999999,0.677692,True,True,True,True,True,9.0,False,False
COMP_0079,GROUP_0203,,EUR,netsuite,5.0,343300.62,32216.86,0.09384445620867216,True,True,True,True,True,9.0,False,False
COMP_0286,GROUP_0203,,EUR,netsuite,4.0,357900.0,219347.53999999998,0.6128738195026543,True,True,True,True,True,6.0,True,False
COMP_0673,GROUP_0203,,EUR,netsuite,3.0,191066.57,23011.13,0.12043514467235163,True,True,True,True,True,9.0,False,False
COMP_0996,GROUP_0203,,EUR,netsuite,,,,,False,True,True,False,True,9.0,False,False
COMP_0630,GROUP_0247,,EUR,,3.0,132999999.84,125000000.0,0.9398496251907965,True,False,False,True,True,20.0,False,True
COMP_0071,GROUP_0102,,EUR,,1.0,250000.0,37229.39,0.14891756,True,True,False,False,True,21.0,False,False
COMP_0159,GROUP_0102,,EUR,businessCentral,,,,,False,True,True,False,True,22.0,False,False
COMP_0431,GROUP_0102,,EUR,,1.0,500000.0,420998.6,0.8419972,True,True,False,True,True,21.0,False,False
COMP_0866,GROUP_0102,,EUR,businessCentral,2.0,995000.0,453099.02,0.45537589949748747,True,True,True,True,True,22.0,False,False
COMP_0084,GROUP_0138,,EUR,dynamicsAx,,,,,False,False,True,True,True,7.0,False,False
COMP_0118,GROUP_0138,,EUR,dynamicsAx,,,,,False,False,True,False,True,7.0,False,False
COMP_0221,GROUP_0138,,EUR,dynamicsAx,1.0,50000.0,24947.35,0.498947,True,False,True,True,True,7.0,False,False
COMP_0271,GROUP_0138,,EUR,dynamicsAx,8.0,8600000.0,3456004.66,0.4018610069767442,True,False,True,True,True,7.0,False,True
COMP_0324,GROUP_0138,,EUR,dynamicsAx,,,,,False,False,True,True,True,7.0,False,False
COMP_0348,GROUP_0138,,EUR,dynamicsAx,,,,,False,False,True,True,True,7.0,False,False
COMP_0360,GROUP_0138,,EUR,dynamicsAx,,,,,False,False,True,True,True,7.0,False,False
COMP_0468,GROUP_0138,,EUR,dynamicsAx,2.0,200000.0,149616.67,0.74808335,True,False,True,True,True,7.0,False,False
COMP_0484,GROUP_0138,,EUR,dynamicsAx,2.0,100000.0,94585.18,0.9458517999999999,True,False,True,True,True,7.0,False,False
COMP_0490,GROUP_0138,,EUR,dynamicsAx,,,,,False,False,True,False,True,7.0,False,False
COMP_0501,GROUP_0138,,EUR,dynamicsAx,,,,,False,False,True,True,True,7.0,False,False
COMP_0589,GROUP_0138,,EUR,dynamicsAx,,,,,False,False,True,True,True,7.0,False,False
COMP_0677,GROUP_0138,,EUR,dynamicsAx,,,,,False,False,True,True,True,7.0,False,False
COMP_0718,GROUP_0138,,EUR,dynamicsAx,,,,,False,False,True,False,True,7.0,False,False
COMP_1010,GROUP_0138,,EUR,dynamicsAx,,,,,False,False,True,True,True,7.0,False,False
COMP_1060,GROUP_0138,,EUR,dynamicsAx,,,,,False,False,True,True,True,7.0,False,False
COMP_1200,GROUP_0138,,EUR,dynamicsAx,,,,,False,False,True,False,True,7.0,False,False
COMP_1246,GROUP_0138,,EUR,dynamicsAx,,,,,False,False,True,True,True,7.0,False,False
COMP_0140,GROUP_0072,,EUR,businessCentral,3.0,1421503.1400000001,700122.93,0.49252295707204696,True,True,True,False,True,16.0,False,False
COMP_0642,GROUP_0072,,EUR,businessCentral,3.0,6361354.61,6132200.46,0.9639771457419192,True,True,True,False,True,15.0,False,False
COMP_0061,GROUP_0022,,EUR,,,,,,False,False,False,True,True,10.0,False,False
COMP_0106,GROUP_0022,,EUR,netsuite,,,,,False,True,True,False,True,24.0,False,False
COMP_0279,GROUP_0022,,EUR,netsuite,,,,,False,True,True,False,True,24.0,False,False
COMP_0337,GROUP_0022,,EUR,netsuite,,,,,False,True,True,False,True,24.0,False,False
COMP_0634,GROUP_0022,,EUR,,,,,,False,False,False,True,True,10.0,False,False
COMP_0640,GROUP_0022,,EUR,netsuite,1.0,71842.75,71842.75,1.0,True,True,True,True,True,24.0,False,False
COMP_0732,GROUP_0022,,EUR,netsuite,,,,,False,True,True,False,True,24.0,False,False
COMP_0764,GROUP_0022,,EUR,netsuite,1.0,1200000.0,0.0,0.0,True,True,True,True,True,24.0,True,False
COMP_0907,GROUP_0022,,EUR,netsuite,1.0,31602.51,31602.51,1.0,True,True,True,False,True,24.0,False,False
COMP_0908,GROUP_0022,,EUR,netsuite,,,,,False,True,True,True,True,24.0,False,False
COMP_1075,GROUP_0022,,EUR,,,,,,False,False,False,False,True,11.0,False,True
COMP_1182,GROUP_0022,ES,EUR,netsuite,1.0,206500.0,516250.0,1.0,True,True,True,True,True,24.0,False,True
COMP_1245,GROUP_0022,,EUR,netsuite,2.0,103445.26,103445.26,1.0,True,True,True,False,True,24.0,False,False
COMP_0403,GROUP_0201,ES,EUR,businessCentral,1.0,2499999.99,1377523.42,0.5510093702040374,True,True,True,False,True,11.0,False,False
COMP_0005,GROUP_0092,,EUR,,,,,,False,False,False,False,True,20.0,False,False
COMP_0227,GROUP_0092,,EUR,,2.0,63525.27,0.0,0.0,True,False,False,False,True,20.0,False,False
COMP_0417,GROUP_0092,,EUR,,,,,,False,False,False,False,True,20.0,False,False
COMP_0505,GROUP_0092,,EUR,,11.0,11250000.0,4350702.4,0.38672910222222223,True,False,False,True,True,21.0,False,True
COMP_1047,GROUP_0092,,EUR,,,,,,False,False,False,True,True,20.0,True,False
COMP_1145,GROUP_0092,,EUR,,,,,,False,False,False,False,True,20.0,True,False
COMP_0055,GROUP_0131,,EUR,r3,,,,,False,True,True,True,True,19.0,True,True
COMP_0402,GROUP_0131,,EUR,,11.0,6598783.04,4453704.4,0.6749281455387871,True,False,False,True,True,16.0,False,False
COMP_0456,GROUP_0131,,EUR,,4.0,1594016.53,1436506.99,0.9011870096478861,True,False,False,True,True,16.0,True,False
COMP_0478,GROUP_0131,,EUR,,,,,,False,False,False,True,True,16.0,True,False
COMP_0704,GROUP_0131,,EUR,,,,,,False,False,False,False,True,15.0,False,False
COMP_0854,GROUP_0131,,EUR,sapByd,,,,,False,True,True,True,True,16.0,True,False
COMP_0928,GROUP_0131,,EUR,,13.0,3344941.93,1934779.81,0.5784195512177397,True,False,False,True,True,16.0,False,True
COMP_1059,GROUP_0131,,EUR,,1.0,186135.92,186135.92,1.0,True,False,False,True,True,16.0,False,False
COMP_1076,GROUP_0131,,EUR,,1.0,10212.12,3971.38,0.3888888888888889,True,False,False,False,True,16.0,True,False
COMP_0216,GROUP_0067,,EUR,,8.0,7482338.33,4394602.45,0.5873300906990663,True,False,False,True,True,20.0,False,False
COMP_0407,GROUP_0067,,EUR,,2.0,506000.0,455645.93,0.9004860276679841,True,False,False,True,True,20.0,False,False
COMP_0705,GROUP_0067,,EUR,,1.0,10250000.0,8339972.41,0.8136558448780488,True,False,False,True,True,20.0,False,False
COMP_0929,GROUP_0067,,EUR,,4.0,925600.0,576064.86,0.6223691227312014,True,False,False,True,True,20.0,False,False
COMP_1048,GROUP_0067,,EUR,,1.0,250000.0,78818.72,0.31527488,True,False,False,True,True,20.0,False,False
COMP_1275,GROUP_0067,,EUR,,3.0,1630392.02,509295.8,0.31237628358853226,True,False,False,True,True,20.0,False,False
COMP_0206,GROUP_0239,,EUR,,,,,,False,False,False,False,True,8.0,False,False
COMP_0303,GROUP_0239,,EUR,,,,,,False,False,False,True,True,8.0,True,False
COMP_0603,GROUP_0239,,EUR,,1.0,250000.0,0.0,0.0,True,False,False,False,True,8.0,False,False
COMP_0683,GROUP_0239,,EUR,,5.0,5000000.0,2080130.19,0.416026038,True,False,False,False,False,,False,False
COMP_1179,GROUP_0239,,EUR,,,,,,False,False,False,False,True,8.0,False,False
COMP_0168,GROUP_0061,Malaysia,MYR,netsuite,,,,,False,True,True,False,True,10.0,False,False
COMP_1040,GROUP_0056,ES,EUR,sage200,,,,,False,True,True,False,True,12.0,False,False
COMP_1064,GROUP_0056,,EUR,sage200,,,,,False,True,True,True,True,18.0,False,False
COMP_1106,GROUP_0056,,EUR,sage200,4.0,950000.0,718030.64,0.7558217263157895,True,True,True,False,True,18.0,True,False
COMP_1258,GROUP_0056,ES,EUR,sage200,,,,,False,True,True,True,True,12.0,False,False
COMP_0183,GROUP_0232,,EUR,sageX3,1.0,300000.0,626.3,0.0020876666666666665,True,True,True,False,True,12.0,False,False
COMP_0477,GROUP_0232,,USD,sageX3,4.0,31000000.0,15862574.959999999,0.5116959664516129,True,True,True,False,True,8.0,True,False
COMP_0102,GROUP_0158,,EUR,,,,,,False,False,False,True,True,24.0,False,False
COMP_0121,GROUP_0158,,EUR,,,,,,False,False,False,False,True,24.0,True,False
COMP_0188,GROUP_0158,,EUR,,,,,,False,False,False,False,True,24.0,True,False
COMP_0254,GROUP_0158,,EUR,,1.0,199999.97,71780.56,0.3589028538354281,True,False,False,True,True,24.0,True,False
COMP_0310,GROUP_0158,,EUR,,,,,,False,False,False,True,True,24.0,True,False
COMP_0411,GROUP_0158,,EUR,,5.0,1497896.5699999998,852976.98,0.5694498519347034,True,False,False,True,True,24.0,False,False
COMP_0442,GROUP_0158,,EUR,,,,,,False,False,False,False,True,24.0,False,False
COMP_0448,GROUP_0158,,EUR,,,,,,False,False,False,False,True,24.0,False,False
COMP_0451,GROUP_0158,,EUR,,,,,,False,False,False,False,True,24.0,True,False
COMP_0613,GROUP_0158,,EUR,,1.0,443211.5,220660.03,0.49786621060148484,True,False,False,True,True,24.0,True,False
COMP_0699,GROUP_0158,,EUR,,,,,,False,False,False,False,True,24.0,True,False
COMP_0776,GROUP_0158,,EUR,,,,,,False,False,False,False,True,24.0,False,False
COMP_0816,GROUP_0158,,EUR,,7.0,7828152.0,3858070.93,0.4928456843965217,True,False,False,True,True,24.0,False,False
COMP_0820,GROUP_0158,,EUR,,,,,,False,False,False,False,True,24.0,True,False
COMP_0833,GROUP_0158,,EUR,,,,,,False,False,False,True,True,24.0,False,False
COMP_0885,GROUP_0158,,EUR,,2.0,250000.0,132315.4,0.5292616,True,False,False,True,True,24.0,True,False
COMP_0941,GROUP_0158,,EUR,,,,,,False,False,False,True,True,24.0,True,False
COMP_0947,GROUP_0158,,EUR,,,,,,False,False,False,False,True,24.0,True,False
COMP_0969,GROUP_0158,,EUR,,6.0,7321337.87,5322816.66,0.727027867653921,True,False,False,True,True,24.0,True,False
COMP_1160,GROUP_0158,,EUR,,1.0,400000.0,169586.12,0.4239653,True,False,False,True,True,24.0,False,False
COMP_1213,GROUP_0158,,EUR,,,,,,False,False,False,True,True,24.0,True,False
COMP_0098,GROUP_0132,,EUR,netsuite,,,,,False,True,True,False,True,24.0,True,False
COMP_0149,GROUP_0132,,ARS,netsuite,,,,,False,True,True,False,True,24.0,False,False
COMP_0191,GROUP_0132,,GBP,netsuite,,,,,False,True,True,False,True,24.0,True,False
COMP_0219,GROUP_0132,,BRL,netsuite,,,,,False,True,True,False,True,24.0,True,False
COMP_0486,GROUP_0132,,CLP,netsuite,,,,,False,True,True,False,True,24.0,True,True
COMP_0573,GROUP_0132,,INR,netsuite,,,,,False,True,True,False,True,24.0,False,False
COMP_0579,GROUP_0132,,GBP,netsuite,,,,,False,True,True,False,True,24.0,False,False
COMP_0629,GROUP_0132,,COP,netsuite,,,,,False,True,True,False,True,24.0,False,False
COMP_0637,GROUP_0132,,EUR,netsuite,,,,,False,True,True,True,True,24.0,True,False
COMP_0641,GROUP_0132,,EUR,netsuite,,,,,False,True,True,False,True,24.0,False,True
COMP_0658,GROUP_0132,,AED,netsuite,,,,,False,True,True,False,True,24.0,False,True
COMP_0697,GROUP_0132,,EUR,netsuite,4.0,1360000.02,120000.0,0.08823529282006923,True,True,True,True,True,24.0,True,False
COMP_0862,GROUP_0132,,EUR,netsuite,,,,,False,True,True,True,True,24.0,True,False
COMP_1003,GROUP_0132,,MXN,netsuite,,,,,False,True,True,False,True,24.0,True,True
COMP_1014,GROUP_0132,,AUD,,,,,,False,False,False,True,True,20.0,False,False
COMP_1015,GROUP_0132,,USD,,,,,,False,False,False,False,True,23.0,True,False
COMP_1122,GROUP_0132,,EUR,netsuite,,,,,False,True,True,False,True,24.0,False,True
COMP_1207,GROUP_0132,,EUR,netsuite,,,,,False,True,True,True,True,24.0,True,False
COMP_0043,GROUP_0185,,EUR,businessCentral,,,,,False,True,True,False,True,9.0,False,True
COMP_0129,GROUP_0185,,EUR,businessCentral,,,,,False,True,True,False,True,11.0,False,True
COMP_0177,GROUP_0185,,EUR,businessCentral,,,,,False,True,True,False,True,11.0,False,True
COMP_0473,GROUP_0185,,EUR,businessCentral,,,,,False,True,True,False,True,11.0,False,True
COMP_0497,GROUP_0185,,EUR,businessCentral,,,,,False,True,True,False,True,7.0,False,False
COMP_0591,GROUP_0185,,EUR,businessCentral,,,,,False,True,True,False,True,11.0,False,True
COMP_0592,GROUP_0185,,EUR,businessCentral,,,,,False,True,True,False,True,11.0,False,True
COMP_0874,GROUP_0185,,EUR,businessCentral,,,,,False,True,True,False,True,11.0,False,False
COMP_0912,GROUP_0185,,EUR,businessCentral,1.0,800000.0,400000.0,0.5,True,True,True,True,True,11.0,False,True
COMP_0992,GROUP_0185,,EUR,businessCentral,,,,,False,True,True,False,True,11.0,False,True
COMP_1002,GROUP_0185,,EUR,businessCentral,1.0,600000.0,300000.0,0.5,True,True,True,False,True,11.0,False,False
COMP_0210,GROUP_0117,,EUR,,5.0,1553018.93,976499.3899999999,0.6287749435224205,True,True,False,False,True,13.0,False,False
COMP_0347,GROUP_0117,,EUR,,,,,,False,True,False,False,True,13.0,False,False
COMP_0515,GROUP_0117,,EUR,,7.0,1427593.23,700033.75,0.4903593932005407,True,True,False,True,True,13.0,False,True
COMP_0584,GROUP_0117,,EUR,,,,,,False,False,False,False,True,13.0,False,False
COMP_0802,GROUP_0117,,EUR,,3.0,1303628.8900000001,34102.17,0.026159415660080988,True,True,False,True,True,13.0,False,False
COMP_0997,GROUP_0117,,EUR,,,,,,False,True,False,False,True,13.0,False,False
COMP_0027,GROUP_0241,,EUR,businessCentral,,,,,False,True,True,True,True,8.0,True,True
COMP_0044,GROUP_0241,,EUR,businessCentral,,,,,False,True,True,False,True,8.0,True,False
COMP_0048,GROUP_0241,,EUR,businessCentral,1.0,40316.16,40316.16,1.0,True,True,True,False,True,8.0,True,False
COMP_0499,GROUP_0241,,EUR,businessCentral,,,,,False,True,True,False,True,8.0,True,False
COMP_0688,GROUP_0241,,EUR,businessCentral,,,,,False,True,True,False,True,8.0,True,False
COMP_0698,GROUP_0241,,EUR,businessCentral,,,,,False,True,True,False,True,8.0,True,False
COMP_1273,GROUP_0241,,EUR,businessCentral,,,,,False,True,True,False,True,8.0,True,False
COMP_0748,GROUP_0074,,EUR,,2.0,1750000.0,1500000.0,0.8571428571428571,True,False,False,True,True,24.0,False,True
COMP_0496,GROUP_0137,,EUR,netsuite,1.0,52000.0,52000.0,1.0,True,True,True,False,True,24.0,False,True
COMP_0960,GROUP_0137,,EUR,netsuite,,,,,False,True,True,False,True,24.0,False,False
COMP_1085,GROUP_0137,,AUD,netsuite,,,,,False,True,True,False,True,18.0,False,False
COMP_1222,GROUP_0137,,MXN,netsuite,,,,,False,True,True,False,True,17.0,True,True
COMP_0335,GROUP_0214,,EUR,,,,,,False,False,False,True,True,12.0,False,False
COMP_0427,GROUP_0214,,EUR,navision,,,,,False,True,True,True,True,24.0,False,False
COMP_0531,GROUP_0214,,EUR,navision,1.0,300000.0,1486.96,0.004956533333333333,True,True,True,True,True,24.0,False,False
COMP_0031,GROUP_0035,ES,EUR,businessCentral,,,,,False,True,True,True,True,10.0,False,False
COMP_0138,GROUP_0035,ES,EUR,businessCentral,5.0,407207.76,99161.17,0.24351493203371172,True,True,True,True,True,24.0,True,False
COMP_0165,GROUP_0035,ES,EUR,businessCentral,1.0,70338.16,0.0,0.0,True,False,True,True,True,24.0,False,False
COMP_0194,GROUP_0035,,EUR,businessCentral,,,,,False,True,True,False,True,24.0,True,False
COMP_0197,GROUP_0035,ES,EUR,businessCentral,,,,,False,True,True,False,True,22.0,False,False
COMP_0405,GROUP_0035,ES,EUR,businessCentral,,,,,False,True,True,True,True,24.0,True,False
COMP_0659,GROUP_0035,ES,EUR,businessCentral,2.0,164117.02,109725.4,0.6685802605969814,True,True,True,True,True,24.0,False,False
COMP_0685,GROUP_0035,ES,EUR,businessCentral,3.0,763123.1100000001,310146.99,0.4064180286716778,True,True,True,True,True,24.0,True,False
COMP_0707,GROUP_0035,ES,EUR,businessCentral,2.0,506000.0,0.0,0.0,True,True,True,True,True,24.0,True,False
COMP_0794,GROUP_0035,ES,EUR,businessCentral,,,,,False,True,True,True,True,24.0,False,False
COMP_0955,GROUP_0035,ES,EUR,businessCentral,,,,,False,True,True,True,True,24.0,False,False
COMP_0987,GROUP_0035,,EUR,businessCentral,1.0,200000.0,200000.0,1.0,True,True,True,True,True,24.0,False,False
COMP_1134,GROUP_0035,ES,EUR,businessCentral,3.0,301555.22,223690.27000000002,0.7417887509955889,True,True,True,True,True,24.0,False,False
COMP_1279,GROUP_0035,ES,EUR,businessCentral,10.0,1965475.8900000001,529988.48,0.2696489347422114,True,True,True,True,True,24.0,True,False
COMP_0101,GROUP_0108,ES,EUR,businessCentral,11.0,3537622.84,1258964.51,0.35587866964359605,True,True,True,True,True,23.0,True,True
COMP_0231,GROUP_0108,,EUR,businessCentral,,,,,False,True,True,True,True,23.0,False,True
COMP_0242,GROUP_0108,ES,EUR,businessCentral,,,,,False,True,True,False,True,6.0,False,False
COMP_0322,GROUP_0108,,EUR,businessCentral,,,,,False,True,True,True,True,23.0,False,False
COMP_0527,GROUP_0108,ES,EUR,businessCentral,,,,,False,True,True,True,True,20.0,True,True
COMP_0587,GROUP_0108,,EUR,businessCentral,,,,,False,True,True,False,True,21.0,False,False
COMP_0638,GROUP_0108,,EUR,businessCentral,,,,,False,True,True,False,True,23.0,False,False
COMP_0692,GROUP_0108,,GBP,businessCentral,,,,,False,True,True,True,True,23.0,False,True
COMP_0779,GROUP_0108,,EUR,businessCentral,,,,,False,True,True,False,True,20.0,False,False
COMP_0879,GROUP_0108,,EUR,businessCentral,,,,,False,True,True,False,True,20.0,False,True
COMP_0913,GROUP_0108,ES,EUR,businessCentral,,,,,False,True,True,False,True,23.0,False,False
COMP_0927,GROUP_0108,,EUR,businessCentral,,,,,False,True,True,True,True,23.0,True,False
COMP_1013,GROUP_0108,ES,EUR,businessCentral,,,,,False,True,True,True,True,23.0,False,False
COMP_1017,GROUP_0108,ES,EUR,businessCentral,,,,,False,True,True,False,True,17.0,False,False
COMP_1030,GROUP_0108,ES,EUR,businessCentral,,,,,False,True,True,False,True,17.0,False,False
COMP_1081,GROUP_0108,ES,EUR,businessCentral,,,,,False,True,True,True,True,23.0,True,False
COMP_1089,GROUP_0108,,USD,businessCentral,,,,,False,True,True,False,True,20.0,True,False
COMP_1127,GROUP_0108,,EUR,businessCentral,,,,,False,True,True,True,True,23.0,False,False
COMP_1165,GROUP_0108,ES,EUR,businessCentral,,,,,False,True,True,True,True,23.0,False,False
COMP_0235,GROUP_0028,,EUR,,29.0,2516623.88,1427192.5499999998,0.567106019036901,True,False,False,True,True,24.0,False,True
COMP_0544,GROUP_0208,,EUR,,1.0,1000000.0,0.0,0.0,True,False,False,False,True,21.0,True,False
COMP_1233,GROUP_0208,,EUR,,1.0,636800.0,0.0,0.0,True,False,False,True,True,21.0,False,False
COMP_0094,GROUP_0021,,EUR,a3,9.0,1035000.0,477251.57,0.4611126280193237,True,True,True,True,True,24.0,True,False
COMP_0871,GROUP_0021,,EUR,a3,,,,,False,True,True,False,True,24.0,False,False
COMP_0925,GROUP_0021,,EUR,,,,,,False,False,False,False,True,9.0,True,False
COMP_0052,GROUP_0142,,EUR,,,,,,False,True,False,False,True,24.0,False,False
COMP_0068,GROUP_0142,,EUR,,,,,,False,True,False,False,True,24.0,False,False
COMP_0136,GROUP_0142,,EUR,,2.0,1520000.0,1266927.6400000001,0.8335050263157896,True,True,False,True,True,24.0,False,False
COMP_0186,GROUP_0142,,EUR,,1.0,500000.0,163812.82,0.32762564,True,True,False,True,True,24.0,True,False
COMP_0289,GROUP_0142,,EUR,,3.0,497000.0,418749.33,0.8425539839034205,True,True,False,True,True,24.0,False,False
COMP_0362,GROUP_0142,,EUR,,1.0,1700000.0,1572954.37,0.9252672764705883,True,True,False,True,True,24.0,False,False
COMP_0400,GROUP_0142,,EUR,,1.0,300000.0,0.0,0.0,True,True,False,False,True,24.0,False,False
COMP_0494,GROUP_0142,,EUR,,2.0,800000.0,665065.95,0.8313324375,True,True,False,True,True,24.0,False,False
COMP_0513,GROUP_0142,,EUR,,,,,,False,True,False,False,True,24.0,False,False
COMP_0751,GROUP_0142,,EUR,,,,,,False,True,False,False,True,24.0,False,False
COMP_0863,GROUP_0142,,EUR,,1.0,5000000.0,3035474.87,0.607094974,True,False,False,False,True,20.0,False,True
COMP_0870,GROUP_0142,,EUR,,1.0,35000.0,0.0,0.0,True,True,False,False,True,24.0,False,False
COMP_0888,GROUP_0142,,EUR,,2.0,200000.0,173355.87,0.86677935,True,True,False,True,True,24.0,False,False
COMP_0892,GROUP_0142,,EUR,,1.0,6277.07,0.0,0.0,True,True,False,False,True,24.0,False,False
COMP_0967,GROUP_0142,,EUR,,3.0,610247.73,389831.57,0.6388087178955996,True,True,False,False,True,21.0,False,False
COMP_0978,GROUP_0142,,EUR,,3.0,8500000.0,2527952.38,0.29740616235294115,True,True,False,True,True,24.0,True,False
COMP_1033,GROUP_0142,,EUR,,,,,,False,True,False,False,True,24.0,False,False
COMP_1073,GROUP_0142,,EUR,,,,,,False,True,False,False,True,24.0,False,False
COMP_1082,GROUP_0142,,EUR,,,,,,False,True,False,False,True,24.0,False,False
COMP_1219,GROUP_0142,,EUR,,,,,,False,True,False,False,True,24.0,False,False
COMP_1234,GROUP_0142,,EUR,,,,,,False,True,False,False,True,24.0,False,False
COMP_1238,GROUP_0142,,EUR,,,,,,False,True,False,True,True,24.0,False,False
COMP_1086,GROUP_0193,,EUR,,2.0,65000.0,45236.75,0.69595,True,False,False,True,True,24.0,False,True
COMP_0586,GROUP_0047,,EUR,businessCentral,,,,,False,True,True,False,True,6.0,False,False
COMP_0742,GROUP_0047,,EUR,businessCentral,1.0,4000000.0,840000.0,0.21,True,True,True,False,True,7.0,True,True
COMP_1043,GROUP_0047,,EUR,businessCentral,,,,,False,True,True,False,True,7.0,True,False
COMP_1050,GROUP_0047,,EUR,businessCentral,,,,,False,True,True,False,True,7.0,False,False
COMP_1161,GROUP_0047,,EUR,businessCentral,,,,,False,True,True,False,True,7.0,False,True
COMP_0193,GROUP_0224,,EUR,sage200,1.0,74797.1,0.0,0.0,True,True,True,True,True,11.0,False,False
COMP_0200,GROUP_0224,,EUR,sage200,2.0,332809.66000000003,29174.75,0.0876619687060766,True,True,True,True,True,11.0,True,False
COMP_0394,GROUP_0224,,EUR,sage200,1.0,2390625.0,1912500.0,0.8,True,True,True,True,True,11.0,False,False
COMP_0003,GROUP_0044,,EUR,businessCentral,,,,,False,True,True,False,True,8.0,False,False
COMP_0114,GROUP_0044,,EUR,businessCentral,,,,,False,True,True,False,True,8.0,False,False
COMP_0184,GROUP_0044,,EUR,businessCentral,,,,,False,True,True,False,True,8.0,False,False
COMP_0185,GROUP_0044,,EUR,businessCentral,2.0,4999997.0,3257876.76,0.6515757429454457,True,True,True,True,True,8.0,True,True
COMP_0187,GROUP_0044,,PLN,businessCentral,,,,,False,True,True,False,True,8.0,False,False
COMP_0237,GROUP_0044,,GBP,businessCentral,,,,,False,True,True,False,True,8.0,False,False
COMP_0352,GROUP_0044,,EUR,businessCentral,,,,,False,True,True,True,True,9.0,False,True
COMP_0472,GROUP_0044,,EUR,businessCentral,,,,,False,True,True,True,True,8.0,False,False
COMP_0576,GROUP_0044,,EUR,businessCentral,4.0,9299996.0,2634312.32,0.2832595110793596,True,True,True,True,True,8.0,True,True
COMP_0740,GROUP_0044,,EUR,businessCentral,,,,,False,True,True,False,True,8.0,False,True
COMP_0986,GROUP_0044,,EUR,businessCentral,,,,,False,True,True,True,True,8.0,False,False
COMP_1097,GROUP_0044,,EUR,businessCentral,,,,,False,True,True,False,True,8.0,False,True
COMP_1225,GROUP_0044,,EUR,businessCentral,5.0,79999999.99,58718524.769999996,0.7339815597167477,True,True,True,True,True,8.0,True,False
COMP_0023,GROUP_0237,BE,EUR,netsuite,,,,,False,True,True,False,True,18.0,False,False
COMP_0091,GROUP_0237,,EUR,netsuite,,,,,False,True,True,False,True,16.0,False,False
COMP_0556,GROUP_0237,,DKK,,1.0,1.0,6.0,1.0,True,True,False,False,True,17.0,True,False
COMP_0975,GROUP_0237,NL,EUR,netsuite,,,,,False,True,True,False,True,24.0,False,False
COMP_1232,GROUP_0237,,EUR,,1.0,1.0,6.0,1.0,True,True,False,False,True,17.0,False,False
COMP_0160,GROUP_0106,ES,EUR,,3.0,577444.51,172785.97,0.29922523637812404,True,False,False,True,True,24.0,False,False
COMP_0555,GROUP_0106,ES,EUR,,1.0,107387.8,51744.97,0.4818514766109372,True,False,False,False,True,24.0,False,False
COMP_1150,GROUP_0106,ES,EUR,,6.0,1049331.97,118539.77,0.11296689073525512,True,False,False,True,True,24.0,False,False
COMP_0090,GROUP_0116,,EUR,netsuite,,,,,False,True,True,False,True,24.0,False,False
COMP_0270,GROUP_0116,Alemania,EUR,netsuite,,,,,False,True,True,False,True,6.0,False,True
COMP_0340,GROUP_0116,,EUR,netsuite,3.0,90000000.0,68625000.0,0.7625,True,True,True,True,True,24.0,False,False
COMP_0361,GROUP_0116,,DKK,netsuite,,,,,False,True,True,True,True,24.0,True,True
COMP_0460,GROUP_0116,,GBP,netsuite,,,,,False,True,True,False,True,24.0,False,True
COMP_0693,GROUP_0116,,EUR,,,,,,False,False,False,False,True,24.0,False,True
COMP_0822,GROUP_0116,,COP,netsuite,,,,,False,False,True,False,False,13.0,False,False
COMP_1162,GROUP_0116,,EUR,netsuite,,,,,False,True,True,False,True,24.0,False,True
COMP_1026,GROUP_0186,,EUR,businessCentral,1.0,16000000.0,9200000.0,0.575,True,True,True,True,True,7.0,False,False
COMP_0459,GROUP_0051,,EUR,,,,,,False,False,False,True,True,13.0,False,False
COMP_0605,GROUP_0051,,GBP,,,,,,False,False,False,True,True,13.0,False,False
COMP_0762,GROUP_0051,,EUR,,,,,,False,False,False,False,True,13.0,False,False
COMP_1066,GROUP_0051,,EUR,,16.0,3915666.28,1304547.72,0.33316110891860784,True,False,False,True,True,14.0,False,True
COMP_0798,GROUP_0057,,EUR,businessOne,10.0,308269.47,49853.01,0.16171893376272392,True,True,True,True,True,24.0,False,False
COMP_1149,GROUP_0057,,EUR,businessOne,5.0,3006493.65,1004161.99,0.33399770859319794,True,True,True,True,True,24.0,False,False
COMP_0173,GROUP_0019,,EUR,businessCentral,9.0,5027818.74,1079053.2,0.214616567501795,True,True,True,True,True,20.0,False,False
COMP_1230,GROUP_0019,,EUR,businessCentral,5.0,575000.0,457243.63,0.7952063130434782,True,True,True,True,True,20.0,True,False
COMP_1269,GROUP_0019,,EUR,businessCentral,2.0,515000.0,100000.0,0.1941747572815534,True,True,True,False,True,20.0,False,False
COMP_0239,GROUP_0202,,EUR,businessCentral,,,,,False,True,True,False,True,24.0,False,False
COMP_0450,GROUP_0202,,EUR,businessCentral,1.0,1300000.0,0.0,0.0,True,True,True,True,True,24.0,False,True
COMP_0511,GROUP_0202,,EUR,businessCentral,9.0,15817496.0,7140071.0,0.4514033700403654,True,True,True,True,True,24.0,False,False
COMP_0525,GROUP_0202,,EUR,businessCentral,,,,,False,True,True,False,True,24.0,False,True
COMP_1142,GROUP_0202,,EUR,businessCentral,,,,,False,True,True,True,True,24.0,True,False
COMP_1173,GROUP_0202,,EUR,businessCentral,1.0,1000000.0,1000000.0,1.0,True,True,True,True,True,24.0,False,True
COMP_0180,GROUP_0055,,EUR,dynamicsAx,15.0,5401698.11,1779317.57,0.3293996690977608,True,True,True,True,True,24.0,False,False
COMP_0253,GROUP_0055,,EUR,dynamicsAx,,,,,False,True,True,False,True,24.0,False,False
COMP_0509,GROUP_0055,,EUR,dynamicsAx,,,,,False,True,True,False,True,24.0,False,False
COMP_0726,GROUP_0055,,EUR,dynamicsAx,,,,,False,True,True,False,True,18.0,False,False
