company_id,month,obligacion_regular_falta,factura_recibida_vencida_90d,saldo_negativo,caja_agotandose,coste_financiero_disparado
COMP_0001,2026-06,,1.0,0.0,1.0,
COMP_0001,2026-07,,1.0,0.0,1.0,
COMP_0001,2026-08,,1.0,0.0,1.0,
COMP_0002,2025-02,,,0.0,1.0,
COMP_0002,2025-03,,,0.0,0.0,
COMP_0002,2025-04,,,0.0,0.0,
COMP_0002,2025-05,,,0.0,0.0,
COMP_0002,2025-06,,,0.0,0.0,
COMP_0002,2025-07,,,0.0,,
COMP_0002,2025-08,,,0.0,,
COMP_0002,2025-09,,,0.0,,
COMP_0002,2025-10,,,0.0,,
COMP_0002,2025-11,,,0.0,,
COMP_0002,2025-12,,,0.0,,
COMP_0002,2026-01,,,0.0,,
COMP_0002,2026-02,,,0.0,,
COMP_0002,2026-03,,,0.0,,
COMP_0002,2026-04,,,0.0,,
COMP_0002,2026-05,,,0.0,,
COMP_0002,2026-06,,,0.0,,
COMP_0002,2026-07,,,0.0,,
COMP_0002,2026-08,,,0.0,,
COMP_0003,2026-06,,0.0,0.0,0.0,
COMP_0003,2026-07,,0.0,0.0,0.0,
COMP_0003,2026-08,,0.0,0.0,0.0,
COMP_0004,2026-05,,0.0,0.0,0.0,
COMP_0004,2026-06,,0.0,0.0,1.0,
COMP_0004,2026-07,,0.0,0.0,1.0,
COMP_0004,2026-08,,0.0,0.0,1.0,
COMP_0005,2025-06,,,0.0,1.0,
COMP_0005,2025-07,,,0.0,0.0,
COMP_0005,2025-08,,,0.0,0.0,
COMP_0005,2025-09,,,0.0,1.0,
COMP_0005,2025-10,,,0.0,0.0,
COMP_0005,2025-11,,,0.0,1.0,
COMP_0005,2025-12,,,0.0,0.0,0.0
COMP_0005,2026-01,,,0.0,0.0,0.0
COMP_0005,2026-02,,,0.0,0.0,0.0
COMP_0005,2026-03,,,0.0,0.0,0.0
COMP_0005,2026-04,,,0.0,0.0,0.0
COMP_0005,2026-05,,,0.0,0.0,0.0
COMP_0005,2026-06,,,0.0,0.0,0.0
COMP_0005,2026-07,,,0.0,0.0,0.0
COMP_0005,2026-08,,,0.0,0.0,0.0
COMP_0006,2026-02,,0.0,0.0,0.0,
COMP_0006,2026-03,,0.0,0.0,0.0,
COMP_0006,2026-04,,0.0,0.0,0.0,
COMP_0006,2026-05,,0.0,0.0,1.0,
COMP_0006,2026-06,,0.0,0.0,0.0,
COMP_0006,2026-07,,0.0,0.0,1.0,
COMP_0006,2026-08,0.0,0.0,0.0,1.0,0.0
COMP_0007,2025-06,,,0.0,0.0,
COMP_0007,2025-07,,,0.0,0.0,
COMP_0007,2025-08,,,0.0,0.0,
COMP_0007,2025-09,,,0.0,0.0,
COMP_0007,2025-10,,,0.0,0.0,
COMP_0007,2025-11,,,0.0,0.0,
COMP_0007,2025-12,0.0,,0.0,0.0,0.0
COMP_0007,2026-01,0.0,,0.0,0.0,0.0
COMP_0007,2026-02,0.0,,0.0,0.0,0.0
COMP_0007,2026-03,0.0,,0.0,0.0,0.0
COMP_0007,2026-04,0.0,,0.0,0.0,0.0
COMP_0007,2026-05,0.0,,0.0,0.0,0.0
COMP_0007,2026-06,0.0,,0.0,1.0,0.0
COMP_0007,2026-07,0.0,,0.0,1.0,0.0
COMP_0007,2026-08,1.0,,0.0,1.0,0.0
COMP_0008,2026-02,,0.0,0.0,0.0,
COMP_0008,2026-03,,0.0,0.0,0.0,
COMP_0008,2026-04,,0.0,0.0,0.0,
COMP_0008,2026-05,,0.0,0.0,1.0,
COMP_0008,2026-06,,0.0,0.0,1.0,
COMP_0008,2026-07,,0.0,0.0,0.0,
COMP_0008,2026-08,0.0,0.0,0.0,0.0,0.0
COMP_0009,2025-02,,0.0,0.0,0.0,
COMP_0009,2025-03,,0.0,0.0,0.0,
COMP_0009,2025-04,,0.0,0.0,0.0,
COMP_0009,2025-05,,0.0,0.0,0.0,
COMP_0009,2025-06,,0.0,0.0,0.0,
COMP_0009,2025-07,,0.0,0.0,0.0,
COMP_0009,2025-08,0.0,0.0,0.0,0.0,0.0
COMP_0009,2025-09,0.0,0.0,0.0,0.0,0.0
COMP_0009,2025-10,0.0,0.0,0.0,0.0,0.0
COMP_0009,2025-11,0.0,0.0,0.0,0.0,0.0
COMP_0009,2025-12,0.0,0.0,0.0,0.0,0.0
COMP_0009,2026-01,0.0,0.0,0.0,0.0,0.0
COMP_0009,2026-02,1.0,0.0,0.0,0.0,0.0
COMP_0009,2026-03,0.0,0.0,0.0,1.0,0.0
COMP_0009,2026-04,0.0,0.0,1.0,1.0,0.0
COMP_0009,2026-05,1.0,0.0,1.0,1.0,0.0
COMP_0009,2026-06,0.0,0.0,1.0,1.0,0.0
COMP_0009,2026-07,0.0,0.0,0.0,0.0,0.0
COMP_0009,2026-08,0.0,0.0,0.0,1.0,0.0
COMP_0010,2025-02,,0.0,0.0,0.0,
COMP_0010,2025-03,,0.0,0.0,0.0,
COMP_0010,2025-04,,0.0,0.0,1.0,
COMP_0010,2025-05,,0.0,0.0,0.0,
COMP_0010,2025-06,,0.0,0.0,0.0,
COMP_0010,2025-07,,0.0,0.0,0.0,
COMP_0010,2025-08,0.0,0.0,0.0,0.0,0.0
COMP_0010,2025-09,0.0,0.0,0.0,0.0,0.0
COMP_0010,2025-10,0.0,1.0,0.0,1.0,0.0
COMP_0010,2025-11,0.0,1.0,0.0,0.0,0.0
COMP_0010,2025-12,0.0,1.0,0.0,0.0,0.0
COMP_0010,2026-01,0.0,0.0,0.0,0.0,0.0
COMP_0010,2026-02,0.0,0.0,0.0,1.0,0.0
COMP_0010,2026-03,0.0,0.0,0.0,1.0,0.0
COMP_0010,2026-04,0.0,0.0,0.0,0.0,0.0
COMP_0010,2026-05,0.0,0.0,0.0,0.0,0.0
COMP_0010,2026-06,0.0,0.0,0.0,0.0,0.0
COMP_0010,2026-07,0.0,0.0,0.0,0.0,0.0
COMP_0010,2026-08,0.0,1.0,0.0,1.0,0.0
COMP_0011,2026-05,,0.0,0.0,1.0,
COMP_0011,2026-06,,0.0,0.0,1.0,
COMP_0011,2026-07,,0.0,0.0,1.0,
COMP_0011,2026-08,,0.0,0.0,0.0,
COMP_0012,2026-01,,,0.0,1.0,
COMP_0012,2026-02,,,0.0,1.0,
COMP_0012,2026-03,,,0.0,1.0,
COMP_0012,2026-04,,,0.0,0.0,
COMP_0012,2026-05,,,0.0,0.0,
COMP_0012,2026-06,,,0.0,0.0,
COMP_0012,2026-07,,,0.0,1.0,0.0
COMP_0012,2026-08,,,0.0,1.0,0.0
COMP_0013,2026-05,,0.0,0.0,1.0,
COMP_0013,2026-06,,0.0,0.0,1.0,
COMP_0013,2026-07,,0.0,0.0,1.0,
COMP_0013,2026-08,,0.0,0.0,1.0,
COMP_0014,2026-06,,1.0,1.0,0.0,
COMP_0014,2026-07,,1.0,1.0,0.0,
COMP_0014,2026-08,,1.0,1.0,0.0,
COMP_0015,2025-09,,1.0,0.0,0.0,
COMP_0015,2025-10,,1.0,0.0,0.0,
COMP_0015,2025-11,,1.0,0.0,0.0,
COMP_0015,2025-12,,0.0,0.0,0.0,
COMP_0015,2026-01,,0.0,0.0,0.0,
COMP_0015,2026-02,,0.0,0.0,0.0,
COMP_0015,2026-03,,0.0,0.0,0.0,0.0
COMP_0015,2026-04,,0.0,0.0,0.0,0.0
COMP_0015,2026-05,,0.0,0.0,0.0,0.0
COMP_0015,2026-06,,0.0,0.0,0.0,0.0
COMP_0015,2026-07,,0.0,0.0,0.0,0.0
COMP_0015,2026-08,,0.0,0.0,0.0,0.0
COMP_0016,2025-02,,0.0,0.0,0.0,
COMP_0016,2025-03,,0.0,0.0,0.0,
COMP_0016,2025-04,,0.0,0.0,0.0,
COMP_0016,2025-05,,0.0,0.0,0.0,
COMP_0016,2025-06,,0.0,0.0,0.0,
COMP_0016,2025-07,,0.0,0.0,0.0,
COMP_0016,2025-08,,0.0,0.0,0.0,0.0
COMP_0016,2025-09,,0.0,0.0,0.0,0.0
COMP_0016,2025-10,,0.0,0.0,0.0,0.0
COMP_0016,2025-11,,0.0,0.0,0.0,0.0
COMP_0016,2025-12,,0.0,0.0,0.0,0.0
COMP_0016,2026-01,,0.0,0.0,0.0,0.0
COMP_0016,2026-02,,0.0,0.0,0.0,0.0
COMP_0016,2026-03,,0.0,0.0,0.0,0.0
COMP_0016,2026-04,,0.0,0.0,0.0,0.0
COMP_0016,2026-05,,0.0,0.0,0.0,0.0
COMP_0016,2026-06,,0.0,0.0,0.0,0.0
COMP_0016,2026-07,,0.0,0.0,0.0,0.0
COMP_0016,2026-08,,0.0,0.0,0.0,0.0
COMP_0017,2025-08,,0.0,0.0,0.0,
COMP_0017,2025-09,,0.0,0.0,0.0,
COMP_0017,2025-10,,0.0,0.0,0.0,
COMP_0017,2025-11,,0.0,0.0,0.0,
COMP_0017,2025-12,,0.0,0.0,0.0,
COMP_0017,2026-01,,0.0,0.0,0.0,
COMP_0017,2026-02,,0.0,0.0,0.0,0.0
COMP_0017,2026-03,,0.0,0.0,1.0,0.0
COMP_0017,2026-04,,0.0,0.0,1.0,0.0
COMP_0017,2026-05,,0.0,0.0,1.0,0.0
COMP_0017,2026-06,,1.0,0.0,0.0,
COMP_0017,2026-07,,1.0,0.0,0.0,0.0
COMP_0017,2026-08,,0.0,0.0,0.0,0.0
COMP_0018,2025-02,,0.0,0.0,0.0,
COMP_0018,2025-03,,0.0,0.0,1.0,
COMP_0018,2025-04,,0.0,0.0,1.0,
COMP_0018,2025-05,,0.0,0.0,1.0,
COMP_0018,2025-06,,1.0,0.0,0.0,
COMP_0018,2025-07,,1.0,0.0,0.0,
COMP_0018,2025-08,,0.0,0.0,1.0,0.0
COMP_0018,2025-09,,0.0,0.0,1.0,0.0
COMP_0018,2025-10,,0.0,0.0,1.0,0.0
COMP_0018,2025-11,,1.0,0.0,0.0,0.0
COMP_0018,2025-12,,0.0,0.0,0.0,0.0
COMP_0018,2026-01,,0.0,0.0,1.0,0.0
COMP_0018,2026-02,,0.0,0.0,1.0,0.0
COMP_0018,2026-03,,0.0,0.0,1.0,0.0
COMP_0018,2026-04,,1.0,0.0,1.0,0.0
COMP_0018,2026-05,,1.0,0.0,0.0,0.0
COMP_0018,2026-06,,1.0,0.0,0.0,0.0
COMP_0018,2026-07,,0.0,0.0,0.0,0.0
COMP_0018,2026-08,,0.0,0.0,0.0,0.0
COMP_0019,2025-02,,,0.0,1.0,
COMP_0019,2025-03,,,0.0,1.0,
COMP_0019,2025-04,,,0.0,0.0,
COMP_0019,2025-05,,,0.0,0.0,
COMP_0019,2025-06,,,0.0,1.0,
COMP_0019,2025-07,,,0.0,1.0,
COMP_0019,2025-08,0.0,,0.0,0.0,0.0
COMP_0019,2025-09,0.0,,0.0,1.0,0.0
COMP_0019,2025-10,0.0,,0.0,1.0,0.0
COMP_0019,2025-11,0.0,,0.0,1.0,0.0
COMP_0019,2025-12,0.0,,0.0,0.0,0.0
COMP_0019,2026-01,0.0,,0.0,1.0,0.0
COMP_0019,2026-02,0.0,,0.0,1.0,0.0
COMP_0019,2026-03,1.0,,0.0,1.0,0.0
COMP_0019,2026-04,1.0,,0.0,0.0,0.0
COMP_0019,2026-05,,,0.0,0.0,0.0
COMP_0019,2026-06,,,0.0,0.0,0.0
COMP_0019,2026-07,,,0.0,0.0,0.0
COMP_0019,2026-08,,,0.0,1.0,0.0
COMP_0020,2026-06,,,0.0,0.0,
COMP_0020,2026-07,,,0.0,0.0,
COMP_0020,2026-08,,,0.0,0.0,
COMP_0021,2026-07,,1.0,0.0,0.0,
COMP_0021,2026-08,,1.0,0.0,0.0,
COMP_0022,2025-02,,0.0,0.0,1.0,
COMP_0022,2025-03,,0.0,0.0,1.0,
COMP_0022,2025-04,,0.0,0.0,1.0,
COMP_0022,2025-05,,0.0,0.0,1.0,
COMP_0022,2025-06,,0.0,0.0,0.0,
COMP_0022,2025-07,,0.0,0.0,1.0,
COMP_0022,2025-08,0.0,0.0,0.0,1.0,0.0
COMP_0022,2025-09,0.0,0.0,0.0,1.0,0.0
COMP_0022,2025-10,0.0,0.0,0.0,1.0,0.0
COMP_0022,2025-11,0.0,0.0,0.0,1.0,0.0
COMP_0022,2025-12,0.0,0.0,0.0,1.0,0.0
COMP_0022,2026-01,0.0,0.0,0.0,1.0,0.0
COMP_0022,2026-02,0.0,0.0,0.0,1.0,0.0
COMP_0022,2026-03,0.0,0.0,0.0,1.0,0.0
COMP_0022,2026-04,0.0,0.0,0.0,1.0,0.0
COMP_0022,2026-05,0.0,0.0,0.0,1.0,0.0
COMP_0022,2026-06,0.0,0.0,0.0,0.0,0.0
COMP_0022,2026-07,0.0,0.0,0.0,0.0,0.0
COMP_0022,2026-08,0.0,0.0,0.0,0.0,0.0
COMP_0023,2025-08,,0.0,0.0,0.0,
COMP_0023,2025-09,,1.0,0.0,0.0,
COMP_0023,2025-10,,1.0,0.0,1.0,
COMP_0023,2025-11,,1.0,0.0,0.0,
COMP_0023,2025-12,,0.0,0.0,0.0,
COMP_0023,2026-01,,0.0,0.0,0.0,
COMP_0023,2026-02,,0.0,0.0,1.0,0.0
COMP_0023,2026-03,,0.0,0.0,1.0,0.0
COMP_0023,2026-04,,0.0,0.0,0.0,0.0
COMP_0023,2026-05,,0.0,0.0,0.0,0.0
COMP_0023,2026-06,,0.0,0.0,0.0,0.0
COMP_0023,2026-07,,0.0,0.0,1.0,0.0
COMP_0023,2026-08,,0.0,0.0,0.0,0.0
COMP_0024,2025-06,,0.0,0.0,1.0,
COMP_0024,2025-07,,0.0,0.0,0.0,
COMP_0024,2025-08,,0.0,0.0,0.0,
COMP_0024,2025-09,,0.0,0.0,0.0,
COMP_0024,2025-10,,0.0,0.0,0.0,
COMP_0024,2025-11,,0.0,0.0,0.0,
COMP_0024,2025-12,0.0,0.0,0.0,0.0,0.0
COMP_0024,2026-01,0.0,0.0,0.0,0.0,0.0
COMP_0024,2026-02,1.0,0.0,0.0,0.0,0.0
COMP_0024,2026-03,0.0,0.0,0.0,0.0,0.0
COMP_0024,2026-04,0.0,0.0,0.0,0.0,0.0
COMP_0024,2026-05,1.0,0.0,0.0,0.0,0.0
COMP_0024,2026-06,0.0,0.0,0.0,0.0,0.0
COMP_0024,2026-07,0.0,0.0,0.0,0.0,0.0
COMP_0024,2026-08,0.0,0.0,0.0,0.0,0.0
COMP_0025,2025-11,,1.0,0.0,0.0,
COMP_0025,2025-12,,0.0,0.0,0.0,
COMP_0025,2026-01,,0.0,0.0,1.0,
COMP_0025,2026-02,,0.0,0.0,1.0,
COMP_0025,2026-03,,0.0,0.0,0.0,
COMP_0025,2026-04,,0.0,0.0,1.0,
COMP_0025,2026-05,0.0,0.0,0.0,0.0,0.0
COMP_0025,2026-06,0.0,0.0,0.0,1.0,0.0
COMP_0025,2026-07,0.0,0.0,0.0,0.0,0.0
COMP_0025,2026-08,0.0,0.0,0.0,0.0,0.0
COMP_0026,2026-06,,,0.0,0.0,
COMP_0026,2026-07,,,0.0,0.0,
COMP_0026,2026-08,,,0.0,1.0,
COMP_0027,2026-06,,0.0,0.0,1.0,
COMP_0027,2026-07,,0.0,0.0,1.0,
COMP_0027,2026-08,,0.0,0.0,1.0,
COMP_0028,2025-02,,,0.0,0.0,
COMP_0028,2025-03,,,0.0,0.0,
COMP_0028,2025-04,,,0.0,1.0,
COMP_0028,2025-05,,,0.0,1.0,
COMP_0028,2025-06,,,0.0,0.0,
COMP_0028,2025-07,,,0.0,0.0,
COMP_0028,2025-08,,,0.0,0.0,
COMP_0028,2025-09,,,0.0,0.0,0.0
COMP_0028,2025-10,,,0.0,0.0,0.0
COMP_0028,2025-11,,,0.0,0.0,
COMP_0028,2025-12,,,0.0,0.0,0.0
COMP_0028,2026-01,,,0.0,0.0,0.0
COMP_0028,2026-02,,,0.0,0.0,
COMP_0028,2026-03,,,0.0,0.0,
COMP_0028,2026-04,,,0.0,0.0,0.0
COMP_0028,2026-05,,,0.0,0.0,
COMP_0028,2026-06,,,0.0,0.0,
COMP_0028,2026-07,,,0.0,0.0,0.0
COMP_0028,2026-08,,,0.0,0.0,
COMP_0029,2025-02,,1.0,0.0,0.0,
COMP_0029,2025-03,,1.0,0.0,0.0,
COMP_0029,2025-04,,1.0,0.0,0.0,
COMP_0029,2025-05,,1.0,0.0,0.0,
COMP_0029,2025-06,,1.0,0.0,0.0,
COMP_0029,2025-07,,1.0,0.0,0.0,
COMP_0029,2025-08,,1.0,0.0,0.0,0.0
COMP_0029,2025-09,,1.0,0.0,0.0,0.0
COMP_0029,2025-10,,1.0,0.0,0.0,0.0
COMP_0029,2025-11,,1.0,0.0,0.0,0.0
COMP_0029,2025-12,,1.0,0.0,0.0,0.0
COMP_0029,2026-01,,1.0,0.0,0.0,0.0
COMP_0029,2026-02,,1.0,0.0,0.0,0.0
COMP_0029,2026-03,,1.0,0.0,0.0,0.0
COMP_0029,2026-04,,1.0,0.0,0.0,0.0
COMP_0029,2026-05,,1.0,0.0,0.0,0.0
COMP_0029,2026-06,,1.0,0.0,0.0,0.0
COMP_0029,2026-07,,1.0,0.0,0.0,0.0
COMP_0029,2026-08,,1.0,0.0,0.0,0.0
COMP_0030,2025-02,,,0.0,0.0,
COMP_0030,2025-03,,,0.0,0.0,
COMP_0030,2025-04,,,0.0,0.0,
COMP_0030,2025-05,,,0.0,0.0,
COMP_0030,2025-06,,,0.0,0.0,
COMP_0030,2025-07,,,0.0,0.0,
COMP_0030,2025-08,,,0.0,0.0,0.0
COMP_0030,2025-09,,,0.0,0.0,0.0
COMP_0030,2025-10,,,0.0,0.0,0.0
COMP_0030,2025-11,,,0.0,0.0,0.0
COMP_0030,2025-12,,,0.0,0.0,0.0
COMP_0030,2026-01,,,0.0,0.0,0.0
COMP_0030,2026-02,,,0.0,0.0,0.0
COMP_0030,2026-03,,,0.0,0.0,0.0
COMP_0030,2026-04,,,0.0,0.0,0.0
COMP_0030,2026-05,,,0.0,0.0,0.0
COMP_0030,2026-06,,,0.0,0.0,0.0
COMP_0030,2026-07,,,0.0,0.0,0.0
COMP_0030,2026-08,,,0.0,0.0,0.0
COMP_0031,2026-04,,0.0,0.0,1.0,
COMP_0031,2026-05,,1.0,0.0,1.0,
COMP_0031,2026-06,,1.0,0.0,1.0,
COMP_0031,2026-07,,1.0,0.0,0.0,
COMP_0031,2026-08,,1.0,0.0,0.0,
COMP_0032,2025-03,,0.0,0.0,0.0,
COMP_0032,2025-04,,0.0,0.0,0.0,
COMP_0032,2025-05,,0.0,0.0,0.0,
COMP_0032,2025-06,,0.0,0.0,0.0,
COMP_0032,2025-07,,0.0,0.0,0.0,
COMP_0032,2025-08,,0.0,0.0,0.0,
COMP_0032,2025-09,,0.0,0.0,0.0,
COMP_0032,2025-10,,0.0,0.0,0.0,0.0
COMP_0032,2025-11,,0.0,0.0,0.0,0.0
COMP_0032,2025-12,,0.0,0.0,0.0,0.0
COMP_0032,2026-01,,0.0,0.0,0.0,1.0
COMP_0032,2026-02,,0.0,0.0,0.0,
COMP_0032,2026-03,,0.0,0.0,0.0,
COMP_0032,2026-04,,,0.0,,
COMP_0032,2026-05,,,0.0,,
COMP_0032,2026-06,,,0.0,,
COMP_0032,2026-07,,,0.0,,
COMP_0032,2026-08,,,0.0,,
COMP_0033,2026-03,,,,,
COMP_0033,2026-04,,,,,
COMP_0033,2026-05,,,,,
COMP_0033,2026-06,,,,,
COMP_0033,2026-07,,,,,
COMP_0033,2026-08,,,,,
COMP_0034,2025-08,,,0.0,1.0,
COMP_0034,2025-09,,,0.0,1.0,
COMP_0034,2025-10,,,0.0,1.0,
COMP_0034,2025-11,,,0.0,1.0,
COMP_0034,2025-12,,,0.0,1.0,
COMP_0034,2026-01,,,0.0,1.0,
COMP_0034,2026-02,0.0,,0.0,1.0,0.0
COMP_0034,2026-03,0.0,,0.0,1.0,0.0
COMP_0034,2026-04,0.0,,0.0,1.0,0.0
COMP_0034,2026-05,0.0,,0.0,1.0,0.0
COMP_0034,2026-06,0.0,,0.0,1.0,0.0
COMP_0034,2026-07,0.0,,0.0,1.0,0.0
COMP_0034,2026-08,0.0,,0.0,1.0,0.0
COMP_0035,2025-02,,,0.0,1.0,
COMP_0035,2025-03,,,0.0,1.0,
COMP_0035,2025-04,,,0.0,1.0,
COMP_0035,2025-05,,,0.0,1.0,
COMP_0035,2025-06,,,0.0,0.0,
COMP_0035,2025-07,,,0.0,1.0,
COMP_0035,2025-08,0.0,,0.0,0.0,0.0
COMP_0035,2025-09,0.0,,0.0,0.0,0.0
COMP_0035,2025-10,0.0,,0.0,0.0,0.0
COMP_0035,2025-11,0.0,,0.0,0.0,0.0
COMP_0035,2025-12,0.0,,0.0,0.0,0.0
COMP_0035,2026-01,0.0,,0.0,0.0,0.0
COMP_0035,2026-02,0.0,,0.0,0.0,0.0
COMP_0035,2026-03,0.0,,0.0,0.0,0.0
COMP_0035,2026-04,0.0,,0.0,0.0,0.0
COMP_0035,2026-05,0.0,,0.0,0.0,0.0
COMP_0035,2026-06,0.0,,0.0,0.0,0.0
COMP_0035,2026-07,0.0,,0.0,0.0,0.0
COMP_0035,2026-08,0.0,,0.0,0.0,0.0
COMP_0036,2025-06,,,0.0,0.0,
COMP_0036,2025-07,,,0.0,0.0,
COMP_0036,2025-08,,,0.0,0.0,
COMP_0036,2025-09,,,0.0,0.0,
COMP_0036,2025-10,,,0.0,0.0,
COMP_0036,2025-11,,,0.0,0.0,
COMP_0036,2025-12,1.0,,0.0,0.0,0.0
COMP_0036,2026-01,0.0,,0.0,0.0,0.0
COMP_0036,2026-02,0.0,,0.0,0.0,0.0
COMP_0036,2026-03,0.0,,0.0,0.0,0.0
COMP_0036,2026-04,0.0,,0.0,0.0,0.0
COMP_0036,2026-05,0.0,,0.0,0.0,0.0
COMP_0036,2026-06,0.0,,0.0,0.0,0.0
COMP_0036,2026-07,0.0,,0.0,0.0,0.0
COMP_0036,2026-08,0.0,,0.0,0.0,0.0
COMP_0037,2025-06,,0.0,0.0,1.0,
COMP_0037,2025-07,,0.0,0.0,1.0,
COMP_0037,2025-08,,0.0,0.0,1.0,
COMP_0037,2025-09,,0.0,0.0,0.0,
COMP_0037,2025-10,,0.0,0.0,0.0,
COMP_0037,2025-11,,0.0,0.0,0.0,
COMP_0037,2025-12,,0.0,0.0,1.0,0.0
COMP_0037,2026-01,,0.0,0.0,1.0,0.0
COMP_0037,2026-02,,0.0,0.0,0.0,0.0
COMP_0037,2026-03,0.0,0.0,0.0,0.0,0.0
COMP_0037,2026-04,0.0,0.0,0.0,0.0,0.0
COMP_0037,2026-05,0.0,0.0,0.0,0.0,0.0
COMP_0037,2026-06,0.0,0.0,0.0,0.0,0.0
COMP_0037,2026-07,0.0,0.0,0.0,0.0,0.0
COMP_0037,2026-08,0.0,0.0,0.0,1.0,0.0
COMP_0038,2026-06,,0.0,0.0,1.0,
COMP_0038,2026-07,,0.0,0.0,1.0,
COMP_0038,2026-08,,0.0,0.0,1.0,
COMP_0039,2025-02,,0.0,1.0,1.0,
COMP_0039,2025-03,,0.0,1.0,1.0,
COMP_0039,2025-04,,0.0,0.0,0.0,
COMP_0039,2025-05,,0.0,0.0,0.0,
COMP_0039,2025-06,,0.0,0.0,0.0,
COMP_0039,2025-07,,0.0,0.0,1.0,
COMP_0039,2025-08,,0.0,0.0,1.0,0.0
COMP_0039,2025-09,,0.0,0.0,1.0,0.0
COMP_0039,2025-10,,0.0,0.0,0.0,0.0
COMP_0039,2025-11,0.0,0.0,0.0,0.0,0.0
COMP_0039,2025-12,0.0,0.0,0.0,0.0,0.0
COMP_0039,2026-01,1.0,0.0,0.0,0.0,0.0
COMP_0039,2026-02,1.0,0.0,0.0,1.0,0.0
COMP_0039,2026-03,0.0,0.0,0.0,1.0,0.0
COMP_0039,2026-04,0.0,0.0,0.0,0.0,0.0
COMP_0039,2026-05,0.0,0.0,0.0,0.0,0.0
COMP_0039,2026-06,0.0,0.0,0.0,1.0,0.0
COMP_0039,2026-07,0.0,0.0,0.0,1.0,0.0
COMP_0039,2026-08,1.0,0.0,0.0,0.0,0.0
COMP_0040,2026-06,,,0.0,0.0,
COMP_0040,2026-07,,,0.0,0.0,
COMP_0040,2026-08,,,0.0,0.0,
COMP_0041,2026-05,,0.0,0.0,1.0,
COMP_0041,2026-06,,0.0,0.0,1.0,
COMP_0041,2026-07,,0.0,0.0,1.0,
COMP_0041,2026-08,,0.0,0.0,0.0,
COMP_0042,2025-02,,0.0,0.0,0.0,
COMP_0042,2025-03,,0.0,0.0,0.0,
COMP_0042,2025-04,,0.0,0.0,0.0,
COMP_0042,2025-05,,0.0,0.0,0.0,
COMP_0042,2025-06,,0.0,0.0,0.0,
COMP_0042,2025-07,,0.0,0.0,0.0,
COMP_0042,2025-08,0.0,0.0,0.0,0.0,0.0
COMP_0042,2025-09,0.0,0.0,0.0,0.0,0.0
COMP_0042,2025-10,0.0,0.0,0.0,0.0,0.0
COMP_0042,2025-11,0.0,0.0,0.0,0.0,0.0
COMP_0042,2025-12,0.0,0.0,0.0,0.0,0.0
COMP_0042,2026-01,0.0,0.0,0.0,0.0,0.0
COMP_0042,2026-02,0.0,0.0,0.0,0.0,0.0
COMP_0042,2026-03,0.0,0.0,0.0,0.0,0.0
COMP_0042,2026-04,0.0,0.0,0.0,1.0,0.0
COMP_0042,2026-05,0.0,0.0,0.0,1.0,0.0
COMP_0042,2026-06,0.0,0.0,0.0,1.0,0.0
COMP_0042,2026-07,0.0,0.0,0.0,1.0,0.0
COMP_0042,2026-08,0.0,1.0,0.0,0.0,0.0
COMP_0043,2026-05,,0.0,0.0,0.0,
COMP_0043,2026-06,,0.0,0.0,1.0,
COMP_0043,2026-07,,0.0,0.0,1.0,
COMP_0043,2026-08,,0.0,0.0,0.0,
COMP_0044,2026-06,,0.0,1.0,1.0,
COMP_0044,2026-07,,0.0,1.0,1.0,
COMP_0044,2026-08,,0.0,1.0,1.0,
COMP_0045,2026-06,,,0.0,0.0,
COMP_0045,2026-07,,,0.0,0.0,
COMP_0045,2026-08,,,0.0,0.0,
COMP_0047,2025-06,,0.0,0.0,1.0,
COMP_0047,2025-07,,0.0,0.0,1.0,
COMP_0047,2025-08,,0.0,0.0,1.0,
COMP_0047,2025-09,,0.0,0.0,0.0,
COMP_0047,2025-10,,0.0,0.0,0.0,
COMP_0047,2025-11,,0.0,0.0,0.0,
COMP_0047,2025-12,0.0,0.0,0.0,0.0,0.0
COMP_0047,2026-01,0.0,0.0,0.0,1.0,0.0
COMP_0047,2026-02,0.0,0.0,0.0,1.0,0.0
COMP_0047,2026-03,0.0,0.0,0.0,0.0,0.0
COMP_0047,2026-04,0.0,0.0,0.0,1.0,0.0
COMP_0047,2026-05,0.0,0.0,0.0,1.0,0.0
COMP_0047,2026-06,0.0,0.0,0.0,1.0,0.0
COMP_0047,2026-07,1.0,1.0,0.0,0.0,0.0
COMP_0047,2026-08,,1.0,0.0,0.0,
COMP_0048,2026-06,,0.0,1.0,1.0,
COMP_0048,2026-07,,0.0,1.0,1.0,
COMP_0048,2026-08,,1.0,1.0,1.0,
COMP_0049,2025-06,,1.0,0.0,0.0,
COMP_0049,2025-07,,1.0,0.0,0.0,
COMP_0049,2025-08,,0.0,0.0,0.0,
COMP_0049,2025-09,,0.0,0.0,0.0,
COMP_0049,2025-10,,1.0,0.0,0.0,
COMP_0049,2025-11,,0.0,0.0,0.0,
COMP_0049,2025-12,,0.0,0.0,0.0,0.0
COMP_0049,2026-01,,0.0,0.0,1.0,0.0
COMP_0049,2026-02,,0.0,0.0,1.0,0.0
COMP_0049,2026-03,,0.0,0.0,1.0,0.0
COMP_0049,2026-04,,0.0,0.0,0.0,0.0
COMP_0049,2026-05,,0.0,1.0,0.0,0.0
COMP_0049,2026-06,,1.0,1.0,0.0,0.0
COMP_0049,2026-07,,0.0,1.0,0.0,0.0
COMP_0049,2026-08,1.0,1.0,1.0,0.0,0.0
COMP_0050,2026-02,,0.0,1.0,0.0,
COMP_0050,2026-03,,0.0,0.0,0.0,
COMP_0050,2026-04,,0.0,0.0,0.0,
COMP_0050,2026-05,,0.0,0.0,0.0,
COMP_0050,2026-06,,0.0,0.0,0.0,
COMP_0050,2026-07,,1.0,0.0,0.0,
COMP_0050,2026-08,,1.0,0.0,0.0,0.0
COMP_0051,2025-02,,1.0,0.0,1.0,
COMP_0051,2025-03,,1.0,0.0,0.0,
COMP_0051,2025-04,,1.0,0.0,0.0,
COMP_0051,2025-05,,1.0,0.0,0.0,
COMP_0051,2025-06,,0.0,0.0,0.0,
COMP_0051,2025-07,,1.0,0.0,0.0,
COMP_0051,2025-08,0.0,1.0,0.0,1.0,0.0
COMP_0051,2025-09,0.0,1.0,0.0,1.0,0.0
COMP_0051,2025-10,0.0,0.0,0.0,1.0,0.0
COMP_0051,2025-11,0.0,0.0,0.0,0.0,0.0
COMP_0051,2025-12,0.0,0.0,0.0,0.0,0.0
COMP_0051,2026-01,0.0,1.0,0.0,0.0,0.0
COMP_0051,2026-02,1.0,1.0,0.0,1.0,0.0
COMP_0051,2026-03,0.0,1.0,0.0,1.0,0.0
COMP_0051,2026-04,0.0,1.0,0.0,1.0,0.0
COMP_0051,2026-05,0.0,1.0,0.0,1.0,0.0
COMP_0051,2026-06,0.0,0.0,0.0,1.0,0.0
COMP_0051,2026-07,0.0,1.0,0.0,1.0,0.0
COMP_0051,2026-08,0.0,1.0,0.0,0.0,0.0
COMP_0052,2025-02,,0.0,0.0,0.0,
COMP_0052,2025-03,,1.0,0.0,0.0,
COMP_0052,2025-04,,1.0,0.0,0.0,
COMP_0052,2025-05,,1.0,0.0,0.0,
COMP_0052,2025-06,,0.0,0.0,0.0,
COMP_0052,2025-07,,0.0,0.0,0.0,
COMP_0052,2025-08,1.0,0.0,0.0,0.0,0.0
COMP_0052,2025-09,0.0,0.0,0.0,0.0,0.0
COMP_0052,2025-10,0.0,0.0,0.0,1.0,0.0
COMP_0052,2025-11,0.0,0.0,0.0,0.0,0.0
COMP_0052,2025-12,0.0,0.0,0.0,1.0,0.0
COMP_0052,2026-01,0.0,0.0,0.0,0.0,0.0
COMP_0052,2026-02,0.0,0.0,0.0,0.0,0.0
COMP_0052,2026-03,0.0,0.0,0.0,0.0,0.0
COMP_0052,2026-04,0.0,0.0,0.0,0.0,0.0
COMP_0052,2026-05,0.0,0.0,0.0,0.0,0.0
COMP_0052,2026-06,0.0,0.0,0.0,0.0,0.0
COMP_0052,2026-07,0.0,0.0,0.0,1.0,0.0
COMP_0052,2026-08,0.0,0.0,0.0,0.0,0.0
COMP_0053,2026-06,,0.0,0.0,1.0,
COMP_0053,2026-07,,0.0,0.0,0.0,
COMP_0053,2026-08,,0.0,0.0,1.0,
COMP_0054,2025-07,,0.0,0.0,0.0,
COMP_0054,2025-08,,0.0,0.0,0.0,
COMP_0054,2025-09,,1.0,0.0,0.0,
COMP_0054,2025-10,,0.0,0.0,0.0,
COMP_0054,2025-11,,0.0,0.0,0.0,
COMP_0054,2025-12,,0.0,0.0,0.0,
COMP_0054,2026-01,0.0,0.0,0.0,0.0,0.0
COMP_0054,2026-02,0.0,0.0,0.0,0.0,0.0
COMP_0054,2026-03,0.0,0.0,0.0,0.0,0.0
COMP_0054,2026-04,0.0,0.0,0.0,0.0,1.0
COMP_0054,2026-05,0.0,0.0,0.0,0.0,0.0
COMP_0054,2026-06,0.0,0.0,0.0,0.0,1.0
COMP_0054,2026-07,0.0,0.0,0.0,0.0,0.0
COMP_0054,2026-08,0.0,0.0,0.0,0.0,0.0
COMP_0055,2025-07,,0.0,1.0,1.0,
COMP_0055,2025-08,,0.0,1.0,0.0,
COMP_0055,2025-09,,0.0,1.0,0.0,
COMP_0055,2025-10,,0.0,1.0,0.0,
COMP_0055,2025-11,,0.0,1.0,0.0,
COMP_0055,2025-12,,0.0,1.0,0.0,
COMP_0055,2026-01,,0.0,0.0,0.0,0.0
COMP_0055,2026-02,,0.0,0.0,0.0,1.0
COMP_0055,2026-03,,0.0,1.0,0.0,1.0
COMP_0055,2026-04,,0.0,1.0,0.0,0.0
COMP_0055,2026-05,,0.0,0.0,0.0,0.0
COMP_0055,2026-06,,1.0,0.0,0.0,
COMP_0055,2026-07,,1.0,0.0,0.0,
COMP_0055,2026-08,,,0.0,,
COMP_0056,2026-04,,0.0,0.0,0.0,
COMP_0056,2026-05,,0.0,0.0,0.0,
COMP_0056,2026-06,,0.0,0.0,1.0,
COMP_0056,2026-07,,0.0,0.0,1.0,
COMP_0056,2026-08,,0.0,0.0,1.0,
COMP_0057,2026-06,,1.0,0.0,0.0,
COMP_0057,2026-07,,1.0,0.0,0.0,
COMP_0057,2026-08,,1.0,0.0,0.0,
COMP_0058,2026-06,,0.0,0.0,0.0,
COMP_0058,2026-07,,0.0,1.0,0.0,
COMP_0058,2026-08,,1.0,1.0,1.0,
COMP_0059,2025-02,,0.0,1.0,1.0,
COMP_0059,2025-03,,1.0,1.0,1.0,
COMP_0059,2025-04,,1.0,0.0,0.0,
COMP_0059,2025-05,,1.0,0.0,0.0,
COMP_0059,2025-06,,0.0,0.0,0.0,
COMP_0059,2025-07,,0.0,0.0,0.0,
COMP_0059,2025-08,0.0,0.0,0.0,0.0,0.0
COMP_0059,2025-09,1.0,1.0,0.0,1.0,0.0
COMP_0059,2025-10,0.0,1.0,0.0,1.0,0.0
COMP_0059,2025-11,1.0,1.0,1.0,1.0,0.0
COMP_0059,2025-12,,0.0,1.0,1.0,0.0
COMP_0059,2026-01,,0.0,1.0,1.0,0.0
COMP_0059,2026-02,,0.0,0.0,0.0,0.0
COMP_0059,2026-03,,0.0,0.0,1.0,0.0
COMP_0059,2026-04,,0.0,1.0,0.0,0.0
COMP_0059,2026-05,,0.0,0.0,0.0,0.0
COMP_0059,2026-06,,1.0,0.0,0.0,0.0
COMP_0059,2026-07,,1.0,0.0,0.0,0.0
COMP_0059,2026-08,,1.0,0.0,0.0,0.0
COMP_0060,2025-02,,0.0,0.0,1.0,
COMP_0060,2025-03,,0.0,0.0,0.0,
COMP_0060,2025-04,,0.0,0.0,1.0,
COMP_0060,2025-05,,0.0,0.0,0.0,
COMP_0060,2025-06,,0.0,0.0,0.0,
COMP_0060,2025-07,,0.0,0.0,0.0,
COMP_0060,2025-08,,0.0,0.0,1.0,0.0
COMP_0060,2025-09,,0.0,0.0,1.0,0.0
COMP_0060,2025-10,,0.0,0.0,0.0,0.0
COMP_0060,2025-11,,0.0,0.0,0.0,
COMP_0060,2025-12,,0.0,0.0,0.0,0.0
COMP_0060,2026-01,,0.0,0.0,0.0,0.0
COMP_0060,2026-02,,0.0,0.0,0.0,0.0
COMP_0060,2026-03,,0.0,0.0,0.0,0.0
COMP_0060,2026-04,,0.0,0.0,0.0,0.0
COMP_0060,2026-05,,0.0,0.0,0.0,
COMP_0060,2026-06,,0.0,0.0,1.0,
COMP_0060,2026-07,,,0.0,,
COMP_0060,2026-08,,,0.0,,
COMP_0061,2026-04,,,0.0,1.0,
COMP_0061,2026-05,,,0.0,1.0,
COMP_0061,2026-06,,,0.0,1.0,
COMP_0061,2026-07,,,0.0,1.0,
COMP_0061,2026-08,,,0.0,1.0,
COMP_0062,2025-06,,,0.0,1.0,
COMP_0062,2025-07,,,0.0,1.0,
COMP_0062,2025-08,,,0.0,1.0,
COMP_0062,2025-09,,,0.0,1.0,
COMP_0062,2025-10,,,0.0,1.0,
COMP_0062,2025-11,,,0.0,1.0,
COMP_0062,2025-12,0.0,,0.0,1.0,0.0
COMP_0062,2026-01,0.0,,0.0,1.0,0.0
COMP_0062,2026-02,1.0,,0.0,1.0,0.0
COMP_0062,2026-03,0.0,,0.0,1.0,0.0
COMP_0062,2026-04,0.0,,0.0,1.0,0.0
COMP_0062,2026-05,,,0.0,1.0,
COMP_0062,2026-06,,,0.0,0.0,
COMP_0062,2026-07,,,0.0,,
COMP_0062,2026-08,,,0.0,,
COMP_0063,2026-07,,,0.0,1.0,
COMP_0063,2026-08,,,0.0,1.0,
COMP_0064,2026-06,,0.0,0.0,1.0,
COMP_0064,2026-07,,0.0,0.0,1.0,
COMP_0064,2026-08,,0.0,1.0,1.0,
COMP_0065,2025-02,,0.0,0.0,0.0,
COMP_0065,2025-03,,0.0,0.0,0.0,
COMP_0065,2025-04,,1.0,0.0,0.0,
COMP_0065,2025-05,,0.0,0.0,0.0,
COMP_0065,2025-06,,0.0,0.0,0.0,
COMP_0065,2025-07,,0.0,0.0,0.0,
COMP_0065,2025-08,,0.0,0.0,0.0,1.0
COMP_0065,2025-09,,0.0,0.0,0.0,1.0
COMP_0065,2025-10,,0.0,0.0,0.0,0.0
COMP_0065,2025-11,,0.0,0.0,0.0,0.0
COMP_0065,2025-12,0.0,0.0,0.0,0.0,0.0
COMP_0065,2026-01,1.0,0.0,0.0,1.0,0.0
COMP_0065,2026-02,1.0,0.0,0.0,1.0,0.0
COMP_0065,2026-03,1.0,0.0,0.0,1.0,1.0
COMP_0065,2026-04,,0.0,0.0,1.0,0.0
COMP_0065,2026-05,,0.0,0.0,0.0,0.0
COMP_0065,2026-06,,0.0,0.0,0.0,0.0
COMP_0065,2026-07,,0.0,0.0,1.0,0.0
COMP_0065,2026-08,,0.0,0.0,1.0,0.0
COMP_0066,2025-04,,,0.0,1.0,
COMP_0066,2025-05,,,0.0,1.0,
COMP_0066,2025-06,,,0.0,1.0,
COMP_0066,2025-07,,,0.0,1.0,
COMP_0066,2025-08,,,0.0,0.0,
COMP_0066,2025-09,,,0.0,0.0,
COMP_0066,2025-10,,,0.0,,
COMP_0066,2025-11,,,0.0,0.0,0.0
COMP_0066,2025-12,,,0.0,0.0,
COMP_0066,2026-01,,,0.0,0.0,
COMP_0066,2026-02,,,0.0,,
COMP_0066,2026-03,,,0.0,,
COMP_0066,2026-04,,,0.0,,
COMP_0066,2026-05,,,0.0,0.0,0.0
COMP_0066,2026-06,,,0.0,0.0,0.0
COMP_0066,2026-07,,,0.0,1.0,0.0
COMP_0066,2026-08,,,0.0,1.0,
COMP_0067,2025-08,,,0.0,0.0,
COMP_0067,2025-09,,,0.0,0.0,
COMP_0067,2025-10,,,0.0,0.0,
COMP_0067,2025-11,,,0.0,0.0,
COMP_0067,2025-12,,,0.0,0.0,
COMP_0067,2026-01,,,0.0,0.0,
COMP_0067,2026-02,,,0.0,0.0,
COMP_0067,2026-03,,,0.0,,
COMP_0067,2026-04,,,0.0,0.0,0.0
COMP_0067,2026-05,,,0.0,0.0,0.0
COMP_0067,2026-06,,,0.0,0.0,0.0
COMP_0067,2026-07,,,0.0,0.0,
COMP_0067,2026-08,,,0.0,0.0,0.0
COMP_0068,2025-02,,0.0,0.0,0.0,
COMP_0068,2025-03,,0.0,0.0,0.0,
COMP_0068,2025-04,,0.0,0.0,0.0,
COMP_0068,2025-05,,0.0,0.0,0.0,
COMP_0068,2025-06,,0.0,0.0,1.0,
COMP_0068,2025-07,,0.0,0.0,1.0,
COMP_0068,2025-08,0.0,0.0,0.0,0.0,0.0
COMP_0068,2025-09,0.0,0.0,0.0,0.0,0.0
COMP_0068,2025-10,0.0,0.0,0.0,0.0,0.0
COMP_0068,2025-11,0.0,0.0,0.0,0.0,0.0
COMP_0068,2025-12,0.0,0.0,0.0,0.0,0.0
COMP_0068,2026-01,0.0,0.0,0.0,0.0,0.0
COMP_0068,2026-02,1.0,0.0,0.0,0.0,0.0
COMP_0068,2026-03,0.0,0.0,0.0,1.0,0.0
COMP_0068,2026-04,0.0,0.0,0.0,0.0,0.0
COMP_0068,2026-05,1.0,0.0,0.0,0.0,0.0
COMP_0068,2026-06,0.0,0.0,0.0,0.0,0.0
COMP_0068,2026-07,0.0,0.0,0.0,0.0,0.0
COMP_0068,2026-08,0.0,0.0,0.0,1.0,0.0
COMP_0069,2026-05,,0.0,0.0,1.0,
COMP_0069,2026-06,,0.0,0.0,1.0,
COMP_0069,2026-07,,0.0,0.0,0.0,
COMP_0069,2026-08,,0.0,0.0,0.0,
COMP_0070,2026-02,,0.0,1.0,0.0,
COMP_0070,2026-03,,0.0,1.0,1.0,
COMP_0070,2026-04,,0.0,1.0,1.0,
COMP_0070,2026-05,,0.0,1.0,0.0,
COMP_0070,2026-06,,0.0,0.0,0.0,
COMP_0070,2026-07,,1.0,0.0,0.0,
COMP_0070,2026-08,,1.0,0.0,0.0,
COMP_0071,2025-05,,1.0,0.0,0.0,
COMP_0071,2025-06,,1.0,0.0,0.0,
COMP_0071,2025-07,,1.0,0.0,0.0,
COMP_0071,2025-08,,1.0,0.0,0.0,
COMP_0071,2025-09,,1.0,0.0,0.0,
COMP_0071,2025-10,,1.0,0.0,0.0,
COMP_0071,2025-11,,1.0,0.0,0.0,0.0
COMP_0071,2025-12,,1.0,0.0,0.0,0.0
COMP_0071,2026-01,,1.0,0.0,0.0,0.0
COMP_0071,2026-02,,1.0,0.0,0.0,0.0
COMP_0071,2026-03,,1.0,0.0,0.0,0.0
COMP_0071,2026-04,0.0,1.0,0.0,0.0,0.0
COMP_0071,2026-05,0.0,1.0,0.0,0.0,0.0
COMP_0071,2026-06,0.0,1.0,0.0,0.0,0.0
COMP_0071,2026-07,1.0,1.0,0.0,0.0,0.0
COMP_0071,2026-08,0.0,1.0,0.0,0.0,0.0
COMP_0072,2026-06,,0.0,0.0,0.0,
COMP_0072,2026-07,,0.0,0.0,1.0,
COMP_0072,2026-08,,0.0,0.0,1.0,
COMP_0073,2025-02,,1.0,0.0,0.0,
COMP_0073,2025-03,,1.0,0.0,0.0,
COMP_0073,2025-04,,1.0,0.0,0.0,
COMP_0073,2025-05,,0.0,0.0,0.0,
COMP_0073,2025-06,,0.0,0.0,0.0,
COMP_0073,2025-07,,0.0,0.0,0.0,
COMP_0073,2025-08,,0.0,0.0,0.0,0.0
COMP_0073,2025-09,1.0,1.0,0.0,1.0,0.0
COMP_0073,2025-10,,1.0,0.0,1.0,0.0
COMP_0073,2025-11,,1.0,0.0,1.0,0.0
COMP_0073,2025-12,,0.0,0.0,0.0,0.0
COMP_0073,2026-01,,0.0,0.0,0.0,0.0
COMP_0073,2026-02,,0.0,0.0,1.0,0.0
COMP_0073,2026-03,,0.0,0.0,1.0,0.0
COMP_0073,2026-04,,0.0,0.0,1.0,0.0
COMP_0073,2026-05,,0.0,0.0,1.0,0.0
COMP_0073,2026-06,,0.0,0.0,0.0,0.0
COMP_0073,2026-07,,1.0,0.0,0.0,0.0
COMP_0073,2026-08,,1.0,0.0,0.0,0.0
COMP_0074,2025-06,,0.0,0.0,0.0,
COMP_0074,2025-07,,0.0,0.0,0.0,
COMP_0074,2025-08,,0.0,0.0,0.0,
COMP_0074,2025-09,,0.0,0.0,0.0,
COMP_0074,2025-10,,1.0,0.0,0.0,
COMP_0074,2025-11,,0.0,0.0,0.0,
COMP_0074,2025-12,0.0,0.0,0.0,0.0,0.0
COMP_0074,2026-01,1.0,0.0,0.0,0.0,0.0
COMP_0074,2026-02,0.0,0.0,0.0,0.0,0.0
COMP_0074,2026-03,0.0,0.0,0.0,0.0,0.0
COMP_0074,2026-04,0.0,0.0,0.0,0.0,0.0
COMP_0074,2026-05,0.0,0.0,0.0,0.0,0.0
COMP_0074,2026-06,0.0,0.0,0.0,0.0,0.0
COMP_0074,2026-07,0.0,0.0,0.0,0.0,0.0
COMP_0074,2026-08,0.0,0.0,0.0,0.0,0.0
COMP_0075,2025-02,,,0.0,0.0,
COMP_0075,2025-03,,,0.0,0.0,
COMP_0075,2025-04,,,0.0,0.0,
COMP_0075,2025-05,,,0.0,0.0,
COMP_0075,2025-06,,,0.0,0.0,
COMP_0075,2025-07,,,0.0,0.0,
COMP_0075,2025-08,0.0,,0.0,0.0,0.0
COMP_0075,2025-09,0.0,,0.0,0.0,0.0
COMP_0075,2025-10,0.0,,0.0,0.0,1.0
COMP_0075,2025-11,0.0,,0.0,0.0,0.0
COMP_0075,2025-12,0.0,,0.0,0.0,0.0
COMP_0075,2026-01,0.0,,0.0,0.0,0.0
COMP_0075,2026-02,0.0,,0.0,0.0,0.0
COMP_0075,2026-03,1.0,,0.0,0.0,0.0
COMP_0075,2026-04,0.0,,0.0,0.0,0.0
COMP_0075,2026-05,0.0,,0.0,0.0,0.0
COMP_0075,2026-06,1.0,,0.0,1.0,0.0
COMP_0075,2026-07,0.0,,0.0,1.0,0.0
COMP_0075,2026-08,0.0,,0.0,1.0,0.0
COMP_0076,2025-02,,,0.0,0.0,
COMP_0076,2025-03,,,0.0,0.0,
COMP_0076,2025-04,,,0.0,0.0,
COMP_0076,2025-05,,,0.0,0.0,
COMP_0076,2025-06,,,0.0,0.0,
COMP_0076,2025-07,,,0.0,0.0,
COMP_0076,2025-08,,,0.0,0.0,0.0
COMP_0076,2025-09,,,0.0,0.0,0.0
COMP_0076,2025-10,,,0.0,0.0,0.0
COMP_0076,2025-11,,,0.0,0.0,0.0
COMP_0076,2025-12,,,0.0,0.0,0.0
COMP_0076,2026-01,,,0.0,0.0,0.0
COMP_0076,2026-02,,,0.0,0.0,0.0
COMP_0076,2026-03,,,0.0,0.0,0.0
COMP_0076,2026-04,,,1.0,0.0,0.0
COMP_0076,2026-05,,,1.0,0.0,0.0
COMP_0076,2026-06,,,1.0,0.0,0.0
COMP_0076,2026-07,,,1.0,0.0,0.0
COMP_0076,2026-08,,,1.0,0.0,
COMP_0077,2025-02,,0.0,0.0,0.0,
COMP_0077,2025-03,,0.0,0.0,0.0,
COMP_0077,2025-04,,0.0,0.0,0.0,
COMP_0077,2025-05,,0.0,0.0,1.0,
COMP_0077,2025-06,,0.0,0.0,1.0,
COMP_0077,2025-07,,0.0,0.0,1.0,
COMP_0077,2025-08,0.0,0.0,0.0,0.0,0.0
COMP_0077,2025-09,1.0,0.0,0.0,0.0,0.0
COMP_0077,2025-10,1.0,0.0,0.0,0.0,0.0
COMP_0077,2025-11,0.0,0.0,0.0,0.0,0.0
COMP_0077,2025-12,0.0,0.0,0.0,0.0,0.0
COMP_0077,2026-01,1.0,0.0,0.0,0.0,0.0
COMP_0077,2026-02,0.0,0.0,0.0,0.0,0.0
COMP_0077,2026-03,0.0,0.0,0.0,0.0,0.0
COMP_0077,2026-04,0.0,0.0,0.0,0.0,0.0
COMP_0077,2026-05,1.0,0.0,0.0,0.0,0.0
COMP_0077,2026-06,0.0,0.0,0.0,0.0,0.0
COMP_0077,2026-07,0.0,0.0,0.0,0.0,0.0
COMP_0077,2026-08,0.0,0.0,0.0,0.0,0.0
COMP_0078,2026-07,,1.0,0.0,0.0,
COMP_0078,2026-08,,1.0,0.0,0.0,
COMP_0079,2026-05,,0.0,0.0,1.0,
COMP_0079,2026-06,,0.0,0.0,1.0,
COMP_0079,2026-07,,0.0,0.0,1.0,
COMP_0079,2026-08,,0.0,0.0,1.0,
COMP_0080,2025-08,,,0.0,1.0,
COMP_0080,2025-09,,,0.0,1.0,
COMP_0080,2025-10,,,0.0,1.0,
COMP_0080,2025-11,,,0.0,1.0,
COMP_0080,2025-12,,,0.0,1.0,
COMP_0080,2026-01,,,0.0,1.0,
COMP_0080,2026-02,,,0.0,1.0,0.0
COMP_0080,2026-03,,,0.0,0.0,0.0
COMP_0080,2026-04,,,0.0,1.0,0.0
COMP_0080,2026-05,,,0.0,0.0,0.0
COMP_0080,2026-06,,,0.0,0.0,
COMP_0080,2026-07,,,0.0,0.0,
COMP_0080,2026-08,,,0.0,,
COMP_0081,2025-07,,0.0,0.0,0.0,
COMP_0081,2025-08,,0.0,0.0,0.0,
COMP_0081,2025-09,,0.0,0.0,0.0,
COMP_0081,2025-10,,0.0,0.0,0.0,
COMP_0081,2025-11,,0.0,0.0,0.0,
COMP_0081,2025-12,,0.0,0.0,0.0,
COMP_0081,2026-01,0.0,0.0,0.0,0.0,0.0
COMP_0081,2026-02,0.0,0.0,0.0,0.0,0.0
COMP_0081,2026-03,0.0,1.0,0.0,1.0,0.0
COMP_0081,2026-04,0.0,1.0,0.0,0.0,0.0
COMP_0081,2026-05,0.0,1.0,0.0,1.0,0.0
COMP_0081,2026-06,0.0,0.0,0.0,0.0,0.0
COMP_0081,2026-07,0.0,0.0,0.0,0.0,0.0
COMP_0081,2026-08,0.0,0.0,0.0,0.0,0.0
COMP_0082,2025-08,,,0.0,1.0,
COMP_0082,2025-09,,,0.0,1.0,
COMP_0082,2025-10,,,0.0,1.0,
COMP_0082,2025-11,,,0.0,1.0,
COMP_0082,2025-12,,,0.0,1.0,
COMP_0082,2026-01,,,0.0,1.0,
COMP_0082,2026-02,0.0,,0.0,1.0,0.0
COMP_0082,2026-03,0.0,,0.0,1.0,0.0
COMP_0082,2026-04,0.0,,0.0,1.0,0.0
COMP_0082,2026-05,0.0,,0.0,1.0,0.0
COMP_0082,2026-06,0.0,,0.0,1.0,0.0
COMP_0082,2026-07,0.0,,0.0,1.0,0.0
COMP_0082,2026-08,0.0,,0.0,1.0,0.0
COMP_0083,2026-06,,0.0,0.0,1.0,
COMP_0083,2026-07,,0.0,0.0,1.0,
COMP_0083,2026-08,,0.0,0.0,0.0,
COMP_0084,2026-07,,,0.0,1.0,
COMP_0084,2026-08,,,0.0,1.0,
COMP_0085,2025-02,,0.0,1.0,0.0,
COMP_0085,2025-03,,1.0,1.0,1.0,
COMP_0085,2025-04,,1.0,0.0,0.0,
COMP_0085,2025-05,,1.0,1.0,0.0,
COMP_0085,2025-06,,1.0,0.0,0.0,
COMP_0085,2025-07,,1.0,1.0,1.0,
COMP_0085,2025-08,,1.0,0.0,1.0,0.0
COMP_0085,2025-09,,1.0,0.0,1.0,0.0
COMP_0085,2025-10,,1.0,1.0,0.0,0.0
COMP_0085,2025-11,,1.0,0.0,0.0,0.0
COMP_0085,2025-12,,1.0,0.0,0.0,0.0
COMP_0085,2026-01,,1.0,0.0,1.0,0.0
COMP_0085,2026-02,,1.0,0.0,1.0,0.0
COMP_0085,2026-03,,1.0,0.0,0.0,0.0
COMP_0085,2026-04,,1.0,0.0,1.0,0.0
COMP_0085,2026-05,,1.0,0.0,0.0,0.0
COMP_0085,2026-06,,1.0,0.0,1.0,0.0
COMP_0085,2026-07,,1.0,0.0,0.0,0.0
COMP_0085,2026-08,,1.0,0.0,1.0,0.0
COMP_0086,2026-02,,,0.0,,
COMP_0086,2026-03,,,0.0,,
COMP_0086,2026-04,,,0.0,,
COMP_0086,2026-05,,,0.0,0.0,
COMP_0086,2026-06,,,0.0,1.0,
COMP_0086,2026-07,,,1.0,1.0,
COMP_0086,2026-08,,,1.0,1.0,0.0
COMP_0087,2025-02,,,0.0,0.0,
COMP_0087,2025-03,,,0.0,0.0,
COMP_0087,2025-04,,,0.0,0.0,
COMP_0087,2025-05,,,0.0,1.0,
COMP_0087,2025-06,,,0.0,0.0,
COMP_0087,2025-07,,,0.0,1.0,
COMP_0087,2025-08,0.0,,0.0,0.0,0.0
COMP_0087,2025-09,0.0,,0.0,0.0,0.0
COMP_0087,2025-10,0.0,,0.0,0.0,0.0
COMP_0087,2025-11,0.0,,0.0,0.0,0.0
COMP_0087,2025-12,0.0,,0.0,0.0,0.0
COMP_0087,2026-01,0.0,,0.0,0.0,0.0
COMP_0087,2026-02,0.0,,0.0,0.0,0.0
COMP_0087,2026-03,0.0,,0.0,0.0,0.0
COMP_0087,2026-04,0.0,,0.0,0.0,0.0
COMP_0087,2026-05,0.0,,0.0,0.0,1.0
COMP_0087,2026-06,0.0,,0.0,0.0,1.0
COMP_0087,2026-07,0.0,,0.0,0.0,0.0
COMP_0087,2026-08,0.0,,0.0,1.0,0.0
COMP_0088,2025-08,,,0.0,1.0,
COMP_0088,2025-09,,,0.0,1.0,
COMP_0088,2025-10,,,0.0,1.0,
COMP_0088,2025-11,,,0.0,1.0,
COMP_0088,2025-12,,,0.0,1.0,
COMP_0088,2026-01,,,0.0,1.0,
COMP_0088,2026-02,1.0,,0.0,1.0,0.0
COMP_0088,2026-03,0.0,,0.0,1.0,0.0
COMP_0088,2026-04,0.0,,0.0,1.0,0.0
COMP_0088,2026-05,1.0,,0.0,1.0,0.0
COMP_0088,2026-06,0.0,,0.0,1.0,0.0
COMP_0088,2026-07,0.0,,0.0,1.0,0.0
COMP_0088,2026-08,1.0,,0.0,1.0,0.0
COMP_0089,2025-02,,0.0,0.0,0.0,
COMP_0089,2025-03,,0.0,0.0,0.0,
COMP_0089,2025-04,,0.0,0.0,0.0,
COMP_0089,2025-05,,0.0,0.0,0.0,
COMP_0089,2025-06,,0.0,0.0,0.0,
COMP_0089,2025-07,,0.0,0.0,0.0,
COMP_0089,2025-08,0.0,0.0,0.0,0.0,0.0
COMP_0089,2025-09,0.0,0.0,0.0,1.0,0.0
COMP_0089,2025-10,0.0,0.0,0.0,1.0,0.0
COMP_0089,2025-11,0.0,0.0,0.0,1.0,0.0
COMP_0089,2025-12,0.0,0.0,0.0,1.0,0.0
COMP_0089,2026-01,0.0,0.0,0.0,1.0,0.0
COMP_0089,2026-02,0.0,0.0,0.0,1.0,0.0
COMP_0089,2026-03,0.0,0.0,0.0,1.0,0.0
COMP_0089,2026-04,0.0,0.0,0.0,0.0,0.0
COMP_0089,2026-05,0.0,0.0,0.0,1.0,0.0
COMP_0089,2026-06,0.0,0.0,0.0,1.0,0.0
COMP_0089,2026-07,0.0,0.0,0.0,1.0,0.0
COMP_0089,2026-08,0.0,0.0,0.0,1.0,0.0
COMP_0090,2025-02,,0.0,0.0,0.0,
COMP_0090,2025-03,,0.0,0.0,0.0,
COMP_0090,2025-04,,0.0,0.0,1.0,
COMP_0090,2025-05,,0.0,0.0,1.0,
COMP_0090,2025-06,,0.0,0.0,1.0,
COMP_0090,2025-07,,0.0,0.0,0.0,
COMP_0090,2025-08,,0.0,0.0,0.0,
COMP_0090,2025-09,,0.0,0.0,0.0,0.0
COMP_0090,2025-10,,0.0,0.0,0.0,0.0
COMP_0090,2025-11,,0.0,0.0,0.0,0.0
COMP_0090,2025-12,,0.0,0.0,0.0,0.0
COMP_0090,2026-01,,0.0,0.0,0.0,0.0
COMP_0090,2026-02,,0.0,0.0,0.0,0.0
COMP_0090,2026-03,,0.0,0.0,0.0,
COMP_0090,2026-04,,0.0,0.0,0.0,0.0
COMP_0090,2026-05,,0.0,0.0,0.0,0.0
COMP_0090,2026-06,,0.0,0.0,0.0,0.0
COMP_0090,2026-07,,0.0,0.0,0.0,0.0
COMP_0090,2026-08,,0.0,0.0,1.0,0.0
COMP_0091,2025-10,,1.0,0.0,0.0,
COMP_0091,2025-11,,1.0,0.0,0.0,
COMP_0091,2025-12,,0.0,0.0,0.0,
COMP_0091,2026-01,,0.0,0.0,1.0,
COMP_0091,2026-02,,0.0,0.0,1.0,
COMP_0091,2026-03,,0.0,0.0,1.0,
COMP_0091,2026-04,,0.0,0.0,0.0,0.0
COMP_0091,2026-05,,0.0,0.0,0.0,0.0
COMP_0091,2026-06,,0.0,0.0,0.0,0.0
COMP_0091,2026-07,,1.0,0.0,0.0,0.0
COMP_0091,2026-08,,0.0,0.0,0.0,0.0
COMP_0092,2025-02,,,0.0,0.0,
COMP_0092,2025-03,,,0.0,0.0,
COMP_0092,2025-04,,,0.0,1.0,
COMP_0092,2025-05,,,0.0,1.0,
COMP_0092,2025-06,,,0.0,1.0,
COMP_0092,2025-07,,,0.0,0.0,
COMP_0092,2025-08,0.0,,0.0,0.0,0.0
COMP_0092,2025-09,0.0,,0.0,1.0,0.0
COMP_0092,2025-10,0.0,,0.0,0.0,0.0
COMP_0092,2025-11,0.0,,0.0,1.0,0.0
COMP_0092,2025-12,0.0,,0.0,1.0,0.0
COMP_0092,2026-01,0.0,,0.0,1.0,0.0
COMP_0092,2026-02,1.0,,0.0,1.0,0.0
COMP_0092,2026-03,0.0,,0.0,0.0,0.0
COMP_0092,2026-04,0.0,,0.0,1.0,0.0
COMP_0092,2026-05,1.0,,0.0,0.0,0.0
COMP_0092,2026-06,,,0.0,1.0,0.0
COMP_0092,2026-07,,,0.0,0.0,0.0
COMP_0092,2026-08,,,0.0,1.0,0.0
COMP_0093,2026-05,,0.0,,,
COMP_0093,2026-06,,0.0,,,
COMP_0093,2026-07,,0.0,,,
COMP_0093,2026-08,,0.0,,,
COMP_0094,2025-02,,0.0,0.0,1.0,
COMP_0094,2025-03,,0.0,1.0,0.0,
COMP_0094,2025-04,,0.0,1.0,0.0,
COMP_0094,2025-05,,0.0,1.0,0.0,
COMP_0094,2025-06,,1.0,0.0,0.0,
COMP_0094,2025-07,,1.0,1.0,0.0,
COMP_0094,2025-08,1.0,1.0,0.0,0.0,0.0
COMP_0094,2025-09,0.0,0.0,0.0,0.0,0.0
COMP_0094,2025-10,0.0,0.0,0.0,0.0,0.0
COMP_0094,2025-11,0.0,0.0,0.0,0.0,0.0
COMP_0094,2025-12,0.0,0.0,0.0,0.0,0.0
COMP_0094,2026-01,0.0,0.0,0.0,0.0,0.0
COMP_0094,2026-02,0.0,0.0,0.0,0.0,0.0
COMP_0094,2026-03,0.0,0.0,0.0,0.0,0.0
COMP_0094,2026-04,1.0,0.0,0.0,0.0,1.0
COMP_0094,2026-05,0.0,0.0,0.0,0.0,0.0
COMP_0094,2026-06,1.0,0.0,0.0,0.0,0.0
COMP_0094,2026-07,0.0,0.0,0.0,0.0,0.0
COMP_0094,2026-08,0.0,0.0,0.0,0.0,0.0
COMP_0095,2026-04,,0.0,0.0,0.0,
COMP_0095,2026-05,,0.0,0.0,0.0,
COMP_0095,2026-06,,0.0,0.0,0.0,
COMP_0095,2026-07,,0.0,0.0,0.0,
COMP_0095,2026-08,,0.0,0.0,0.0,
COMP_0096,2025-07,,0.0,0.0,1.0,
COMP_0096,2025-08,,0.0,0.0,1.0,
COMP_0096,2025-09,,0.0,0.0,1.0,
COMP_0096,2025-10,,0.0,0.0,1.0,
COMP_0096,2025-11,,0.0,0.0,1.0,
COMP_0096,2025-12,,0.0,0.0,1.0,
COMP_0096,2026-01,,0.0,0.0,1.0,0.0
COMP_0096,2026-02,,0.0,0.0,1.0,0.0
COMP_0096,2026-03,,0.0,0.0,1.0,0.0
COMP_0096,2026-04,,0.0,0.0,1.0,0.0
COMP_0096,2026-05,,0.0,0.0,1.0,
COMP_0096,2026-06,,0.0,0.0,1.0,0.0
COMP_0096,2026-07,,0.0,0.0,1.0,0.0
COMP_0096,2026-08,,0.0,0.0,1.0,
COMP_0097,2026-03,,,0.0,0.0,
COMP_0097,2026-04,,,0.0,0.0,
COMP_0097,2026-05,,,0.0,0.0,
COMP_0097,2026-06,,,0.0,0.0,
COMP_0097,2026-07,,,0.0,0.0,
COMP_0097,2026-08,,,0.0,0.0,
COMP_0098,2025-02,,0.0,1.0,1.0,
COMP_0098,2025-03,,0.0,1.0,1.0,
COMP_0098,2025-04,,0.0,1.0,0.0,
COMP_0098,2025-05,,0.0,1.0,0.0,
COMP_0098,2025-06,,0.0,1.0,0.0,
COMP_0098,2025-07,,0.0,1.0,1.0,
COMP_0098,2025-08,,0.0,1.0,1.0,0.0
COMP_0098,2025-09,,0.0,1.0,0.0,0.0
COMP_0098,2025-10,,0.0,1.0,1.0,0.0
COMP_0098,2025-11,,0.0,1.0,0.0,0.0
COMP_0098,2025-12,,0.0,1.0,0.0,0.0
COMP_0098,2026-01,,0.0,1.0,0.0,0.0
COMP_0098,2026-02,,0.0,1.0,1.0,0.0
COMP_0098,2026-03,,0.0,1.0,0.0,0.0
COMP_0098,2026-04,,0.0,1.0,1.0,0.0
COMP_0098,2026-05,,0.0,1.0,1.0,0.0
COMP_0098,2026-06,,0.0,1.0,1.0,0.0
COMP_0098,2026-07,,0.0,1.0,1.0,0.0
COMP_0098,2026-08,,0.0,1.0,1.0,0.0
COMP_0099,2025-02,,0.0,0.0,0.0,
COMP_0099,2025-03,,0.0,0.0,1.0,
COMP_0099,2025-04,,0.0,0.0,0.0,
COMP_0099,2025-05,,0.0,0.0,0.0,
COMP_0099,2025-06,,1.0,0.0,0.0,
COMP_0099,2025-07,,0.0,0.0,1.0,
COMP_0099,2025-08,0.0,0.0,0.0,0.0,0.0
COMP_0099,2025-09,0.0,0.0,0.0,0.0,0.0
COMP_0099,2025-10,0.0,1.0,0.0,0.0,0.0
COMP_0099,2025-11,0.0,1.0,0.0,0.0,0.0
COMP_0099,2025-12,0.0,1.0,0.0,0.0,0.0
COMP_0099,2026-01,0.0,0.0,0.0,1.0,0.0
COMP_0099,2026-02,0.0,0.0,0.0,1.0,0.0
COMP_0099,2026-03,0.0,0.0,0.0,1.0,0.0
COMP_0099,2026-04,0.0,0.0,0.0,1.0,0.0
COMP_0099,2026-05,0.0,0.0,0.0,1.0,0.0
COMP_0099,2026-06,0.0,1.0,0.0,1.0,0.0
COMP_0099,2026-07,0.0,1.0,0.0,1.0,0.0
COMP_0099,2026-08,1.0,1.0,0.0,1.0,0.0
COMP_0100,2025-06,,0.0,0.0,0.0,
COMP_0100,2025-07,,0.0,0.0,0.0,
COMP_0100,2025-08,,0.0,0.0,0.0,
COMP_0100,2025-09,,0.0,0.0,1.0,
COMP_0100,2025-10,,0.0,0.0,1.0,
COMP_0100,2025-11,,0.0,0.0,0.0,
COMP_0100,2025-12,0.0,0.0,0.0,1.0,0.0
COMP_0100,2026-01,1.0,0.0,0.0,0.0,0.0
COMP_0100,2026-02,0.0,0.0,0.0,0.0,0.0
COMP_0100,2026-03,0.0,0.0,0.0,0.0,0.0
COMP_0100,2026-04,0.0,0.0,0.0,0.0,0.0
COMP_0100,2026-05,0.0,0.0,0.0,0.0,0.0
COMP_0100,2026-06,0.0,0.0,0.0,0.0,0.0
COMP_0100,2026-07,0.0,0.0,0.0,0.0,0.0
COMP_0100,2026-08,0.0,0.0,0.0,0.0,0.0
COMP_0101,2025-03,,0.0,0.0,0.0,
COMP_0101,2025-04,,0.0,0.0,0.0,
COMP_0101,2025-05,,0.0,0.0,0.0,
COMP_0101,2025-06,,0.0,0.0,0.0,
COMP_0101,2025-07,,0.0,1.0,1.0,
COMP_0101,2025-08,,0.0,1.0,1.0,
COMP_0101,2025-09,0.0,0.0,1.0,1.0,0.0
COMP_0101,2025-10,0.0,0.0,1.0,0.0,0.0
COMP_0101,2025-11,0.0,0.0,1.0,0.0,0.0
COMP_0101,2025-12,0.0,0.0,1.0,0.0,0.0
COMP_0101,2026-01,0.0,0.0,0.0,0.0,0.0
COMP_0101,2026-02,0.0,0.0,0.0,0.0,0.0
COMP_0101,2026-03,0.0,0.0,0.0,0.0,0.0
COMP_0101,2026-04,0.0,0.0,1.0,0.0,0.0
COMP_0101,2026-05,0.0,0.0,1.0,0.0,0.0
COMP_0101,2026-06,0.0,0.0,1.0,0.0,0.0
COMP_0101,2026-07,0.0,0.0,0.0,0.0,0.0
COMP_0101,2026-08,0.0,0.0,0.0,0.0,0.0
COMP_0102,2025-02,,,0.0,0.0,
COMP_0102,2025-03,,,0.0,1.0,
COMP_0102,2025-04,,,0.0,1.0,
COMP_0102,2025-05,,,0.0,0.0,
COMP_0102,2025-06,,,0.0,1.0,
COMP_0102,2025-07,,,0.0,1.0,
COMP_0102,2025-08,,,0.0,1.0,0.0
COMP_0102,2025-09,,,0.0,0.0,0.0
COMP_0102,2025-10,,,0.0,1.0,0.0
COMP_0102,2025-11,,,0.0,1.0,0.0
COMP_0102,2025-12,,,0.0,1.0,0.0
COMP_0102,2026-01,,,0.0,0.0,0.0
COMP_0102,2026-02,,,0.0,1.0,0.0
COMP_0102,2026-03,,,0.0,1.0,0.0
COMP_0102,2026-04,,,0.0,1.0,0.0
COMP_0102,2026-05,,,0.0,1.0,0.0
COMP_0102,2026-06,,,0.0,1.0,0.0
COMP_0102,2026-07,,,0.0,0.0,0.0
COMP_0102,2026-08,,,0.0,0.0,0.0
COMP_0103,2025-09,,,0.0,0.0,
COMP_0103,2025-10,,,0.0,0.0,
COMP_0103,2025-11,,,0.0,0.0,
COMP_0103,2025-12,,,0.0,1.0,
COMP_0103,2026-01,,,0.0,0.0,
COMP_0103,2026-02,,,0.0,0.0,
COMP_0103,2026-03,0.0,,0.0,1.0,0.0
COMP_0103,2026-04,0.0,,0.0,0.0,0.0
COMP_0103,2026-05,1.0,,0.0,1.0,0.0
COMP_0103,2026-06,0.0,,0.0,1.0,0.0
COMP_0103,2026-07,0.0,,0.0,0.0,0.0
COMP_0103,2026-08,0.0,,0.0,0.0,0.0
COMP_0104,2026-07,,1.0,1.0,0.0,
COMP_0104,2026-08,,1.0,1.0,0.0,
COMP_0105,2025-03,,0.0,0.0,1.0,
COMP_0105,2025-04,,0.0,0.0,0.0,
COMP_0105,2025-05,,0.0,0.0,0.0,
COMP_0105,2025-06,,0.0,0.0,1.0,
COMP_0105,2025-07,,0.0,0.0,0.0,
COMP_0105,2025-08,,0.0,0.0,0.0,
COMP_0105,2025-09,0.0,0.0,0.0,1.0,0.0
COMP_0105,2025-10,0.0,1.0,0.0,1.0,0.0
COMP_0105,2025-11,0.0,1.0,0.0,1.0,0.0
COMP_0105,2025-12,0.0,1.0,0.0,0.0,0.0
COMP_0105,2026-01,0.0,1.0,0.0,1.0,0.0
COMP_0105,2026-02,0.0,1.0,0.0,1.0,0.0
COMP_0105,2026-03,0.0,1.0,0.0,1.0,0.0
COMP_0105,2026-04,0.0,1.0,0.0,1.0,0.0
COMP_0105,2026-05,0.0,1.0,0.0,1.0,0.0
COMP_0105,2026-06,0.0,1.0,0.0,1.0,0.0
COMP_0105,2026-07,0.0,1.0,0.0,1.0,0.0
COMP_0105,2026-08,0.0,1.0,0.0,1.0,0.0
COMP_0106,2025-02,,0.0,0.0,0.0,
COMP_0106,2025-03,,0.0,0.0,0.0,
COMP_0106,2025-04,,1.0,0.0,0.0,
COMP_0106,2025-05,,1.0,0.0,0.0,
COMP_0106,2025-06,,1.0,0.0,0.0,
COMP_0106,2025-07,,0.0,0.0,0.0,
COMP_0106,2025-08,,0.0,0.0,0.0,0.0
COMP_0106,2025-09,,0.0,0.0,0.0,0.0
COMP_0106,2025-10,,0.0,0.0,0.0,
COMP_0106,2025-11,,0.0,0.0,0.0,0.0
COMP_0106,2025-12,,0.0,0.0,0.0,0.0
COMP_0106,2026-01,,0.0,0.0,0.0,0.0
COMP_0106,2026-02,,0.0,0.0,0.0,0.0
COMP_0106,2026-03,,0.0,0.0,0.0,0.0
COMP_0106,2026-04,,1.0,0.0,0.0,0.0
COMP_0106,2026-05,,1.0,0.0,0.0,0.0
COMP_0106,2026-06,,1.0,0.0,0.0,0.0
COMP_0106,2026-07,,0.0,0.0,0.0,0.0
COMP_0106,2026-08,,0.0,0.0,0.0,0.0
COMP_0107,2025-02,,0.0,0.0,0.0,
COMP_0107,2025-03,,0.0,0.0,0.0,
COMP_0107,2025-04,,0.0,0.0,0.0,
COMP_0107,2025-05,,0.0,0.0,0.0,
COMP_0107,2025-06,,0.0,0.0,0.0,
COMP_0107,2025-07,,0.0,0.0,0.0,
COMP_0107,2025-08,,0.0,0.0,0.0,0.0
COMP_0107,2025-09,,0.0,0.0,0.0,0.0
COMP_0107,2025-10,,0.0,0.0,0.0,0.0
COMP_0107,2025-11,,0.0,0.0,0.0,0.0
COMP_0107,2025-12,,0.0,0.0,0.0,0.0
COMP_0107,2026-01,,0.0,0.0,0.0,0.0
COMP_0107,2026-02,,0.0,0.0,0.0,0.0
COMP_0107,2026-03,,1.0,0.0,0.0,0.0
COMP_0107,2026-04,,1.0,0.0,0.0,0.0
COMP_0107,2026-05,0.0,1.0,0.0,0.0,0.0
COMP_0107,2026-06,0.0,0.0,0.0,0.0,0.0
COMP_0107,2026-07,0.0,0.0,0.0,0.0,0.0
COMP_0107,2026-08,0.0,0.0,0.0,0.0,0.0
COMP_0108,2025-02,,,1.0,0.0,
COMP_0108,2025-03,,,1.0,0.0,
COMP_0108,2025-04,,,1.0,0.0,
COMP_0108,2025-05,,,1.0,0.0,
COMP_0108,2025-06,,,1.0,0.0,
COMP_0108,2025-07,,,1.0,0.0,
COMP_0108,2025-08,,,1.0,0.0,0.0
COMP_0108,2025-09,,,0.0,0.0,0.0
COMP_0108,2025-10,,,0.0,0.0,0.0
COMP_0108,2025-11,,,0.0,0.0,0.0
COMP_0108,2025-12,,,0.0,0.0,0.0
COMP_0108,2026-01,,,0.0,0.0,0.0
COMP_0108,2026-02,,,0.0,0.0,0.0
COMP_0108,2026-03,,,0.0,0.0,0.0
COMP_0108,2026-04,,,0.0,0.0,0.0
COMP_0108,2026-05,,,0.0,0.0,0.0
COMP_0108,2026-06,,,0.0,0.0,0.0
COMP_0108,2026-07,,,0.0,0.0,0.0
COMP_0108,2026-08,,,0.0,0.0,0.0
COMP_0109,2025-09,,,0.0,1.0,
COMP_0109,2025-10,,,0.0,1.0,
COMP_0109,2025-11,,,0.0,1.0,
COMP_0109,2025-12,,,0.0,1.0,
COMP_0109,2026-01,,,0.0,1.0,
COMP_0109,2026-02,,,0.0,1.0,
COMP_0109,2026-03,0.0,,0.0,1.0,0.0
COMP_0109,2026-04,0.0,,0.0,0.0,0.0
COMP_0109,2026-05,1.0,,0.0,0.0,0.0
COMP_0109,2026-06,1.0,,0.0,0.0,0.0
COMP_0109,2026-07,0.0,,0.0,0.0,0.0
COMP_0109,2026-08,0.0,,0.0,0.0,0.0
COMP_0110,2026-07,,0.0,0.0,1.0,
COMP_0110,2026-08,,0.0,0.0,1.0,
COMP_0111,2026-07,,,0.0,0.0,
COMP_0111,2026-08,,,0.0,0.0,
COMP_0112,2025-06,,0.0,0.0,0.0,
COMP_0112,2025-07,,0.0,0.0,0.0,
COMP_0112,2025-08,,0.0,0.0,0.0,
COMP_0112,2025-09,,0.0,0.0,0.0,
COMP_0112,2025-10,,0.0,0.0,0.0,
COMP_0112,2025-11,,0.0,0.0,0.0,
COMP_0112,2025-12,0.0,0.0,0.0,0.0,0.0
COMP_0112,2026-01,0.0,0.0,0.0,0.0,0.0
COMP_0112,2026-02,0.0,0.0,0.0,0.0,0.0
COMP_0112,2026-03,0.0,0.0,0.0,0.0,0.0
COMP_0112,2026-04,0.0,0.0,0.0,0.0,0.0
COMP_0112,2026-05,0.0,0.0,0.0,0.0,0.0
COMP_0112,2026-06,0.0,0.0,0.0,0.0,0.0
COMP_0112,2026-07,0.0,0.0,0.0,0.0,0.0
COMP_0112,2026-08,0.0,0.0,0.0,0.0,0.0
COMP_0113,2025-02,,0.0,0.0,0.0,
COMP_0113,2025-03,,0.0,0.0,0.0,
COMP_0113,2025-04,,0.0,0.0,0.0,
COMP_0113,2025-05,,0.0,0.0,0.0,
COMP_0113,2025-06,,0.0,0.0,0.0,
COMP_0113,2025-07,,0.0,0.0,0.0,
COMP_0113,2025-08,1.0,0.0,0.0,0.0,0.0
COMP_0113,2025-09,0.0,0.0,0.0,0.0,0.0
COMP_0113,2025-10,0.0,0.0,0.0,0.0,0.0
COMP_0113,2025-11,0.0,0.0,0.0,0.0,0.0
COMP_0113,2025-12,0.0,0.0,0.0,0.0,0.0
COMP_0113,2026-01,0.0,0.0,0.0,0.0,0.0
COMP_0113,2026-02,0.0,0.0,0.0,0.0,0.0
COMP_0113,2026-03,0.0,0.0,0.0,0.0,0.0
COMP_0113,2026-04,0.0,0.0,0.0,0.0,0.0
COMP_0113,2026-05,0.0,0.0,0.0,0.0,0.0
COMP_0113,2026-06,0.0,0.0,0.0,0.0,1.0
COMP_0113,2026-07,0.0,0.0,0.0,0.0,0.0
COMP_0113,2026-08,0.0,0.0,0.0,0.0,0.0
COMP_0114,2026-06,,0.0,0.0,1.0,
COMP_0114,2026-07,,0.0,0.0,1.0,
COMP_0114,2026-08,,0.0,0.0,0.0,
COMP_0115,2025-06,,,0.0,0.0,
COMP_0115,2025-07,,,0.0,1.0,
COMP_0115,2025-08,,,0.0,0.0,
COMP_0115,2025-09,,,0.0,0.0,
COMP_0115,2025-10,,,0.0,0.0,
COMP_0115,2025-11,,,0.0,1.0,
COMP_0115,2025-12,0.0,,0.0,1.0,0.0
COMP_0115,2026-01,0.0,,0.0,1.0,0.0
COMP_0115,2026-02,1.0,,0.0,1.0,0.0
COMP_0115,2026-03,0.0,,0.0,1.0,0.0
COMP_0115,2026-04,0.0,,0.0,0.0,0.0
COMP_0115,2026-05,1.0,,0.0,0.0,0.0
COMP_0115,2026-06,,,0.0,1.0,0.0
COMP_0115,2026-07,,,0.0,1.0,0.0
COMP_0115,2026-08,,,0.0,0.0,0.0
COMP_0116,2026-02,,0.0,0.0,0.0,
COMP_0116,2026-03,,0.0,0.0,0.0,
COMP_0116,2026-04,,0.0,0.0,0.0,
COMP_0116,2026-05,,0.0,0.0,0.0,
COMP_0116,2026-06,,0.0,0.0,0.0,
COMP_0116,2026-07,,0.0,0.0,0.0,
COMP_0116,2026-08,0.0,0.0,0.0,0.0,0.0
COMP_0117,2025-02,,1.0,0.0,0.0,
COMP_0117,2025-03,,1.0,0.0,1.0,
COMP_0117,2025-04,,1.0,0.0,0.0,
COMP_0117,2025-05,,0.0,0.0,0.0,
COMP_0117,2025-06,,0.0,0.0,0.0,
COMP_0117,2025-07,,0.0,0.0,0.0,
COMP_0117,2025-08,1.0,0.0,0.0,1.0,0.0
COMP_0117,2025-09,,1.0,0.0,1.0,0.0
COMP_0117,2025-10,,1.0,0.0,1.0,0.0
COMP_0117,2025-11,,1.0,0.0,1.0,0.0
COMP_0117,2025-12,,0.0,0.0,0.0,0.0
COMP_0117,2026-01,,0.0,0.0,0.0,0.0
COMP_0117,2026-02,,0.0,0.0,0.0,0.0
COMP_0117,2026-03,,0.0,0.0,1.0,0.0
COMP_0117,2026-04,,0.0,0.0,1.0,0.0
COMP_0117,2026-05,,0.0,0.0,0.0,0.0
COMP_0117,2026-06,,0.0,0.0,0.0,0.0
COMP_0117,2026-07,0.0,0.0,0.0,0.0,0.0
COMP_0117,2026-08,0.0,0.0,0.0,1.0,0.0
COMP_0118,2026-07,,,0.0,1.0,
COMP_0118,2026-08,,,0.0,1.0,
COMP_0119,2026-06,,0.0,0.0,1.0,
COMP_0119,2026-07,,0.0,0.0,1.0,
COMP_0119,2026-08,,0.0,0.0,1.0,
COMP_0120,2026-06,,0.0,0.0,0.0,
COMP_0120,2026-07,,0.0,0.0,0.0,
COMP_0120,2026-08,,0.0,0.0,0.0,
COMP_0121,2025-02,,,0.0,0.0,
COMP_0121,2025-03,,,0.0,0.0,
COMP_0121,2025-04,,,0.0,0.0,
COMP_0121,2025-05,,,0.0,0.0,
COMP_0121,2025-06,,,1.0,0.0,
COMP_0121,2025-07,,,1.0,1.0,
COMP_0121,2025-08,0.0,,1.0,0.0,0.0
COMP_0121,2025-09,0.0,,1.0,1.0,0.0
COMP_0121,2025-10,0.0,,1.0,0.0,0.0
COMP_0121,2025-11,0.0,,1.0,1.0,0.0
COMP_0121,2025-12,0.0,,1.0,0.0,0.0
COMP_0121,2026-01,1.0,,1.0,1.0,0.0
COMP_0121,2026-02,0.0,,1.0,0.0,0.0
COMP_0121,2026-03,0.0,,1.0,1.0,0.0
COMP_0121,2026-04,0.0,,1.0,0.0,0.0
COMP_0121,2026-05,0.0,,1.0,1.0,0.0
COMP_0121,2026-06,1.0,,1.0,0.0,0.0
COMP_0121,2026-07,0.0,,1.0,1.0,0.0
COMP_0121,2026-08,0.0,,1.0,1.0,0.0
COMP_0122,2025-02,,,1.0,1.0,
COMP_0122,2025-03,,,0.0,1.0,
COMP_0122,2025-04,,,0.0,0.0,
COMP_0122,2025-05,,,0.0,0.0,
COMP_0122,2025-06,,,0.0,0.0,
COMP_0122,2025-07,,,0.0,0.0,
COMP_0122,2025-08,,,0.0,1.0,0.0
COMP_0122,2025-09,,,0.0,1.0,0.0
COMP_0122,2025-10,,,1.0,1.0,0.0
COMP_0122,2025-11,,,0.0,0.0,0.0
COMP_0122,2025-12,,,0.0,0.0,0.0
COMP_0122,2026-01,,,0.0,0.0,0.0
COMP_0122,2026-02,,,0.0,0.0,0.0
COMP_0122,2026-03,,,0.0,0.0,0.0
COMP_0122,2026-04,,,0.0,0.0,0.0
COMP_0122,2026-05,,,0.0,0.0,0.0
COMP_0122,2026-06,,,0.0,0.0,0.0
COMP_0122,2026-07,,,0.0,0.0,0.0
COMP_0122,2026-08,,,0.0,0.0,0.0
COMP_0123,2025-02,,0.0,0.0,1.0,
COMP_0123,2025-03,,0.0,0.0,1.0,
COMP_0123,2025-04,,1.0,0.0,1.0,
COMP_0123,2025-05,,1.0,0.0,1.0,
COMP_0123,2025-06,,1.0,0.0,1.0,
COMP_0123,2025-07,,1.0,0.0,1.0,
COMP_0123,2025-08,0.0,0.0,0.0,1.0,0.0
COMP_0123,2025-09,1.0,1.0,0.0,1.0,0.0
COMP_0123,2025-10,0.0,0.0,0.0,0.0,0.0
COMP_0123,2025-11,0.0,1.0,0.0,0.0,0.0
COMP_0123,2025-12,0.0,1.0,0.0,0.0,0.0
COMP_0123,2026-01,0.0,1.0,0.0,1.0,0.0
COMP_0123,2026-02,0.0,1.0,0.0,1.0,0.0
COMP_0123,2026-03,0.0,1.0,0.0,1.0,0.0
COMP_0123,2026-04,0.0,1.0,0.0,1.0,0.0
COMP_0123,2026-05,0.0,1.0,0.0,1.0,0.0
COMP_0123,2026-06,1.0,0.0,0.0,1.0,0.0
COMP_0123,2026-07,0.0,1.0,0.0,1.0,0.0
COMP_0123,2026-08,0.0,1.0,0.0,0.0,0.0
COMP_0124,2026-06,,1.0,0.0,1.0,
COMP_0124,2026-07,,0.0,0.0,1.0,
COMP_0124,2026-08,,0.0,0.0,1.0,
COMP_0125,2025-02,,1.0,0.0,0.0,
COMP_0125,2025-03,,0.0,0.0,0.0,
COMP_0125,2025-04,,0.0,0.0,0.0,
COMP_0125,2025-05,,0.0,0.0,0.0,
COMP_0125,2025-06,,1.0,0.0,0.0,
COMP_0125,2025-07,,1.0,0.0,0.0,
COMP_0125,2025-08,0.0,1.0,0.0,0.0,0.0
COMP_0125,2025-09,0.0,1.0,0.0,0.0,0.0
COMP_0125,2025-10,0.0,1.0,0.0,0.0,0.0
COMP_0125,2025-11,0.0,1.0,0.0,0.0,0.0
COMP_0125,2025-12,0.0,1.0,0.0,0.0,0.0
COMP_0125,2026-01,0.0,1.0,0.0,0.0,0.0
COMP_0125,2026-02,0.0,1.0,0.0,0.0,0.0
COMP_0125,2026-03,0.0,1.0,0.0,0.0,0.0
COMP_0125,2026-04,0.0,1.0,0.0,0.0,0.0
COMP_0125,2026-05,0.0,1.0,0.0,0.0,0.0
COMP_0125,2026-06,0.0,1.0,0.0,0.0,0.0
COMP_0125,2026-07,0.0,1.0,0.0,0.0,0.0
COMP_0125,2026-08,0.0,1.0,0.0,0.0,0.0
COMP_0126,2025-05,,,1.0,,
COMP_0126,2025-06,,,1.0,,
COMP_0126,2025-07,,,1.0,,
COMP_0126,2025-08,,,1.0,,
COMP_0126,2025-09,,,1.0,,
COMP_0126,2025-10,,,1.0,,
COMP_0126,2025-11,,,1.0,,
COMP_0126,2025-12,,,1.0,,
COMP_0126,2026-01,,,1.0,,
COMP_0126,2026-02,,1.0,1.0,1.0,0.0
COMP_0126,2026-03,,1.0,1.0,1.0,0.0
COMP_0126,2026-04,,1.0,1.0,1.0,
COMP_0126,2026-05,,1.0,1.0,1.0,
COMP_0126,2026-06,,,1.0,,
COMP_0126,2026-07,,,1.0,,
COMP_0126,2026-08,,,1.0,,
COMP_0127,2025-07,,,0.0,0.0,
COMP_0127,2025-08,,,0.0,0.0,
COMP_0127,2025-09,,,0.0,0.0,
COMP_0127,2025-10,,,0.0,0.0,
COMP_0127,2025-11,,,0.0,0.0,
COMP_0127,2025-12,,,0.0,0.0,
COMP_0127,2026-01,,,0.0,0.0,
COMP_0127,2026-02,,,0.0,0.0,
COMP_0127,2026-03,,,0.0,,
COMP_0127,2026-04,,,0.0,0.0,0.0
COMP_0127,2026-05,,,0.0,0.0,0.0
COMP_0127,2026-06,,,0.0,0.0,0.0
COMP_0127,2026-07,,,0.0,0.0,0.0
COMP_0127,2026-08,,,0.0,0.0,0.0
COMP_0128,2025-06,,,0.0,1.0,
COMP_0128,2025-07,,,0.0,1.0,
COMP_0128,2025-08,,,0.0,1.0,
COMP_0128,2025-09,,,0.0,1.0,
COMP_0128,2025-10,,,0.0,1.0,
COMP_0128,2025-11,,,0.0,1.0,
COMP_0128,2025-12,,,0.0,1.0,0.0
COMP_0128,2026-01,,,0.0,1.0,0.0
COMP_0128,2026-02,,,0.0,0.0,0.0
COMP_0128,2026-03,,,0.0,0.0,0.0
COMP_0128,2026-04,,,0.0,0.0,0.0
COMP_0128,2026-05,,,0.0,1.0,0.0
COMP_0128,2026-06,,,0.0,1.0,0.0
COMP_0128,2026-07,,,0.0,1.0,0.0
COMP_0128,2026-08,,,0.0,0.0,0.0
COMP_0129,2026-03,,0.0,0.0,1.0,
COMP_0129,2026-04,,0.0,0.0,1.0,
COMP_0129,2026-05,,0.0,0.0,1.0,
COMP_0129,2026-06,,0.0,0.0,1.0,
COMP_0129,2026-07,,0.0,0.0,0.0,
COMP_0129,2026-08,,0.0,0.0,1.0,
COMP_0130,2025-03,,1.0,0.0,0.0,
COMP_0130,2025-04,,1.0,0.0,1.0,
COMP_0130,2025-05,,1.0,0.0,1.0,
COMP_0130,2025-06,,1.0,0.0,1.0,
COMP_0130,2025-07,,1.0,0.0,0.0,
COMP_0130,2025-08,,1.0,0.0,1.0,
COMP_0130,2025-09,1.0,1.0,0.0,1.0,0.0
COMP_0130,2025-10,0.0,1.0,0.0,1.0,0.0
COMP_0130,2025-11,0.0,1.0,0.0,0.0,0.0
COMP_0130,2025-12,0.0,1.0,0.0,1.0,0.0
COMP_0130,2026-01,0.0,1.0,0.0,0.0,0.0
COMP_0130,2026-02,0.0,1.0,0.0,0.0,0.0
COMP_0130,2026-03,0.0,1.0,0.0,0.0,0.0
COMP_0130,2026-04,0.0,1.0,0.0,1.0,0.0
COMP_0130,2026-05,0.0,1.0,0.0,1.0,0.0
COMP_0130,2026-06,1.0,1.0,0.0,1.0,0.0
COMP_0130,2026-07,1.0,1.0,0.0,0.0,0.0
COMP_0130,2026-08,1.0,1.0,0.0,0.0,0.0
COMP_0131,2026-08,,0.0,0.0,0.0,
COMP_0132,2026-06,,0.0,0.0,1.0,
COMP_0132,2026-07,,0.0,0.0,1.0,
COMP_0132,2026-08,,0.0,0.0,1.0,
COMP_0133,2025-06,,,0.0,0.0,
COMP_0133,2025-07,,,0.0,0.0,
COMP_0133,2025-08,,,0.0,1.0,
COMP_0133,2025-09,,,0.0,1.0,
COMP_0133,2025-10,,,0.0,0.0,
COMP_0133,2025-11,,,0.0,0.0,
COMP_0133,2025-12,,,0.0,0.0,0.0
COMP_0133,2026-01,,,0.0,0.0,0.0
COMP_0133,2026-02,,,0.0,0.0,0.0
COMP_0133,2026-03,,,0.0,0.0,
COMP_0133,2026-04,,,0.0,1.0,0.0
COMP_0133,2026-05,,,0.0,0.0,
COMP_0133,2026-06,,,0.0,0.0,
COMP_0133,2026-07,,,0.0,,
COMP_0133,2026-08,,,0.0,,
COMP_0134,2025-12,,,0.0,0.0,
COMP_0134,2026-01,,,0.0,0.0,
COMP_0134,2026-02,,,0.0,0.0,
COMP_0134,2026-03,,,0.0,0.0,
COMP_0134,2026-04,,,0.0,0.0,
COMP_0134,2026-05,,,0.0,0.0,
COMP_0134,2026-06,,,0.0,0.0,0.0
COMP_0134,2026-07,,,0.0,0.0,0.0
COMP_0134,2026-08,,,0.0,0.0,0.0
COMP_0135,2025-02,,,0.0,0.0,
COMP_0135,2025-03,,,0.0,1.0,
COMP_0135,2025-04,,,0.0,1.0,
COMP_0135,2025-05,,,0.0,1.0,
COMP_0135,2025-06,,,0.0,0.0,
COMP_0135,2025-07,,,0.0,0.0,
COMP_0135,2025-08,1.0,,0.0,0.0,0.0
COMP_0135,2025-09,,,0.0,0.0,0.0
COMP_0135,2025-10,,,0.0,0.0,0.0
COMP_0135,2025-11,,,0.0,0.0,0.0
COMP_0135,2025-12,,,0.0,0.0,0.0
COMP_0135,2026-01,,,0.0,1.0,0.0
COMP_0135,2026-02,,,0.0,0.0,0.0
COMP_0135,2026-03,,,0.0,1.0,0.0
COMP_0135,2026-04,,,0.0,0.0,0.0
COMP_0135,2026-05,,,0.0,1.0,0.0
COMP_0135,2026-06,,,0.0,1.0,0.0
COMP_0135,2026-07,,,0.0,0.0,0.0
COMP_0135,2026-08,,,0.0,0.0,0.0
COMP_0136,2025-02,,0.0,0.0,0.0,
COMP_0136,2025-03,,0.0,0.0,1.0,
COMP_0136,2025-04,,0.0,0.0,1.0,
COMP_0136,2025-05,,1.0,0.0,1.0,
COMP_0136,2025-06,,1.0,0.0,0.0,
COMP_0136,2025-07,,1.0,0.0,0.0,
COMP_0136,2025-08,0.0,1.0,0.0,0.0,0.0
COMP_0136,2025-09,0.0,1.0,0.0,0.0,0.0
COMP_0136,2025-10,0.0,0.0,0.0,0.0,0.0
COMP_0136,2025-11,0.0,0.0,0.0,0.0,0.0
COMP_0136,2025-12,0.0,0.0,0.0,1.0,0.0
COMP_0136,2026-01,0.0,0.0,0.0,0.0,0.0
COMP_0136,2026-02,0.0,0.0,0.0,0.0,0.0
COMP_0136,2026-03,0.0,0.0,0.0,0.0,0.0
COMP_0136,2026-04,0.0,0.0,0.0,0.0,0.0
COMP_0136,2026-05,0.0,0.0,0.0,0.0,0.0
COMP_0136,2026-06,0.0,0.0,0.0,0.0,0.0
COMP_0136,2026-07,0.0,0.0,0.0,1.0,0.0
COMP_0136,2026-08,0.0,0.0,0.0,0.0,0.0
COMP_0137,2025-07,,0.0,0.0,1.0,
COMP_0137,2025-08,,0.0,0.0,1.0,
COMP_0137,2025-09,,0.0,0.0,1.0,
COMP_0137,2025-10,,0.0,0.0,1.0,
COMP_0137,2025-11,,0.0,0.0,1.0,
COMP_0137,2025-12,,0.0,0.0,1.0,
COMP_0137,2026-01,,0.0,0.0,1.0,1.0
COMP_0137,2026-02,,0.0,0.0,1.0,0.0
COMP_0137,2026-03,,0.0,0.0,1.0,0.0
COMP_0137,2026-04,,0.0,0.0,1.0,0.0
COMP_0137,2026-05,,0.0,0.0,1.0,
COMP_0137,2026-06,,0.0,0.0,1.0,0.0
COMP_0137,2026-07,,0.0,0.0,1.0,0.0
COMP_0137,2026-08,,0.0,0.0,1.0,
COMP_0138,2025-02,,1.0,0.0,0.0,
COMP_0138,2025-03,,1.0,0.0,0.0,
COMP_0138,2025-04,,1.0,0.0,0.0,
COMP_0138,2025-05,,1.0,0.0,0.0,
COMP_0138,2025-06,,1.0,0.0,0.0,
COMP_0138,2025-07,,1.0,0.0,0.0,
COMP_0138,2025-08,0.0,1.0,0.0,0.0,0.0
COMP_0138,2025-09,0.0,1.0,0.0,0.0,0.0
COMP_0138,2025-10,0.0,1.0,0.0,1.0,0.0
COMP_0138,2025-11,1.0,1.0,0.0,1.0,0.0
COMP_0138,2025-12,0.0,1.0,0.0,1.0,0.0
COMP_0138,2026-01,0.0,1.0,0.0,0.0,0.0
COMP_0138,2026-02,0.0,1.0,0.0,1.0,0.0
COMP_0138,2026-03,0.0,1.0,1.0,1.0,0.0
COMP_0138,2026-04,0.0,1.0,1.0,1.0,0.0
COMP_0138,2026-05,0.0,1.0,1.0,1.0,0.0
COMP_0138,2026-06,0.0,1.0,1.0,1.0,0.0
COMP_0138,2026-07,0.0,1.0,1.0,1.0,0.0
COMP_0138,2026-08,0.0,1.0,1.0,1.0,0.0
COMP_0139,2025-07,,0.0,0.0,1.0,
COMP_0139,2025-08,,0.0,0.0,0.0,
COMP_0139,2025-09,,0.0,0.0,1.0,
COMP_0139,2025-10,,0.0,0.0,0.0,
COMP_0139,2025-11,,0.0,0.0,1.0,
COMP_0139,2025-12,,0.0,0.0,0.0,
COMP_0139,2026-01,0.0,0.0,0.0,0.0,0.0
COMP_0139,2026-02,0.0,0.0,0.0,0.0,0.0
COMP_0139,2026-03,0.0,0.0,0.0,0.0,0.0
COMP_0139,2026-04,0.0,0.0,0.0,0.0,0.0
COMP_0139,2026-05,0.0,0.0,0.0,0.0,0.0
COMP_0139,2026-06,0.0,0.0,0.0,0.0,0.0
COMP_0139,2026-07,0.0,0.0,0.0,1.0,0.0
COMP_0139,2026-08,0.0,0.0,0.0,0.0,0.0
COMP_0140,2025-10,,0.0,0.0,0.0,
COMP_0140,2025-11,,0.0,0.0,0.0,
COMP_0140,2025-12,,0.0,0.0,0.0,
COMP_0140,2026-01,,0.0,0.0,0.0,
COMP_0140,2026-02,,0.0,0.0,0.0,
COMP_0140,2026-03,,0.0,0.0,0.0,
COMP_0140,2026-04,0.0,0.0,0.0,0.0,0.0
COMP_0140,2026-05,0.0,0.0,0.0,0.0,0.0
COMP_0140,2026-06,0.0,0.0,0.0,0.0,0.0
COMP_0140,2026-07,0.0,0.0,0.0,0.0,0.0
COMP_0140,2026-08,0.0,0.0,0.0,0.0,0.0
COMP_0141,2026-01,,0.0,0.0,0.0,
COMP_0141,2026-02,,0.0,0.0,0.0,
COMP_0141,2026-03,,0.0,0.0,0.0,
COMP_0141,2026-04,,0.0,0.0,0.0,
COMP_0141,2026-05,,0.0,0.0,1.0,
COMP_0141,2026-06,,0.0,0.0,0.0,
COMP_0141,2026-07,,0.0,0.0,1.0,0.0
COMP_0141,2026-08,,0.0,0.0,0.0,0.0
COMP_0142,2025-07,,0.0,0.0,0.0,
COMP_0142,2025-08,,0.0,0.0,0.0,
COMP_0142,2025-09,,0.0,0.0,0.0,
COMP_0142,2025-10,,0.0,0.0,0.0,
COMP_0142,2025-11,,0.0,0.0,0.0,
COMP_0142,2025-12,,0.0,0.0,0.0,
COMP_0142,2026-01,1.0,0.0,0.0,0.0,0.0
COMP_0142,2026-02,0.0,0.0,0.0,0.0,0.0
COMP_0142,2026-03,0.0,1.0,0.0,1.0,0.0
COMP_0142,2026-04,0.0,1.0,0.0,1.0,0.0
COMP_0142,2026-05,0.0,1.0,0.0,1.0,0.0
COMP_0142,2026-06,0.0,0.0,0.0,0.0,1.0
COMP_0142,2026-07,0.0,0.0,0.0,0.0,0.0
COMP_0142,2026-08,0.0,0.0,0.0,1.0,0.0
COMP_0143,2025-02,,1.0,1.0,0.0,
COMP_0143,2025-03,,1.0,1.0,0.0,
COMP_0143,2025-04,,1.0,1.0,0.0,
COMP_0143,2025-05,,1.0,1.0,0.0,
COMP_0143,2025-06,,1.0,1.0,0.0,
COMP_0143,2025-07,,0.0,0.0,0.0,
COMP_0143,2025-08,,0.0,0.0,0.0,0.0
COMP_0143,2025-09,1.0,0.0,0.0,0.0,0.0
COMP_0143,2025-10,1.0,1.0,0.0,0.0,0.0
COMP_0143,2025-11,,1.0,0.0,0.0,0.0
COMP_0143,2025-12,,1.0,1.0,0.0,0.0
COMP_0143,2026-01,,0.0,1.0,1.0,0.0
COMP_0143,2026-02,,0.0,1.0,0.0,0.0
COMP_0143,2026-03,,0.0,0.0,0.0,0.0
COMP_0143,2026-04,,0.0,0.0,0.0,0.0
COMP_0143,2026-05,,1.0,0.0,0.0,0.0
COMP_0143,2026-06,,1.0,0.0,0.0,0.0
COMP_0143,2026-07,,1.0,0.0,1.0,0.0
COMP_0143,2026-08,,1.0,0.0,0.0,0.0
COMP_0144,2026-06,,,0.0,1.0,
COMP_0144,2026-07,,,0.0,0.0,
COMP_0144,2026-08,,,0.0,0.0,
COMP_0145,2026-06,,,0.0,0.0,
COMP_0145,2026-07,,,1.0,0.0,
COMP_0145,2026-08,,,0.0,0.0,
COMP_0146,2025-12,,,0.0,1.0,
COMP_0146,2026-01,,,0.0,1.0,
COMP_0146,2026-02,,,0.0,0.0,
COMP_0146,2026-03,,,0.0,0.0,
COMP_0146,2026-04,,,0.0,0.0,
COMP_0146,2026-05,,,0.0,0.0,
COMP_0146,2026-06,,,0.0,0.0,0.0
COMP_0146,2026-07,,,0.0,1.0,0.0
COMP_0146,2026-08,,,0.0,1.0,0.0
COMP_0147,2025-02,,0.0,1.0,1.0,
COMP_0147,2025-03,,0.0,1.0,1.0,
COMP_0147,2025-04,,0.0,1.0,0.0,
COMP_0147,2025-05,,0.0,0.0,0.0,
COMP_0147,2025-06,,0.0,0.0,0.0,
COMP_0147,2025-07,,,0.0,,
COMP_0147,2025-08,,,0.0,,
COMP_0147,2025-09,,,0.0,,
COMP_0147,2025-10,,,0.0,,
COMP_0147,2025-11,,,0.0,,
COMP_0147,2025-12,,,0.0,,
COMP_0147,2026-01,,,0.0,,
COMP_0147,2026-02,,,0.0,,
COMP_0147,2026-03,,,0.0,,
COMP_0147,2026-04,,,0.0,,
COMP_0147,2026-05,,,0.0,,
COMP_0147,2026-06,,,0.0,,
COMP_0147,2026-07,,,0.0,,
COMP_0147,2026-08,,,0.0,,
COMP_0148,2025-12,,,0.0,0.0,
COMP_0148,2026-01,,,0.0,0.0,
COMP_0148,2026-02,,,0.0,0.0,
COMP_0148,2026-03,,,0.0,0.0,
COMP_0148,2026-04,,,0.0,0.0,
COMP_0148,2026-05,,,0.0,0.0,
COMP_0148,2026-06,,,0.0,,
COMP_0148,2026-07,,,0.0,,
COMP_0148,2026-08,,,0.0,,
COMP_0149,2025-02,,0.0,0.0,0.0,
COMP_0149,2025-03,,0.0,0.0,0.0,
COMP_0149,2025-04,,0.0,0.0,0.0,
COMP_0149,2025-05,,1.0,0.0,0.0,
COMP_0149,2025-06,,0.0,0.0,0.0,
COMP_0149,2025-07,,0.0,0.0,0.0,
COMP_0149,2025-08,0.0,1.0,0.0,0.0,0.0
COMP_0149,2025-09,0.0,1.0,0.0,0.0,0.0
COMP_0149,2025-10,0.0,1.0,0.0,0.0,0.0
COMP_0149,2025-11,0.0,1.0,0.0,0.0,0.0
COMP_0149,2025-12,0.0,1.0,0.0,0.0,0.0
COMP_0149,2026-01,0.0,1.0,0.0,0.0,0.0
COMP_0149,2026-02,0.0,1.0,0.0,0.0,0.0
COMP_0149,2026-03,1.0,1.0,0.0,0.0,0.0
COMP_0149,2026-04,0.0,0.0,0.0,0.0,0.0
COMP_0149,2026-05,0.0,0.0,0.0,0.0,0.0
COMP_0149,2026-06,1.0,1.0,0.0,1.0,0.0
COMP_0149,2026-07,,1.0,0.0,1.0,0.0
COMP_0149,2026-08,,1.0,0.0,1.0,0.0
COMP_0150,2025-09,,,0.0,,
COMP_0150,2025-10,,0.0,0.0,0.0,
COMP_0150,2025-11,,0.0,0.0,0.0,
COMP_0150,2025-12,,0.0,0.0,1.0,
COMP_0150,2026-01,,0.0,0.0,0.0,
COMP_0150,2026-02,,0.0,0.0,1.0,
COMP_0150,2026-03,0.0,0.0,0.0,0.0,0.0
COMP_0150,2026-04,0.0,0.0,0.0,0.0,0.0
COMP_0150,2026-05,0.0,0.0,0.0,0.0,0.0
COMP_0150,2026-06,0.0,0.0,0.0,0.0,0.0
COMP_0150,2026-07,0.0,0.0,0.0,1.0,1.0
COMP_0150,2026-08,0.0,0.0,0.0,1.0,1.0
COMP_0151,2025-02,,1.0,0.0,0.0,
COMP_0151,2025-03,,0.0,0.0,1.0,
COMP_0151,2025-04,,0.0,0.0,1.0,
COMP_0151,2025-05,,0.0,0.0,1.0,
COMP_0151,2025-06,,1.0,0.0,0.0,
COMP_0151,2025-07,,1.0,0.0,0.0,
COMP_0151,2025-08,1.0,1.0,0.0,0.0,0.0
COMP_0151,2025-09,,0.0,0.0,1.0,0.0
COMP_0151,2025-10,,0.0,0.0,0.0,0.0
COMP_0151,2025-11,,0.0,0.0,0.0,0.0
COMP_0151,2025-12,,0.0,0.0,0.0,0.0
COMP_0151,2026-01,,0.0,0.0,0.0,0.0
COMP_0151,2026-02,,0.0,0.0,0.0,0.0
COMP_0151,2026-03,,0.0,0.0,0.0,0.0
COMP_0151,2026-04,,0.0,0.0,0.0,0.0
COMP_0151,2026-05,,0.0,0.0,0.0,0.0
COMP_0151,2026-06,,1.0,0.0,0.0,0.0
COMP_0151,2026-07,,1.0,0.0,0.0,0.0
COMP_0151,2026-08,,1.0,0.0,0.0,1.0
COMP_0152,2025-02,,0.0,1.0,1.0,
COMP_0152,2025-03,,0.0,1.0,1.0,
COMP_0152,2025-04,,0.0,1.0,0.0,
COMP_0152,2025-05,,0.0,1.0,1.0,
COMP_0152,2025-06,,0.0,1.0,1.0,
COMP_0152,2025-07,,0.0,1.0,1.0,
COMP_0152,2025-08,0.0,0.0,1.0,0.0,0.0
COMP_0152,2025-09,0.0,0.0,1.0,0.0,0.0
COMP_0152,2025-10,0.0,0.0,1.0,0.0,0.0
COMP_0152,2025-11,0.0,0.0,1.0,1.0,0.0
COMP_0152,2025-12,0.0,0.0,1.0,1.0,0.0
COMP_0152,2026-01,0.0,0.0,1.0,1.0,0.0
COMP_0152,2026-02,0.0,0.0,1.0,1.0,0.0
COMP_0152,2026-03,0.0,0.0,1.0,1.0,0.0
COMP_0152,2026-04,0.0,0.0,1.0,0.0,0.0
COMP_0152,2026-05,0.0,0.0,1.0,0.0,0.0
COMP_0152,2026-06,0.0,0.0,1.0,0.0,0.0
COMP_0152,2026-07,0.0,0.0,1.0,1.0,0.0
COMP_0152,2026-08,0.0,0.0,1.0,1.0,0.0
COMP_0153,2025-02,,,0.0,1.0,
COMP_0153,2025-03,,,0.0,1.0,
COMP_0153,2025-04,,,0.0,0.0,
COMP_0153,2025-05,,,0.0,0.0,
COMP_0153,2025-06,,,0.0,0.0,
COMP_0153,2025-07,,,0.0,0.0,
COMP_0153,2025-08,0.0,,0.0,0.0,0.0
COMP_0153,2025-09,0.0,,0.0,0.0,0.0
COMP_0153,2025-10,0.0,,0.0,0.0,0.0
COMP_0153,2025-11,0.0,,0.0,0.0,0.0
COMP_0153,2025-12,0.0,,0.0,0.0,0.0
COMP_0153,2026-01,0.0,,0.0,0.0,0.0
COMP_0153,2026-02,0.0,,0.0,0.0,0.0
COMP_0153,2026-03,0.0,,0.0,0.0,0.0
COMP_0153,2026-04,0.0,,0.0,1.0,0.0
COMP_0153,2026-05,0.0,,0.0,0.0,0.0
COMP_0153,2026-06,0.0,,0.0,0.0,0.0
COMP_0153,2026-07,0.0,,0.0,1.0,0.0
COMP_0153,2026-08,0.0,,0.0,0.0,0.0
COMP_0154,2026-06,,0.0,0.0,0.0,
COMP_0154,2026-07,,0.0,0.0,0.0,
COMP_0154,2026-08,,0.0,0.0,0.0,
COMP_0155,2025-02,,0.0,0.0,1.0,
COMP_0155,2025-03,,0.0,0.0,1.0,
COMP_0155,2025-04,,0.0,0.0,1.0,
COMP_0155,2025-05,,0.0,0.0,1.0,
COMP_0155,2025-06,,0.0,0.0,1.0,
COMP_0155,2025-07,,0.0,0.0,1.0,
COMP_0155,2025-08,,0.0,1.0,1.0,0.0
COMP_0155,2025-09,,0.0,0.0,1.0,0.0
COMP_0155,2025-10,,0.0,0.0,1.0,0.0
COMP_0155,2025-11,,0.0,0.0,1.0,0.0
COMP_0155,2025-12,,0.0,0.0,1.0,0.0
COMP_0155,2026-01,0.0,0.0,0.0,1.0,0.0
COMP_0155,2026-02,1.0,0.0,0.0,1.0,0.0
COMP_0155,2026-03,,0.0,0.0,1.0,0.0
COMP_0155,2026-04,0.0,1.0,0.0,1.0,0.0
COMP_0155,2026-05,0.0,1.0,0.0,0.0,0.0
COMP_0155,2026-06,1.0,1.0,0.0,1.0,0.0
COMP_0155,2026-07,,0.0,0.0,1.0,0.0
COMP_0155,2026-08,,0.0,0.0,1.0,0.0
COMP_0156,2025-05,,,0.0,0.0,
COMP_0156,2025-06,,,0.0,0.0,
COMP_0156,2025-07,,,0.0,1.0,
COMP_0156,2025-08,,,0.0,0.0,
COMP_0156,2025-09,,,0.0,0.0,
COMP_0156,2025-10,,,0.0,0.0,
COMP_0156,2025-11,0.0,,0.0,0.0,0.0
COMP_0156,2025-12,0.0,,0.0,0.0,0.0
COMP_0156,2026-01,0.0,,0.0,1.0,0.0
COMP_0156,2026-02,0.0,,0.0,1.0,0.0
COMP_0156,2026-03,0.0,,0.0,1.0,0.0
COMP_0156,2026-04,0.0,,0.0,0.0,0.0
COMP_0156,2026-05,0.0,,0.0,1.0,0.0
COMP_0156,2026-06,0.0,,0.0,1.0,0.0
COMP_0156,2026-07,0.0,,0.0,1.0,0.0
COMP_0156,2026-08,1.0,,0.0,0.0,0.0
COMP_0157,2025-09,,,0.0,1.0,
COMP_0157,2025-10,,,0.0,1.0,
COMP_0157,2025-11,,,0.0,1.0,
COMP_0157,2025-12,,,0.0,1.0,
COMP_0157,2026-01,,,0.0,0.0,
COMP_0157,2026-02,,,0.0,1.0,
COMP_0157,2026-03,,,0.0,0.0,0.0
COMP_0157,2026-04,,,0.0,0.0,0.0
COMP_0157,2026-05,,,0.0,0.0,0.0
COMP_0157,2026-06,,,0.0,1.0,0.0
COMP_0157,2026-07,,,0.0,0.0,0.0
COMP_0157,2026-08,,,0.0,0.0,0.0
COMP_0158,2026-07,,,0.0,1.0,
COMP_0158,2026-08,,,0.0,1.0,
COMP_0159,2025-04,,0.0,0.0,0.0,
COMP_0159,2025-05,,0.0,0.0,0.0,
COMP_0159,2025-06,,0.0,0.0,0.0,
COMP_0159,2025-07,,0.0,0.0,0.0,
COMP_0159,2025-08,,0.0,0.0,0.0,
COMP_0159,2025-09,,0.0,0.0,0.0,
COMP_0159,2025-10,0.0,0.0,0.0,0.0,0.0
COMP_0159,2025-11,0.0,0.0,0.0,0.0,0.0
COMP_0159,2025-12,0.0,0.0,0.0,0.0,0.0
COMP_0159,2026-01,0.0,0.0,0.0,0.0,0.0
COMP_0159,2026-02,0.0,0.0,0.0,0.0,0.0
COMP_0159,2026-03,0.0,0.0,0.0,0.0,0.0
COMP_0159,2026-04,0.0,0.0,0.0,0.0,0.0
COMP_0159,2026-05,0.0,0.0,0.0,0.0,0.0
COMP_0159,2026-06,0.0,0.0,0.0,0.0,0.0
COMP_0159,2026-07,0.0,0.0,0.0,0.0,0.0
COMP_0159,2026-08,0.0,0.0,0.0,0.0,0.0
COMP_0160,2025-02,,,0.0,1.0,
COMP_0160,2025-03,,,0.0,1.0,
COMP_0160,2025-04,,,0.0,0.0,
COMP_0160,2025-05,,,0.0,1.0,
COMP_0160,2025-06,,,0.0,1.0,
COMP_0160,2025-07,,,0.0,0.0,
COMP_0160,2025-08,0.0,,0.0,0.0,0.0
COMP_0160,2025-09,0.0,,0.0,0.0,0.0
COMP_0160,2025-10,0.0,,0.0,1.0,0.0
COMP_0160,2025-11,0.0,,0.0,0.0,0.0
COMP_0160,2025-12,1.0,,0.0,0.0,0.0
COMP_0160,2026-01,0.0,,0.0,0.0,0.0
COMP_0160,2026-02,0.0,,0.0,0.0,0.0
COMP_0160,2026-03,0.0,,0.0,0.0,0.0
COMP_0160,2026-04,0.0,,0.0,0.0,0.0
COMP_0160,2026-05,0.0,,0.0,0.0,0.0
COMP_0160,2026-06,0.0,,0.0,0.0,0.0
COMP_0160,2026-07,0.0,,0.0,0.0,0.0
COMP_0160,2026-08,1.0,,0.0,0.0,0.0
COMP_0161,2025-05,,0.0,0.0,0.0,
COMP_0161,2025-06,,0.0,0.0,0.0,
COMP_0161,2025-07,,0.0,0.0,0.0,
COMP_0161,2025-08,,0.0,0.0,1.0,
COMP_0161,2025-09,,0.0,0.0,1.0,
COMP_0161,2025-10,,0.0,0.0,1.0,
COMP_0161,2025-11,0.0,0.0,0.0,0.0,0.0
COMP_0161,2025-12,0.0,0.0,0.0,0.0,0.0
COMP_0161,2026-01,0.0,0.0,0.0,0.0,0.0
COMP_0161,2026-02,1.0,0.0,0.0,0.0,0.0
COMP_0161,2026-03,1.0,0.0,0.0,1.0,0.0
COMP_0161,2026-04,,1.0,0.0,0.0,0.0
COMP_0161,2026-05,,0.0,0.0,0.0,0.0
COMP_0161,2026-06,,0.0,0.0,0.0,0.0
COMP_0161,2026-07,,0.0,0.0,0.0,
COMP_0161,2026-08,,0.0,0.0,0.0,0.0
COMP_0162,2025-05,,,0.0,0.0,
COMP_0162,2025-06,,,0.0,0.0,
COMP_0162,2025-07,,,0.0,0.0,
COMP_0162,2025-08,,,0.0,0.0,
COMP_0162,2025-09,,,0.0,0.0,
COMP_0162,2025-10,,,0.0,0.0,
COMP_0162,2025-11,0.0,,0.0,0.0,0.0
COMP_0162,2025-12,0.0,,0.0,0.0,0.0
COMP_0162,2026-01,0.0,,0.0,0.0,0.0
COMP_0162,2026-02,0.0,,0.0,1.0,0.0
COMP_0162,2026-03,0.0,,0.0,1.0,0.0
COMP_0162,2026-04,0.0,,0.0,1.0,0.0
COMP_0162,2026-05,0.0,,0.0,1.0,0.0
COMP_0162,2026-06,1.0,,0.0,1.0,1.0
COMP_0162,2026-07,0.0,,0.0,1.0,0.0
COMP_0162,2026-08,0.0,,0.0,0.0,0.0
COMP_0163,2025-02,,0.0,0.0,0.0,
COMP_0163,2025-03,,0.0,0.0,0.0,
COMP_0163,2025-04,,0.0,0.0,0.0,
COMP_0163,2025-05,,0.0,0.0,0.0,
COMP_0163,2025-06,,0.0,0.0,1.0,
COMP_0163,2025-07,,0.0,0.0,1.0,
COMP_0163,2025-08,0.0,0.0,0.0,0.0,0.0
COMP_0163,2025-09,0.0,0.0,0.0,0.0,0.0
COMP_0163,2025-10,0.0,0.0,0.0,0.0,0.0
COMP_0163,2025-11,0.0,0.0,0.0,0.0,0.0
COMP_0163,2025-12,0.0,1.0,0.0,0.0,0.0
COMP_0163,2026-01,0.0,1.0,0.0,1.0,0.0
COMP_0163,2026-02,0.0,1.0,0.0,0.0,0.0
COMP_0163,2026-03,0.0,1.0,0.0,0.0,0.0
COMP_0163,2026-04,0.0,1.0,0.0,0.0,0.0
COMP_0163,2026-05,0.0,1.0,0.0,0.0,0.0
COMP_0163,2026-06,0.0,0.0,0.0,0.0,0.0
COMP_0163,2026-07,0.0,0.0,0.0,0.0,0.0
COMP_0163,2026-08,0.0,0.0,0.0,1.0,0.0
COMP_0164,2025-02,,0.0,0.0,1.0,
COMP_0164,2025-03,,0.0,0.0,1.0,
COMP_0164,2025-04,,0.0,0.0,0.0,
COMP_0164,2025-05,,0.0,0.0,0.0,
COMP_0164,2025-06,,0.0,0.0,1.0,
COMP_0164,2025-07,,0.0,0.0,1.0,
COMP_0164,2025-08,0.0,0.0,0.0,1.0,0.0
COMP_0164,2025-09,0.0,0.0,0.0,1.0,0.0
COMP_0164,2025-10,0.0,0.0,0.0,1.0,0.0
COMP_0164,2025-11,0.0,0.0,0.0,1.0,0.0
COMP_0164,2025-12,0.0,0.0,0.0,1.0,0.0
COMP_0164,2026-01,0.0,0.0,0.0,1.0,0.0
COMP_0164,2026-02,1.0,0.0,0.0,1.0,0.0
COMP_0164,2026-03,1.0,0.0,0.0,1.0,0.0
COMP_0164,2026-04,0.0,1.0,0.0,1.0,0.0
COMP_0164,2026-05,0.0,0.0,0.0,0.0,0.0
COMP_0164,2026-06,0.0,0.0,0.0,1.0,0.0
COMP_0164,2026-07,0.0,0.0,0.0,1.0,0.0
COMP_0164,2026-08,1.0,0.0,0.0,1.0,0.0
COMP_0165,2025-02,,,0.0,0.0,
COMP_0165,2025-03,,,0.0,0.0,
COMP_0165,2025-04,,,0.0,0.0,
COMP_0165,2025-05,,,0.0,0.0,
COMP_0165,2025-06,,,0.0,0.0,
COMP_0165,2025-07,,,0.0,0.0,
COMP_0165,2025-08,,,0.0,0.0,0.0
COMP_0165,2025-09,,,0.0,0.0,0.0
COMP_0165,2025-10,,,0.0,0.0,0.0
COMP_0165,2025-11,,,0.0,0.0,0.0
COMP_0165,2025-12,,,0.0,0.0,0.0
COMP_0165,2026-01,,,0.0,0.0,0.0
COMP_0165,2026-02,,,0.0,0.0,0.0
COMP_0165,2026-03,,,0.0,0.0,0.0
COMP_0165,2026-04,,,0.0,0.0,0.0
COMP_0165,2026-05,,,0.0,0.0,0.0
COMP_0165,2026-06,,,0.0,0.0,0.0
COMP_0165,2026-07,,,0.0,0.0,0.0
COMP_0165,2026-08,,,0.0,0.0,0.0
COMP_0166,2026-05,,0.0,,,
COMP_0166,2026-06,,0.0,,,
COMP_0166,2026-07,,0.0,,,
COMP_0166,2026-08,,0.0,,,
COMP_0167,2025-02,,1.0,0.0,0.0,
COMP_0167,2025-03,,0.0,0.0,1.0,
COMP_0167,2025-04,,0.0,0.0,0.0,
COMP_0167,2025-05,,0.0,0.0,1.0,
COMP_0167,2025-06,,0.0,0.0,1.0,
COMP_0167,2025-07,,0.0,0.0,1.0,
COMP_0167,2025-08,0.0,0.0,0.0,0.0,0.0
COMP_0167,2025-09,0.0,0.0,0.0,0.0,0.0
COMP_0167,2025-10,0.0,0.0,0.0,1.0,0.0
COMP_0167,2025-11,0.0,0.0,0.0,1.0,0.0
COMP_0167,2025-12,0.0,0.0,0.0,1.0,0.0
COMP_0167,2026-01,0.0,0.0,0.0,1.0,0.0
COMP_0167,2026-02,0.0,0.0,0.0,1.0,0.0
COMP_0167,2026-03,0.0,0.0,0.0,0.0,0.0
COMP_0167,2026-04,0.0,0.0,0.0,0.0,0.0
COMP_0167,2026-05,0.0,0.0,0.0,0.0,0.0
COMP_0167,2026-06,0.0,0.0,0.0,0.0,0.0
COMP_0167,2026-07,0.0,0.0,0.0,0.0,0.0
COMP_0167,2026-08,0.0,0.0,0.0,0.0,0.0
COMP_0168,2026-04,,0.0,0.0,0.0,
COMP_0168,2026-05,,0.0,0.0,0.0,
COMP_0168,2026-06,,0.0,0.0,0.0,
COMP_0168,2026-07,,0.0,0.0,0.0,
COMP_0168,2026-08,,0.0,0.0,0.0,
COMP_0169,2025-02,,0.0,1.0,1.0,
COMP_0169,2025-03,,0.0,1.0,0.0,
COMP_0169,2025-04,,0.0,1.0,0.0,
COMP_0169,2025-05,,0.0,1.0,0.0,
COMP_0169,2025-06,,0.0,1.0,0.0,
COMP_0169,2025-07,,0.0,1.0,0.0,
COMP_0169,2025-08,,0.0,1.0,0.0,0.0
COMP_0169,2025-09,,0.0,1.0,0.0,0.0
COMP_0169,2025-10,,0.0,1.0,1.0,0.0
COMP_0169,2025-11,1.0,0.0,1.0,1.0,0.0
COMP_0169,2025-12,1.0,0.0,1.0,1.0,0.0
COMP_0169,2026-01,,0.0,1.0,1.0,0.0
COMP_0169,2026-02,,0.0,1.0,0.0,0.0
COMP_0169,2026-03,,0.0,1.0,0.0,0.0
COMP_0169,2026-04,,0.0,1.0,0.0,0.0
COMP_0169,2026-05,,0.0,1.0,0.0,0.0
COMP_0169,2026-06,,0.0,1.0,0.0,0.0
COMP_0169,2026-07,,0.0,0.0,0.0,0.0
COMP_0169,2026-08,,0.0,0.0,0.0,0.0
COMP_0170,2025-12,,,0.0,0.0,
COMP_0170,2026-01,,,0.0,0.0,
COMP_0170,2026-02,,,0.0,0.0,
COMP_0170,2026-03,,,0.0,0.0,
COMP_0170,2026-04,,,0.0,0.0,
COMP_0170,2026-05,,,0.0,0.0,
COMP_0170,2026-06,,,0.0,0.0,
COMP_0170,2026-07,,,0.0,,
COMP_0170,2026-08,,,0.0,,
COMP_0171,2026-06,,0.0,0.0,0.0,
COMP_0171,2026-07,,0.0,0.0,0.0,
COMP_0171,2026-08,,0.0,0.0,0.0,
COMP_0172,2025-02,,,0.0,0.0,
COMP_0172,2025-03,,,0.0,1.0,
COMP_0172,2025-04,,,0.0,1.0,
COMP_0172,2025-05,,,0.0,0.0,
COMP_0172,2025-06,,,0.0,0.0,
COMP_0172,2025-07,,,0.0,0.0,
COMP_0172,2025-08,0.0,,0.0,0.0,0.0
COMP_0172,2025-09,0.0,,0.0,0.0,0.0
COMP_0172,2025-10,0.0,,0.0,0.0,0.0
COMP_0172,2025-11,0.0,,0.0,0.0,0.0
COMP_0172,2025-12,0.0,,0.0,0.0,0.0
COMP_0172,2026-01,0.0,,0.0,0.0,0.0
COMP_0172,2026-02,0.0,,0.0,0.0,0.0
COMP_0172,2026-03,0.0,,0.0,0.0,0.0
COMP_0172,2026-04,0.0,,0.0,0.0,0.0
COMP_0172,2026-05,0.0,,0.0,1.0,0.0
COMP_0172,2026-06,0.0,,0.0,1.0,0.0
COMP_0172,2026-07,0.0,,0.0,0.0,0.0
COMP_0172,2026-08,0.0,,0.0,0.0,0.0
COMP_0173,2025-06,,0.0,0.0,0.0,
COMP_0173,2025-07,,0.0,0.0,0.0,
COMP_0173,2025-08,,0.0,0.0,0.0,
COMP_0173,2025-09,,0.0,0.0,0.0,
COMP_0173,2025-10,,0.0,0.0,0.0,
COMP_0173,2025-11,,0.0,0.0,0.0,
COMP_0173,2025-12,1.0,0.0,0.0,1.0,0.0
COMP_0173,2026-01,0.0,0.0,0.0,1.0,0.0
COMP_0173,2026-02,0.0,0.0,0.0,0.0,0.0
COMP_0173,2026-03,0.0,0.0,0.0,0.0,0.0
COMP_0173,2026-04,0.0,0.0,0.0,0.0,0.0
COMP_0173,2026-05,0.0,0.0,0.0,1.0,0.0
COMP_0173,2026-06,1.0,0.0,0.0,0.0,0.0
COMP_0173,2026-07,0.0,0.0,0.0,0.0,0.0
COMP_0173,2026-08,1.0,0.0,0.0,0.0,0.0
COMP_0174,2025-02,,,0.0,1.0,
COMP_0174,2025-03,,,0.0,1.0,
COMP_0174,2025-04,,,0.0,1.0,
COMP_0174,2025-05,,,0.0,1.0,
COMP_0174,2025-06,,,0.0,0.0,
COMP_0174,2025-07,,,0.0,1.0,
COMP_0174,2025-08,1.0,,0.0,1.0,0.0
COMP_0174,2025-09,0.0,,0.0,1.0,0.0
COMP_0174,2025-10,0.0,,0.0,1.0,0.0
COMP_0174,2025-11,0.0,,0.0,1.0,0.0
COMP_0174,2025-12,0.0,,0.0,1.0,0.0
COMP_0174,2026-01,0.0,,0.0,1.0,0.0
COMP_0174,2026-02,0.0,,0.0,1.0,0.0
COMP_0174,2026-03,0.0,,0.0,1.0,0.0
COMP_0174,2026-04,0.0,,0.0,1.0,0.0
COMP_0174,2026-05,0.0,,0.0,1.0,0.0
COMP_0174,2026-06,0.0,,0.0,1.0,0.0
COMP_0174,2026-07,0.0,,0.0,1.0,0.0
COMP_0174,2026-08,0.0,,0.0,1.0,0.0
COMP_0175,2026-05,,,1.0,0.0,
COMP_0175,2026-06,,,0.0,0.0,
COMP_0175,2026-07,,,0.0,0.0,
COMP_0175,2026-08,,,0.0,0.0,
COMP_0176,2025-02,,0.0,0.0,0.0,
COMP_0176,2025-03,,0.0,0.0,1.0,
COMP_0176,2025-04,,0.0,0.0,0.0,
COMP_0176,2025-05,,0.0,0.0,0.0,
COMP_0176,2025-06,,0.0,0.0,0.0,
COMP_0176,2025-07,,0.0,0.0,1.0,
COMP_0176,2025-08,0.0,0.0,0.0,0.0,0.0
COMP_0176,2025-09,0.0,0.0,0.0,0.0,0.0
COMP_0176,2025-10,0.0,0.0,0.0,1.0,0.0
COMP_0176,2025-11,0.0,0.0,0.0,0.0,0.0
COMP_0176,2025-12,0.0,0.0,0.0,1.0,0.0
COMP_0176,2026-01,0.0,0.0,0.0,1.0,0.0
COMP_0176,2026-02,0.0,0.0,0.0,0.0,0.0
COMP_0176,2026-03,0.0,0.0,0.0,0.0,0.0
COMP_0176,2026-04,0.0,0.0,0.0,0.0,0.0
COMP_0176,2026-05,1.0,0.0,0.0,0.0,0.0
COMP_0176,2026-06,0.0,0.0,0.0,0.0,0.0
COMP_0176,2026-07,0.0,0.0,0.0,0.0,0.0
COMP_0176,2026-08,0.0,0.0,0.0,0.0,0.0
COMP_0177,2026-03,,0.0,0.0,0.0,
COMP_0177,2026-04,,0.0,0.0,1.0,
COMP_0177,2026-05,,0.0,0.0,1.0,
COMP_0177,2026-06,,0.0,0.0,1.0,
COMP_0177,2026-07,,0.0,0.0,1.0,
COMP_0177,2026-08,,0.0,0.0,1.0,
COMP_0178,2025-02,,0.0,0.0,0.0,
COMP_0178,2025-03,,0.0,0.0,0.0,
COMP_0178,2025-04,,0.0,0.0,0.0,
COMP_0178,2025-05,,0.0,0.0,0.0,
COMP_0178,2025-06,,0.0,0.0,0.0,
COMP_0178,2025-07,,0.0,0.0,0.0,
COMP_0178,2025-08,1.0,0.0,0.0,0.0,0.0
COMP_0178,2025-09,1.0,0.0,0.0,0.0,
COMP_0178,2025-10,,0.0,0.0,0.0,0.0
COMP_0178,2025-11,,0.0,0.0,0.0,0.0
COMP_0178,2025-12,,0.0,0.0,0.0,0.0
COMP_0178,2026-01,,0.0,0.0,0.0,0.0
COMP_0178,2026-02,,0.0,0.0,1.0,0.0
COMP_0178,2026-03,,0.0,0.0,0.0,0.0
COMP_0178,2026-04,,0.0,0.0,0.0,1.0
COMP_0178,2026-05,,1.0,0.0,0.0,0.0
COMP_0178,2026-06,,0.0,0.0,0.0,0.0
COMP_0178,2026-07,,0.0,0.0,0.0,1.0
COMP_0178,2026-08,,0.0,0.0,0.0,
COMP_0179,2025-02,,,0.0,0.0,
COMP_0179,2025-03,,,0.0,1.0,
COMP_0179,2025-04,,,0.0,1.0,
COMP_0179,2025-05,,,0.0,0.0,
COMP_0179,2025-06,,,0.0,0.0,
COMP_0179,2025-07,,,0.0,0.0,
COMP_0179,2025-08,,,0.0,0.0,0.0
COMP_0179,2025-09,,,0.0,1.0,0.0
COMP_0179,2025-10,,,0.0,0.0,0.0
COMP_0179,2025-11,,,0.0,0.0,0.0
COMP_0179,2025-12,,,0.0,0.0,0.0
COMP_0179,2026-01,,,0.0,0.0,0.0
COMP_0179,2026-02,,,0.0,0.0,0.0
COMP_0179,2026-03,,,0.0,1.0,0.0
COMP_0179,2026-04,,,0.0,1.0,0.0
COMP_0179,2026-05,,,0.0,1.0,0.0
COMP_0179,2026-06,,,0.0,0.0,0.0
COMP_0179,2026-07,,,0.0,0.0,0.0
COMP_0179,2026-08,0.0,,0.0,0.0,0.0
COMP_0180,2025-02,,0.0,0.0,0.0,
COMP_0180,2025-03,,0.0,0.0,0.0,
COMP_0180,2025-04,,0.0,0.0,0.0,
COMP_0180,2025-05,,0.0,0.0,1.0,
COMP_0180,2025-06,,0.0,0.0,0.0,
COMP_0180,2025-07,,0.0,0.0,0.0,
COMP_0180,2025-08,0.0,0.0,0.0,0.0,0.0
COMP_0180,2025-09,0.0,0.0,0.0,0.0,0.0
COMP_0180,2025-10,0.0,0.0,0.0,0.0,0.0
COMP_0180,2025-11,0.0,0.0,0.0,0.0,0.0
COMP_0180,2025-12,0.0,0.0,0.0,0.0,0.0
COMP_0180,2026-01,1.0,0.0,0.0,0.0,0.0
COMP_0180,2026-02,1.0,0.0,0.0,0.0,0.0
COMP_0180,2026-03,0.0,0.0,0.0,0.0,0.0
COMP_0180,2026-04,0.0,0.0,0.0,0.0,0.0
COMP_0180,2026-05,1.0,0.0,0.0,0.0,0.0
COMP_0180,2026-06,1.0,0.0,0.0,0.0,0.0
COMP_0180,2026-07,0.0,0.0,0.0,0.0,0.0
COMP_0180,2026-08,0.0,0.0,0.0,0.0,0.0
COMP_0181,2025-02,,0.0,0.0,1.0,
COMP_0181,2025-03,,0.0,0.0,0.0,
COMP_0181,2025-04,,0.0,0.0,0.0,
COMP_0181,2025-05,,0.0,0.0,0.0,
COMP_0181,2025-06,,0.0,0.0,1.0,
COMP_0181,2025-07,,0.0,0.0,0.0,
COMP_0181,2025-08,0.0,0.0,0.0,0.0,0.0
COMP_0181,2025-09,0.0,0.0,0.0,0.0,0.0
COMP_0181,2025-10,0.0,0.0,0.0,0.0,0.0
COMP_0181,2025-11,0.0,0.0,0.0,0.0,0.0
COMP_0181,2025-12,0.0,0.0,0.0,0.0,0.0
COMP_0181,2026-01,1.0,0.0,0.0,0.0,0.0
COMP_0181,2026-02,1.0,0.0,0.0,0.0,0.0
COMP_0181,2026-03,0.0,0.0,0.0,0.0,0.0
COMP_0181,2026-04,0.0,0.0,0.0,0.0,0.0
COMP_0181,2026-05,0.0,0.0,0.0,1.0,0.0
COMP_0181,2026-06,0.0,0.0,0.0,1.0,0.0
COMP_0181,2026-07,1.0,0.0,0.0,1.0,0.0
COMP_0181,2026-08,0.0,0.0,0.0,1.0,0.0
COMP_0182,2026-02,,,0.0,0.0,
COMP_0182,2026-03,,,0.0,0.0,
COMP_0182,2026-04,,,0.0,0.0,
COMP_0182,2026-05,,,0.0,0.0,
COMP_0182,2026-06,,,0.0,0.0,
COMP_0182,2026-07,,,0.0,0.0,
COMP_0182,2026-08,,,0.0,0.0,0.0
COMP_0183,2026-02,,0.0,0.0,1.0,
COMP_0183,2026-03,,0.0,0.0,0.0,
COMP_0183,2026-04,,0.0,0.0,1.0,
COMP_0183,2026-05,,0.0,0.0,1.0,
COMP_0183,2026-06,,0.0,0.0,1.0,
COMP_0183,2026-07,,1.0,0.0,1.0,
COMP_0183,2026-08,0.0,1.0,0.0,1.0,0.0
COMP_0184,2026-06,,0.0,0.0,0.0,
COMP_0184,2026-07,,0.0,0.0,0.0,
COMP_0184,2026-08,,0.0,0.0,0.0,
COMP_0185,2026-06,,0.0,0.0,1.0,
COMP_0185,2026-07,,0.0,0.0,1.0,
COMP_0185,2026-08,,0.0,1.0,1.0,
COMP_0186,2025-02,,0.0,0.0,0.0,
COMP_0186,2025-03,,0.0,0.0,1.0,
COMP_0186,2025-04,,0.0,0.0,1.0,
COMP_0186,2025-05,,0.0,0.0,0.0,
COMP_0186,2025-06,,0.0,0.0,0.0,
COMP_0186,2025-07,,0.0,0.0,0.0,
COMP_0186,2025-08,0.0,0.0,0.0,1.0,0.0
COMP_0186,2025-09,0.0,0.0,0.0,0.0,0.0
COMP_0186,2025-10,0.0,0.0,0.0,0.0,0.0
COMP_0186,2025-11,0.0,0.0,0.0,0.0,0.0
COMP_0186,2025-12,1.0,0.0,0.0,0.0,0.0
COMP_0186,2026-01,0.0,0.0,0.0,0.0,0.0
COMP_0186,2026-02,0.0,0.0,0.0,1.0,0.0
COMP_0186,2026-03,0.0,0.0,0.0,0.0,0.0
COMP_0186,2026-04,0.0,0.0,0.0,0.0,0.0
COMP_0186,2026-05,0.0,0.0,0.0,0.0,0.0
COMP_0186,2026-06,0.0,0.0,0.0,0.0,0.0
COMP_0186,2026-07,0.0,0.0,0.0,0.0,0.0
COMP_0186,2026-08,1.0,0.0,0.0,1.0,0.0
COMP_0187,2026-06,,0.0,0.0,0.0,
COMP_0187,2026-07,,0.0,0.0,1.0,
COMP_0187,2026-08,,0.0,0.0,1.0,
COMP_0188,2025-02,,,1.0,0.0,
COMP_0188,2025-03,,,1.0,1.0,
COMP_0188,2025-04,,,1.0,1.0,
COMP_0188,2025-05,,,1.0,1.0,
COMP_0188,2025-06,,,1.0,1.0,
COMP_0188,2025-07,,,1.0,0.0,
COMP_0188,2025-08,0.0,,1.0,1.0,0.0
COMP_0188,2025-09,0.0,,1.0,0.0,0.0
COMP_0188,2025-10,0.0,,1.0,1.0,0.0
COMP_0188,2025-11,0.0,,1.0,0.0,0.0
COMP_0188,2025-12,0.0,,1.0,1.0,0.0
COMP_0188,2026-01,1.0,,1.0,0.0,0.0
COMP_0188,2026-02,0.0,,1.0,0.0,0.0
COMP_0188,2026-03,0.0,,1.0,0.0,0.0
COMP_0188,2026-04,1.0,,1.0,1.0,0.0
COMP_0188,2026-05,,,1.0,1.0,
COMP_0188,2026-06,,,1.0,1.0,
COMP_0188,2026-07,,,1.0,,
COMP_0188,2026-08,,,1.0,,
COMP_0189,2025-11,,1.0,0.0,0.0,
COMP_0189,2025-12,,1.0,0.0,0.0,
COMP_0189,2026-01,,0.0,0.0,0.0,
COMP_0189,2026-02,,1.0,0.0,0.0,
COMP_0189,2026-03,,0.0,0.0,1.0,
COMP_0189,2026-04,,1.0,0.0,0.0,
COMP_0189,2026-05,,1.0,0.0,0.0,0.0
COMP_0189,2026-06,,1.0,0.0,1.0,0.0
COMP_0189,2026-07,,1.0,0.0,1.0,0.0
COMP_0189,2026-08,,1.0,0.0,1.0,0.0
COMP_0190,2026-03,,0.0,0.0,0.0,
COMP_0190,2026-04,,0.0,0.0,0.0,
COMP_0190,2026-05,,1.0,0.0,1.0,
COMP_0190,2026-06,,1.0,0.0,1.0,
COMP_0190,2026-07,,1.0,0.0,0.0,
COMP_0190,2026-08,,1.0,1.0,0.0,
COMP_0191,2025-02,,0.0,0.0,1.0,
COMP_0191,2025-03,,0.0,0.0,1.0,
COMP_0191,2025-04,,0.0,0.0,1.0,
COMP_0191,2025-05,,0.0,0.0,1.0,
COMP_0191,2025-06,,0.0,0.0,0.0,
COMP_0191,2025-07,,0.0,0.0,0.0,
COMP_0191,2025-08,,0.0,0.0,0.0,0.0
COMP_0191,2025-09,,0.0,0.0,1.0,0.0
COMP_0191,2025-10,,0.0,0.0,0.0,0.0
COMP_0191,2025-11,,0.0,0.0,1.0,0.0
COMP_0191,2025-12,,0.0,0.0,0.0,0.0
COMP_0191,2026-01,,0.0,0.0,1.0,0.0
COMP_0191,2026-02,,0.0,0.0,0.0,0.0
COMP_0191,2026-03,,0.0,0.0,1.0,0.0
COMP_0191,2026-04,,0.0,0.0,0.0,0.0
COMP_0191,2026-05,,0.0,0.0,1.0,0.0
COMP_0191,2026-06,,0.0,0.0,1.0,0.0
COMP_0191,2026-07,,0.0,0.0,1.0,0.0
COMP_0191,2026-08,,0.0,0.0,1.0,0.0
COMP_0192,2026-06,,0.0,0.0,0.0,
COMP_0192,2026-07,,0.0,0.0,1.0,
COMP_0192,2026-08,,0.0,0.0,1.0,
COMP_0193,2026-03,,1.0,0.0,0.0,
COMP_0193,2026-04,,1.0,0.0,0.0,
COMP_0193,2026-05,,1.0,0.0,0.0,
COMP_0193,2026-06,,0.0,0.0,0.0,
COMP_0193,2026-07,,0.0,0.0,0.0,
COMP_0193,2026-08,,0.0,0.0,0.0,
COMP_0194,2025-02,,0.0,1.0,0.0,
COMP_0194,2025-03,,0.0,1.0,1.0,
COMP_0194,2025-04,,0.0,1.0,1.0,
COMP_0194,2025-05,,0.0,1.0,1.0,
COMP_0194,2025-06,,0.0,1.0,1.0,
COMP_0194,2025-07,,1.0,1.0,1.0,
COMP_0194,2025-08,,1.0,1.0,0.0,0.0
COMP_0194,2025-09,,1.0,1.0,0.0,0.0
COMP_0194,2025-10,,0.0,1.0,0.0,0.0
COMP_0194,2025-11,,0.0,1.0,1.0,0.0
COMP_0194,2025-12,,0.0,1.0,1.0,0.0
COMP_0194,2026-01,,0.0,1.0,1.0,0.0
COMP_0194,2026-02,,0.0,1.0,1.0,0.0
COMP_0194,2026-03,,0.0,1.0,0.0,0.0
COMP_0194,2026-04,,0.0,1.0,0.0,0.0
COMP_0194,2026-05,,1.0,1.0,1.0,0.0
COMP_0194,2026-06,,1.0,1.0,0.0,0.0
COMP_0194,2026-07,,0.0,1.0,0.0,0.0
COMP_0194,2026-08,,0.0,0.0,0.0,0.0
COMP_0195,2025-02,,,0.0,0.0,
COMP_0195,2025-03,,,0.0,0.0,
COMP_0195,2025-04,,,0.0,0.0,
COMP_0195,2025-05,,,0.0,0.0,
COMP_0195,2025-06,,,0.0,0.0,
COMP_0195,2025-07,,,0.0,0.0,
COMP_0195,2025-08,0.0,,0.0,0.0,0.0
COMP_0195,2025-09,0.0,,0.0,0.0,0.0
COMP_0195,2025-10,0.0,,0.0,0.0,0.0
COMP_0195,2025-11,0.0,,0.0,0.0,0.0
COMP_0195,2025-12,0.0,,0.0,0.0,0.0
COMP_0195,2026-01,0.0,,0.0,0.0,0.0
COMP_0195,2026-02,0.0,,0.0,1.0,0.0
COMP_0195,2026-03,0.0,,0.0,1.0,0.0
COMP_0195,2026-04,0.0,,0.0,1.0,0.0
COMP_0195,2026-05,0.0,,0.0,0.0,0.0
COMP_0195,2026-06,0.0,,0.0,0.0,0.0
COMP_0195,2026-07,0.0,,0.0,0.0,0.0
COMP_0195,2026-08,0.0,,0.0,0.0,1.0
COMP_0196,2026-05,,,0.0,1.0,
COMP_0196,2026-06,,,0.0,0.0,
COMP_0196,2026-07,,,0.0,1.0,
COMP_0196,2026-08,,,0.0,0.0,
COMP_0197,2025-04,,1.0,0.0,0.0,
COMP_0197,2025-05,,1.0,0.0,1.0,
COMP_0197,2025-06,,1.0,0.0,0.0,
COMP_0197,2025-07,,1.0,0.0,0.0,
COMP_0197,2025-08,,1.0,0.0,1.0,
COMP_0197,2025-09,,0.0,0.0,1.0,
COMP_0197,2025-10,,1.0,0.0,1.0,0.0
COMP_0197,2025-11,,1.0,0.0,0.0,0.0
COMP_0197,2025-12,,1.0,0.0,0.0,0.0
COMP_0197,2026-01,,0.0,0.0,0.0,0.0
COMP_0197,2026-02,,0.0,0.0,0.0,
COMP_0197,2026-03,,0.0,0.0,1.0,0.0
COMP_0197,2026-04,,0.0,0.0,1.0,0.0
COMP_0197,2026-05,,0.0,0.0,1.0,
COMP_0197,2026-06,,0.0,0.0,0.0,0.0
COMP_0197,2026-07,,0.0,0.0,0.0,0.0
COMP_0197,2026-08,,1.0,0.0,1.0,0.0
COMP_0198,2025-02,,0.0,0.0,1.0,
COMP_0198,2025-03,,0.0,0.0,1.0,
COMP_0198,2025-04,,0.0,0.0,1.0,
COMP_0198,2025-05,,0.0,0.0,0.0,
COMP_0198,2025-06,,0.0,0.0,0.0,
COMP_0198,2025-07,,0.0,0.0,0.0,
COMP_0198,2025-08,,0.0,0.0,0.0,0.0
COMP_0198,2025-09,,0.0,0.0,0.0,0.0
COMP_0198,2025-10,,0.0,0.0,0.0,0.0
COMP_0198,2025-11,,0.0,0.0,0.0,0.0
COMP_0198,2025-12,,0.0,0.0,0.0,0.0
COMP_0198,2026-01,,0.0,0.0,1.0,0.0
COMP_0198,2026-02,,0.0,0.0,1.0,0.0
COMP_0198,2026-03,,0.0,0.0,1.0,
COMP_0198,2026-04,,0.0,0.0,0.0,0.0
COMP_0198,2026-05,,0.0,0.0,0.0,0.0
COMP_0198,2026-06,,0.0,0.0,0.0,0.0
COMP_0198,2026-07,,0.0,0.0,0.0,0.0
COMP_0198,2026-08,,0.0,0.0,0.0,0.0
COMP_0199,2026-02,,,0.0,1.0,
COMP_0199,2026-03,,,0.0,1.0,
COMP_0199,2026-04,,,0.0,1.0,
COMP_0199,2026-05,,,0.0,1.0,
COMP_0199,2026-06,,,0.0,1.0,
COMP_0199,2026-07,,,0.0,1.0,
COMP_0199,2026-08,,,0.0,0.0,0.0
COMP_0200,2026-03,,1.0,1.0,1.0,
COMP_0200,2026-04,,1.0,1.0,1.0,
COMP_0200,2026-05,,0.0,1.0,0.0,
COMP_0200,2026-06,,0.0,0.0,0.0,
COMP_0200,2026-07,,0.0,0.0,0.0,
COMP_0200,2026-08,,1.0,0.0,1.0,
COMP_0201,2025-02,,1.0,0.0,0.0,
COMP_0201,2025-03,,1.0,0.0,1.0,
COMP_0201,2025-04,,1.0,0.0,0.0,
COMP_0201,2025-05,,1.0,0.0,0.0,
COMP_0201,2025-06,,0.0,0.0,0.0,
COMP_0201,2025-07,,0.0,0.0,0.0,
COMP_0201,2025-08,,0.0,0.0,0.0,0.0
COMP_0201,2025-09,,0.0,0.0,0.0,0.0
COMP_0201,2025-10,,0.0,0.0,0.0,0.0
COMP_0201,2025-11,,0.0,0.0,1.0,0.0
COMP_0201,2025-12,,0.0,0.0,0.0,0.0
COMP_0201,2026-01,,0.0,0.0,0.0,0.0
COMP_0201,2026-02,0.0,0.0,0.0,1.0,0.0
COMP_0201,2026-03,0.0,0.0,0.0,0.0,0.0
COMP_0201,2026-04,0.0,0.0,0.0,0.0,0.0
COMP_0201,2026-05,0.0,0.0,0.0,0.0,0.0
COMP_0201,2026-06,0.0,1.0,0.0,0.0,0.0
COMP_0201,2026-07,0.0,1.0,0.0,0.0,0.0
COMP_0201,2026-08,0.0,1.0,0.0,0.0,0.0
COMP_0202,2026-04,,,0.0,1.0,
COMP_0202,2026-05,,,0.0,0.0,
COMP_0202,2026-06,,,0.0,1.0,
COMP_0202,2026-07,,,0.0,0.0,
COMP_0202,2026-08,,,0.0,0.0,
COMP_0203,2025-02,,0.0,0.0,0.0,
COMP_0203,2025-03,,0.0,0.0,0.0,
COMP_0203,2025-04,,0.0,0.0,0.0,
COMP_0203,2025-05,,0.0,0.0,0.0,
COMP_0203,2025-06,,0.0,0.0,0.0,
COMP_0203,2025-07,,0.0,0.0,0.0,
COMP_0203,2025-08,0.0,0.0,0.0,0.0,0.0
COMP_0203,2025-09,0.0,0.0,0.0,0.0,0.0
COMP_0203,2025-10,0.0,0.0,0.0,0.0,0.0
COMP_0203,2025-11,0.0,0.0,0.0,0.0,0.0
COMP_0203,2025-12,1.0,0.0,0.0,0.0,0.0
COMP_0203,2026-01,0.0,0.0,0.0,0.0,0.0
COMP_0203,2026-02,0.0,0.0,0.0,0.0,0.0
COMP_0203,2026-03,1.0,0.0,0.0,0.0,0.0
COMP_0203,2026-04,0.0,0.0,0.0,0.0,0.0
COMP_0203,2026-05,0.0,0.0,0.0,0.0,0.0
COMP_0203,2026-06,0.0,0.0,0.0,0.0,0.0
COMP_0203,2026-07,0.0,0.0,0.0,0.0,0.0
COMP_0203,2026-08,0.0,0.0,0.0,0.0,0.0
COMP_0204,2026-05,,1.0,0.0,0.0,
COMP_0204,2026-06,,1.0,0.0,1.0,
COMP_0204,2026-07,,1.0,0.0,1.0,
COMP_0204,2026-08,,1.0,0.0,1.0,
COMP_0205,2026-01,,0.0,0.0,1.0,
COMP_0205,2026-02,,0.0,0.0,1.0,
COMP_0205,2026-03,,1.0,0.0,0.0,
COMP_0205,2026-04,,1.0,0.0,0.0,
COMP_0205,2026-05,,1.0,0.0,0.0,
COMP_0205,2026-06,,1.0,0.0,0.0,
COMP_0205,2026-07,0.0,0.0,0.0,0.0,0.0
COMP_0205,2026-08,0.0,0.0,0.0,0.0,0.0
COMP_0206,2026-06,,,0.0,1.0,
COMP_0206,2026-07,,,0.0,1.0,
COMP_0206,2026-08,,,0.0,0.0,
COMP_0207,2025-02,,0.0,0.0,1.0,
COMP_0207,2025-03,,0.0,0.0,1.0,
COMP_0207,2025-04,,0.0,0.0,1.0,
COMP_0207,2025-05,,0.0,0.0,1.0,
COMP_0207,2025-06,,0.0,0.0,1.0,
COMP_0207,2025-07,,0.0,0.0,0.0,
COMP_0207,2025-08,0.0,0.0,0.0,0.0,0.0
COMP_0207,2025-09,0.0,0.0,0.0,1.0,0.0
COMP_0207,2025-10,0.0,0.0,0.0,1.0,0.0
COMP_0207,2025-11,0.0,0.0,0.0,1.0,0.0
COMP_0207,2025-12,0.0,0.0,0.0,1.0,0.0
COMP_0207,2026-01,0.0,0.0,0.0,1.0,0.0
COMP_0207,2026-02,1.0,0.0,0.0,1.0,0.0
COMP_0207,2026-03,1.0,0.0,0.0,1.0,0.0
COMP_0207,2026-04,0.0,0.0,0.0,0.0,0.0
COMP_0207,2026-05,0.0,0.0,0.0,1.0,0.0
COMP_0207,2026-06,0.0,0.0,0.0,1.0,0.0
COMP_0207,2026-07,0.0,0.0,0.0,1.0,0.0
COMP_0207,2026-08,0.0,0.0,0.0,1.0,0.0
COMP_0208,2026-06,,0.0,1.0,1.0,
COMP_0208,2026-07,,0.0,1.0,1.0,
COMP_0208,2026-08,,0.0,0.0,0.0,
COMP_0209,2026-05,,0.0,0.0,0.0,
COMP_0209,2026-06,,0.0,0.0,0.0,
COMP_0209,2026-07,,0.0,0.0,0.0,
COMP_0209,2026-08,,0.0,0.0,1.0,
COMP_0210,2026-01,,0.0,0.0,0.0,
COMP_0210,2026-02,,0.0,0.0,0.0,
COMP_0210,2026-03,,0.0,0.0,0.0,
COMP_0210,2026-04,,0.0,0.0,0.0,
COMP_0210,2026-05,,0.0,0.0,0.0,
COMP_0210,2026-06,,0.0,0.0,0.0,
COMP_0210,2026-07,0.0,0.0,0.0,0.0,0.0
COMP_0210,2026-08,0.0,0.0,0.0,0.0,0.0
COMP_0211,2026-07,,,1.0,1.0,
COMP_0211,2026-08,,,1.0,0.0,
COMP_0212,2026-05,,,0.0,0.0,
COMP_0212,2026-06,,,0.0,0.0,
COMP_0212,2026-07,,,0.0,0.0,
COMP_0212,2026-08,,,0.0,0.0,
COMP_0213,2026-01,,,0.0,1.0,
COMP_0213,2026-02,,,0.0,0.0,
COMP_0213,2026-03,,,0.0,0.0,
COMP_0213,2026-04,,,0.0,0.0,
COMP_0213,2026-05,,,0.0,1.0,
COMP_0213,2026-06,,,0.0,1.0,
COMP_0213,2026-07,,,0.0,1.0,0.0
COMP_0213,2026-08,,,0.0,1.0,0.0
COMP_0214,2025-08,,,0.0,0.0,
COMP_0214,2025-09,,,0.0,0.0,
COMP_0214,2025-10,,,0.0,0.0,
COMP_0214,2025-11,,,0.0,0.0,
COMP_0214,2025-12,,,0.0,0.0,
COMP_0214,2026-01,,,0.0,0.0,
COMP_0214,2026-02,,,0.0,0.0,0.0
COMP_0214,2026-03,,,0.0,0.0,0.0
COMP_0214,2026-04,,,0.0,0.0,0.0
COMP_0214,2026-05,,,0.0,0.0,0.0
COMP_0214,2026-06,,,0.0,0.0,0.0
COMP_0214,2026-07,,,0.0,0.0,
COMP_0214,2026-08,,,0.0,0.0,
COMP_0215,2025-03,,0.0,0.0,0.0,
COMP_0215,2025-04,,,0.0,,
COMP_0215,2025-05,,,0.0,,
COMP_0215,2025-06,,0.0,0.0,0.0,
COMP_0215,2025-07,,0.0,0.0,0.0,
COMP_0215,2025-08,,0.0,0.0,0.0,
COMP_0215,2025-09,,0.0,0.0,0.0,
COMP_0215,2025-10,,0.0,0.0,0.0,0.0
COMP_0215,2025-11,,0.0,0.0,0.0,
COMP_0215,2025-12,,0.0,0.0,0.0,0.0
COMP_0215,2026-01,,0.0,0.0,0.0,0.0
COMP_0215,2026-02,,0.0,0.0,0.0,
COMP_0215,2026-03,,0.0,0.0,0.0,0.0
COMP_0215,2026-04,,0.0,0.0,0.0,0.0
COMP_0215,2026-05,,0.0,0.0,0.0,0.0
COMP_0215,2026-06,,0.0,0.0,0.0,0.0
COMP_0215,2026-07,,0.0,0.0,0.0,0.0
COMP_0215,2026-08,,0.0,0.0,0.0,
COMP_0216,2025-06,,,0.0,0.0,
COMP_0216,2025-07,,,0.0,0.0,
COMP_0216,2025-08,,,0.0,0.0,
COMP_0216,2025-09,,,0.0,0.0,
COMP_0216,2025-10,,,0.0,0.0,
COMP_0216,2025-11,,,0.0,0.0,
COMP_0216,2025-12,,,0.0,0.0,0.0
COMP_0216,2026-01,,,0.0,0.0,0.0
COMP_0216,2026-02,,,0.0,0.0,0.0
COMP_0216,2026-03,,,0.0,0.0,0.0
COMP_0216,2026-04,,,0.0,0.0,0.0
COMP_0216,2026-05,,,0.0,0.0,0.0
COMP_0216,2026-06,,,0.0,0.0,0.0
COMP_0216,2026-07,,,0.0,0.0,0.0
COMP_0216,2026-08,,,0.0,0.0,0.0
COMP_0217,2026-01,,,0.0,1.0,
COMP_0217,2026-02,,,0.0,1.0,
COMP_0217,2026-03,,,0.0,1.0,
COMP_0217,2026-04,,,0.0,1.0,
COMP_0217,2026-05,,,0.0,1.0,
COMP_0217,2026-06,,,0.0,1.0,
COMP_0217,2026-07,,,0.0,1.0,0.0
COMP_0217,2026-08,,,0.0,1.0,0.0
COMP_0218,2025-06,,0.0,0.0,1.0,
COMP_0218,2025-07,,0.0,0.0,1.0,
COMP_0218,2025-08,,0.0,0.0,1.0,
COMP_0218,2025-09,,0.0,0.0,1.0,
COMP_0218,2025-10,,0.0,0.0,1.0,
COMP_0218,2025-11,,0.0,0.0,1.0,
COMP_0218,2025-12,0.0,0.0,0.0,1.0,0.0
COMP_0218,2026-01,0.0,0.0,0.0,1.0,0.0
COMP_0218,2026-02,0.0,0.0,0.0,1.0,0.0
COMP_0218,2026-03,0.0,0.0,0.0,0.0,0.0
COMP_0218,2026-04,0.0,0.0,0.0,1.0,0.0
COMP_0218,2026-05,0.0,0.0,0.0,1.0,0.0
COMP_0218,2026-06,0.0,0.0,0.0,1.0,0.0
COMP_0218,2026-07,0.0,0.0,0.0,0.0,0.0
COMP_0218,2026-08,0.0,0.0,0.0,0.0,0.0
COMP_0219,2025-02,,0.0,1.0,1.0,
COMP_0219,2025-03,,0.0,1.0,0.0,
COMP_0219,2025-04,,0.0,1.0,1.0,
COMP_0219,2025-05,,1.0,1.0,0.0,
COMP_0219,2025-06,,1.0,1.0,1.0,
COMP_0219,2025-07,,1.0,1.0,1.0,
COMP_0219,2025-08,,0.0,1.0,0.0,0.0
COMP_0219,2025-09,,1.0,1.0,0.0,0.0
COMP_0219,2025-10,,0.0,1.0,0.0,0.0
COMP_0219,2025-11,,0.0,1.0,1.0,0.0
COMP_0219,2025-12,,0.0,1.0,1.0,0.0
COMP_0219,2026-01,,0.0,1.0,1.0,0.0
COMP_0219,2026-02,,0.0,1.0,1.0,0.0
COMP_0219,2026-03,,0.0,1.0,0.0,0.0
COMP_0219,2026-04,,0.0,1.0,0.0,0.0
COMP_0219,2026-05,,0.0,1.0,0.0,0.0
COMP_0219,2026-06,,0.0,1.0,0.0,0.0
COMP_0219,2026-07,0.0,0.0,0.0,0.0,0.0
COMP_0219,2026-08,0.0,0.0,1.0,0.0,0.0
COMP_0220,2025-06,,0.0,0.0,1.0,
COMP_0220,2025-07,,0.0,0.0,1.0,
COMP_0220,2025-08,,0.0,0.0,1.0,
COMP_0220,2025-09,,0.0,0.0,0.0,
COMP_0220,2025-10,,0.0,0.0,0.0,
COMP_0220,2025-11,,0.0,0.0,0.0,
COMP_0220,2025-12,,0.0,0.0,0.0,0.0
COMP_0220,2026-01,,0.0,0.0,0.0,0.0
COMP_0220,2026-02,,1.0,0.0,0.0,0.0
COMP_0220,2026-03,,1.0,0.0,0.0,0.0
COMP_0220,2026-04,,1.0,0.0,0.0,0.0
COMP_0220,2026-05,,1.0,0.0,0.0,0.0
COMP_0220,2026-06,,0.0,0.0,0.0,0.0
COMP_0220,2026-07,,0.0,0.0,0.0,0.0
COMP_0220,2026-08,,1.0,0.0,0.0,0.0
COMP_0221,2026-07,,,0.0,1.0,
COMP_0221,2026-08,,,0.0,1.0,
COMP_0222,2025-06,,,0.0,0.0,
COMP_0222,2025-07,,,0.0,0.0,
COMP_0222,2025-08,,,0.0,0.0,
COMP_0222,2025-09,,,0.0,0.0,
COMP_0222,2025-10,,,0.0,0.0,
COMP_0222,2025-11,,,0.0,0.0,
COMP_0222,2025-12,,,0.0,1.0,0.0
COMP_0222,2026-01,,,0.0,1.0,0.0
COMP_0222,2026-02,,,0.0,1.0,0.0
COMP_0222,2026-03,,,0.0,0.0,0.0
COMP_0222,2026-04,,,0.0,0.0,0.0
COMP_0222,2026-05,,,0.0,0.0,0.0
COMP_0222,2026-06,,,0.0,0.0,0.0
COMP_0222,2026-07,,,0.0,0.0,0.0
COMP_0222,2026-08,,,0.0,0.0,0.0
COMP_0223,2025-02,,,1.0,1.0,
COMP_0223,2025-03,,,0.0,0.0,
COMP_0223,2025-04,,,0.0,0.0,
COMP_0223,2025-05,,,0.0,1.0,
COMP_0223,2025-06,,,0.0,1.0,
COMP_0223,2025-07,,,0.0,1.0,
COMP_0223,2025-08,,,0.0,1.0,0.0
COMP_0223,2025-09,,,0.0,1.0,0.0
COMP_0223,2025-10,,,0.0,1.0,0.0
COMP_0223,2025-11,,,0.0,1.0,0.0
COMP_0223,2025-12,,,0.0,1.0,0.0
COMP_0223,2026-01,,,0.0,1.0,
COMP_0223,2026-02,,,0.0,1.0,
COMP_0223,2026-03,,,0.0,,
COMP_0223,2026-04,,,0.0,,
COMP_0223,2026-05,,,0.0,,
COMP_0223,2026-06,,,0.0,,
COMP_0223,2026-07,,,0.0,,
COMP_0223,2026-08,,,0.0,,
COMP_0224,2026-04,,,1.0,1.0,
COMP_0224,2026-05,,,1.0,1.0,
COMP_0224,2026-06,,,1.0,0.0,
COMP_0224,2026-07,,,0.0,0.0,
COMP_0224,2026-08,,,0.0,0.0,
COMP_0225,2025-07,,0.0,0.0,1.0,
COMP_0225,2025-08,,0.0,0.0,0.0,
COMP_0225,2025-09,,0.0,0.0,0.0,
COMP_0225,2025-10,,0.0,0.0,0.0,
COMP_0225,2025-11,,0.0,0.0,0.0,
COMP_0225,2025-12,,0.0,0.0,0.0,
COMP_0225,2026-01,,0.0,0.0,0.0,0.0
COMP_0225,2026-02,,0.0,0.0,0.0,1.0
COMP_0225,2026-03,,0.0,0.0,1.0,0.0
COMP_0225,2026-04,,0.0,0.0,0.0,0.0
COMP_0225,2026-05,,0.0,0.0,0.0,0.0
COMP_0225,2026-06,,0.0,0.0,0.0,0.0
COMP_0225,2026-07,,0.0,0.0,0.0,1.0
COMP_0225,2026-08,,0.0,0.0,0.0,0.0
COMP_0226,2026-01,,1.0,0.0,0.0,
COMP_0226,2026-02,,1.0,0.0,0.0,
COMP_0226,2026-03,,1.0,0.0,1.0,
COMP_0226,2026-04,,1.0,0.0,0.0,
COMP_0226,2026-05,,1.0,0.0,0.0,
COMP_0226,2026-06,,1.0,0.0,0.0,
COMP_0226,2026-07,,1.0,0.0,0.0,0.0
COMP_0226,2026-08,,1.0,0.0,0.0,0.0
COMP_0227,2025-06,,,0.0,1.0,
COMP_0227,2025-07,,,0.0,0.0,
COMP_0227,2025-08,,,0.0,0.0,
COMP_0227,2025-09,,,0.0,1.0,
COMP_0227,2025-10,,,0.0,1.0,
COMP_0227,2025-11,,,0.0,1.0,
COMP_0227,2025-12,0.0,,0.0,0.0,0.0
COMP_0227,2026-01,1.0,,0.0,0.0,0.0
COMP_0227,2026-02,0.0,,0.0,0.0,0.0
COMP_0227,2026-03,0.0,,0.0,0.0,0.0
COMP_0227,2026-04,0.0,,0.0,1.0,0.0
COMP_0227,2026-05,1.0,,0.0,0.0,0.0
COMP_0227,2026-06,0.0,,0.0,1.0,0.0
COMP_0227,2026-07,0.0,,0.0,0.0,0.0
COMP_0227,2026-08,1.0,,0.0,0.0,0.0
COMP_0228,2025-06,,0.0,0.0,0.0,
COMP_0228,2025-07,,0.0,0.0,0.0,
COMP_0228,2025-08,,0.0,0.0,0.0,
COMP_0228,2025-09,,0.0,0.0,0.0,
COMP_0228,2025-10,,0.0,0.0,0.0,
COMP_0228,2025-11,,0.0,0.0,0.0,
COMP_0228,2025-12,0.0,0.0,0.0,0.0,0.0
COMP_0228,2026-01,0.0,0.0,0.0,0.0,0.0
COMP_0228,2026-02,0.0,0.0,0.0,0.0,0.0
COMP_0228,2026-03,0.0,0.0,0.0,0.0,0.0
COMP_0228,2026-04,0.0,0.0,0.0,0.0,0.0
COMP_0228,2026-05,0.0,0.0,0.0,0.0,0.0
COMP_0228,2026-06,0.0,0.0,0.0,0.0,1.0
COMP_0228,2026-07,0.0,0.0,0.0,1.0,1.0
COMP_0228,2026-08,0.0,0.0,0.0,1.0,1.0
COMP_0229,2025-02,,0.0,0.0,0.0,
COMP_0229,2025-03,,0.0,0.0,0.0,
COMP_0229,2025-04,,0.0,0.0,0.0,
COMP_0229,2025-05,,0.0,0.0,0.0,
COMP_0229,2025-06,,0.0,0.0,0.0,
COMP_0229,2025-07,,0.0,0.0,0.0,
COMP_0229,2025-08,,0.0,0.0,0.0,0.0
COMP_0229,2025-09,,0.0,0.0,0.0,0.0
COMP_0229,2025-10,,0.0,0.0,0.0,0.0
COMP_0229,2025-11,,0.0,0.0,0.0,0.0
COMP_0229,2025-12,,0.0,0.0,0.0,0.0
COMP_0229,2026-01,,0.0,0.0,0.0,0.0
COMP_0229,2026-02,,0.0,0.0,0.0,0.0
COMP_0229,2026-03,,0.0,0.0,0.0,0.0
COMP_0229,2026-04,,0.0,0.0,0.0,0.0
COMP_0229,2026-05,,0.0,0.0,0.0,0.0
COMP_0229,2026-06,,0.0,0.0,0.0,0.0
COMP_0229,2026-07,,0.0,0.0,0.0,0.0
COMP_0229,2026-08,,0.0,0.0,0.0,0.0
COMP_0230,2026-02,,,0.0,0.0,
COMP_0230,2026-03,,,0.0,0.0,
COMP_0230,2026-04,,,0.0,0.0,
COMP_0230,2026-05,,,0.0,1.0,
COMP_0230,2026-06,,,0.0,1.0,
COMP_0230,2026-07,,,0.0,1.0,
COMP_0230,2026-08,,,0.0,0.0,0.0
COMP_0231,2025-03,,0.0,0.0,0.0,
COMP_0231,2025-04,,0.0,0.0,0.0,
COMP_0231,2025-05,,0.0,0.0,0.0,
COMP_0231,2025-06,,0.0,0.0,0.0,
COMP_0231,2025-07,,0.0,0.0,0.0,
COMP_0231,2025-08,,0.0,0.0,0.0,
COMP_0231,2025-09,1.0,0.0,0.0,0.0,1.0
COMP_0231,2025-10,,0.0,0.0,0.0,0.0
COMP_0231,2025-11,,0.0,0.0,0.0,0.0
COMP_0231,2025-12,,0.0,0.0,0.0,0.0
COMP_0231,2026-01,,0.0,0.0,0.0,0.0
COMP_0231,2026-02,,0.0,0.0,0.0,0.0
COMP_0231,2026-03,0.0,0.0,0.0,0.0,0.0
COMP_0231,2026-04,0.0,0.0,0.0,0.0,0.0
COMP_0231,2026-05,0.0,0.0,0.0,0.0,0.0
COMP_0231,2026-06,0.0,0.0,0.0,0.0,1.0
COMP_0231,2026-07,0.0,0.0,0.0,0.0,0.0
COMP_0231,2026-08,0.0,0.0,0.0,0.0,0.0
COMP_0232,2025-11,,1.0,0.0,1.0,
COMP_0232,2025-12,,0.0,0.0,0.0,
COMP_0232,2026-01,,0.0,0.0,0.0,
COMP_0232,2026-02,,0.0,0.0,0.0,
COMP_0232,2026-03,,0.0,0.0,0.0,
COMP_0232,2026-04,,0.0,0.0,0.0,
COMP_0232,2026-05,,0.0,0.0,1.0,0.0
COMP_0232,2026-06,,0.0,0.0,1.0,0.0
COMP_0232,2026-07,,0.0,0.0,1.0,0.0
COMP_0232,2026-08,,0.0,0.0,1.0,0.0
COMP_0233,2025-02,,,0.0,0.0,
COMP_0233,2025-03,,,0.0,0.0,
COMP_0233,2025-04,,,0.0,0.0,
COMP_0233,2025-05,,,0.0,0.0,
COMP_0233,2025-06,,,0.0,0.0,
COMP_0233,2025-07,,,0.0,0.0,
COMP_0233,2025-08,,,0.0,1.0,0.0
COMP_0233,2025-09,,,0.0,1.0,0.0
COMP_0233,2025-10,,,0.0,1.0,0.0
COMP_0233,2025-11,,,0.0,0.0,0.0
COMP_0233,2025-12,,,0.0,0.0,0.0
COMP_0233,2026-01,,,0.0,0.0,0.0
COMP_0233,2026-02,,,0.0,1.0,0.0
COMP_0233,2026-03,,,0.0,0.0,0.0
COMP_0233,2026-04,,,0.0,0.0,0.0
COMP_0233,2026-05,,,0.0,0.0,0.0
COMP_0233,2026-06,,,0.0,1.0,0.0
COMP_0233,2026-07,,,0.0,1.0,0.0
COMP_0233,2026-08,,,0.0,1.0,0.0
COMP_0234,2025-02,,0.0,0.0,0.0,
COMP_0234,2025-03,,0.0,0.0,0.0,
COMP_0234,2025-04,,0.0,0.0,0.0,
COMP_0234,2025-05,,0.0,0.0,0.0,
COMP_0234,2025-06,,1.0,0.0,0.0,
COMP_0234,2025-07,,1.0,0.0,0.0,
COMP_0234,2025-08,,1.0,0.0,0.0,0.0
COMP_0234,2025-09,,0.0,0.0,0.0,0.0
COMP_0234,2025-10,,0.0,0.0,0.0,0.0
COMP_0234,2025-11,,0.0,0.0,1.0,0.0
COMP_0234,2025-12,,0.0,0.0,0.0,0.0
COMP_0234,2026-01,,0.0,0.0,1.0,0.0
COMP_0234,2026-02,,0.0,0.0,1.0,0.0
COMP_0234,2026-03,0.0,0.0,0.0,1.0,0.0
COMP_0234,2026-04,0.0,0.0,0.0,1.0,1.0
COMP_0234,2026-05,0.0,0.0,0.0,1.0,0.0
COMP_0234,2026-06,0.0,0.0,0.0,0.0,0.0
COMP_0234,2026-07,0.0,0.0,0.0,0.0,0.0
COMP_0234,2026-08,0.0,0.0,0.0,0.0,0.0
COMP_0235,2025-02,,,0.0,0.0,
COMP_0235,2025-03,,,0.0,1.0,
COMP_0235,2025-04,,,0.0,1.0,
COMP_0235,2025-05,,,0.0,0.0,
COMP_0235,2025-06,,,0.0,0.0,
COMP_0235,2025-07,,,0.0,0.0,
COMP_0235,2025-08,0.0,,0.0,0.0,0.0
COMP_0235,2025-09,0.0,,0.0,1.0,0.0
COMP_0235,2025-10,0.0,,0.0,1.0,0.0
COMP_0235,2025-11,0.0,,0.0,1.0,0.0
COMP_0235,2025-12,0.0,,0.0,0.0,0.0
COMP_0235,2026-01,0.0,,0.0,0.0,0.0
COMP_0235,2026-02,0.0,,0.0,1.0,0.0
COMP_0235,2026-03,0.0,,0.0,1.0,0.0
COMP_0235,2026-04,0.0,,0.0,1.0,0.0
COMP_0235,2026-05,0.0,,0.0,0.0,0.0
COMP_0235,2026-06,0.0,,0.0,0.0,0.0
COMP_0235,2026-07,0.0,,0.0,0.0,0.0
COMP_0235,2026-08,0.0,,0.0,0.0,0.0
COMP_0236,2026-07,,,1.0,0.0,
COMP_0236,2026-08,,,1.0,1.0,
COMP_0237,2026-06,,0.0,0.0,1.0,
COMP_0237,2026-07,,0.0,0.0,0.0,
COMP_0237,2026-08,,0.0,0.0,0.0,
COMP_0238,2026-05,,0.0,1.0,0.0,
COMP_0238,2026-06,,0.0,0.0,0.0,
COMP_0238,2026-07,,0.0,0.0,0.0,
COMP_0238,2026-08,,0.0,0.0,1.0,
COMP_0239,2025-02,,0.0,0.0,0.0,
COMP_0239,2025-03,,0.0,0.0,0.0,
COMP_0239,2025-04,,0.0,0.0,0.0,
COMP_0239,2025-05,,0.0,0.0,0.0,
COMP_0239,2025-06,,0.0,0.0,1.0,
COMP_0239,2025-07,,0.0,0.0,1.0,
COMP_0239,2025-08,0.0,0.0,0.0,1.0,0.0
COMP_0239,2025-09,0.0,0.0,0.0,1.0,0.0
COMP_0239,2025-10,0.0,0.0,0.0,0.0,0.0
COMP_0239,2025-11,0.0,0.0,0.0,1.0,0.0
COMP_0239,2025-12,0.0,0.0,0.0,0.0,0.0
COMP_0239,2026-01,0.0,0.0,0.0,0.0,0.0
COMP_0239,2026-02,0.0,0.0,0.0,0.0,0.0
COMP_0239,2026-03,0.0,0.0,0.0,1.0,0.0
COMP_0239,2026-04,0.0,0.0,0.0,1.0,0.0
COMP_0239,2026-05,0.0,0.0,0.0,1.0,0.0
COMP_0239,2026-06,0.0,0.0,0.0,0.0,0.0
COMP_0239,2026-07,0.0,0.0,0.0,1.0,0.0
COMP_0239,2026-08,0.0,0.0,0.0,0.0,0.0
COMP_0240,2026-07,,,0.0,0.0,
COMP_0240,2026-08,,,0.0,0.0,
COMP_0241,2025-02,,,1.0,1.0,
COMP_0241,2025-03,,,1.0,0.0,
COMP_0241,2025-04,,,1.0,0.0,
COMP_0241,2025-05,,,0.0,0.0,
COMP_0241,2025-06,,,0.0,0.0,
COMP_0241,2025-07,,,0.0,1.0,
COMP_0241,2025-08,0.0,,0.0,1.0,0.0
COMP_0241,2025-09,1.0,,0.0,1.0,0.0
COMP_0241,2025-10,1.0,,0.0,1.0,0.0
COMP_0241,2025-11,1.0,,0.0,0.0,1.0
COMP_0241,2025-12,,,0.0,0.0,1.0
COMP_0241,2026-01,,,0.0,0.0,1.0
COMP_0241,2026-02,,,0.0,0.0,0.0
COMP_0241,2026-03,,,0.0,0.0,0.0
COMP_0241,2026-04,0.0,,0.0,0.0,0.0
COMP_0241,2026-05,0.0,,0.0,0.0,0.0
COMP_0241,2026-06,0.0,,0.0,0.0,0.0
COMP_0241,2026-07,0.0,,0.0,0.0,1.0
COMP_0241,2026-08,0.0,,0.0,0.0,1.0
COMP_0242,2026-08,,0.0,0.0,0.0,
COMP_0243,2025-09,,,0.0,1.0,
COMP_0243,2025-10,,,0.0,0.0,
COMP_0243,2025-11,,,0.0,0.0,
COMP_0243,2025-12,,,0.0,1.0,
COMP_0243,2026-01,,,0.0,1.0,
COMP_0243,2026-02,,,0.0,1.0,
COMP_0243,2026-03,0.0,,0.0,0.0,0.0
COMP_0243,2026-04,0.0,,0.0,0.0,0.0
COMP_0243,2026-05,0.0,,0.0,0.0,0.0
COMP_0243,2026-06,0.0,,0.0,0.0,0.0
COMP_0243,2026-07,0.0,,0.0,1.0,0.0
COMP_0243,2026-08,0.0,,0.0,1.0,0.0
COMP_0244,2025-02,,,0.0,1.0,
COMP_0244,2025-03,,,0.0,1.0,
COMP_0244,2025-04,,,0.0,1.0,
COMP_0244,2025-05,,,0.0,0.0,
COMP_0244,2025-06,,,0.0,1.0,
COMP_0244,2025-07,,,0.0,1.0,
COMP_0244,2025-08,0.0,,0.0,0.0,0.0
COMP_0244,2025-09,0.0,,0.0,0.0,0.0
COMP_0244,2025-10,0.0,,0.0,1.0,0.0
COMP_0244,2025-11,0.0,,0.0,1.0,0.0
COMP_0244,2025-12,0.0,,0.0,0.0,0.0
COMP_0244,2026-01,0.0,,0.0,1.0,0.0
COMP_0244,2026-02,0.0,,0.0,1.0,0.0
COMP_0244,2026-03,0.0,,0.0,1.0,0.0
COMP_0244,2026-04,0.0,,0.0,1.0,0.0
COMP_0244,2026-05,0.0,,0.0,0.0,0.0
COMP_0244,2026-06,0.0,,0.0,0.0,0.0
COMP_0244,2026-07,0.0,,0.0,0.0,0.0
COMP_0244,2026-08,0.0,,0.0,1.0,0.0
COMP_0245,2025-11,,0.0,0.0,0.0,
COMP_0245,2025-12,,0.0,0.0,0.0,
COMP_0245,2026-01,,0.0,0.0,1.0,
COMP_0245,2026-02,,0.0,0.0,1.0,
COMP_0245,2026-03,,0.0,0.0,1.0,
COMP_0245,2026-04,,0.0,0.0,1.0,
COMP_0245,2026-05,0.0,0.0,0.0,0.0,0.0
COMP_0245,2026-06,0.0,0.0,0.0,0.0,0.0
COMP_0245,2026-07,0.0,0.0,0.0,0.0,0.0
COMP_0245,2026-08,0.0,0.0,0.0,1.0,0.0
COMP_0246,2025-02,,1.0,0.0,0.0,
COMP_0246,2025-03,,1.0,0.0,0.0,
COMP_0246,2025-04,,0.0,0.0,0.0,
COMP_0246,2025-05,,0.0,0.0,0.0,
COMP_0246,2025-06,,0.0,0.0,0.0,
COMP_0246,2025-07,,0.0,0.0,0.0,
COMP_0246,2025-08,0.0,0.0,0.0,0.0,0.0
COMP_0246,2025-09,0.0,0.0,0.0,0.0,0.0
COMP_0246,2025-10,0.0,0.0,0.0,0.0,0.0
COMP_0246,2025-11,0.0,0.0,0.0,0.0,0.0
COMP_0246,2025-12,0.0,0.0,0.0,0.0,0.0
COMP_0246,2026-01,0.0,0.0,0.0,0.0,0.0
COMP_0246,2026-02,0.0,0.0,0.0,0.0,0.0
COMP_0246,2026-03,0.0,0.0,0.0,0.0,0.0
COMP_0246,2026-04,0.0,0.0,0.0,0.0,0.0
COMP_0246,2026-05,0.0,0.0,0.0,0.0,0.0
COMP_0246,2026-06,0.0,0.0,0.0,0.0,0.0
COMP_0246,2026-07,0.0,0.0,0.0,0.0,0.0
COMP_0246,2026-08,0.0,0.0,0.0,0.0,0.0
COMP_0247,2025-03,,0.0,1.0,0.0,
COMP_0247,2025-04,,1.0,0.0,0.0,
COMP_0247,2025-05,,1.0,0.0,0.0,
COMP_0247,2025-06,,1.0,0.0,1.0,
COMP_0247,2025-07,,1.0,1.0,1.0,
COMP_0247,2025-08,,1.0,1.0,1.0,
COMP_0247,2025-09,0.0,1.0,1.0,1.0,0.0
COMP_0247,2025-10,0.0,0.0,1.0,1.0,0.0
COMP_0247,2025-11,0.0,0.0,1.0,1.0,0.0
COMP_0247,2025-12,0.0,0.0,1.0,0.0,0.0
COMP_0247,2026-01,0.0,0.0,1.0,0.0,0.0
COMP_0247,2026-02,0.0,0.0,1.0,0.0,0.0
COMP_0247,2026-03,0.0,0.0,0.0,0.0,0.0
COMP_0247,2026-04,0.0,0.0,0.0,0.0,0.0
COMP_0247,2026-05,0.0,0.0,1.0,1.0,0.0
COMP_0247,2026-06,0.0,0.0,1.0,1.0,0.0
COMP_0247,2026-07,0.0,0.0,1.0,0.0,0.0
COMP_0247,2026-08,0.0,0.0,0.0,0.0,0.0
COMP_0248,2025-06,,0.0,0.0,1.0,
COMP_0248,2025-07,,0.0,0.0,1.0,
COMP_0248,2025-08,,0.0,0.0,1.0,
COMP_0248,2025-09,,0.0,0.0,0.0,
COMP_0248,2025-10,,0.0,0.0,0.0,
COMP_0248,2025-11,,0.0,0.0,0.0,
COMP_0248,2025-12,0.0,0.0,0.0,0.0,1.0
COMP_0248,2026-01,0.0,0.0,0.0,1.0,0.0
COMP_0248,2026-02,0.0,0.0,0.0,0.0,0.0
COMP_0248,2026-03,0.0,0.0,0.0,0.0,0.0
COMP_0248,2026-04,0.0,0.0,0.0,0.0,1.0
COMP_0248,2026-05,1.0,0.0,0.0,0.0,0.0
COMP_0248,2026-06,0.0,0.0,0.0,0.0,0.0
COMP_0248,2026-07,0.0,0.0,0.0,0.0,0.0
COMP_0248,2026-08,0.0,0.0,0.0,0.0,0.0
COMP_0249,2025-02,,,0.0,0.0,
COMP_0249,2025-03,,,0.0,0.0,
COMP_0249,2025-04,,,0.0,0.0,
COMP_0249,2025-05,,,0.0,0.0,
COMP_0249,2025-06,,,0.0,0.0,
COMP_0249,2025-07,,,0.0,0.0,
COMP_0249,2025-08,,,0.0,0.0,0.0
COMP_0249,2025-09,1.0,,0.0,0.0,0.0
COMP_0249,2025-10,,,0.0,0.0,0.0
COMP_0249,2025-11,,,0.0,0.0,0.0
COMP_0249,2025-12,,,0.0,0.0,0.0
COMP_0249,2026-01,,,0.0,0.0,0.0
COMP_0249,2026-02,,,0.0,0.0,0.0
COMP_0249,2026-03,,,0.0,0.0,0.0
COMP_0249,2026-04,,,0.0,0.0,0.0
COMP_0249,2026-05,,,0.0,0.0,0.0
COMP_0249,2026-06,,,0.0,0.0,0.0
COMP_0249,2026-07,,,0.0,0.0,0.0
COMP_0249,2026-08,,,0.0,1.0,0.0
COMP_0250,2025-02,,1.0,1.0,0.0,
COMP_0250,2025-03,,0.0,1.0,0.0,
COMP_0250,2025-04,,0.0,1.0,0.0,
COMP_0250,2025-05,,0.0,0.0,0.0,
COMP_0250,2025-06,,0.0,1.0,0.0,
COMP_0250,2025-07,,0.0,1.0,0.0,
COMP_0250,2025-08,,0.0,0.0,0.0,0.0
COMP_0250,2025-09,,0.0,0.0,0.0,0.0
COMP_0250,2025-10,,0.0,1.0,0.0,0.0
COMP_0250,2025-11,,1.0,1.0,0.0,0.0
COMP_0250,2025-12,,0.0,1.0,0.0,0.0
COMP_0250,2026-01,,0.0,1.0,0.0,0.0
COMP_0250,2026-02,,0.0,0.0,0.0,0.0
COMP_0250,2026-03,,0.0,0.0,0.0,0.0
COMP_0250,2026-04,,0.0,0.0,0.0,0.0
COMP_0250,2026-05,,0.0,0.0,0.0,0.0
COMP_0250,2026-06,,0.0,0.0,0.0,0.0
COMP_0250,2026-07,,0.0,0.0,0.0,0.0
COMP_0250,2026-08,,0.0,0.0,0.0,0.0
COMP_0251,2026-01,,,0.0,1.0,
COMP_0251,2026-02,,,0.0,1.0,
COMP_0251,2026-03,,,0.0,1.0,
COMP_0251,2026-04,,,0.0,0.0,
COMP_0251,2026-05,,,0.0,1.0,
COMP_0251,2026-06,,,0.0,1.0,
COMP_0251,2026-07,0.0,,0.0,1.0,0.0
COMP_0251,2026-08,0.0,,0.0,0.0,0.0
COMP_0252,2026-05,,,1.0,1.0,
COMP_0252,2026-06,,,1.0,1.0,
COMP_0252,2026-07,,,1.0,1.0,
COMP_0252,2026-08,,,1.0,1.0,
COMP_0253,2025-02,,0.0,0.0,1.0,
COMP_0253,2025-03,,0.0,0.0,1.0,
COMP_0253,2025-04,,0.0,0.0,1.0,
COMP_0253,2025-05,,0.0,0.0,1.0,
COMP_0253,2025-06,,0.0,0.0,1.0,
COMP_0253,2025-07,,0.0,0.0,1.0,
COMP_0253,2025-08,0.0,1.0,0.0,0.0,0.0
COMP_0253,2025-09,0.0,1.0,0.0,0.0,0.0
COMP_0253,2025-10,0.0,0.0,0.0,1.0,0.0
COMP_0253,2025-11,0.0,0.0,0.0,0.0,0.0
COMP_0253,2025-12,0.0,0.0,0.0,1.0,0.0
COMP_0253,2026-01,0.0,0.0,0.0,0.0,0.0
COMP_0253,2026-02,0.0,0.0,0.0,1.0,0.0
COMP_0253,2026-03,0.0,0.0,0.0,1.0,0.0
COMP_0253,2026-04,0.0,0.0,0.0,0.0,0.0
COMP_0253,2026-05,0.0,0.0,0.0,0.0,0.0
COMP_0253,2026-06,0.0,0.0,0.0,0.0,0.0
COMP_0253,2026-07,0.0,0.0,0.0,0.0,0.0
COMP_0253,2026-08,0.0,0.0,0.0,0.0,0.0
COMP_0254,2025-02,,,1.0,0.0,
COMP_0254,2025-03,,,1.0,0.0,
COMP_0254,2025-04,,,1.0,0.0,
COMP_0254,2025-05,,,1.0,0.0,
COMP_0254,2025-06,,,1.0,0.0,
COMP_0254,2025-07,,,1.0,0.0,
COMP_0254,2025-08,0.0,,1.0,0.0,0.0
COMP_0254,2025-09,0.0,,1.0,0.0,0.0
COMP_0254,2025-10,0.0,,1.0,0.0,0.0
COMP_0254,2025-11,1.0,,1.0,0.0,0.0
COMP_0254,2025-12,0.0,,1.0,0.0,0.0
COMP_0254,2026-01,1.0,,1.0,0.0,0.0
COMP_0254,2026-02,0.0,,1.0,0.0,0.0
COMP_0254,2026-03,0.0,,1.0,0.0,0.0
COMP_0254,2026-04,0.0,,1.0,0.0,0.0
COMP_0254,2026-05,0.0,,1.0,0.0,0.0
COMP_0254,2026-06,0.0,,1.0,0.0,0.0
COMP_0254,2026-07,0.0,,1.0,0.0,0.0
COMP_0254,2026-08,0.0,,1.0,0.0,0.0
COMP_0255,2026-06,,0.0,0.0,0.0,
COMP_0255,2026-07,,0.0,0.0,0.0,
COMP_0255,2026-08,,0.0,0.0,0.0,
COMP_0256,2025-09,,,0.0,0.0,
COMP_0256,2025-10,,,0.0,0.0,
COMP_0256,2025-11,,,0.0,0.0,
COMP_0256,2025-12,,,0.0,0.0,
COMP_0256,2026-01,,,0.0,0.0,
COMP_0256,2026-02,,,0.0,0.0,
COMP_0256,2026-03,,,0.0,0.0,0.0
COMP_0256,2026-04,,,0.0,0.0,0.0
COMP_0256,2026-05,,,0.0,0.0,0.0
COMP_0256,2026-06,,,0.0,0.0,0.0
COMP_0256,2026-07,,,0.0,0.0,0.0
COMP_0256,2026-08,,,0.0,0.0,0.0
COMP_0257,2025-05,,0.0,0.0,0.0,
COMP_0257,2025-06,,0.0,0.0,0.0,
COMP_0257,2025-07,,0.0,0.0,0.0,
COMP_0257,2025-08,,0.0,0.0,0.0,
COMP_0257,2025-09,,0.0,0.0,0.0,
COMP_0257,2025-10,,1.0,0.0,0.0,
COMP_0257,2025-11,0.0,0.0,0.0,1.0,0.0
COMP_0257,2025-12,0.0,0.0,0.0,1.0,0.0
COMP_0257,2026-01,0.0,0.0,0.0,1.0,0.0
COMP_0257,2026-02,0.0,0.0,0.0,1.0,0.0
COMP_0257,2026-03,0.0,0.0,0.0,1.0,0.0
COMP_0257,2026-04,0.0,1.0,0.0,1.0,0.0
COMP_0257,2026-05,0.0,1.0,0.0,0.0,0.0
COMP_0257,2026-06,0.0,1.0,0.0,0.0,0.0
COMP_0257,2026-07,0.0,1.0,0.0,1.0,0.0
COMP_0257,2026-08,0.0,1.0,0.0,0.0,0.0
COMP_0258,2025-02,,,0.0,0.0,
COMP_0258,2025-03,,,0.0,0.0,
COMP_0258,2025-04,,,0.0,0.0,
COMP_0258,2025-05,,,0.0,0.0,
COMP_0258,2025-06,,,0.0,0.0,
COMP_0258,2025-07,,,0.0,0.0,
COMP_0258,2025-08,,,0.0,0.0,0.0
COMP_0258,2025-09,,,0.0,0.0,
COMP_0258,2025-10,,,0.0,0.0,0.0
COMP_0258,2025-11,,,0.0,0.0,0.0
COMP_0258,2025-12,,,0.0,0.0,0.0
COMP_0258,2026-01,,,0.0,0.0,0.0
COMP_0258,2026-02,,,0.0,0.0,0.0
COMP_0258,2026-03,,,0.0,0.0,0.0
COMP_0258,2026-04,0.0,,0.0,0.0,0.0
COMP_0258,2026-05,0.0,,0.0,0.0,0.0
COMP_0258,2026-06,0.0,,0.0,0.0,0.0
COMP_0258,2026-07,0.0,,0.0,0.0,0.0
COMP_0258,2026-08,0.0,,0.0,0.0,0.0
COMP_0259,2025-02,,0.0,0.0,0.0,
COMP_0259,2025-03,,0.0,0.0,0.0,
COMP_0259,2025-04,,0.0,0.0,0.0,
COMP_0259,2025-05,,0.0,0.0,0.0,
COMP_0259,2025-06,,0.0,0.0,0.0,
COMP_0259,2025-07,,0.0,0.0,0.0,
COMP_0259,2025-08,,0.0,0.0,0.0,0.0
COMP_0259,2025-09,,0.0,0.0,0.0,0.0
COMP_0259,2025-10,,0.0,0.0,0.0,0.0
COMP_0259,2025-11,,0.0,0.0,0.0,0.0
COMP_0259,2025-12,,0.0,0.0,1.0,0.0
COMP_0259,2026-01,,0.0,0.0,1.0,
COMP_0259,2026-02,,0.0,0.0,1.0,
COMP_0259,2026-03,,,0.0,,
COMP_0259,2026-04,,,0.0,,
COMP_0259,2026-05,,,0.0,,
COMP_0259,2026-06,,,0.0,,
COMP_0259,2026-07,,,0.0,,
COMP_0259,2026-08,,,0.0,,
COMP_0260,2026-01,,,0.0,1.0,
COMP_0260,2026-02,,,0.0,1.0,
COMP_0260,2026-03,,,0.0,1.0,
COMP_0260,2026-04,,,0.0,0.0,
COMP_0260,2026-05,,,0.0,0.0,
COMP_0260,2026-06,,,0.0,1.0,
COMP_0260,2026-07,,,0.0,1.0,0.0
COMP_0260,2026-08,,,0.0,1.0,0.0
COMP_0261,2025-02,,,0.0,0.0,
COMP_0261,2025-03,,,0.0,0.0,
COMP_0261,2025-04,,,0.0,1.0,
COMP_0261,2025-05,,,0.0,1.0,
COMP_0261,2025-06,,,0.0,1.0,
COMP_0261,2025-07,,,0.0,1.0,
COMP_0261,2025-08,0.0,,0.0,1.0,0.0
COMP_0261,2025-09,1.0,,0.0,1.0,0.0
COMP_0261,2025-10,1.0,,0.0,1.0,0.0
COMP_0261,2025-11,1.0,,0.0,1.0,0.0
COMP_0261,2025-12,,,0.0,1.0,
COMP_0261,2026-01,,,1.0,1.0,
COMP_0261,2026-02,,,1.0,,
COMP_0261,2026-03,,,1.0,,
COMP_0261,2026-04,,,1.0,,
COMP_0261,2026-05,,,1.0,,
COMP_0261,2026-06,,,1.0,,
COMP_0261,2026-07,,,1.0,,
COMP_0261,2026-08,,,1.0,,
COMP_0262,2025-10,,0.0,0.0,1.0,
COMP_0262,2025-11,,0.0,0.0,0.0,
COMP_0262,2025-12,,0.0,0.0,0.0,
COMP_0262,2026-01,,1.0,0.0,0.0,
COMP_0262,2026-02,,1.0,0.0,0.0,
COMP_0262,2026-03,,1.0,0.0,0.0,
COMP_0262,2026-04,,1.0,0.0,0.0,0.0
COMP_0262,2026-05,,0.0,0.0,0.0,0.0
COMP_0262,2026-06,,1.0,0.0,1.0,0.0
COMP_0262,2026-07,,0.0,0.0,1.0,1.0
COMP_0262,2026-08,,1.0,0.0,1.0,0.0
COMP_0263,2025-02,,1.0,0.0,0.0,
COMP_0263,2025-03,,0.0,0.0,0.0,
COMP_0263,2025-04,,0.0,0.0,0.0,
COMP_0263,2025-05,,0.0,0.0,0.0,
COMP_0263,2025-06,,1.0,0.0,0.0,
COMP_0263,2025-07,,1.0,0.0,0.0,
COMP_0263,2025-08,0.0,1.0,0.0,0.0,0.0
COMP_0263,2025-09,0.0,1.0,0.0,0.0,0.0
COMP_0263,2025-10,0.0,1.0,0.0,0.0,0.0
COMP_0263,2025-11,0.0,1.0,0.0,0.0,0.0
COMP_0263,2025-12,0.0,1.0,0.0,0.0,0.0
COMP_0263,2026-01,0.0,1.0,0.0,0.0,0.0
COMP_0263,2026-02,0.0,1.0,0.0,0.0,0.0
COMP_0263,2026-03,0.0,1.0,0.0,0.0,0.0
COMP_0263,2026-04,0.0,1.0,0.0,0.0,0.0
COMP_0263,2026-05,0.0,1.0,0.0,0.0,0.0
COMP_0263,2026-06,0.0,1.0,0.0,0.0,0.0
COMP_0263,2026-07,0.0,1.0,0.0,0.0,0.0
COMP_0263,2026-08,0.0,1.0,0.0,0.0,0.0
COMP_0264,2025-02,,0.0,0.0,1.0,
COMP_0264,2025-03,,0.0,0.0,1.0,
COMP_0264,2025-04,,0.0,0.0,1.0,
COMP_0264,2025-05,,0.0,0.0,0.0,
COMP_0264,2025-06,,0.0,0.0,1.0,
COMP_0264,2025-07,,0.0,1.0,1.0,
COMP_0264,2025-08,,0.0,0.0,0.0,0.0
COMP_0264,2025-09,,0.0,0.0,0.0,0.0
COMP_0264,2025-10,,0.0,0.0,0.0,0.0
COMP_0264,2025-11,,0.0,1.0,1.0,0.0
COMP_0264,2025-12,,0.0,0.0,0.0,0.0
COMP_0264,2026-01,,0.0,0.0,0.0,0.0
COMP_0264,2026-02,1.0,0.0,0.0,0.0,0.0
COMP_0264,2026-03,1.0,0.0,0.0,1.0,0.0
COMP_0264,2026-04,,0.0,0.0,0.0,0.0
COMP_0264,2026-05,,0.0,0.0,0.0,0.0
COMP_0264,2026-06,,0.0,0.0,0.0,0.0
COMP_0264,2026-07,,0.0,1.0,1.0,0.0
COMP_0264,2026-08,,0.0,0.0,1.0,0.0
COMP_0265,2025-04,,0.0,0.0,0.0,
COMP_0265,2025-05,,0.0,0.0,0.0,
COMP_0265,2025-06,,0.0,0.0,0.0,
COMP_0265,2025-07,,0.0,0.0,0.0,
COMP_0265,2025-08,,0.0,0.0,0.0,
COMP_0265,2025-09,,0.0,0.0,0.0,
COMP_0265,2025-10,0.0,0.0,0.0,0.0,0.0
COMP_0265,2025-11,0.0,0.0,0.0,1.0,0.0
COMP_0265,2025-12,0.0,0.0,0.0,0.0,0.0
COMP_0265,2026-01,0.0,0.0,0.0,0.0,0.0
COMP_0265,2026-02,0.0,0.0,0.0,0.0,0.0
COMP_0265,2026-03,0.0,0.0,0.0,1.0,0.0
COMP_0265,2026-04,0.0,0.0,0.0,1.0,0.0
COMP_0265,2026-05,0.0,0.0,0.0,1.0,0.0
COMP_0265,2026-06,0.0,0.0,0.0,1.0,0.0
COMP_0265,2026-07,0.0,0.0,0.0,0.0,0.0
COMP_0265,2026-08,0.0,1.0,0.0,0.0,0.0
COMP_0266,2025-02,,,0.0,0.0,
COMP_0266,2025-03,,,0.0,1.0,
COMP_0266,2025-04,,,0.0,0.0,
COMP_0266,2025-05,,,0.0,1.0,
COMP_0266,2025-06,,,0.0,0.0,
COMP_0266,2025-07,,,0.0,1.0,
COMP_0266,2025-08,0.0,,0.0,1.0,0.0
COMP_0266,2025-09,1.0,,0.0,1.0,0.0
COMP_0266,2025-10,,,0.0,0.0,0.0
COMP_0266,2025-11,0.0,,0.0,0.0,0.0
COMP_0266,2025-12,0.0,,0.0,0.0,0.0
COMP_0266,2026-01,0.0,,0.0,0.0,0.0
COMP_0266,2026-02,0.0,,0.0,0.0,0.0
COMP_0266,2026-03,0.0,,0.0,0.0,0.0
COMP_0266,2026-04,0.0,,0.0,0.0,0.0
COMP_0266,2026-05,0.0,,0.0,1.0,0.0
COMP_0266,2026-06,0.0,,0.0,0.0,0.0
COMP_0266,2026-07,0.0,,0.0,1.0,0.0
COMP_0266,2026-08,1.0,,0.0,0.0,0.0
COMP_0267,2025-02,,0.0,0.0,0.0,
COMP_0267,2025-03,,0.0,0.0,0.0,
COMP_0267,2025-04,,0.0,0.0,0.0,
COMP_0267,2025-05,,0.0,0.0,0.0,
COMP_0267,2025-06,,0.0,0.0,0.0,
COMP_0267,2025-07,,0.0,0.0,0.0,
COMP_0267,2025-08,1.0,1.0,0.0,0.0,0.0
COMP_0267,2025-09,0.0,1.0,0.0,1.0,0.0
COMP_0267,2025-10,0.0,1.0,0.0,1.0,0.0
COMP_0267,2025-11,0.0,1.0,0.0,1.0,0.0
COMP_0267,2025-12,1.0,1.0,0.0,1.0,0.0
COMP_0267,2026-01,0.0,1.0,0.0,1.0,0.0
COMP_0267,2026-02,1.0,1.0,0.0,1.0,0.0
COMP_0267,2026-03,1.0,1.0,0.0,1.0,0.0
COMP_0267,2026-04,0.0,1.0,0.0,1.0,0.0
COMP_0267,2026-05,0.0,1.0,0.0,1.0,0.0
COMP_0267,2026-06,0.0,1.0,0.0,1.0,0.0
COMP_0267,2026-07,0.0,0.0,0.0,1.0,0.0
COMP_0267,2026-08,0.0,0.0,0.0,1.0,0.0
COMP_0268,2025-02,,0.0,0.0,1.0,
COMP_0268,2025-03,,0.0,0.0,1.0,
COMP_0268,2025-04,,0.0,0.0,0.0,
COMP_0268,2025-05,,0.0,0.0,0.0,
COMP_0268,2025-06,,0.0,0.0,1.0,
COMP_0268,2025-07,,0.0,0.0,1.0,
COMP_0268,2025-08,,0.0,0.0,1.0,0.0
COMP_0268,2025-09,,0.0,0.0,0.0,0.0
COMP_0268,2025-10,,0.0,0.0,0.0,0.0
COMP_0268,2025-11,,0.0,0.0,0.0,0.0
COMP_0268,2025-12,,1.0,0.0,0.0,0.0
COMP_0268,2026-01,,1.0,0.0,0.0,0.0
COMP_0268,2026-02,,1.0,0.0,1.0,0.0
COMP_0268,2026-03,,1.0,0.0,0.0,0.0
COMP_0268,2026-04,,1.0,0.0,0.0,0.0
COMP_0268,2026-05,,1.0,0.0,1.0,0.0
COMP_0268,2026-06,,0.0,0.0,1.0,0.0
COMP_0268,2026-07,,1.0,0.0,1.0,0.0
COMP_0268,2026-08,,1.0,0.0,1.0,0.0
COMP_0269,2025-05,,0.0,0.0,0.0,
COMP_0269,2025-06,,0.0,0.0,0.0,
COMP_0269,2025-07,,0.0,0.0,0.0,
COMP_0269,2025-08,,0.0,0.0,0.0,
COMP_0269,2025-09,,1.0,0.0,0.0,
COMP_0269,2025-10,,1.0,0.0,0.0,
COMP_0269,2025-11,,1.0,0.0,0.0,
COMP_0269,2025-12,,,0.0,,
COMP_0269,2026-01,,,0.0,,
COMP_0269,2026-02,,,0.0,,
COMP_0269,2026-03,,,0.0,,
COMP_0269,2026-04,,,0.0,,
COMP_0269,2026-05,,,0.0,,
COMP_0269,2026-06,,,0.0,,
COMP_0269,2026-07,,,0.0,,
COMP_0269,2026-08,,,0.0,,
COMP_0270,2026-08,,0.0,0.0,0.0,
COMP_0271,2026-07,,,0.0,0.0,
COMP_0271,2026-08,,,0.0,0.0,
COMP_0272,2026-07,,,0.0,1.0,
COMP_0272,2026-08,,,0.0,1.0,
COMP_0273,2025-02,,0.0,0.0,1.0,
COMP_0273,2025-03,,0.0,0.0,1.0,
COMP_0273,2025-04,,0.0,0.0,1.0,
COMP_0273,2025-05,,0.0,0.0,0.0,
COMP_0273,2025-06,,0.0,0.0,0.0,
COMP_0273,2025-07,,0.0,0.0,1.0,
COMP_0273,2025-08,,1.0,0.0,1.0,0.0
COMP_0273,2025-09,,1.0,0.0,1.0,0.0
COMP_0273,2025-10,,1.0,0.0,1.0,0.0
COMP_0273,2025-11,,0.0,0.0,1.0,0.0
COMP_0273,2025-12,,0.0,0.0,1.0,0.0
COMP_0273,2026-01,,0.0,0.0,1.0,0.0
COMP_0273,2026-02,,1.0,0.0,1.0,0.0
COMP_0273,2026-03,,1.0,0.0,1.0,0.0
COMP_0273,2026-04,,1.0,0.0,0.0,0.0
COMP_0273,2026-05,1.0,1.0,0.0,0.0,0.0
COMP_0273,2026-06,,0.0,0.0,0.0,0.0
COMP_0273,2026-07,,0.0,0.0,1.0,0.0
COMP_0273,2026-08,,0.0,0.0,1.0,0.0
COMP_0274,2025-05,,,0.0,0.0,
COMP_0274,2025-06,,,0.0,0.0,
COMP_0274,2025-07,,,0.0,0.0,
COMP_0274,2025-08,,,0.0,0.0,
COMP_0274,2025-09,,,0.0,0.0,
COMP_0274,2025-10,,,0.0,0.0,
COMP_0274,2025-11,,,0.0,0.0,0.0
COMP_0274,2025-12,,,0.0,0.0,0.0
COMP_0274,2026-01,,,0.0,0.0,0.0
COMP_0274,2026-02,,,0.0,0.0,0.0
COMP_0274,2026-03,,,0.0,0.0,0.0
COMP_0274,2026-04,,,0.0,0.0,1.0
COMP_0274,2026-05,,,0.0,0.0,0.0
COMP_0274,2026-06,,,0.0,0.0,0.0
COMP_0274,2026-07,,,0.0,0.0,1.0
COMP_0274,2026-08,,,0.0,0.0,0.0
COMP_0275,2026-05,,0.0,1.0,0.0,
COMP_0275,2026-06,,0.0,0.0,0.0,
COMP_0275,2026-07,,0.0,0.0,0.0,
COMP_0275,2026-08,,1.0,0.0,0.0,
COMP_0276,2026-06,,,0.0,0.0,
COMP_0276,2026-07,,,0.0,1.0,
COMP_0276,2026-08,,,0.0,1.0,
COMP_0277,2026-06,,,0.0,1.0,
COMP_0277,2026-07,,,0.0,1.0,
COMP_0277,2026-08,,,0.0,1.0,
COMP_0278,2025-02,,0.0,1.0,0.0,
COMP_0278,2025-03,,0.0,1.0,1.0,
COMP_0278,2025-04,,0.0,1.0,0.0,
COMP_0278,2025-05,,0.0,1.0,1.0,
COMP_0278,2025-06,,0.0,0.0,0.0,
COMP_0278,2025-07,,0.0,1.0,0.0,
COMP_0278,2025-08,,0.0,0.0,0.0,0.0
COMP_0278,2025-09,,0.0,0.0,0.0,0.0
COMP_0278,2025-10,,0.0,0.0,0.0,0.0
COMP_0278,2025-11,,0.0,0.0,0.0,0.0
COMP_0278,2025-12,,0.0,0.0,0.0,0.0
COMP_0278,2026-01,,0.0,0.0,1.0,0.0
COMP_0278,2026-02,1.0,1.0,0.0,0.0,0.0
COMP_0278,2026-03,0.0,1.0,0.0,1.0,0.0
COMP_0278,2026-04,0.0,1.0,0.0,0.0,0.0
COMP_0278,2026-05,0.0,1.0,0.0,0.0,0.0
COMP_0278,2026-06,1.0,1.0,0.0,1.0,0.0
COMP_0278,2026-07,,1.0,0.0,1.0,0.0
COMP_0278,2026-08,,1.0,0.0,1.0,0.0
COMP_0279,2025-02,,1.0,0.0,1.0,
COMP_0279,2025-03,,0.0,0.0,0.0,
COMP_0279,2025-04,,0.0,0.0,1.0,
COMP_0279,2025-05,,0.0,0.0,1.0,
COMP_0279,2025-06,,0.0,0.0,1.0,
COMP_0279,2025-07,,1.0,0.0,1.0,
COMP_0279,2025-08,,0.0,0.0,1.0,0.0
COMP_0279,2025-09,,1.0,0.0,0.0,0.0
COMP_0279,2025-10,,1.0,0.0,0.0,0.0
COMP_0279,2025-11,,1.0,0.0,1.0,0.0
COMP_0279,2025-12,,0.0,0.0,1.0,0.0
COMP_0279,2026-01,,1.0,0.0,1.0,0.0
COMP_0279,2026-02,,1.0,0.0,0.0,0.0
COMP_0279,2026-03,,1.0,0.0,0.0,0.0
COMP_0279,2026-04,,1.0,0.0,0.0,0.0
COMP_0279,2026-05,,1.0,0.0,0.0,0.0
COMP_0279,2026-06,,1.0,0.0,0.0,0.0
COMP_0279,2026-07,,1.0,0.0,0.0,
COMP_0279,2026-08,,1.0,0.0,0.0,
COMP_0280,2026-06,,0.0,0.0,1.0,
COMP_0280,2026-07,,0.0,0.0,1.0,
COMP_0280,2026-08,,0.0,0.0,0.0,
COMP_0281,2025-12,,,0.0,0.0,
COMP_0281,2026-01,,,0.0,0.0,
COMP_0281,2026-02,,,0.0,0.0,
COMP_0281,2026-03,,,0.0,0.0,
COMP_0281,2026-04,,,0.0,0.0,
COMP_0281,2026-05,,,0.0,0.0,
COMP_0281,2026-06,0.0,,0.0,0.0,0.0
COMP_0281,2026-07,0.0,,0.0,0.0,0.0
COMP_0281,2026-08,0.0,,0.0,0.0,0.0
COMP_0282,2025-02,,,0.0,1.0,
COMP_0282,2025-03,,,0.0,1.0,
COMP_0282,2025-04,,,0.0,0.0,
COMP_0282,2025-05,,,0.0,0.0,
COMP_0282,2025-06,,,0.0,0.0,
COMP_0282,2025-07,,,0.0,0.0,
COMP_0282,2025-08,0.0,,0.0,0.0,0.0
COMP_0282,2025-09,0.0,,0.0,1.0,0.0
COMP_0282,2025-10,0.0,,0.0,1.0,0.0
COMP_0282,2025-11,0.0,,0.0,0.0,0.0
COMP_0282,2025-12,0.0,,0.0,0.0,0.0
COMP_0282,2026-01,0.0,,0.0,1.0,0.0
COMP_0282,2026-02,0.0,,0.0,0.0,0.0
COMP_0282,2026-03,0.0,,0.0,1.0,0.0
COMP_0282,2026-04,0.0,,0.0,0.0,0.0
COMP_0282,2026-05,0.0,,0.0,0.0,0.0
COMP_0282,2026-06,0.0,,0.0,0.0,0.0
COMP_0282,2026-07,0.0,,0.0,1.0,0.0
COMP_0282,2026-08,0.0,,0.0,1.0,0.0
COMP_0283,2026-06,,0.0,0.0,0.0,
COMP_0283,2026-07,,0.0,0.0,0.0,
COMP_0283,2026-08,,0.0,0.0,0.0,
COMP_0284,2025-02,,0.0,0.0,0.0,
COMP_0284,2025-03,,,0.0,,
COMP_0284,2025-04,,,0.0,,
COMP_0284,2025-05,,,0.0,,
COMP_0284,2025-06,,0.0,0.0,0.0,
COMP_0284,2025-07,,1.0,0.0,0.0,
COMP_0284,2025-08,,1.0,0.0,0.0,
COMP_0284,2025-09,,1.0,0.0,0.0,0.0
COMP_0284,2025-10,,1.0,0.0,0.0,
COMP_0284,2025-11,,0.0,0.0,0.0,
COMP_0284,2025-12,,,0.0,,
COMP_0284,2026-01,,,0.0,,
COMP_0284,2026-02,,0.0,0.0,0.0,0.0
COMP_0284,2026-03,,0.0,0.0,0.0,0.0
COMP_0284,2026-04,,0.0,0.0,0.0,0.0
COMP_0284,2026-05,,0.0,0.0,0.0,0.0
COMP_0284,2026-06,,0.0,0.0,0.0,0.0
COMP_0284,2026-07,,1.0,0.0,0.0,0.0
COMP_0284,2026-08,,0.0,0.0,0.0,0.0
COMP_0285,2025-02,,,0.0,0.0,
COMP_0285,2025-03,,,0.0,0.0,
COMP_0285,2025-04,,,0.0,,
COMP_0285,2025-05,,,0.0,0.0,
COMP_0285,2025-06,,,0.0,0.0,
COMP_0285,2025-07,,,0.0,0.0,
COMP_0285,2025-08,,,0.0,0.0,0.0
COMP_0285,2025-09,,,0.0,1.0,0.0
COMP_0285,2025-10,,,0.0,1.0,0.0
COMP_0285,2025-11,,,0.0,1.0,0.0
COMP_0285,2025-12,,,0.0,0.0,0.0
COMP_0285,2026-01,,,0.0,0.0,0.0
COMP_0285,2026-02,,,0.0,0.0,0.0
COMP_0285,2026-03,,,0.0,1.0,0.0
COMP_0285,2026-04,,,0.0,1.0,0.0
COMP_0285,2026-05,,,0.0,1.0,0.0
COMP_0285,2026-06,,,0.0,1.0,
COMP_0285,2026-07,,,0.0,0.0,0.0
COMP_0285,2026-08,,,0.0,0.0,0.0
COMP_0286,2026-08,,0.0,1.0,1.0,
COMP_0287,2025-02,,1.0,0.0,0.0,
COMP_0287,2025-03,,1.0,0.0,0.0,
COMP_0287,2025-04,,1.0,0.0,1.0,
COMP_0287,2025-05,,1.0,1.0,1.0,
COMP_0287,2025-06,,0.0,1.0,1.0,
COMP_0287,2025-07,,0.0,0.0,0.0,
COMP_0287,2025-08,,0.0,0.0,0.0,0.0
COMP_0287,2025-09,,0.0,0.0,0.0,0.0
COMP_0287,2025-10,,0.0,0.0,0.0,1.0
COMP_0287,2025-11,,0.0,0.0,0.0,0.0
COMP_0287,2025-12,,0.0,0.0,0.0,0.0
COMP_0287,2026-01,,0.0,0.0,0.0,1.0
COMP_0287,2026-02,,0.0,0.0,0.0,0.0
COMP_0287,2026-03,,0.0,0.0,0.0,0.0
COMP_0287,2026-04,,0.0,0.0,0.0,0.0
COMP_0287,2026-05,,0.0,0.0,1.0,0.0
COMP_0287,2026-06,,0.0,0.0,1.0,0.0
COMP_0287,2026-07,,0.0,0.0,1.0,0.0
COMP_0287,2026-08,,0.0,0.0,1.0,0.0
COMP_0288,2025-02,,,0.0,1.0,
COMP_0288,2025-03,,,0.0,1.0,
COMP_0288,2025-04,,,0.0,1.0,
COMP_0288,2025-05,,,0.0,0.0,
COMP_0288,2025-06,,,0.0,0.0,
COMP_0288,2025-07,,,0.0,0.0,
COMP_0288,2025-08,0.0,,0.0,0.0,0.0
COMP_0288,2025-09,1.0,,0.0,0.0,0.0
COMP_0288,2025-10,1.0,,0.0,0.0,0.0
COMP_0288,2025-11,1.0,,0.0,0.0,0.0
COMP_0288,2025-12,1.0,,0.0,0.0,
COMP_0288,2026-01,,,0.0,0.0,
COMP_0288,2026-02,,,0.0,,
COMP_0288,2026-03,,,0.0,,
COMP_0288,2026-04,,,0.0,,
COMP_0288,2026-05,,,0.0,,
COMP_0288,2026-06,,,0.0,,
COMP_0288,2026-07,,,0.0,,
COMP_0288,2026-08,,,0.0,,
COMP_0289,2025-02,,0.0,0.0,0.0,
COMP_0289,2025-03,,0.0,0.0,0.0,
COMP_0289,2025-04,,0.0,0.0,0.0,
COMP_0289,2025-05,,0.0,0.0,0.0,
COMP_0289,2025-06,,1.0,0.0,0.0,
COMP_0289,2025-07,,1.0,0.0,0.0,
COMP_0289,2025-08,0.0,1.0,0.0,0.0,0.0
COMP_0289,2025-09,1.0,0.0,0.0,0.0,0.0
COMP_0289,2025-10,0.0,0.0,0.0,0.0,0.0
COMP_0289,2025-11,0.0,0.0,0.0,0.0,0.0
COMP_0289,2025-12,0.0,0.0,0.0,0.0,0.0
COMP_0289,2026-01,0.0,0.0,0.0,0.0,0.0
COMP_0289,2026-02,1.0,0.0,0.0,0.0,0.0
COMP_0289,2026-03,0.0,0.0,0.0,0.0,0.0
COMP_0289,2026-04,0.0,0.0,0.0,0.0,0.0
COMP_0289,2026-05,0.0,0.0,0.0,0.0,0.0
COMP_0289,2026-06,0.0,0.0,0.0,0.0,0.0
COMP_0289,2026-07,0.0,0.0,0.0,0.0,0.0
COMP_0289,2026-08,0.0,0.0,0.0,0.0,0.0
COMP_0290,2025-12,,0.0,0.0,0.0,
COMP_0290,2026-01,,0.0,0.0,0.0,
COMP_0290,2026-02,,0.0,0.0,0.0,
COMP_0290,2026-03,,0.0,0.0,0.0,
COMP_0290,2026-04,,0.0,0.0,0.0,
COMP_0290,2026-05,,0.0,0.0,0.0,
COMP_0290,2026-06,0.0,0.0,0.0,1.0,0.0
COMP_0290,2026-07,0.0,0.0,0.0,1.0,0.0
COMP_0290,2026-08,0.0,0.0,0.0,1.0,0.0
COMP_0291,2026-06,,0.0,0.0,0.0,
COMP_0291,2026-07,,0.0,0.0,0.0,
COMP_0291,2026-08,,0.0,0.0,0.0,
COMP_0292,2026-06,,,0.0,1.0,
COMP_0292,2026-07,,,0.0,0.0,
COMP_0292,2026-08,,,0.0,1.0,
COMP_0293,2025-02,,0.0,0.0,0.0,
COMP_0293,2025-03,,0.0,0.0,0.0,
COMP_0293,2025-04,,0.0,0.0,0.0,
COMP_0293,2025-05,,0.0,0.0,0.0,
COMP_0293,2025-06,,0.0,0.0,0.0,
COMP_0293,2025-07,,0.0,0.0,0.0,
COMP_0293,2025-08,,0.0,0.0,0.0,0.0
COMP_0293,2025-09,,0.0,0.0,1.0,0.0
COMP_0293,2025-10,,0.0,0.0,1.0,0.0
COMP_0293,2025-11,,0.0,0.0,1.0,0.0
COMP_0293,2025-12,,0.0,0.0,1.0,0.0
COMP_0293,2026-01,,0.0,0.0,1.0,0.0
COMP_0293,2026-02,0.0,0.0,0.0,1.0,0.0
COMP_0293,2026-03,0.0,0.0,0.0,1.0,0.0
COMP_0293,2026-04,1.0,0.0,0.0,1.0,0.0
COMP_0293,2026-05,1.0,0.0,0.0,1.0,0.0
COMP_0293,2026-06,,0.0,0.0,1.0,0.0
COMP_0293,2026-07,,0.0,0.0,1.0,0.0
COMP_0293,2026-08,,0.0,0.0,1.0,0.0
COMP_0294,2025-07,,1.0,0.0,0.0,
COMP_0294,2025-08,,1.0,0.0,0.0,
COMP_0294,2025-09,,0.0,0.0,0.0,
COMP_0294,2025-10,,0.0,0.0,0.0,
COMP_0294,2025-11,,0.0,0.0,0.0,
COMP_0294,2025-12,,0.0,0.0,0.0,
COMP_0294,2026-01,,0.0,0.0,0.0,0.0
COMP_0294,2026-02,,0.0,0.0,0.0,
COMP_0294,2026-03,,0.0,0.0,0.0,0.0
COMP_0294,2026-04,,0.0,0.0,0.0,1.0
COMP_0294,2026-05,,0.0,0.0,0.0,0.0
COMP_0294,2026-06,,0.0,0.0,0.0,
COMP_0294,2026-07,,0.0,0.0,0.0,1.0
COMP_0294,2026-08,,0.0,0.0,0.0,0.0
COMP_0295,2026-07,,0.0,0.0,0.0,
COMP_0295,2026-08,,0.0,0.0,1.0,
COMP_0296,2025-12,,,1.0,1.0,
COMP_0296,2026-01,,,1.0,0.0,
COMP_0296,2026-02,,,0.0,0.0,
COMP_0296,2026-03,,,0.0,0.0,
COMP_0296,2026-04,,,0.0,1.0,
COMP_0296,2026-05,,,0.0,1.0,
COMP_0296,2026-06,0.0,,1.0,0.0,0.0
COMP_0296,2026-07,1.0,,0.0,0.0,0.0
COMP_0296,2026-08,1.0,,0.0,0.0,0.0
COMP_0297,2026-07,,,0.0,0.0,
COMP_0297,2026-08,,,0.0,1.0,
COMP_0298,2025-07,,,0.0,0.0,
COMP_0298,2025-08,,,0.0,0.0,
COMP_0298,2025-09,,,0.0,0.0,
COMP_0298,2025-10,,,0.0,0.0,
COMP_0298,2025-11,,,0.0,0.0,
COMP_0298,2025-12,,,0.0,0.0,
COMP_0298,2026-01,0.0,,0.0,0.0,0.0
COMP_0298,2026-02,0.0,,0.0,0.0,0.0
COMP_0298,2026-03,0.0,,0.0,0.0,0.0
COMP_0298,2026-04,0.0,,0.0,0.0,0.0
COMP_0298,2026-05,0.0,,0.0,0.0,0.0
COMP_0298,2026-06,0.0,,0.0,0.0,0.0
COMP_0298,2026-07,0.0,,0.0,0.0,0.0
COMP_0298,2026-08,0.0,,0.0,0.0,0.0
COMP_0299,2026-01,,,1.0,0.0,
COMP_0299,2026-02,,,1.0,0.0,
COMP_0299,2026-03,,,1.0,0.0,
COMP_0299,2026-04,,,0.0,0.0,
COMP_0299,2026-05,,,0.0,0.0,
COMP_0299,2026-06,,,0.0,0.0,
COMP_0299,2026-07,,,0.0,1.0,0.0
COMP_0299,2026-08,,,0.0,1.0,0.0
COMP_0300,2026-05,,0.0,0.0,1.0,
COMP_0300,2026-06,,0.0,0.0,1.0,
COMP_0300,2026-07,,0.0,0.0,1.0,
COMP_0300,2026-08,,0.0,0.0,1.0,
COMP_0301,2026-03,,,0.0,0.0,
COMP_0301,2026-04,,,0.0,0.0,
COMP_0301,2026-05,,,0.0,0.0,
COMP_0301,2026-06,,,0.0,0.0,
COMP_0301,2026-07,,,0.0,0.0,
COMP_0301,2026-08,,,0.0,0.0,
COMP_0302,2026-07,,,0.0,0.0,
COMP_0302,2026-08,,,0.0,0.0,
COMP_0303,2026-06,,,1.0,1.0,
COMP_0303,2026-07,,,1.0,1.0,
COMP_0303,2026-08,,,1.0,1.0,
COMP_0304,2025-12,,,0.0,0.0,
COMP_0304,2026-01,,,0.0,0.0,
COMP_0304,2026-02,,,0.0,1.0,
COMP_0304,2026-03,,,0.0,0.0,
COMP_0304,2026-04,,,0.0,0.0,
COMP_0304,2026-05,,,0.0,0.0,
COMP_0304,2026-06,0.0,,0.0,0.0,0.0
COMP_0304,2026-07,0.0,,0.0,0.0,0.0
COMP_0304,2026-08,0.0,,0.0,0.0,0.0
COMP_0305,2026-04,,,0.0,1.0,
COMP_0305,2026-05,,,0.0,1.0,
COMP_0305,2026-06,,,0.0,0.0,
COMP_0305,2026-07,,,0.0,1.0,
COMP_0305,2026-08,,,0.0,0.0,
COMP_0306,2025-05,,0.0,,,
COMP_0306,2025-06,,0.0,,,
COMP_0306,2025-07,,0.0,,,
COMP_0306,2025-08,,0.0,,,
COMP_0306,2025-09,,0.0,,,
COMP_0306,2025-10,,0.0,,,
COMP_0306,2025-11,0.0,0.0,,,0.0
COMP_0306,2025-12,0.0,0.0,,,0.0
COMP_0306,2026-01,0.0,0.0,,,0.0
COMP_0306,2026-02,0.0,0.0,,,1.0
COMP_0306,2026-03,0.0,0.0,,,0.0
COMP_0306,2026-04,0.0,0.0,,,1.0
COMP_0306,2026-05,0.0,0.0,,,0.0
COMP_0306,2026-06,0.0,0.0,,,0.0
COMP_0306,2026-07,0.0,0.0,,,0.0
COMP_0306,2026-08,1.0,0.0,,,0.0
COMP_0307,2025-02,,1.0,0.0,1.0,
COMP_0307,2025-03,,1.0,0.0,1.0,
COMP_0307,2025-04,,1.0,0.0,1.0,
COMP_0307,2025-05,,1.0,0.0,0.0,
COMP_0307,2025-06,,1.0,0.0,1.0,
COMP_0307,2025-07,,1.0,0.0,0.0,
COMP_0307,2025-08,,1.0,0.0,0.0,0.0
COMP_0307,2025-09,,1.0,0.0,0.0,0.0
COMP_0307,2025-10,,1.0,0.0,0.0,
COMP_0307,2025-11,,1.0,0.0,0.0,
COMP_0307,2025-12,,,0.0,,
COMP_0307,2026-01,,,0.0,,
COMP_0307,2026-02,,,0.0,,
COMP_0307,2026-03,,,0.0,,
COMP_0307,2026-04,,,0.0,,
COMP_0307,2026-05,,,0.0,,
COMP_0307,2026-06,,,0.0,,
COMP_0307,2026-07,,,0.0,,
COMP_0307,2026-08,,,0.0,,
COMP_0308,2025-02,,0.0,0.0,1.0,
COMP_0308,2025-03,,0.0,0.0,0.0,
COMP_0308,2025-04,,0.0,0.0,0.0,
COMP_0308,2025-05,,0.0,0.0,0.0,
COMP_0308,2025-06,,0.0,0.0,0.0,
COMP_0308,2025-07,,0.0,0.0,0.0,
COMP_0308,2025-08,0.0,0.0,0.0,0.0,0.0
COMP_0308,2025-09,0.0,0.0,0.0,0.0,0.0
COMP_0308,2025-10,0.0,1.0,0.0,0.0,0.0
COMP_0308,2025-11,0.0,1.0,0.0,0.0,0.0
COMP_0308,2025-12,0.0,1.0,0.0,0.0,0.0
COMP_0308,2026-01,0.0,0.0,0.0,0.0,0.0
COMP_0308,2026-02,0.0,0.0,0.0,0.0,0.0
COMP_0308,2026-03,0.0,1.0,0.0,0.0,0.0
COMP_0308,2026-04,0.0,1.0,0.0,0.0,0.0
COMP_0308,2026-05,0.0,1.0,0.0,0.0,0.0
COMP_0308,2026-06,0.0,1.0,0.0,0.0,0.0
COMP_0308,2026-07,0.0,0.0,0.0,0.0,0.0
COMP_0308,2026-08,0.0,0.0,0.0,0.0,0.0
COMP_0309,2025-02,,1.0,0.0,0.0,
COMP_0309,2025-03,,0.0,0.0,0.0,
COMP_0309,2025-04,,0.0,0.0,0.0,
COMP_0309,2025-05,,0.0,0.0,0.0,
COMP_0309,2025-06,,1.0,0.0,0.0,
COMP_0309,2025-07,,1.0,0.0,0.0,
COMP_0309,2025-08,0.0,1.0,0.0,0.0,0.0
COMP_0309,2025-09,0.0,1.0,0.0,0.0,0.0
COMP_0309,2025-10,0.0,1.0,0.0,0.0,0.0
COMP_0309,2025-11,0.0,1.0,0.0,0.0,0.0
COMP_0309,2025-12,0.0,1.0,0.0,0.0,0.0
COMP_0309,2026-01,0.0,1.0,0.0,0.0,0.0
COMP_0309,2026-02,0.0,1.0,0.0,0.0,0.0
COMP_0309,2026-03,0.0,1.0,0.0,0.0,0.0
COMP_0309,2026-04,0.0,1.0,0.0,0.0,0.0
COMP_0309,2026-05,0.0,1.0,0.0,0.0,0.0
COMP_0309,2026-06,0.0,1.0,0.0,0.0,0.0
COMP_0309,2026-07,0.0,1.0,0.0,0.0,0.0
COMP_0309,2026-08,0.0,1.0,0.0,0.0,0.0
COMP_0310,2025-02,,,1.0,1.0,
COMP_0310,2025-03,,,1.0,0.0,
COMP_0310,2025-04,,,1.0,0.0,
COMP_0310,2025-05,,,1.0,0.0,
COMP_0310,2025-06,,,1.0,1.0,
COMP_0310,2025-07,,,1.0,1.0,
COMP_0310,2025-08,,,1.0,0.0,0.0
COMP_0310,2025-09,,,1.0,0.0,
COMP_0310,2025-10,,,1.0,0.0,0.0
COMP_0310,2025-11,,,1.0,0.0,0.0
COMP_0310,2025-12,,,1.0,0.0,
COMP_0310,2026-01,,,1.0,0.0,
COMP_0310,2026-02,,,1.0,0.0,0.0
COMP_0310,2026-03,,,1.0,0.0,0.0
COMP_0310,2026-04,,,1.0,0.0,0.0
COMP_0310,2026-05,,,1.0,0.0,
COMP_0310,2026-06,,,1.0,0.0,0.0
COMP_0310,2026-07,,,1.0,0.0,
COMP_0310,2026-08,,,1.0,0.0,
COMP_0311,2026-01,,0.0,0.0,0.0,
COMP_0311,2026-02,,0.0,0.0,0.0,
COMP_0311,2026-03,,0.0,0.0,0.0,
COMP_0311,2026-04,,0.0,0.0,0.0,
COMP_0311,2026-05,,0.0,0.0,0.0,
COMP_0311,2026-06,,0.0,0.0,0.0,
COMP_0311,2026-07,,1.0,0.0,0.0,0.0
COMP_0311,2026-08,,1.0,0.0,0.0,0.0
COMP_0312,2026-05,,,,,
COMP_0312,2026-06,,,,,
COMP_0312,2026-07,,,,,
COMP_0312,2026-08,,,,,
COMP_0313,2025-02,,1.0,0.0,0.0,
COMP_0313,2025-03,,1.0,0.0,0.0,
COMP_0313,2025-04,,1.0,0.0,0.0,
COMP_0313,2025-05,,0.0,0.0,0.0,
COMP_0313,2025-06,,0.0,0.0,0.0,
COMP_0313,2025-07,,0.0,0.0,0.0,
COMP_0313,2025-08,0.0,0.0,0.0,0.0,0.0
COMP_0313,2025-09,0.0,0.0,0.0,0.0,0.0
COMP_0313,2025-10,0.0,0.0,0.0,0.0,0.0
COMP_0313,2025-11,0.0,0.0,0.0,1.0,0.0
COMP_0313,2025-12,0.0,0.0,0.0,1.0,0.0
COMP_0313,2026-01,0.0,0.0,0.0,1.0,0.0
COMP_0313,2026-02,0.0,0.0,0.0,1.0,0.0
COMP_0313,2026-03,0.0,0.0,0.0,1.0,0.0
COMP_0313,2026-04,0.0,1.0,0.0,0.0,0.0
COMP_0313,2026-05,0.0,1.0,0.0,0.0,0.0
COMP_0313,2026-06,1.0,0.0,0.0,0.0,0.0
COMP_0313,2026-07,1.0,0.0,0.0,0.0,0.0
COMP_0313,2026-08,,0.0,0.0,0.0,0.0
COMP_0314,2025-02,,1.0,0.0,0.0,
COMP_0314,2025-03,,1.0,0.0,0.0,
COMP_0314,2025-04,,1.0,0.0,0.0,
COMP_0314,2025-05,,1.0,0.0,1.0,
COMP_0314,2025-06,,1.0,0.0,0.0,
COMP_0314,2025-07,,0.0,0.0,0.0,
COMP_0314,2025-08,,0.0,0.0,0.0,0.0
COMP_0314,2025-09,,1.0,0.0,0.0,0.0
COMP_0314,2025-10,,1.0,0.0,0.0,0.0
COMP_0314,2025-11,,1.0,0.0,1.0,0.0
COMP_0314,2025-12,,0.0,0.0,0.0,0.0
COMP_0314,2026-01,,0.0,0.0,1.0,0.0
COMP_0314,2026-02,,0.0,0.0,0.0,0.0
COMP_0314,2026-03,,0.0,0.0,1.0,0.0
COMP_0314,2026-04,,0.0,0.0,1.0,0.0
COMP_0314,2026-05,,0.0,0.0,1.0,0.0
COMP_0314,2026-06,,1.0,0.0,0.0,0.0
COMP_0314,2026-07,,0.0,0.0,0.0,0.0
COMP_0314,2026-08,,0.0,0.0,0.0,0.0
COMP_0315,2025-06,,,0.0,1.0,
COMP_0315,2025-07,,,0.0,0.0,
COMP_0315,2025-08,,,0.0,0.0,
COMP_0315,2025-09,,,0.0,0.0,
COMP_0315,2025-10,,,0.0,0.0,
COMP_0315,2025-11,,,0.0,0.0,
COMP_0315,2025-12,,,0.0,0.0,0.0
COMP_0315,2026-01,,,0.0,0.0,0.0
COMP_0315,2026-02,,,0.0,0.0,0.0
COMP_0315,2026-03,,,0.0,0.0,0.0
COMP_0315,2026-04,,,0.0,0.0,0.0
COMP_0315,2026-05,,,0.0,0.0,0.0
COMP_0315,2026-06,,,0.0,0.0,0.0
COMP_0315,2026-07,,,0.0,0.0,0.0
COMP_0315,2026-08,,,0.0,0.0,0.0
COMP_0316,2025-02,,0.0,0.0,0.0,
COMP_0316,2025-03,,0.0,0.0,1.0,
COMP_0316,2025-04,,0.0,0.0,1.0,
COMP_0316,2025-05,,0.0,0.0,1.0,
COMP_0316,2025-06,,0.0,0.0,1.0,
COMP_0316,2025-07,,0.0,0.0,1.0,
COMP_0316,2025-08,0.0,0.0,0.0,1.0,0.0
COMP_0316,2025-09,0.0,0.0,0.0,1.0,0.0
COMP_0316,2025-10,0.0,0.0,0.0,1.0,0.0
COMP_0316,2025-11,0.0,0.0,0.0,1.0,0.0
COMP_0316,2025-12,0.0,0.0,0.0,0.0,0.0
COMP_0316,2026-01,0.0,0.0,0.0,0.0,0.0
COMP_0316,2026-02,0.0,0.0,0.0,0.0,0.0
COMP_0316,2026-03,0.0,0.0,0.0,1.0,0.0
COMP_0316,2026-04,0.0,0.0,0.0,1.0,0.0
COMP_0316,2026-05,0.0,0.0,0.0,1.0,0.0
COMP_0316,2026-06,0.0,0.0,0.0,1.0,0.0
COMP_0316,2026-07,0.0,0.0,0.0,1.0,0.0
COMP_0316,2026-08,0.0,0.0,0.0,1.0,1.0
COMP_0317,2026-02,,,0.0,0.0,
COMP_0317,2026-03,,,0.0,0.0,
COMP_0317,2026-04,,,0.0,0.0,
COMP_0317,2026-05,,,0.0,0.0,
COMP_0317,2026-06,,,0.0,0.0,
COMP_0317,2026-07,,,0.0,0.0,
COMP_0317,2026-08,,,0.0,0.0,0.0
COMP_0318,2025-06,,0.0,0.0,0.0,
COMP_0318,2025-07,,0.0,0.0,0.0,
COMP_0318,2025-08,,0.0,0.0,0.0,
COMP_0318,2025-09,,0.0,0.0,0.0,
COMP_0318,2025-10,,0.0,0.0,0.0,
COMP_0318,2025-11,,0.0,0.0,1.0,
COMP_0318,2025-12,0.0,0.0,0.0,0.0,0.0
COMP_0318,2026-01,0.0,0.0,0.0,0.0,0.0
COMP_0318,2026-02,0.0,0.0,0.0,0.0,0.0
COMP_0318,2026-03,0.0,0.0,0.0,0.0,0.0
COMP_0318,2026-04,0.0,0.0,0.0,0.0,0.0
COMP_0318,2026-05,0.0,0.0,0.0,0.0,0.0
COMP_0318,2026-06,0.0,0.0,0.0,0.0,0.0
COMP_0318,2026-07,0.0,0.0,0.0,0.0,0.0
COMP_0318,2026-08,0.0,0.0,0.0,0.0,0.0
COMP_0319,2026-06,,,0.0,1.0,
COMP_0319,2026-07,,,0.0,0.0,
COMP_0319,2026-08,,,0.0,1.0,
COMP_0320,2026-07,,0.0,0.0,0.0,
COMP_0320,2026-08,,0.0,0.0,1.0,
COMP_0321,2025-02,,,0.0,0.0,
COMP_0321,2025-03,,,0.0,0.0,
COMP_0321,2025-04,,,0.0,0.0,
COMP_0321,2025-05,,,0.0,0.0,
COMP_0321,2025-06,,,0.0,0.0,
COMP_0321,2025-07,,,0.0,0.0,
COMP_0321,2025-08,0.0,,0.0,0.0,0.0
COMP_0321,2025-09,0.0,,0.0,0.0,0.0
COMP_0321,2025-10,0.0,,0.0,0.0,0.0
COMP_0321,2025-11,0.0,,0.0,0.0,0.0
COMP_0321,2025-12,0.0,,0.0,0.0,0.0
COMP_0321,2026-01,0.0,,0.0,0.0,0.0
COMP_0321,2026-02,0.0,,0.0,0.0,0.0
COMP_0321,2026-03,0.0,,0.0,0.0,0.0
COMP_0321,2026-04,0.0,,0.0,0.0,0.0
COMP_0321,2026-05,0.0,,0.0,0.0,0.0
COMP_0321,2026-06,0.0,,0.0,0.0,0.0
COMP_0321,2026-07,0.0,,0.0,0.0,0.0
COMP_0321,2026-08,0.0,,0.0,0.0,0.0
COMP_0322,2025-03,,0.0,0.0,0.0,
COMP_0322,2025-04,,0.0,0.0,0.0,
COMP_0322,2025-05,,0.0,0.0,0.0,
COMP_0322,2025-06,,0.0,0.0,0.0,
COMP_0322,2025-07,,0.0,0.0,0.0,
COMP_0322,2025-08,,0.0,0.0,0.0,
COMP_0322,2025-09,0.0,0.0,0.0,0.0,0.0
COMP_0322,2025-10,0.0,0.0,0.0,1.0,1.0
COMP_0322,2025-11,0.0,0.0,0.0,1.0,0.0
COMP_0322,2025-12,0.0,0.0,0.0,1.0,0.0
COMP_0322,2026-01,0.0,0.0,0.0,1.0,0.0
COMP_0322,2026-02,0.0,0.0,0.0,1.0,0.0
COMP_0322,2026-03,0.0,0.0,0.0,0.0,0.0
COMP_0322,2026-04,0.0,0.0,0.0,1.0,0.0
COMP_0322,2026-05,0.0,0.0,0.0,1.0,0.0
COMP_0322,2026-06,0.0,0.0,0.0,0.0,0.0
COMP_0322,2026-07,0.0,0.0,0.0,0.0,0.0
COMP_0322,2026-08,0.0,0.0,0.0,1.0,0.0
COMP_0323,2026-06,,1.0,0.0,0.0,
COMP_0323,2026-07,,1.0,0.0,0.0,
COMP_0323,2026-08,,1.0,0.0,0.0,
COMP_0324,2026-07,,,0.0,1.0,
COMP_0324,2026-08,,,0.0,1.0,
COMP_0325,2025-02,,0.0,0.0,0.0,
COMP_0325,2025-03,,0.0,0.0,0.0,
COMP_0325,2025-04,,0.0,0.0,0.0,
COMP_0325,2025-05,,0.0,0.0,0.0,
COMP_0325,2025-06,,0.0,0.0,0.0,
COMP_0325,2025-07,,0.0,0.0,0.0,
COMP_0325,2025-08,,0.0,0.0,0.0,0.0
COMP_0325,2025-09,,0.0,0.0,0.0,0.0
COMP_0325,2025-10,,0.0,0.0,0.0,0.0
COMP_0325,2025-11,,0.0,0.0,0.0,0.0
COMP_0325,2025-12,,0.0,0.0,0.0,0.0
COMP_0325,2026-01,,0.0,0.0,0.0,0.0
COMP_0325,2026-02,,0.0,0.0,0.0,0.0
COMP_0325,2026-03,,0.0,0.0,0.0,0.0
COMP_0325,2026-04,,0.0,0.0,0.0,0.0
COMP_0325,2026-05,,0.0,0.0,0.0,
COMP_0325,2026-06,,0.0,0.0,0.0,
COMP_0325,2026-07,,,0.0,,
COMP_0325,2026-08,,,0.0,,
COMP_0326,2025-08,,1.0,1.0,1.0,
COMP_0326,2025-09,,0.0,1.0,1.0,
COMP_0326,2025-10,,0.0,1.0,1.0,
COMP_0326,2025-11,,0.0,0.0,1.0,
COMP_0326,2025-12,,0.0,1.0,1.0,
COMP_0326,2026-01,,0.0,0.0,1.0,
COMP_0326,2026-02,,0.0,1.0,1.0,0.0
COMP_0326,2026-03,,0.0,1.0,1.0,0.0
COMP_0326,2026-04,,0.0,0.0,1.0,0.0
COMP_0326,2026-05,,0.0,1.0,1.0,0.0
COMP_0326,2026-06,,0.0,1.0,1.0,0.0
COMP_0326,2026-07,,1.0,1.0,1.0,0.0
COMP_0326,2026-08,,1.0,1.0,1.0,0.0
COMP_0327,2026-03,,,,,
COMP_0327,2026-04,,,,,
COMP_0327,2026-05,,,,,
COMP_0327,2026-06,,,,,
COMP_0327,2026-07,,,,,
COMP_0327,2026-08,,,,,
COMP_0328,2026-06,,0.0,0.0,0.0,
COMP_0328,2026-07,,0.0,0.0,0.0,
COMP_0328,2026-08,,0.0,0.0,0.0,
COMP_0329,2025-02,,,0.0,0.0,
COMP_0329,2025-03,,,0.0,0.0,
COMP_0329,2025-04,,,0.0,0.0,
COMP_0329,2025-05,,,0.0,0.0,
COMP_0329,2025-06,,,0.0,0.0,
COMP_0329,2025-07,,,0.0,0.0,
COMP_0329,2025-08,,,0.0,0.0,0.0
COMP_0329,2025-09,,,0.0,0.0,0.0
COMP_0329,2025-10,,,0.0,0.0,0.0
COMP_0329,2025-11,,,0.0,0.0,0.0
COMP_0329,2025-12,,,0.0,0.0,0.0
COMP_0329,2026-01,,,0.0,0.0,1.0
COMP_0329,2026-02,,,0.0,0.0,0.0
COMP_0329,2026-03,,,0.0,0.0,0.0
COMP_0329,2026-04,,,0.0,0.0,0.0
COMP_0329,2026-05,,,0.0,1.0,0.0
COMP_0329,2026-06,,,0.0,0.0,0.0
COMP_0329,2026-07,,,0.0,0.0,0.0
COMP_0329,2026-08,,,0.0,0.0,0.0
COMP_0330,2025-06,,0.0,0.0,0.0,
COMP_0330,2025-07,,0.0,0.0,0.0,
COMP_0330,2025-08,,0.0,0.0,0.0,
COMP_0330,2025-09,,0.0,0.0,0.0,
COMP_0330,2025-10,,0.0,0.0,0.0,
COMP_0330,2025-11,,0.0,0.0,0.0,
COMP_0330,2025-12,,0.0,0.0,0.0,0.0
COMP_0330,2026-01,,1.0,0.0,0.0,0.0
COMP_0330,2026-02,,1.0,0.0,0.0,0.0
COMP_0330,2026-03,,1.0,0.0,0.0,
COMP_0330,2026-04,,0.0,0.0,0.0,
COMP_0330,2026-05,,0.0,0.0,0.0,0.0
COMP_0330,2026-06,,0.0,0.0,0.0,0.0
COMP_0330,2026-07,,1.0,0.0,0.0,0.0
COMP_0330,2026-08,,1.0,0.0,0.0,0.0
COMP_0331,2025-02,,0.0,0.0,0.0,
COMP_0331,2025-03,,0.0,0.0,1.0,
COMP_0331,2025-04,,0.0,0.0,0.0,
COMP_0331,2025-05,,0.0,0.0,0.0,
COMP_0331,2025-06,,0.0,0.0,0.0,
COMP_0331,2025-07,,0.0,0.0,0.0,
COMP_0331,2025-08,,0.0,0.0,0.0,0.0
COMP_0331,2025-09,,0.0,0.0,0.0,
COMP_0331,2025-10,,0.0,0.0,1.0,0.0
COMP_0331,2025-11,,0.0,0.0,1.0,0.0
COMP_0331,2025-12,,0.0,0.0,1.0,
COMP_0331,2026-01,,0.0,0.0,0.0,0.0
COMP_0331,2026-02,,0.0,0.0,0.0,0.0
COMP_0331,2026-03,,0.0,0.0,0.0,
COMP_0331,2026-04,,0.0,0.0,0.0,
COMP_0331,2026-05,,0.0,0.0,0.0,0.0
COMP_0331,2026-06,,1.0,0.0,0.0,
COMP_0331,2026-07,,1.0,0.0,0.0,
COMP_0331,2026-08,,1.0,0.0,0.0,0.0
COMP_0332,2026-05,,0.0,0.0,0.0,
COMP_0332,2026-06,,0.0,0.0,0.0,
COMP_0332,2026-07,,0.0,0.0,0.0,
COMP_0332,2026-08,,0.0,0.0,0.0,
COMP_0333,2025-07,,0.0,0.0,1.0,
COMP_0333,2025-08,,0.0,0.0,1.0,
COMP_0333,2025-09,,0.0,0.0,1.0,
COMP_0333,2025-10,,,0.0,,
COMP_0333,2025-11,,0.0,0.0,0.0,
COMP_0333,2025-12,,0.0,0.0,0.0,
COMP_0333,2026-01,,0.0,0.0,0.0,0.0
COMP_0333,2026-02,,0.0,0.0,0.0,0.0
COMP_0333,2026-03,,0.0,0.0,0.0,
COMP_0333,2026-04,,0.0,0.0,0.0,
COMP_0333,2026-05,,0.0,0.0,0.0,0.0
COMP_0333,2026-06,,0.0,0.0,1.0,0.0
COMP_0333,2026-07,,0.0,0.0,1.0,0.0
COMP_0333,2026-08,,0.0,0.0,0.0,0.0
COMP_0334,2025-05,,,0.0,0.0,
COMP_0334,2025-06,,,0.0,1.0,
COMP_0334,2025-07,,,0.0,0.0,
COMP_0334,2025-08,,,0.0,1.0,
COMP_0334,2025-09,,,0.0,0.0,
COMP_0334,2025-10,,,0.0,1.0,
COMP_0334,2025-11,0.0,,0.0,0.0,0.0
COMP_0334,2025-12,0.0,,0.0,1.0,0.0
COMP_0334,2026-01,0.0,,0.0,0.0,0.0
COMP_0334,2026-02,0.0,,0.0,1.0,0.0
COMP_0334,2026-03,0.0,,0.0,0.0,0.0
COMP_0334,2026-04,0.0,,0.0,0.0,0.0
COMP_0334,2026-05,0.0,,0.0,0.0,0.0
COMP_0334,2026-06,1.0,,0.0,0.0,0.0
COMP_0334,2026-07,0.0,,0.0,0.0,0.0
COMP_0334,2026-08,0.0,,0.0,0.0,0.0
COMP_0335,2026-02,,,0.0,0.0,
COMP_0335,2026-03,,,0.0,1.0,
COMP_0335,2026-04,,,0.0,1.0,
COMP_0335,2026-05,,,0.0,0.0,
COMP_0335,2026-06,,,0.0,0.0,
COMP_0335,2026-07,,,0.0,0.0,
COMP_0335,2026-08,,,0.0,0.0,0.0
COMP_0336,2025-11,,1.0,0.0,0.0,
COMP_0336,2025-12,,0.0,0.0,0.0,
COMP_0336,2026-01,,0.0,0.0,0.0,
COMP_0336,2026-02,,0.0,0.0,0.0,
COMP_0336,2026-03,,0.0,0.0,0.0,
COMP_0336,2026-04,,1.0,0.0,1.0,
COMP_0336,2026-05,,1.0,0.0,1.0,1.0
COMP_0336,2026-06,,1.0,0.0,1.0,0.0
COMP_0336,2026-07,,1.0,0.0,1.0,0.0
COMP_0336,2026-08,,1.0,0.0,0.0,0.0
COMP_0337,2025-02,,1.0,0.0,0.0,
COMP_0337,2025-03,,1.0,0.0,0.0,
COMP_0337,2025-04,,1.0,0.0,0.0,
COMP_0337,2025-05,,1.0,0.0,0.0,
COMP_0337,2025-06,,1.0,0.0,0.0,
COMP_0337,2025-07,,1.0,0.0,0.0,
COMP_0337,2025-08,,1.0,0.0,0.0,0.0
COMP_0337,2025-09,,1.0,0.0,0.0,0.0
COMP_0337,2025-10,,1.0,0.0,0.0,0.0
COMP_0337,2025-11,,1.0,0.0,0.0,0.0
COMP_0337,2025-12,,1.0,0.0,0.0,0.0
COMP_0337,2026-01,,1.0,0.0,0.0,1.0
COMP_0337,2026-02,,1.0,0.0,0.0,
COMP_0337,2026-03,,1.0,0.0,0.0,
COMP_0337,2026-04,,0.0,0.0,0.0,0.0
COMP_0337,2026-05,,1.0,0.0,0.0,
COMP_0337,2026-06,,1.0,0.0,0.0,
COMP_0337,2026-07,,,0.0,,
COMP_0337,2026-08,,,0.0,,
COMP_0338,2025-06,,0.0,0.0,1.0,
COMP_0338,2025-07,,0.0,0.0,1.0,
COMP_0338,2025-08,,0.0,0.0,1.0,
COMP_0338,2025-09,,0.0,0.0,1.0,
COMP_0338,2025-10,,0.0,0.0,1.0,
COMP_0338,2025-11,,0.0,0.0,1.0,
COMP_0338,2025-12,0.0,0.0,0.0,1.0,0.0
COMP_0338,2026-01,0.0,0.0,0.0,1.0,0.0
COMP_0338,2026-02,0.0,0.0,0.0,1.0,0.0
COMP_0338,2026-03,0.0,0.0,0.0,1.0,0.0
COMP_0338,2026-04,0.0,0.0,0.0,1.0,0.0
COMP_0338,2026-05,0.0,0.0,0.0,1.0,0.0
COMP_0338,2026-06,0.0,1.0,0.0,1.0,0.0
COMP_0338,2026-07,0.0,1.0,0.0,1.0,0.0
COMP_0338,2026-08,0.0,0.0,0.0,1.0,0.0
COMP_0339,2025-10,,0.0,1.0,0.0,
COMP_0339,2025-11,,0.0,0.0,0.0,
COMP_0339,2025-12,,0.0,0.0,0.0,
COMP_0339,2026-01,,0.0,0.0,1.0,
COMP_0339,2026-02,,0.0,0.0,1.0,
COMP_0339,2026-03,,0.0,0.0,0.0,
COMP_0339,2026-04,,0.0,0.0,1.0,0.0
COMP_0339,2026-05,,0.0,0.0,1.0,0.0
COMP_0339,2026-06,,0.0,0.0,1.0,0.0
COMP_0339,2026-07,,0.0,0.0,1.0,0.0
COMP_0339,2026-08,,0.0,0.0,1.0,0.0
COMP_0340,2025-02,,0.0,0.0,0.0,
COMP_0340,2025-03,,0.0,0.0,0.0,
COMP_0340,2025-04,,0.0,0.0,1.0,
COMP_0340,2025-05,,0.0,0.0,0.0,
COMP_0340,2025-06,,0.0,0.0,1.0,
COMP_0340,2025-07,,0.0,0.0,1.0,
COMP_0340,2025-08,0.0,0.0,0.0,1.0,0.0
COMP_0340,2025-09,0.0,0.0,0.0,1.0,0.0
COMP_0340,2025-10,0.0,0.0,0.0,1.0,0.0
COMP_0340,2025-11,0.0,0.0,0.0,0.0,0.0
COMP_0340,2025-12,0.0,0.0,0.0,1.0,0.0
COMP_0340,2026-01,0.0,0.0,0.0,1.0,0.0
COMP_0340,2026-02,0.0,0.0,0.0,1.0,0.0
COMP_0340,2026-03,0.0,0.0,0.0,1.0,0.0
COMP_0340,2026-04,0.0,0.0,0.0,0.0,0.0
COMP_0340,2026-05,1.0,0.0,0.0,1.0,0.0
COMP_0340,2026-06,1.0,0.0,0.0,0.0,0.0
COMP_0340,2026-07,0.0,0.0,0.0,0.0,0.0
COMP_0340,2026-08,0.0,0.0,0.0,0.0,0.0
COMP_0341,2025-02,,0.0,0.0,0.0,
COMP_0341,2025-03,,0.0,0.0,0.0,
COMP_0341,2025-04,,0.0,0.0,0.0,
COMP_0341,2025-05,,0.0,0.0,0.0,
COMP_0341,2025-06,,0.0,0.0,0.0,
COMP_0341,2025-07,,0.0,0.0,0.0,
COMP_0341,2025-08,,0.0,0.0,0.0,0.0
COMP_0341,2025-09,,0.0,0.0,0.0,0.0
COMP_0341,2025-10,,0.0,0.0,0.0,0.0
COMP_0341,2025-11,,0.0,0.0,0.0,0.0
COMP_0341,2025-12,,0.0,0.0,0.0,0.0
COMP_0341,2026-01,,0.0,0.0,1.0,0.0
COMP_0341,2026-02,0.0,0.0,0.0,1.0,0.0
COMP_0341,2026-03,1.0,0.0,0.0,1.0,0.0
COMP_0341,2026-04,1.0,0.0,0.0,1.0,0.0
COMP_0341,2026-05,,0.0,0.0,1.0,0.0
COMP_0341,2026-06,,0.0,0.0,1.0,0.0
COMP_0341,2026-07,,0.0,0.0,1.0,0.0
COMP_0341,2026-08,,0.0,0.0,1.0,1.0
COMP_0342,2025-03,,0.0,0.0,0.0,
COMP_0342,2025-04,,0.0,0.0,0.0,
COMP_0342,2025-05,,1.0,0.0,1.0,
COMP_0342,2025-06,,1.0,0.0,1.0,
COMP_0342,2025-07,,1.0,0.0,0.0,
COMP_0342,2025-08,,1.0,0.0,0.0,
COMP_0342,2025-09,1.0,1.0,0.0,1.0,0.0
COMP_0342,2025-10,1.0,1.0,0.0,1.0,0.0
COMP_0342,2025-11,,1.0,0.0,1.0,0.0
COMP_0342,2025-12,,1.0,0.0,0.0,0.0
COMP_0342,2026-01,,1.0,0.0,0.0,
COMP_0342,2026-02,,1.0,0.0,0.0,
COMP_0342,2026-03,,,0.0,,
COMP_0342,2026-04,,,0.0,,
COMP_0342,2026-05,,,0.0,,
COMP_0342,2026-06,,,0.0,,
COMP_0342,2026-07,,,0.0,,
COMP_0342,2026-08,,,0.0,,
COMP_0343,2025-06,,0.0,0.0,0.0,
COMP_0343,2025-07,,0.0,0.0,0.0,
COMP_0343,2025-08,,0.0,0.0,0.0,
COMP_0343,2025-09,,0.0,0.0,0.0,
COMP_0343,2025-10,,1.0,0.0,0.0,
COMP_0343,2025-11,,1.0,0.0,0.0,
COMP_0343,2025-12,,1.0,0.0,0.0,
COMP_0343,2026-01,,,0.0,,
COMP_0343,2026-02,,,0.0,,
COMP_0343,2026-03,,,0.0,,
COMP_0343,2026-04,,,0.0,,
COMP_0343,2026-05,,,0.0,,
COMP_0343,2026-06,,,0.0,,
COMP_0343,2026-07,,,0.0,,
COMP_0343,2026-08,,,0.0,,
COMP_0344,2025-11,,0.0,0.0,0.0,
COMP_0344,2025-12,,0.0,0.0,0.0,
COMP_0344,2026-01,,0.0,0.0,0.0,
COMP_0344,2026-02,,0.0,0.0,1.0,
COMP_0344,2026-03,,0.0,0.0,0.0,
COMP_0344,2026-04,,0.0,0.0,1.0,
COMP_0344,2026-05,,0.0,0.0,1.0,0.0
COMP_0344,2026-06,,0.0,1.0,1.0,0.0
COMP_0344,2026-07,,0.0,1.0,1.0,0.0
COMP_0344,2026-08,,0.0,0.0,0.0,0.0
COMP_0345,2026-06,,0.0,0.0,0.0,
COMP_0345,2026-07,,0.0,0.0,1.0,
COMP_0345,2026-08,,0.0,0.0,1.0,
COMP_0346,2025-07,,0.0,0.0,0.0,
COMP_0346,2025-08,,0.0,0.0,0.0,
COMP_0346,2025-09,,0.0,0.0,0.0,
COMP_0346,2025-10,,0.0,0.0,0.0,
COMP_0346,2025-11,,0.0,0.0,0.0,
COMP_0346,2025-12,,0.0,0.0,0.0,
COMP_0346,2026-01,,0.0,0.0,0.0,0.0
COMP_0346,2026-02,,0.0,0.0,0.0,
COMP_0346,2026-03,,0.0,0.0,0.0,
COMP_0346,2026-04,,0.0,0.0,0.0,0.0
COMP_0346,2026-05,,0.0,0.0,0.0,
COMP_0346,2026-06,,0.0,0.0,0.0,0.0
COMP_0346,2026-07,,0.0,0.0,0.0,1.0
COMP_0346,2026-08,,1.0,0.0,0.0,0.0
COMP_0347,2026-01,,0.0,0.0,0.0,
COMP_0347,2026-02,,0.0,0.0,0.0,
COMP_0347,2026-03,,0.0,0.0,0.0,
COMP_0347,2026-04,,0.0,0.0,0.0,
COMP_0347,2026-05,,0.0,0.0,0.0,
COMP_0347,2026-06,,0.0,0.0,0.0,
COMP_0347,2026-07,0.0,0.0,0.0,0.0,0.0
COMP_0347,2026-08,0.0,0.0,0.0,0.0,0.0
COMP_0348,2026-07,,,0.0,1.0,
COMP_0348,2026-08,,,0.0,1.0,
COMP_0349,2025-02,,0.0,0.0,1.0,
COMP_0349,2025-03,,0.0,0.0,1.0,
COMP_0349,2025-04,,0.0,0.0,0.0,
COMP_0349,2025-05,,0.0,0.0,0.0,
COMP_0349,2025-06,,0.0,0.0,0.0,
COMP_0349,2025-07,,0.0,0.0,0.0,
COMP_0349,2025-08,,0.0,0.0,0.0,0.0
COMP_0349,2025-09,,0.0,0.0,0.0,0.0
COMP_0349,2025-10,,0.0,0.0,0.0,0.0
COMP_0349,2025-11,,0.0,0.0,0.0,0.0
COMP_0349,2025-12,,1.0,0.0,0.0,0.0
COMP_0349,2026-01,,1.0,0.0,0.0,0.0
COMP_0349,2026-02,,1.0,0.0,1.0,0.0
COMP_0349,2026-03,,0.0,0.0,1.0,0.0
COMP_0349,2026-04,,0.0,0.0,1.0,0.0
COMP_0349,2026-05,,1.0,0.0,1.0,0.0
COMP_0349,2026-06,,1.0,0.0,0.0,0.0
COMP_0349,2026-07,,1.0,0.0,0.0,0.0
COMP_0349,2026-08,,1.0,0.0,0.0,0.0
COMP_0350,2025-10,,1.0,1.0,0.0,
COMP_0350,2025-11,,1.0,1.0,0.0,
COMP_0350,2025-12,,1.0,1.0,1.0,
COMP_0350,2026-01,,1.0,1.0,0.0,
COMP_0350,2026-02,,1.0,1.0,0.0,
COMP_0350,2026-03,,1.0,0.0,0.0,
COMP_0350,2026-04,0.0,1.0,0.0,0.0,0.0
COMP_0350,2026-05,0.0,1.0,0.0,0.0,0.0
COMP_0350,2026-06,1.0,1.0,0.0,1.0,0.0
COMP_0350,2026-07,1.0,1.0,0.0,0.0,0.0
COMP_0350,2026-08,1.0,1.0,0.0,0.0,0.0
COMP_0351,2026-06,,,0.0,1.0,
COMP_0351,2026-07,,,0.0,0.0,
COMP_0351,2026-08,,,0.0,0.0,
COMP_0352,2026-05,,0.0,0.0,1.0,
COMP_0352,2026-06,,0.0,0.0,1.0,
COMP_0352,2026-07,,0.0,0.0,0.0,
COMP_0352,2026-08,,0.0,0.0,0.0,
COMP_0353,2026-05,,0.0,0.0,0.0,
COMP_0353,2026-06,,0.0,0.0,0.0,
COMP_0353,2026-07,,0.0,0.0,1.0,
COMP_0353,2026-08,,0.0,0.0,1.0,
COMP_0354,2025-02,,0.0,0.0,0.0,
COMP_0354,2025-03,,0.0,0.0,0.0,
COMP_0354,2025-04,,0.0,0.0,0.0,
COMP_0354,2025-05,,0.0,0.0,0.0,
COMP_0354,2025-06,,0.0,0.0,0.0,
COMP_0354,2025-07,,0.0,0.0,0.0,
COMP_0354,2025-08,0.0,0.0,0.0,0.0,0.0
COMP_0354,2025-09,0.0,0.0,0.0,0.0,0.0
COMP_0354,2025-10,0.0,0.0,0.0,0.0,0.0
COMP_0354,2025-11,1.0,0.0,0.0,0.0,0.0
COMP_0354,2025-12,0.0,0.0,0.0,0.0,0.0
COMP_0354,2026-01,0.0,0.0,0.0,0.0,0.0
COMP_0354,2026-02,0.0,0.0,0.0,0.0,0.0
COMP_0354,2026-03,0.0,0.0,0.0,0.0,0.0
COMP_0354,2026-04,0.0,0.0,0.0,1.0,0.0
COMP_0354,2026-05,0.0,0.0,0.0,0.0,0.0
COMP_0354,2026-06,0.0,0.0,0.0,0.0,0.0
COMP_0354,2026-07,0.0,0.0,0.0,0.0,0.0
COMP_0354,2026-08,0.0,0.0,0.0,0.0,0.0
COMP_0355,2026-06,,,0.0,0.0,
COMP_0355,2026-07,,,0.0,0.0,
COMP_0355,2026-08,,,0.0,0.0,
COMP_0356,2025-08,,,1.0,1.0,
COMP_0356,2025-09,,,1.0,1.0,
COMP_0356,2025-10,,,1.0,1.0,
COMP_0356,2025-11,,,1.0,1.0,
COMP_0356,2025-12,,,1.0,1.0,
COMP_0356,2026-01,,,1.0,1.0,
COMP_0356,2026-02,1.0,,1.0,1.0,0.0
COMP_0356,2026-03,0.0,,1.0,1.0,0.0
COMP_0356,2026-04,1.0,,1.0,1.0,0.0
COMP_0356,2026-05,0.0,,0.0,1.0,0.0
COMP_0356,2026-06,0.0,,0.0,1.0,0.0
COMP_0356,2026-07,0.0,,0.0,1.0,0.0
COMP_0356,2026-08,1.0,,0.0,1.0,0.0
COMP_0357,2025-02,,0.0,0.0,0.0,
COMP_0357,2025-03,,0.0,0.0,0.0,
COMP_0357,2025-04,,0.0,0.0,0.0,
COMP_0357,2025-05,,0.0,0.0,0.0,
COMP_0357,2025-06,,0.0,0.0,0.0,
COMP_0357,2025-07,,0.0,0.0,0.0,
COMP_0357,2025-08,1.0,0.0,0.0,0.0,0.0
COMP_0357,2025-09,1.0,0.0,0.0,0.0,0.0
COMP_0357,2025-10,0.0,0.0,0.0,0.0,0.0
COMP_0357,2025-11,0.0,0.0,0.0,0.0,0.0
COMP_0357,2025-12,0.0,0.0,0.0,0.0,0.0
COMP_0357,2026-01,0.0,0.0,0.0,0.0,0.0
COMP_0357,2026-02,0.0,0.0,0.0,0.0,0.0
COMP_0357,2026-03,0.0,0.0,0.0,0.0,0.0
COMP_0357,2026-04,0.0,0.0,0.0,0.0,0.0
COMP_0357,2026-05,0.0,0.0,0.0,0.0,0.0
COMP_0357,2026-06,0.0,0.0,0.0,0.0,0.0
COMP_0357,2026-07,0.0,0.0,0.0,0.0,0.0
COMP_0357,2026-08,1.0,0.0,0.0,0.0,0.0
COMP_0358,2025-12,,,0.0,0.0,
COMP_0358,2026-01,,,0.0,0.0,
COMP_0358,2026-02,,,0.0,0.0,
COMP_0358,2026-03,,,0.0,0.0,
COMP_0358,2026-04,,,0.0,0.0,
COMP_0358,2026-05,,,0.0,0.0,
COMP_0358,2026-06,0.0,,0.0,0.0,0.0
COMP_0358,2026-07,0.0,,0.0,0.0,0.0
COMP_0358,2026-08,1.0,,0.0,0.0,0.0
COMP_0359,2025-02,,0.0,0.0,0.0,
COMP_0359,2025-03,,0.0,0.0,0.0,
COMP_0359,2025-04,,0.0,0.0,0.0,
COMP_0359,2025-05,,0.0,0.0,1.0,
COMP_0359,2025-06,,0.0,0.0,0.0,
COMP_0359,2025-07,,0.0,0.0,1.0,
COMP_0359,2025-08,0.0,0.0,0.0,0.0,0.0
COMP_0359,2025-09,0.0,0.0,0.0,0.0,0.0
COMP_0359,2025-10,0.0,0.0,0.0,0.0,0.0
COMP_0359,2025-11,0.0,0.0,0.0,0.0,0.0
COMP_0359,2025-12,0.0,0.0,0.0,0.0,0.0
COMP_0359,2026-01,0.0,0.0,0.0,0.0,0.0
COMP_0359,2026-02,0.0,0.0,0.0,0.0,0.0
COMP_0359,2026-03,0.0,0.0,0.0,0.0,0.0
COMP_0359,2026-04,0.0,0.0,0.0,0.0,0.0
COMP_0359,2026-05,0.0,0.0,0.0,0.0,0.0
COMP_0359,2026-06,0.0,0.0,0.0,0.0,0.0
COMP_0359,2026-07,0.0,0.0,0.0,0.0,0.0
COMP_0359,2026-08,0.0,0.0,0.0,0.0,0.0
COMP_0360,2026-07,,,0.0,1.0,
COMP_0360,2026-08,,,0.0,1.0,
COMP_0361,2025-02,,0.0,0.0,1.0,
COMP_0361,2025-03,,0.0,1.0,1.0,
COMP_0361,2025-04,,1.0,0.0,0.0,
COMP_0361,2025-05,,0.0,0.0,1.0,
COMP_0361,2025-06,,0.0,0.0,1.0,
COMP_0361,2025-07,,0.0,0.0,1.0,
COMP_0361,2025-08,,0.0,0.0,1.0,0.0
COMP_0361,2025-09,,0.0,0.0,0.0,0.0
COMP_0361,2025-10,,0.0,0.0,1.0,0.0
COMP_0361,2025-11,,0.0,0.0,0.0,0.0
COMP_0361,2025-12,,0.0,0.0,1.0,0.0
COMP_0361,2026-01,,0.0,1.0,0.0,0.0
COMP_0361,2026-02,,0.0,0.0,1.0,0.0
COMP_0361,2026-03,,0.0,1.0,0.0,0.0
COMP_0361,2026-04,,0.0,0.0,0.0,0.0
COMP_0361,2026-05,,0.0,0.0,0.0,0.0
COMP_0361,2026-06,,0.0,0.0,0.0,0.0
COMP_0361,2026-07,,0.0,0.0,0.0,0.0
COMP_0361,2026-08,,0.0,0.0,0.0,0.0
COMP_0362,2025-02,,0.0,0.0,1.0,
COMP_0362,2025-03,,1.0,0.0,0.0,
COMP_0362,2025-04,,1.0,0.0,1.0,
COMP_0362,2025-05,,1.0,0.0,0.0,
COMP_0362,2025-06,,0.0,0.0,0.0,
COMP_0362,2025-07,,0.0,0.0,0.0,
COMP_0362,2025-08,0.0,0.0,0.0,1.0,0.0
COMP_0362,2025-09,0.0,0.0,0.0,1.0,0.0
COMP_0362,2025-10,0.0,0.0,0.0,1.0,0.0
COMP_0362,2025-11,0.0,0.0,0.0,0.0,0.0
COMP_0362,2025-12,0.0,0.0,0.0,0.0,0.0
COMP_0362,2026-01,0.0,0.0,0.0,0.0,0.0
COMP_0362,2026-02,0.0,0.0,0.0,1.0,0.0
COMP_0362,2026-03,0.0,0.0,0.0,0.0,0.0
COMP_0362,2026-04,0.0,0.0,0.0,0.0,0.0
COMP_0362,2026-05,0.0,0.0,0.0,0.0,0.0
COMP_0362,2026-06,0.0,0.0,0.0,0.0,0.0
COMP_0362,2026-07,0.0,0.0,0.0,1.0,0.0
COMP_0362,2026-08,0.0,0.0,0.0,1.0,0.0
COMP_0363,2025-02,,0.0,0.0,1.0,
COMP_0363,2025-03,,0.0,0.0,1.0,
COMP_0363,2025-04,,0.0,0.0,0.0,
COMP_0363,2025-05,,0.0,0.0,1.0,
COMP_0363,2025-06,,0.0,0.0,0.0,
COMP_0363,2025-07,,0.0,0.0,0.0,
COMP_0363,2025-08,0.0,0.0,0.0,0.0,0.0
COMP_0363,2025-09,0.0,0.0,0.0,1.0,0.0
COMP_0363,2025-10,0.0,0.0,0.0,1.0,0.0
COMP_0363,2025-11,0.0,0.0,0.0,1.0,0.0
COMP_0363,2025-12,0.0,0.0,0.0,1.0,0.0
COMP_0363,2026-01,0.0,0.0,0.0,0.0,0.0
COMP_0363,2026-02,0.0,0.0,0.0,1.0,0.0
COMP_0363,2026-03,0.0,0.0,0.0,0.0,0.0
COMP_0363,2026-04,0.0,0.0,0.0,0.0,0.0
COMP_0363,2026-05,0.0,0.0,0.0,1.0,0.0
COMP_0363,2026-06,0.0,0.0,0.0,1.0,0.0
COMP_0363,2026-07,0.0,0.0,0.0,1.0,0.0
COMP_0363,2026-08,0.0,0.0,0.0,0.0,0.0
COMP_0364,2026-02,,0.0,0.0,0.0,
COMP_0364,2026-03,,0.0,0.0,0.0,
COMP_0364,2026-04,,0.0,0.0,0.0,
COMP_0364,2026-05,,0.0,0.0,0.0,
COMP_0364,2026-06,,0.0,0.0,0.0,
COMP_0364,2026-07,,0.0,0.0,0.0,
COMP_0364,2026-08,0.0,0.0,0.0,0.0,1.0
COMP_0365,2026-05,,0.0,0.0,1.0,
COMP_0365,2026-06,,1.0,0.0,1.0,
COMP_0365,2026-07,,1.0,0.0,1.0,
COMP_0365,2026-08,,1.0,0.0,1.0,
COMP_0366,2026-06,,0.0,0.0,0.0,
COMP_0366,2026-07,,0.0,0.0,0.0,
COMP_0366,2026-08,,0.0,0.0,1.0,
COMP_0367,2025-02,,,0.0,0.0,
COMP_0367,2025-03,,,0.0,0.0,
COMP_0367,2025-04,,,0.0,0.0,
COMP_0367,2025-05,,,0.0,0.0,
COMP_0367,2025-06,,,0.0,0.0,
COMP_0367,2025-07,,,0.0,0.0,
COMP_0367,2025-08,,,0.0,0.0,0.0
COMP_0367,2025-09,,,0.0,0.0,0.0
COMP_0367,2025-10,,,0.0,0.0,0.0
COMP_0367,2025-11,,,0.0,0.0,0.0
COMP_0367,2025-12,,,0.0,0.0,0.0
COMP_0367,2026-01,,,0.0,0.0,0.0
COMP_0367,2026-02,,,0.0,0.0,0.0
COMP_0367,2026-03,,,0.0,0.0,0.0
COMP_0367,2026-04,,,0.0,0.0,0.0
COMP_0367,2026-05,,,0.0,0.0,0.0
COMP_0367,2026-06,,,0.0,0.0,0.0
COMP_0367,2026-07,,,0.0,0.0,0.0
COMP_0367,2026-08,,,0.0,0.0,0.0
COMP_0368,2025-02,,0.0,0.0,1.0,
COMP_0368,2025-03,,0.0,0.0,1.0,
COMP_0368,2025-04,,0.0,0.0,0.0,
COMP_0368,2025-05,,0.0,0.0,0.0,
COMP_0368,2025-06,,0.0,0.0,1.0,
COMP_0368,2025-07,,0.0,0.0,1.0,
COMP_0368,2025-08,0.0,0.0,0.0,0.0,0.0
COMP_0368,2025-09,0.0,0.0,0.0,0.0,0.0
COMP_0368,2025-10,0.0,0.0,0.0,1.0,0.0
COMP_0368,2025-11,0.0,0.0,0.0,1.0,0.0
COMP_0368,2025-12,0.0,0.0,0.0,1.0,0.0
COMP_0368,2026-01,0.0,0.0,0.0,1.0,0.0
COMP_0368,2026-02,0.0,0.0,0.0,1.0,0.0
COMP_0368,2026-03,0.0,0.0,0.0,1.0,0.0
COMP_0368,2026-04,0.0,0.0,0.0,1.0,0.0
COMP_0368,2026-05,0.0,0.0,0.0,1.0,0.0
COMP_0368,2026-06,0.0,0.0,0.0,1.0,0.0
COMP_0368,2026-07,0.0,0.0,0.0,1.0,0.0
COMP_0368,2026-08,0.0,0.0,0.0,1.0,0.0
COMP_0369,2026-07,,1.0,0.0,0.0,
COMP_0369,2026-08,,0.0,1.0,0.0,
COMP_0370,2026-04,,0.0,0.0,0.0,
COMP_0370,2026-05,,1.0,0.0,0.0,
COMP_0370,2026-06,,1.0,0.0,0.0,
COMP_0370,2026-07,,1.0,0.0,0.0,
COMP_0370,2026-08,,1.0,0.0,0.0,
COMP_0371,2026-06,,0.0,0.0,0.0,
COMP_0371,2026-07,,0.0,0.0,1.0,
COMP_0371,2026-08,,1.0,0.0,1.0,
COMP_0372,2026-05,,1.0,0.0,1.0,
COMP_0372,2026-06,,1.0,0.0,1.0,
COMP_0372,2026-07,,1.0,0.0,1.0,
COMP_0372,2026-08,,1.0,0.0,1.0,
COMP_0373,2026-04,,,0.0,0.0,
COMP_0373,2026-05,,,0.0,1.0,
COMP_0373,2026-06,,,0.0,0.0,
COMP_0373,2026-07,,,0.0,0.0,
COMP_0373,2026-08,,,0.0,0.0,
COMP_0374,2026-04,,,0.0,0.0,
COMP_0374,2026-05,,,0.0,0.0,
COMP_0374,2026-06,,,0.0,0.0,
COMP_0374,2026-07,,,0.0,0.0,
COMP_0374,2026-08,,,0.0,0.0,
COMP_0375,2025-12,,0.0,0.0,1.0,
COMP_0375,2026-01,,0.0,0.0,0.0,
COMP_0375,2026-02,,0.0,0.0,1.0,
COMP_0375,2026-03,,0.0,0.0,0.0,
COMP_0375,2026-04,,0.0,0.0,1.0,
COMP_0375,2026-05,,0.0,0.0,0.0,
COMP_0375,2026-06,0.0,0.0,0.0,0.0,0.0
COMP_0375,2026-07,0.0,0.0,0.0,1.0,0.0
COMP_0375,2026-08,0.0,0.0,0.0,1.0,0.0
COMP_0376,2025-12,,0.0,0.0,0.0,
COMP_0376,2026-01,,0.0,0.0,0.0,
COMP_0376,2026-02,,0.0,0.0,0.0,
COMP_0376,2026-03,,1.0,0.0,0.0,
COMP_0376,2026-04,,0.0,0.0,0.0,
COMP_0376,2026-05,,0.0,0.0,0.0,
COMP_0376,2026-06,0.0,0.0,0.0,0.0,0.0
COMP_0376,2026-07,0.0,0.0,0.0,0.0,0.0
COMP_0376,2026-08,0.0,0.0,0.0,0.0,0.0
COMP_0377,2026-04,,,0.0,1.0,
COMP_0377,2026-05,,,0.0,0.0,
COMP_0377,2026-06,,,0.0,0.0,
COMP_0377,2026-07,,,0.0,0.0,
COMP_0377,2026-08,,,0.0,0.0,
COMP_0378,2026-05,,0.0,0.0,1.0,
COMP_0378,2026-06,,0.0,0.0,0.0,
COMP_0378,2026-07,,0.0,0.0,0.0,
COMP_0378,2026-08,,0.0,0.0,0.0,
COMP_0379,2025-02,,0.0,0.0,0.0,
COMP_0379,2025-03,,0.0,0.0,1.0,
COMP_0379,2025-04,,0.0,0.0,1.0,
COMP_0379,2025-05,,0.0,0.0,1.0,
COMP_0379,2025-06,,1.0,0.0,1.0,
COMP_0379,2025-07,,1.0,0.0,1.0,
COMP_0379,2025-08,,1.0,0.0,0.0,0.0
COMP_0379,2025-09,,1.0,0.0,0.0,0.0
COMP_0379,2025-10,,1.0,0.0,0.0,0.0
COMP_0379,2025-11,,1.0,0.0,1.0,0.0
COMP_0379,2025-12,,1.0,0.0,0.0,0.0
COMP_0379,2026-01,,1.0,0.0,0.0,0.0
COMP_0379,2026-02,,1.0,0.0,0.0,0.0
COMP_0379,2026-03,,1.0,0.0,0.0,0.0
COMP_0379,2026-04,,1.0,0.0,0.0,0.0
COMP_0379,2026-05,,1.0,0.0,0.0,
COMP_0379,2026-06,,1.0,0.0,0.0,
COMP_0379,2026-07,,,0.0,,
COMP_0379,2026-08,,,0.0,,
COMP_0380,2025-07,,0.0,0.0,0.0,
COMP_0380,2025-08,,0.0,0.0,0.0,
COMP_0380,2025-09,,0.0,0.0,0.0,
COMP_0380,2025-10,,0.0,0.0,0.0,
COMP_0380,2025-11,,0.0,0.0,0.0,
COMP_0380,2025-12,,0.0,0.0,0.0,
COMP_0380,2026-01,,,0.0,,
COMP_0380,2026-02,,,0.0,,
COMP_0380,2026-03,,,0.0,,
COMP_0380,2026-04,,,0.0,,
COMP_0380,2026-05,,0.0,0.0,0.0,0.0
COMP_0380,2026-06,,0.0,0.0,0.0,
COMP_0380,2026-07,,0.0,0.0,0.0,
COMP_0380,2026-08,,,0.0,,
COMP_0381,2025-03,,0.0,0.0,0.0,
COMP_0381,2025-04,,0.0,0.0,1.0,
COMP_0381,2025-05,,0.0,0.0,0.0,
COMP_0381,2025-06,,0.0,0.0,1.0,
COMP_0381,2025-07,,0.0,0.0,0.0,
COMP_0381,2025-08,,0.0,0.0,1.0,
COMP_0381,2025-09,0.0,1.0,0.0,0.0,0.0
COMP_0381,2025-10,0.0,1.0,0.0,0.0,0.0
COMP_0381,2025-11,0.0,1.0,0.0,0.0,0.0
COMP_0381,2025-12,0.0,1.0,0.0,1.0,0.0
COMP_0381,2026-01,0.0,0.0,0.0,0.0,0.0
COMP_0381,2026-02,0.0,1.0,0.0,0.0,0.0
COMP_0381,2026-03,0.0,1.0,0.0,0.0,0.0
COMP_0381,2026-04,0.0,1.0,0.0,1.0,0.0
COMP_0381,2026-05,0.0,1.0,0.0,1.0,0.0
COMP_0381,2026-06,0.0,1.0,0.0,1.0,0.0
COMP_0381,2026-07,0.0,1.0,0.0,0.0,0.0
COMP_0381,2026-08,0.0,1.0,0.0,0.0,0.0
COMP_0382,2025-09,,0.0,0.0,0.0,
COMP_0382,2025-10,,0.0,0.0,0.0,
COMP_0382,2025-11,,0.0,0.0,0.0,
COMP_0382,2025-12,,0.0,0.0,0.0,
COMP_0382,2026-01,,0.0,0.0,0.0,
COMP_0382,2026-02,,0.0,0.0,0.0,
COMP_0382,2026-03,,0.0,0.0,0.0,0.0
COMP_0382,2026-04,,0.0,0.0,0.0,0.0
COMP_0382,2026-05,,0.0,0.0,0.0,0.0
COMP_0382,2026-06,,0.0,0.0,0.0,0.0
COMP_0382,2026-07,,0.0,0.0,0.0,0.0
COMP_0382,2026-08,,0.0,0.0,0.0,0.0
COMP_0383,2025-02,,,0.0,0.0,
COMP_0383,2025-03,,,0.0,0.0,
COMP_0383,2025-04,,,0.0,0.0,
COMP_0383,2025-05,,,0.0,0.0,
COMP_0383,2025-06,,,0.0,0.0,
COMP_0383,2025-07,,,0.0,1.0,
COMP_0383,2025-08,0.0,,0.0,1.0,0.0
COMP_0383,2025-09,0.0,,0.0,1.0,0.0
COMP_0383,2025-10,0.0,,0.0,0.0,0.0
COMP_0383,2025-11,0.0,,0.0,1.0,0.0
COMP_0383,2025-12,0.0,,0.0,1.0,0.0
COMP_0383,2026-01,0.0,,0.0,1.0,0.0
COMP_0383,2026-02,0.0,,0.0,1.0,0.0
COMP_0383,2026-03,0.0,,0.0,0.0,0.0
COMP_0383,2026-04,0.0,,0.0,0.0,0.0
COMP_0383,2026-05,0.0,,0.0,1.0,0.0
COMP_0383,2026-06,0.0,,0.0,0.0,0.0
COMP_0383,2026-07,0.0,,0.0,0.0,0.0
COMP_0383,2026-08,0.0,,0.0,0.0,0.0
COMP_0384,2025-02,,0.0,0.0,0.0,
COMP_0384,2025-03,,0.0,0.0,0.0,
COMP_0384,2025-04,,0.0,0.0,0.0,
COMP_0384,2025-05,,0.0,0.0,0.0,
COMP_0384,2025-06,,0.0,0.0,0.0,
COMP_0384,2025-07,,0.0,0.0,1.0,
COMP_0384,2025-08,,0.0,0.0,1.0,0.0
COMP_0384,2025-09,,0.0,0.0,1.0,0.0
COMP_0384,2025-10,,0.0,0.0,0.0,0.0
COMP_0384,2025-11,,0.0,0.0,0.0,0.0
COMP_0384,2025-12,,0.0,0.0,0.0,0.0
COMP_0384,2026-01,,0.0,0.0,1.0,0.0
COMP_0384,2026-02,1.0,0.0,0.0,0.0,0.0
COMP_0384,2026-03,0.0,1.0,0.0,1.0,0.0
COMP_0384,2026-04,1.0,1.0,0.0,1.0,0.0
COMP_0384,2026-05,,1.0,0.0,1.0,0.0
COMP_0384,2026-06,,0.0,0.0,1.0,0.0
COMP_0384,2026-07,,0.0,0.0,0.0,0.0
COMP_0384,2026-08,,0.0,0.0,1.0,0.0
COMP_0385,2025-10,,,0.0,1.0,
COMP_0385,2025-11,,,0.0,0.0,
COMP_0385,2025-12,,,0.0,0.0,
COMP_0385,2026-01,,,0.0,0.0,
COMP_0385,2026-02,,,0.0,1.0,
COMP_0385,2026-03,,,0.0,0.0,
COMP_0385,2026-04,0.0,,0.0,1.0,0.0
COMP_0385,2026-05,0.0,,0.0,0.0,0.0
COMP_0385,2026-06,0.0,,0.0,0.0,0.0
COMP_0385,2026-07,0.0,,0.0,0.0,0.0
COMP_0385,2026-08,0.0,,0.0,0.0,0.0
COMP_0386,2025-12,,,0.0,1.0,
COMP_0386,2026-01,,,0.0,0.0,
COMP_0386,2026-02,,,0.0,0.0,
COMP_0386,2026-03,,,0.0,0.0,
COMP_0386,2026-04,,,0.0,0.0,
COMP_0386,2026-05,,,0.0,0.0,
COMP_0386,2026-06,,,0.0,0.0,0.0
COMP_0386,2026-07,,,0.0,1.0,0.0
COMP_0386,2026-08,,,0.0,0.0,0.0
COMP_0387,2025-06,,1.0,0.0,0.0,
COMP_0387,2025-07,,1.0,0.0,0.0,
COMP_0387,2025-08,,1.0,0.0,0.0,
COMP_0387,2025-09,,1.0,0.0,0.0,
COMP_0387,2025-10,,1.0,0.0,0.0,
COMP_0387,2025-11,,1.0,0.0,0.0,
COMP_0387,2025-12,1.0,1.0,0.0,0.0,0.0
COMP_0387,2026-01,0.0,0.0,0.0,0.0,0.0
COMP_0387,2026-02,0.0,0.0,0.0,0.0,0.0
COMP_0387,2026-03,0.0,0.0,0.0,0.0,0.0
COMP_0387,2026-04,0.0,0.0,0.0,0.0,0.0
COMP_0387,2026-05,0.0,0.0,0.0,0.0,0.0
COMP_0387,2026-06,0.0,0.0,0.0,0.0,0.0
COMP_0387,2026-07,0.0,0.0,0.0,0.0,0.0
COMP_0387,2026-08,0.0,1.0,0.0,0.0,0.0
COMP_0388,2025-02,,,0.0,0.0,
COMP_0388,2025-03,,,0.0,0.0,
COMP_0388,2025-04,,,0.0,0.0,
COMP_0388,2025-05,,,0.0,0.0,
COMP_0388,2025-06,,,0.0,0.0,
COMP_0388,2025-07,,,0.0,0.0,
COMP_0388,2025-08,0.0,,0.0,0.0,0.0
COMP_0388,2025-09,0.0,,0.0,0.0,0.0
COMP_0388,2025-10,0.0,,0.0,0.0,0.0
COMP_0388,2025-11,0.0,,0.0,0.0,0.0
COMP_0388,2025-12,0.0,,0.0,0.0,0.0
COMP_0388,2026-01,0.0,,0.0,0.0,0.0
COMP_0388,2026-02,0.0,,0.0,0.0,0.0
COMP_0388,2026-03,0.0,,0.0,0.0,0.0
COMP_0388,2026-04,0.0,,0.0,0.0,0.0
COMP_0388,2026-05,0.0,,0.0,1.0,0.0
COMP_0388,2026-06,0.0,,0.0,1.0,0.0
COMP_0388,2026-07,0.0,,0.0,0.0,0.0
COMP_0388,2026-08,0.0,,0.0,0.0,0.0
COMP_0389,2025-09,,,0.0,0.0,
COMP_0389,2025-10,,,0.0,0.0,
COMP_0389,2025-11,,,0.0,0.0,
COMP_0389,2025-12,,,0.0,0.0,
COMP_0389,2026-01,,,0.0,0.0,
COMP_0389,2026-02,,,0.0,0.0,
COMP_0389,2026-03,0.0,,0.0,0.0,0.0
COMP_0389,2026-04,0.0,,0.0,0.0,0.0
COMP_0389,2026-05,0.0,,0.0,0.0,0.0
COMP_0389,2026-06,0.0,,0.0,0.0,0.0
COMP_0389,2026-07,0.0,,0.0,0.0,0.0
COMP_0389,2026-08,0.0,,0.0,0.0,0.0
COMP_0390,2025-06,,,0.0,0.0,
COMP_0390,2025-07,,,0.0,0.0,
COMP_0390,2025-08,,,0.0,0.0,
COMP_0390,2025-09,,,0.0,0.0,
COMP_0390,2025-10,,,0.0,0.0,
COMP_0390,2025-11,,,0.0,0.0,
COMP_0390,2025-12,,,0.0,0.0,0.0
COMP_0390,2026-01,,,0.0,0.0,0.0
COMP_0390,2026-02,,,0.0,0.0,0.0
COMP_0390,2026-03,,,0.0,0.0,0.0
COMP_0390,2026-04,,,0.0,0.0,0.0
COMP_0390,2026-05,,,0.0,0.0,0.0
COMP_0390,2026-06,,,0.0,0.0,0.0
COMP_0390,2026-07,,,0.0,0.0,0.0
COMP_0390,2026-08,,,0.0,1.0,0.0
COMP_0391,2026-06,,,0.0,1.0,
COMP_0391,2026-07,,,0.0,1.0,
COMP_0391,2026-08,,,0.0,1.0,
COMP_0392,2025-06,,0.0,0.0,0.0,
COMP_0392,2025-07,,0.0,0.0,0.0,
COMP_0392,2025-08,,0.0,0.0,0.0,
COMP_0392,2025-09,,0.0,0.0,0.0,
COMP_0392,2025-10,,0.0,0.0,0.0,
COMP_0392,2025-11,,0.0,0.0,0.0,
COMP_0392,2025-12,0.0,0.0,0.0,0.0,0.0
COMP_0392,2026-01,0.0,0.0,0.0,0.0,0.0
COMP_0392,2026-02,0.0,0.0,0.0,0.0,0.0
COMP_0392,2026-03,0.0,0.0,0.0,0.0,0.0
COMP_0392,2026-04,0.0,0.0,0.0,0.0,0.0
COMP_0392,2026-05,0.0,0.0,0.0,0.0,0.0
COMP_0392,2026-06,0.0,0.0,0.0,0.0,0.0
COMP_0392,2026-07,0.0,0.0,0.0,0.0,0.0
COMP_0392,2026-08,0.0,0.0,0.0,0.0,0.0
COMP_0393,2026-03,,1.0,1.0,0.0,
COMP_0393,2026-04,,1.0,1.0,0.0,
COMP_0393,2026-05,,1.0,1.0,1.0,
COMP_0393,2026-06,,0.0,1.0,0.0,
COMP_0393,2026-07,,1.0,1.0,0.0,
COMP_0393,2026-08,,1.0,1.0,1.0,
COMP_0394,2026-03,,0.0,0.0,0.0,
COMP_0394,2026-04,,0.0,0.0,1.0,
COMP_0394,2026-05,,1.0,0.0,0.0,
COMP_0394,2026-06,,0.0,0.0,1.0,
COMP_0394,2026-07,,0.0,0.0,1.0,
COMP_0394,2026-08,,0.0,0.0,1.0,
COMP_0395,2025-02,,0.0,0.0,0.0,
COMP_0395,2025-03,,0.0,0.0,0.0,
COMP_0395,2025-04,,0.0,0.0,0.0,
COMP_0395,2025-05,,0.0,0.0,0.0,
COMP_0395,2025-06,,0.0,0.0,0.0,
COMP_0395,2025-07,,0.0,0.0,0.0,
COMP_0395,2025-08,,0.0,0.0,1.0,0.0
COMP_0395,2025-09,0.0,0.0,0.0,1.0,0.0
COMP_0395,2025-10,0.0,0.0,0.0,1.0,0.0
COMP_0395,2025-11,0.0,0.0,0.0,0.0,0.0
COMP_0395,2025-12,0.0,0.0,0.0,0.0,0.0
COMP_0395,2026-01,0.0,0.0,0.0,0.0,0.0
COMP_0395,2026-02,0.0,0.0,0.0,0.0,0.0
COMP_0395,2026-03,0.0,0.0,0.0,0.0,0.0
COMP_0395,2026-04,0.0,0.0,0.0,0.0,0.0
COMP_0395,2026-05,0.0,0.0,0.0,0.0,0.0
COMP_0395,2026-06,0.0,0.0,0.0,0.0,0.0
COMP_0395,2026-07,0.0,0.0,0.0,0.0,0.0
COMP_0395,2026-08,0.0,0.0,0.0,0.0,0.0
COMP_0396,2025-02,,0.0,0.0,0.0,
COMP_0396,2025-03,,0.0,0.0,1.0,
COMP_0396,2025-04,,0.0,0.0,0.0,
COMP_0396,2025-05,,0.0,0.0,1.0,
COMP_0396,2025-06,,0.0,0.0,0.0,
COMP_0396,2025-07,,0.0,0.0,0.0,
COMP_0396,2025-08,0.0,0.0,0.0,1.0,0.0
COMP_0396,2025-09,0.0,0.0,0.0,1.0,0.0
COMP_0396,2025-10,0.0,0.0,0.0,1.0,0.0
COMP_0396,2025-11,0.0,0.0,0.0,1.0,0.0
COMP_0396,2025-12,0.0,0.0,0.0,0.0,0.0
COMP_0396,2026-01,1.0,0.0,0.0,0.0,0.0
COMP_0396,2026-02,0.0,0.0,0.0,0.0,0.0
COMP_0396,2026-03,0.0,0.0,0.0,1.0,0.0
COMP_0396,2026-04,0.0,0.0,0.0,1.0,0.0
COMP_0396,2026-05,0.0,0.0,0.0,0.0,0.0
COMP_0396,2026-06,0.0,0.0,0.0,0.0,0.0
COMP_0396,2026-07,0.0,0.0,0.0,1.0,0.0
COMP_0396,2026-08,0.0,0.0,0.0,0.0,0.0
COMP_0397,2025-08,,1.0,0.0,0.0,
COMP_0397,2025-09,,1.0,0.0,0.0,
COMP_0397,2025-10,,1.0,0.0,1.0,
COMP_0397,2025-11,,1.0,0.0,1.0,
COMP_0397,2025-12,,1.0,0.0,0.0,
COMP_0397,2026-01,,1.0,0.0,0.0,
COMP_0397,2026-02,,1.0,0.0,0.0,0.0
COMP_0397,2026-03,,1.0,0.0,0.0,0.0
COMP_0397,2026-04,,1.0,0.0,0.0,0.0
COMP_0397,2026-05,,1.0,0.0,1.0,0.0
COMP_0397,2026-06,,1.0,0.0,1.0,0.0
COMP_0397,2026-07,,0.0,0.0,1.0,0.0
COMP_0397,2026-08,,1.0,0.0,0.0,0.0
COMP_0398,2025-06,,0.0,0.0,0.0,
COMP_0398,2025-07,,0.0,0.0,0.0,
COMP_0398,2025-08,,0.0,0.0,0.0,
COMP_0398,2025-09,,0.0,0.0,0.0,
COMP_0398,2025-10,,0.0,0.0,0.0,
COMP_0398,2025-11,,0.0,0.0,0.0,
COMP_0398,2025-12,1.0,0.0,0.0,1.0,0.0
COMP_0398,2026-01,1.0,0.0,0.0,0.0,0.0
COMP_0398,2026-02,,0.0,0.0,0.0,0.0
COMP_0398,2026-03,,0.0,0.0,0.0,0.0
COMP_0398,2026-04,,0.0,1.0,1.0,0.0
COMP_0398,2026-05,,0.0,1.0,1.0,0.0
COMP_0398,2026-06,,0.0,1.0,1.0,
COMP_0398,2026-07,,0.0,1.0,1.0,
COMP_0398,2026-08,,,1.0,,
COMP_0399,2025-02,,,0.0,1.0,
COMP_0399,2025-03,,,0.0,1.0,
COMP_0399,2025-04,,,0.0,0.0,
COMP_0399,2025-05,,,0.0,0.0,
COMP_0399,2025-06,,,0.0,0.0,
COMP_0399,2025-07,,,0.0,0.0,
COMP_0399,2025-08,0.0,,0.0,0.0,0.0
COMP_0399,2025-09,0.0,,0.0,0.0,0.0
COMP_0399,2025-10,0.0,,0.0,0.0,0.0
COMP_0399,2025-11,1.0,,0.0,1.0,0.0
COMP_0399,2025-12,1.0,,0.0,1.0,0.0
COMP_0399,2026-01,0.0,,0.0,1.0,0.0
COMP_0399,2026-02,1.0,,0.0,1.0,0.0
COMP_0399,2026-03,0.0,,0.0,1.0,0.0
COMP_0399,2026-04,0.0,,0.0,0.0,0.0
COMP_0399,2026-05,0.0,,0.0,0.0,0.0
COMP_0399,2026-06,0.0,,0.0,0.0,0.0
COMP_0399,2026-07,0.0,,0.0,0.0,0.0
COMP_0399,2026-08,0.0,,0.0,0.0,0.0
COMP_0400,2025-02,,0.0,0.0,0.0,
COMP_0400,2025-03,,0.0,0.0,0.0,
COMP_0400,2025-04,,0.0,0.0,0.0,
COMP_0400,2025-05,,1.0,0.0,0.0,
COMP_0400,2025-06,,0.0,0.0,1.0,
COMP_0400,2025-07,,0.0,0.0,1.0,
COMP_0400,2025-08,,0.0,0.0,1.0,0.0
COMP_0400,2025-09,,0.0,0.0,0.0,0.0
COMP_0400,2025-10,,0.0,0.0,0.0,0.0
COMP_0400,2025-11,,0.0,0.0,0.0,0.0
COMP_0400,2025-12,,0.0,0.0,0.0,0.0
COMP_0400,2026-01,,0.0,0.0,0.0,0.0
COMP_0400,2026-02,1.0,0.0,0.0,0.0,0.0
COMP_0400,2026-03,,0.0,0.0,0.0,0.0
COMP_0400,2026-04,,0.0,0.0,0.0,0.0
COMP_0400,2026-05,,0.0,0.0,0.0,0.0
COMP_0400,2026-06,,0.0,0.0,0.0,0.0
COMP_0400,2026-07,,0.0,0.0,0.0,0.0
COMP_0400,2026-08,,0.0,0.0,0.0,0.0
COMP_0401,2026-02,,,0.0,0.0,
COMP_0401,2026-03,,,1.0,0.0,
COMP_0401,2026-04,,,0.0,1.0,
COMP_0401,2026-05,,,1.0,0.0,
COMP_0401,2026-06,,,0.0,0.0,
COMP_0401,2026-07,,,0.0,0.0,
COMP_0401,2026-08,,,0.0,1.0,0.0
COMP_0402,2025-10,,,0.0,0.0,
COMP_0402,2025-11,,,0.0,0.0,
COMP_0402,2025-12,,,0.0,0.0,
COMP_0402,2026-01,,,0.0,0.0,
COMP_0402,2026-02,,,0.0,0.0,
COMP_0402,2026-03,,,0.0,0.0,
COMP_0402,2026-04,0.0,,0.0,0.0,0.0
COMP_0402,2026-05,0.0,,0.0,0.0,0.0
COMP_0402,2026-06,0.0,,0.0,0.0,0.0
COMP_0402,2026-07,0.0,,0.0,0.0,0.0
COMP_0402,2026-08,1.0,,0.0,0.0,0.0
COMP_0403,2026-03,,0.0,0.0,0.0,
COMP_0403,2026-04,,0.0,0.0,0.0,
COMP_0403,2026-05,,0.0,0.0,1.0,
COMP_0403,2026-06,,0.0,0.0,0.0,
COMP_0403,2026-07,,0.0,0.0,0.0,
COMP_0403,2026-08,,0.0,0.0,0.0,
COMP_0404,2025-03,,1.0,0.0,1.0,
COMP_0404,2025-04,,0.0,0.0,1.0,
COMP_0404,2025-05,,0.0,0.0,0.0,
COMP_0404,2025-06,,0.0,0.0,0.0,
COMP_0404,2025-07,,0.0,0.0,0.0,
COMP_0404,2025-08,,0.0,0.0,0.0,
COMP_0404,2025-09,,0.0,0.0,1.0,0.0
COMP_0404,2025-10,,0.0,0.0,1.0,0.0
COMP_0404,2025-11,,0.0,0.0,0.0,0.0
COMP_0404,2025-12,0.0,1.0,0.0,0.0,0.0
COMP_0404,2026-01,0.0,1.0,0.0,0.0,0.0
COMP_0404,2026-02,0.0,1.0,0.0,1.0,0.0
COMP_0404,2026-03,0.0,1.0,0.0,0.0,0.0
COMP_0404,2026-04,0.0,1.0,0.0,0.0,0.0
COMP_0404,2026-05,0.0,1.0,0.0,0.0,0.0
COMP_0404,2026-06,0.0,0.0,0.0,1.0,0.0
COMP_0404,2026-07,0.0,0.0,0.0,1.0,0.0
COMP_0404,2026-08,0.0,0.0,0.0,1.0,0.0
COMP_0405,2025-02,,1.0,0.0,0.0,
COMP_0405,2025-03,,1.0,0.0,0.0,
COMP_0405,2025-04,,1.0,0.0,0.0,
COMP_0405,2025-05,,1.0,0.0,0.0,
COMP_0405,2025-06,,1.0,0.0,0.0,
COMP_0405,2025-07,,1.0,0.0,0.0,
COMP_0405,2025-08,1.0,1.0,0.0,0.0,0.0
COMP_0405,2025-09,0.0,1.0,1.0,0.0,0.0
COMP_0405,2025-10,0.0,1.0,1.0,0.0,0.0
COMP_0405,2025-11,0.0,1.0,1.0,0.0,0.0
COMP_0405,2025-12,0.0,1.0,1.0,0.0,0.0
COMP_0405,2026-01,0.0,1.0,1.0,0.0,0.0
COMP_0405,2026-02,0.0,1.0,1.0,0.0,0.0
COMP_0405,2026-03,0.0,1.0,1.0,0.0,0.0
COMP_0405,2026-04,0.0,1.0,1.0,0.0,0.0
COMP_0405,2026-05,0.0,1.0,1.0,0.0,0.0
COMP_0405,2026-06,0.0,1.0,1.0,0.0,0.0
COMP_0405,2026-07,0.0,1.0,1.0,0.0,0.0
COMP_0405,2026-08,0.0,1.0,1.0,0.0,0.0
COMP_0406,2026-06,,0.0,0.0,0.0,
COMP_0406,2026-07,,0.0,0.0,1.0,
COMP_0406,2026-08,,0.0,0.0,1.0,
COMP_0407,2025-06,,,0.0,1.0,
COMP_0407,2025-07,,,0.0,0.0,
COMP_0407,2025-08,,,0.0,0.0,
COMP_0407,2025-09,,,0.0,0.0,
COMP_0407,2025-10,,,0.0,1.0,
COMP_0407,2025-11,,,0.0,0.0,
COMP_0407,2025-12,0.0,,0.0,0.0,0.0
COMP_0407,2026-01,0.0,,0.0,0.0,0.0
COMP_0407,2026-02,0.0,,0.0,0.0,0.0
COMP_0407,2026-03,0.0,,0.0,0.0,0.0
COMP_0407,2026-04,0.0,,0.0,0.0,0.0
COMP_0407,2026-05,0.0,,0.0,0.0,0.0
COMP_0407,2026-06,0.0,,0.0,0.0,0.0
COMP_0407,2026-07,0.0,,0.0,0.0,0.0
COMP_0407,2026-08,0.0,,0.0,0.0,0.0
COMP_0408,2026-07,,,0.0,0.0,
COMP_0408,2026-08,,,1.0,0.0,
COMP_0409,2026-06,,,0.0,0.0,
COMP_0409,2026-07,,,0.0,0.0,
COMP_0409,2026-08,,,0.0,1.0,
COMP_0410,2025-02,,0.0,0.0,1.0,
COMP_0410,2025-03,,0.0,0.0,1.0,
COMP_0410,2025-04,,0.0,0.0,0.0,
COMP_0410,2025-05,,0.0,0.0,0.0,
COMP_0410,2025-06,,1.0,0.0,0.0,
COMP_0410,2025-07,,1.0,0.0,0.0,
COMP_0410,2025-08,,1.0,0.0,0.0,0.0
COMP_0410,2025-09,,1.0,0.0,0.0,0.0
COMP_0410,2025-10,,1.0,0.0,1.0,0.0
COMP_0410,2025-11,,1.0,0.0,0.0,0.0
COMP_0410,2025-12,,0.0,0.0,0.0,0.0
COMP_0410,2026-01,,0.0,0.0,0.0,0.0
COMP_0410,2026-02,,0.0,0.0,0.0,0.0
COMP_0410,2026-03,,0.0,0.0,1.0,0.0
COMP_0410,2026-04,,0.0,0.0,0.0,0.0
COMP_0410,2026-05,,0.0,0.0,1.0,0.0
COMP_0410,2026-06,,1.0,0.0,0.0,0.0
COMP_0410,2026-07,,1.0,0.0,1.0,0.0
COMP_0410,2026-08,,1.0,0.0,1.0,0.0
COMP_0411,2025-02,,,0.0,1.0,
COMP_0411,2025-03,,,0.0,0.0,
COMP_0411,2025-04,,,0.0,0.0,
COMP_0411,2025-05,,,0.0,0.0,
COMP_0411,2025-06,,,0.0,1.0,
COMP_0411,2025-07,,,0.0,1.0,
COMP_0411,2025-08,0.0,,0.0,1.0,0.0
COMP_0411,2025-09,0.0,,0.0,1.0,0.0
COMP_0411,2025-10,0.0,,0.0,1.0,0.0
COMP_0411,2025-11,0.0,,0.0,1.0,0.0
COMP_0411,2025-12,0.0,,0.0,1.0,0.0
COMP_0411,2026-01,0.0,,0.0,1.0,0.0
COMP_0411,2026-02,0.0,,0.0,1.0,0.0
COMP_0411,2026-03,0.0,,0.0,1.0,0.0
COMP_0411,2026-04,0.0,,0.0,1.0,0.0
COMP_0411,2026-05,0.0,,0.0,1.0,0.0
COMP_0411,2026-06,0.0,,0.0,1.0,0.0
COMP_0411,2026-07,0.0,,0.0,1.0,0.0
COMP_0411,2026-08,1.0,,0.0,1.0,0.0
COMP_0412,2025-02,,0.0,0.0,0.0,
COMP_0412,2025-03,,0.0,0.0,0.0,
COMP_0412,2025-04,,0.0,0.0,0.0,
COMP_0412,2025-05,,0.0,0.0,0.0,
COMP_0412,2025-06,,0.0,0.0,0.0,
COMP_0412,2025-07,,0.0,0.0,1.0,
COMP_0412,2025-08,0.0,0.0,0.0,1.0,0.0
COMP_0412,2025-09,0.0,0.0,0.0,0.0,0.0
COMP_0412,2025-10,0.0,0.0,0.0,1.0,0.0
COMP_0412,2025-11,1.0,0.0,0.0,1.0,0.0
COMP_0412,2025-12,0.0,1.0,0.0,0.0,0.0
COMP_0412,2026-01,0.0,1.0,0.0,0.0,0.0
COMP_0412,2026-02,0.0,0.0,0.0,0.0,0.0
COMP_0412,2026-03,0.0,0.0,0.0,1.0,0.0
COMP_0412,2026-04,0.0,0.0,0.0,1.0,0.0
COMP_0412,2026-05,0.0,0.0,0.0,1.0,0.0
COMP_0412,2026-06,0.0,0.0,0.0,1.0,0.0
COMP_0412,2026-07,0.0,0.0,0.0,0.0,0.0
COMP_0412,2026-08,1.0,0.0,0.0,0.0,0.0
COMP_0413,2026-06,,,0.0,0.0,
COMP_0413,2026-07,,,0.0,0.0,
COMP_0413,2026-08,,,0.0,1.0,
COMP_0414,2025-07,,0.0,0.0,0.0,
COMP_0414,2025-08,,0.0,0.0,0.0,
COMP_0414,2025-09,,0.0,0.0,1.0,
COMP_0414,2025-10,,0.0,0.0,0.0,
COMP_0414,2025-11,,0.0,0.0,0.0,
COMP_0414,2025-12,,0.0,0.0,1.0,
COMP_0414,2026-01,0.0,0.0,0.0,1.0,0.0
COMP_0414,2026-02,0.0,0.0,0.0,1.0,0.0
COMP_0414,2026-03,0.0,1.0,0.0,1.0,0.0
COMP_0414,2026-04,0.0,1.0,0.0,0.0,0.0
COMP_0414,2026-05,0.0,1.0,0.0,0.0,0.0
COMP_0414,2026-06,0.0,0.0,0.0,0.0,0.0
COMP_0414,2026-07,0.0,0.0,0.0,0.0,0.0
COMP_0414,2026-08,0.0,0.0,0.0,1.0,0.0
COMP_0416,2026-03,,0.0,0.0,1.0,
COMP_0416,2026-04,,0.0,0.0,1.0,
COMP_0416,2026-05,,0.0,0.0,1.0,
COMP_0416,2026-06,,0.0,0.0,1.0,
COMP_0416,2026-07,,0.0,0.0,1.0,
COMP_0416,2026-08,,0.0,0.0,1.0,
COMP_0417,2025-06,,,0.0,0.0,
COMP_0417,2025-07,,,0.0,1.0,
COMP_0417,2025-08,,,0.0,1.0,
COMP_0417,2025-09,,,0.0,1.0,
COMP_0417,2025-10,,,0.0,0.0,
COMP_0417,2025-11,,,0.0,0.0,
COMP_0417,2025-12,0.0,,0.0,1.0,0.0
COMP_0417,2026-01,1.0,,0.0,1.0,0.0
COMP_0417,2026-02,0.0,,0.0,1.0,0.0
COMP_0417,2026-03,0.0,,0.0,0.0,0.0
COMP_0417,2026-04,0.0,,0.0,1.0,0.0
COMP_0417,2026-05,0.0,,0.0,0.0,0.0
COMP_0417,2026-06,0.0,,0.0,0.0,0.0
COMP_0417,2026-07,0.0,,0.0,0.0,0.0
COMP_0417,2026-08,0.0,,0.0,0.0,0.0
COMP_0418,2025-02,,0.0,0.0,0.0,
COMP_0418,2025-03,,0.0,0.0,0.0,
COMP_0418,2025-04,,0.0,0.0,0.0,
COMP_0418,2025-05,,0.0,0.0,0.0,
COMP_0418,2025-06,,0.0,0.0,0.0,
COMP_0418,2025-07,,0.0,0.0,0.0,
COMP_0418,2025-08,,0.0,0.0,0.0,0.0
COMP_0418,2025-09,,0.0,0.0,0.0,0.0
COMP_0418,2025-10,,0.0,0.0,0.0,0.0
COMP_0418,2025-11,,0.0,0.0,0.0,0.0
COMP_0418,2025-12,,0.0,0.0,0.0,0.0
COMP_0418,2026-01,,1.0,0.0,0.0,0.0
COMP_0418,2026-02,,1.0,0.0,0.0,0.0
COMP_0418,2026-03,,1.0,0.0,0.0,0.0
COMP_0418,2026-04,,0.0,0.0,0.0,0.0
COMP_0418,2026-05,,0.0,0.0,0.0,0.0
COMP_0418,2026-06,,0.0,0.0,0.0,0.0
COMP_0418,2026-07,,0.0,0.0,0.0,0.0
COMP_0418,2026-08,,0.0,0.0,0.0,0.0
COMP_0419,2026-07,,,0.0,1.0,
COMP_0419,2026-08,,,0.0,1.0,
COMP_0420,2026-06,,0.0,0.0,1.0,
COMP_0420,2026-07,,0.0,0.0,1.0,
COMP_0420,2026-08,,0.0,0.0,1.0,
COMP_0421,2026-02,,0.0,0.0,0.0,
COMP_0421,2026-03,,0.0,0.0,0.0,
COMP_0421,2026-04,,0.0,0.0,0.0,
COMP_0421,2026-05,,0.0,0.0,0.0,
COMP_0421,2026-06,,0.0,0.0,0.0,
COMP_0421,2026-07,,,0.0,,
COMP_0421,2026-08,,,0.0,,
COMP_0422,2025-12,,0.0,0.0,1.0,
COMP_0422,2026-01,,0.0,0.0,1.0,
COMP_0422,2026-02,,0.0,0.0,1.0,
COMP_0422,2026-03,,0.0,0.0,1.0,
COMP_0422,2026-04,,0.0,0.0,1.0,
COMP_0422,2026-05,,0.0,0.0,1.0,
COMP_0422,2026-06,0.0,1.0,0.0,1.0,0.0
COMP_0422,2026-07,0.0,1.0,0.0,1.0,0.0
COMP_0422,2026-08,0.0,1.0,0.0,1.0,0.0
COMP_0423,2025-02,,0.0,0.0,0.0,
COMP_0423,2025-03,,0.0,0.0,1.0,
COMP_0423,2025-04,,0.0,0.0,1.0,
COMP_0423,2025-05,,0.0,0.0,1.0,
COMP_0423,2025-06,,0.0,0.0,0.0,
COMP_0423,2025-07,,0.0,0.0,1.0,
COMP_0423,2025-08,,0.0,0.0,0.0,0.0
COMP_0423,2025-09,,0.0,0.0,1.0,0.0
COMP_0423,2025-10,,0.0,0.0,0.0,0.0
COMP_0423,2025-11,,0.0,0.0,0.0,0.0
COMP_0423,2025-12,,0.0,0.0,0.0,0.0
COMP_0423,2026-01,,0.0,0.0,0.0,0.0
COMP_0423,2026-02,,0.0,0.0,1.0,0.0
COMP_0423,2026-03,,0.0,0.0,1.0,0.0
COMP_0423,2026-04,,0.0,0.0,1.0,0.0
COMP_0423,2026-05,,0.0,0.0,0.0,0.0
COMP_0423,2026-06,,0.0,0.0,1.0,0.0
COMP_0423,2026-07,,1.0,0.0,0.0,0.0
COMP_0423,2026-08,,1.0,0.0,1.0,0.0
COMP_0424,2025-05,,0.0,0.0,0.0,
COMP_0424,2025-06,,0.0,0.0,0.0,
COMP_0424,2025-07,,0.0,0.0,0.0,
COMP_0424,2025-08,,0.0,0.0,0.0,
COMP_0424,2025-09,,0.0,0.0,0.0,
COMP_0424,2025-10,,0.0,0.0,0.0,
COMP_0424,2025-11,0.0,0.0,0.0,0.0,0.0
COMP_0424,2025-12,0.0,0.0,0.0,0.0,0.0
COMP_0424,2026-01,0.0,0.0,0.0,0.0,0.0
COMP_0424,2026-02,0.0,0.0,0.0,0.0,0.0
COMP_0424,2026-03,0.0,0.0,0.0,0.0,0.0
COMP_0424,2026-04,0.0,0.0,0.0,0.0,0.0
COMP_0424,2026-05,0.0,0.0,0.0,0.0,0.0
COMP_0424,2026-06,0.0,0.0,0.0,0.0,0.0
COMP_0424,2026-07,0.0,0.0,0.0,1.0,0.0
COMP_0424,2026-08,0.0,1.0,0.0,1.0,0.0
COMP_0425,2025-05,,,0.0,0.0,
COMP_0425,2025-06,,,0.0,0.0,
COMP_0425,2025-07,,,0.0,0.0,
COMP_0425,2025-08,,,0.0,0.0,
COMP_0425,2025-09,,,0.0,0.0,
COMP_0425,2025-10,,,0.0,0.0,
COMP_0425,2025-11,,,0.0,1.0,0.0
COMP_0425,2025-12,,,0.0,0.0,0.0
COMP_0425,2026-01,,,0.0,0.0,0.0
COMP_0425,2026-02,,,0.0,0.0,0.0
COMP_0425,2026-03,,,0.0,0.0,0.0
COMP_0425,2026-04,,,0.0,1.0,0.0
COMP_0425,2026-05,,,0.0,1.0,0.0
COMP_0425,2026-06,,,0.0,1.0,0.0
COMP_0425,2026-07,,,0.0,0.0,0.0
COMP_0425,2026-08,,,0.0,0.0,0.0
COMP_0426,2026-06,,1.0,0.0,0.0,
COMP_0426,2026-07,,1.0,0.0,1.0,
COMP_0426,2026-08,,0.0,0.0,0.0,
COMP_0427,2025-02,,0.0,0.0,1.0,
COMP_0427,2025-03,,0.0,0.0,1.0,
COMP_0427,2025-04,,0.0,0.0,0.0,
COMP_0427,2025-05,,0.0,0.0,1.0,
COMP_0427,2025-06,,0.0,0.0,1.0,
COMP_0427,2025-07,,0.0,0.0,1.0,
COMP_0427,2025-08,0.0,0.0,0.0,1.0,1.0
COMP_0427,2025-09,0.0,0.0,0.0,0.0,0.0
COMP_0427,2025-10,0.0,0.0,0.0,0.0,0.0
COMP_0427,2025-11,0.0,0.0,0.0,0.0,0.0
COMP_0427,2025-12,0.0,0.0,0.0,0.0,0.0
COMP_0427,2026-01,0.0,0.0,0.0,1.0,0.0
COMP_0427,2026-02,0.0,0.0,0.0,1.0,0.0
COMP_0427,2026-03,0.0,0.0,0.0,0.0,0.0
COMP_0427,2026-04,0.0,0.0,0.0,0.0,0.0
COMP_0427,2026-05,0.0,0.0,0.0,1.0,0.0
COMP_0427,2026-06,0.0,0.0,0.0,1.0,0.0
COMP_0427,2026-07,0.0,0.0,0.0,1.0,0.0
COMP_0427,2026-08,1.0,1.0,0.0,1.0,0.0
COMP_0428,2025-02,,0.0,0.0,0.0,
COMP_0428,2025-03,,0.0,0.0,0.0,
COMP_0428,2025-04,,0.0,0.0,0.0,
COMP_0428,2025-05,,0.0,0.0,0.0,
COMP_0428,2025-06,,0.0,0.0,0.0,
COMP_0428,2025-07,,0.0,0.0,0.0,
COMP_0428,2025-08,0.0,0.0,0.0,0.0,0.0
COMP_0428,2025-09,0.0,1.0,0.0,0.0,0.0
COMP_0428,2025-10,0.0,0.0,0.0,0.0,0.0
COMP_0428,2025-11,0.0,0.0,0.0,0.0,0.0
COMP_0428,2025-12,0.0,0.0,0.0,0.0,0.0
COMP_0428,2026-01,1.0,0.0,0.0,0.0,0.0
COMP_0428,2026-02,0.0,0.0,0.0,0.0,0.0
COMP_0428,2026-03,0.0,1.0,0.0,1.0,0.0
COMP_0428,2026-04,0.0,1.0,0.0,1.0,0.0
COMP_0428,2026-05,1.0,1.0,0.0,0.0,0.0
COMP_0428,2026-06,0.0,0.0,0.0,0.0,0.0
COMP_0428,2026-07,0.0,0.0,0.0,0.0,0.0
COMP_0428,2026-08,0.0,1.0,0.0,0.0,0.0
COMP_0429,2025-09,,,0.0,0.0,
COMP_0429,2025-10,,,0.0,0.0,
COMP_0429,2025-11,,,0.0,0.0,
COMP_0429,2025-12,,,0.0,0.0,
COMP_0429,2026-01,,,0.0,0.0,
COMP_0429,2026-02,,,0.0,0.0,
COMP_0429,2026-03,,,0.0,0.0,0.0
COMP_0429,2026-04,,,0.0,0.0,0.0
COMP_0429,2026-05,,,0.0,0.0,0.0
COMP_0429,2026-06,,,0.0,0.0,0.0
COMP_0429,2026-07,,,0.0,0.0,0.0
COMP_0429,2026-08,,,0.0,0.0,0.0
COMP_0430,2026-05,,0.0,0.0,1.0,
COMP_0430,2026-06,,1.0,0.0,1.0,
COMP_0430,2026-07,,1.0,0.0,1.0,
COMP_0430,2026-08,,1.0,0.0,0.0,
COMP_0431,2025-05,,0.0,0.0,0.0,
COMP_0431,2025-06,,0.0,0.0,0.0,
COMP_0431,2025-07,,0.0,0.0,1.0,
COMP_0431,2025-08,,0.0,0.0,0.0,
COMP_0431,2025-09,,0.0,0.0,0.0,
COMP_0431,2025-10,,0.0,0.0,0.0,
COMP_0431,2025-11,1.0,0.0,0.0,1.0,0.0
COMP_0431,2025-12,1.0,0.0,0.0,0.0,0.0
COMP_0431,2026-01,,0.0,0.0,0.0,0.0
COMP_0431,2026-02,,0.0,0.0,0.0,0.0
COMP_0431,2026-03,,0.0,0.0,1.0,0.0
COMP_0431,2026-04,0.0,0.0,0.0,1.0,0.0
COMP_0431,2026-05,0.0,0.0,0.0,1.0,0.0
COMP_0431,2026-06,0.0,0.0,0.0,0.0,0.0
COMP_0431,2026-07,0.0,0.0,0.0,0.0,0.0
COMP_0431,2026-08,1.0,1.0,0.0,0.0,0.0
COMP_0432,2025-05,,,0.0,1.0,
COMP_0432,2025-06,,,0.0,0.0,
COMP_0432,2025-07,,,0.0,0.0,
COMP_0432,2025-08,,,0.0,0.0,
COMP_0432,2025-09,,,0.0,0.0,
COMP_0432,2025-10,,,0.0,0.0,
COMP_0432,2025-11,0.0,,0.0,0.0,0.0
COMP_0432,2025-12,0.0,,0.0,0.0,0.0
COMP_0432,2026-01,0.0,,0.0,0.0,0.0
COMP_0432,2026-02,0.0,,0.0,0.0,0.0
COMP_0432,2026-03,0.0,,0.0,0.0,0.0
COMP_0432,2026-04,0.0,,0.0,0.0,0.0
COMP_0432,2026-05,1.0,,0.0,0.0,0.0
COMP_0432,2026-06,0.0,,0.0,0.0,0.0
COMP_0432,2026-07,1.0,,0.0,0.0,0.0
COMP_0432,2026-08,1.0,,0.0,0.0,0.0
COMP_0433,2025-05,,0.0,1.0,0.0,
COMP_0433,2025-06,,0.0,0.0,1.0,
COMP_0433,2025-07,,1.0,1.0,1.0,
COMP_0433,2025-08,,1.0,1.0,1.0,
COMP_0433,2025-09,,1.0,1.0,1.0,
COMP_0433,2025-10,,1.0,0.0,0.0,
COMP_0433,2025-11,0.0,1.0,0.0,0.0,0.0
COMP_0433,2025-12,0.0,1.0,1.0,1.0,0.0
COMP_0433,2026-01,0.0,0.0,1.0,1.0,0.0
COMP_0433,2026-02,0.0,0.0,1.0,0.0,0.0
COMP_0433,2026-03,0.0,0.0,1.0,1.0,0.0
COMP_0433,2026-04,0.0,1.0,1.0,1.0,0.0
COMP_0433,2026-05,0.0,1.0,1.0,1.0,0.0
COMP_0433,2026-06,0.0,1.0,0.0,0.0,0.0
COMP_0433,2026-07,0.0,1.0,0.0,0.0,0.0
COMP_0433,2026-08,0.0,1.0,0.0,0.0,0.0
COMP_0434,2025-06,,0.0,0.0,0.0,
COMP_0434,2025-07,,0.0,0.0,0.0,
COMP_0434,2025-08,,0.0,0.0,0.0,
COMP_0434,2025-09,,0.0,0.0,0.0,
COMP_0434,2025-10,,0.0,0.0,0.0,
COMP_0434,2025-11,,0.0,0.0,0.0,
COMP_0434,2025-12,,1.0,0.0,0.0,
COMP_0434,2026-01,,,0.0,,
COMP_0434,2026-02,,,0.0,,
COMP_0434,2026-03,,,0.0,,
COMP_0434,2026-04,,,0.0,,
COMP_0434,2026-05,,,0.0,,
COMP_0434,2026-06,,,0.0,,
COMP_0434,2026-07,,,0.0,,
COMP_0434,2026-08,,,0.0,,
COMP_0435,2026-06,,1.0,0.0,1.0,
COMP_0435,2026-07,,1.0,0.0,1.0,
COMP_0435,2026-08,,1.0,0.0,1.0,
COMP_0436,2026-06,,0.0,1.0,1.0,
COMP_0436,2026-07,,0.0,1.0,0.0,
COMP_0436,2026-08,,0.0,0.0,0.0,
COMP_0437,2025-12,,,0.0,0.0,
COMP_0437,2026-01,,,0.0,0.0,
COMP_0437,2026-02,,,0.0,0.0,
COMP_0437,2026-03,,,0.0,0.0,
COMP_0437,2026-04,,,0.0,0.0,
COMP_0437,2026-05,,,0.0,0.0,
COMP_0437,2026-06,0.0,,0.0,0.0,0.0
COMP_0437,2026-07,0.0,,0.0,0.0,0.0
COMP_0437,2026-08,0.0,,0.0,0.0,0.0
COMP_0438,2025-02,,0.0,0.0,0.0,
COMP_0438,2025-03,,0.0,0.0,1.0,
COMP_0438,2025-04,,0.0,0.0,1.0,
COMP_0438,2025-05,,0.0,0.0,1.0,
COMP_0438,2025-06,,0.0,0.0,1.0,
COMP_0438,2025-07,,0.0,0.0,0.0,
COMP_0438,2025-08,1.0,0.0,0.0,0.0,0.0
COMP_0438,2025-09,,0.0,0.0,0.0,0.0
COMP_0438,2025-10,,0.0,0.0,1.0,0.0
COMP_0438,2025-11,,0.0,0.0,1.0,0.0
COMP_0438,2025-12,,0.0,0.0,1.0,0.0
COMP_0438,2026-01,,0.0,0.0,1.0,0.0
COMP_0438,2026-02,,0.0,0.0,1.0,0.0
COMP_0438,2026-03,,0.0,0.0,1.0,0.0
COMP_0438,2026-04,,0.0,0.0,0.0,0.0
COMP_0438,2026-05,,1.0,0.0,1.0,0.0
COMP_0438,2026-06,,1.0,0.0,1.0,0.0
COMP_0438,2026-07,,1.0,0.0,1.0,0.0
COMP_0438,2026-08,,1.0,0.0,0.0,0.0
COMP_0439,2026-07,,,0.0,0.0,
COMP_0439,2026-08,,,0.0,0.0,
COMP_0440,2025-02,,0.0,,,
COMP_0440,2025-03,,0.0,,,
COMP_0440,2025-04,,0.0,,,
COMP_0440,2025-05,,0.0,,,
COMP_0440,2025-06,,0.0,,,
COMP_0440,2025-07,,0.0,,,
COMP_0440,2025-08,,0.0,,,0.0
COMP_0440,2025-09,,0.0,,,0.0
COMP_0440,2025-10,,0.0,,,0.0
COMP_0440,2025-11,,0.0,,,0.0
COMP_0440,2025-12,,0.0,,,0.0
COMP_0440,2026-01,,0.0,,,0.0
COMP_0440,2026-02,,0.0,,,0.0
COMP_0440,2026-03,,0.0,,,0.0
COMP_0440,2026-04,,0.0,,,0.0
COMP_0440,2026-05,,0.0,,,0.0
COMP_0440,2026-06,,0.0,,,
COMP_0440,2026-07,,0.0,,,
COMP_0440,2026-08,,,,,
COMP_0441,2025-07,,0.0,0.0,0.0,
COMP_0441,2025-08,,0.0,0.0,0.0,
COMP_0441,2025-09,,0.0,0.0,0.0,
COMP_0441,2025-10,,0.0,0.0,0.0,
COMP_0441,2025-11,,0.0,0.0,0.0,
COMP_0441,2025-12,,0.0,0.0,0.0,
COMP_0441,2026-01,0.0,0.0,0.0,0.0,0.0
COMP_0441,2026-02,0.0,0.0,0.0,0.0,0.0
COMP_0441,2026-03,0.0,0.0,0.0,0.0,0.0
COMP_0441,2026-04,0.0,0.0,0.0,0.0,0.0
COMP_0441,2026-05,0.0,0.0,0.0,0.0,0.0
COMP_0441,2026-06,0.0,0.0,0.0,0.0,0.0
COMP_0441,2026-07,0.0,0.0,0.0,0.0,0.0
COMP_0441,2026-08,0.0,0.0,0.0,0.0,0.0
COMP_0442,2025-02,,,0.0,1.0,
COMP_0442,2025-03,,,0.0,1.0,
COMP_0442,2025-04,,,0.0,1.0,
COMP_0442,2025-05,,,0.0,1.0,
COMP_0442,2025-06,,,0.0,1.0,
COMP_0442,2025-07,,,0.0,1.0,
COMP_0442,2025-08,,,0.0,1.0,0.0
COMP_0442,2025-09,,,0.0,1.0,0.0
COMP_0442,2025-10,,,0.0,1.0,0.0
COMP_0442,2025-11,,,0.0,1.0,0.0
COMP_0442,2025-12,,,0.0,1.0,0.0
COMP_0442,2026-01,,,0.0,1.0,0.0
COMP_0442,2026-02,,,0.0,1.0,0.0
COMP_0442,2026-03,,,0.0,1.0,0.0
COMP_0442,2026-04,,,0.0,1.0,0.0
COMP_0442,2026-05,,,0.0,1.0,0.0
COMP_0442,2026-06,,,0.0,1.0,0.0
COMP_0442,2026-07,0.0,,0.0,1.0,0.0
COMP_0442,2026-08,0.0,,0.0,1.0,0.0
COMP_0443,2026-05,,,1.0,1.0,
COMP_0443,2026-06,,,0.0,1.0,
COMP_0443,2026-07,,,0.0,1.0,
COMP_0443,2026-08,,,1.0,1.0,
COMP_0444,2026-06,,,0.0,1.0,
COMP_0444,2026-07,,,0.0,1.0,
COMP_0444,2026-08,,,0.0,1.0,
COMP_0445,2025-12,,,0.0,0.0,
COMP_0445,2026-01,,,0.0,0.0,
COMP_0445,2026-02,,,0.0,0.0,
COMP_0445,2026-03,,,0.0,1.0,
COMP_0445,2026-04,,,0.0,1.0,
COMP_0445,2026-05,,,0.0,1.0,
COMP_0445,2026-06,,,0.0,0.0,0.0
COMP_0445,2026-07,,,0.0,0.0,0.0
COMP_0445,2026-08,,,0.0,0.0,0.0
COMP_0446,2026-03,,,0.0,1.0,
COMP_0446,2026-04,,,0.0,1.0,
COMP_0446,2026-05,,,0.0,1.0,
COMP_0446,2026-06,,,0.0,1.0,
COMP_0446,2026-07,,,0.0,1.0,
COMP_0446,2026-08,,,0.0,1.0,
COMP_0447,2025-12,,0.0,0.0,1.0,
COMP_0447,2026-01,,0.0,0.0,0.0,
COMP_0447,2026-02,,0.0,0.0,0.0,
COMP_0447,2026-03,,0.0,0.0,1.0,
COMP_0447,2026-04,,0.0,0.0,1.0,
COMP_0447,2026-05,,0.0,0.0,1.0,
COMP_0447,2026-06,0.0,0.0,0.0,0.0,0.0
COMP_0447,2026-07,0.0,0.0,0.0,0.0,0.0
COMP_0447,2026-08,0.0,1.0,0.0,0.0,0.0
COMP_0448,2025-02,,,0.0,0.0,
COMP_0448,2025-03,,,0.0,1.0,
COMP_0448,2025-04,,,0.0,1.0,
COMP_0448,2025-05,,,0.0,1.0,
COMP_0448,2025-06,,,0.0,0.0,
COMP_0448,2025-07,,,0.0,0.0,
COMP_0448,2025-08,,,0.0,1.0,0.0
COMP_0448,2025-09,,,0.0,1.0,0.0
COMP_0448,2025-10,,,0.0,1.0,0.0
COMP_0448,2025-11,,,0.0,0.0,0.0
COMP_0448,2025-12,,,0.0,1.0,0.0
COMP_0448,2026-01,,,0.0,1.0,0.0
COMP_0448,2026-02,0.0,,0.0,1.0,0.0
COMP_0448,2026-03,0.0,,0.0,1.0,0.0
COMP_0448,2026-04,0.0,,0.0,1.0,0.0
COMP_0448,2026-05,0.0,,0.0,1.0,0.0
COMP_0448,2026-06,1.0,,0.0,1.0,0.0
COMP_0448,2026-07,0.0,,0.0,0.0,0.0
COMP_0448,2026-08,0.0,,0.0,0.0,0.0
COMP_0449,2025-02,,,0.0,1.0,
COMP_0449,2025-03,,,0.0,0.0,
COMP_0449,2025-04,,,0.0,1.0,
COMP_0449,2025-05,,,0.0,1.0,
COMP_0449,2025-06,,,0.0,1.0,
COMP_0449,2025-07,,,0.0,0.0,
COMP_0449,2025-08,0.0,,0.0,0.0,0.0
COMP_0449,2025-09,0.0,,0.0,0.0,0.0
COMP_0449,2025-10,0.0,,0.0,0.0,0.0
COMP_0449,2025-11,0.0,,0.0,0.0,0.0
COMP_0449,2025-12,0.0,,0.0,0.0,0.0
COMP_0449,2026-01,0.0,,0.0,0.0,0.0
COMP_0449,2026-02,0.0,,0.0,0.0,0.0
COMP_0449,2026-03,0.0,,0.0,0.0,0.0
COMP_0449,2026-04,0.0,,0.0,1.0,0.0
COMP_0449,2026-05,0.0,,0.0,0.0,0.0
COMP_0449,2026-06,0.0,,0.0,0.0,0.0
COMP_0449,2026-07,0.0,,0.0,0.0,0.0
COMP_0449,2026-08,0.0,,0.0,0.0,0.0
COMP_0450,2025-02,,0.0,0.0,1.0,
COMP_0450,2025-03,,1.0,0.0,1.0,
COMP_0450,2025-04,,1.0,0.0,0.0,
COMP_0450,2025-05,,1.0,0.0,0.0,
COMP_0450,2025-06,,0.0,0.0,0.0,
COMP_0450,2025-07,,0.0,0.0,1.0,
COMP_0450,2025-08,,0.0,0.0,1.0,
COMP_0450,2025-09,,0.0,0.0,1.0,0.0
COMP_0450,2025-10,,0.0,0.0,0.0,0.0
COMP_0450,2025-11,,0.0,0.0,0.0,0.0
COMP_0450,2025-12,,0.0,0.0,0.0,0.0
COMP_0450,2026-01,,0.0,0.0,0.0,0.0
COMP_0450,2026-02,,0.0,0.0,0.0,0.0
COMP_0450,2026-03,,0.0,0.0,0.0,0.0
COMP_0450,2026-04,,0.0,0.0,1.0,
COMP_0450,2026-05,,0.0,0.0,1.0,1.0
COMP_0450,2026-06,,0.0,0.0,0.0,1.0
COMP_0450,2026-07,,0.0,0.0,0.0,0.0
COMP_0450,2026-08,,0.0,0.0,0.0,
COMP_0451,2025-02,,,0.0,1.0,
COMP_0451,2025-03,,,0.0,0.0,
COMP_0451,2025-04,,,0.0,0.0,
COMP_0451,2025-05,,,0.0,0.0,
COMP_0451,2025-06,,,1.0,1.0,
COMP_0451,2025-07,,,1.0,1.0,
COMP_0451,2025-08,,,1.0,1.0,0.0
COMP_0451,2025-09,,,1.0,1.0,
COMP_0451,2025-10,,,1.0,1.0,0.0
COMP_0451,2025-11,,,1.0,1.0,0.0
COMP_0451,2025-12,,,1.0,0.0,0.0
COMP_0451,2026-01,,,1.0,0.0,
COMP_0451,2026-02,,,1.0,0.0,0.0
COMP_0451,2026-03,,,1.0,1.0,
COMP_0451,2026-04,,,1.0,1.0,0.0
COMP_0451,2026-05,,,1.0,0.0,0.0
COMP_0451,2026-06,,,1.0,0.0,0.0
COMP_0451,2026-07,,,1.0,0.0,
COMP_0451,2026-08,,,1.0,1.0,
COMP_0452,2025-06,,,0.0,0.0,
COMP_0452,2025-07,,,0.0,0.0,
COMP_0452,2025-08,,,0.0,1.0,
COMP_0452,2025-09,,,0.0,1.0,
COMP_0452,2025-10,,,0.0,1.0,
COMP_0452,2025-11,,,0.0,1.0,
COMP_0452,2025-12,0.0,,0.0,1.0,0.0
COMP_0452,2026-01,0.0,,0.0,1.0,0.0
COMP_0452,2026-02,0.0,,0.0,1.0,0.0
COMP_0452,2026-03,0.0,,0.0,1.0,0.0
COMP_0452,2026-04,0.0,,0.0,1.0,0.0
COMP_0452,2026-05,0.0,,0.0,1.0,0.0
COMP_0452,2026-06,0.0,,0.0,1.0,0.0
COMP_0452,2026-07,0.0,,0.0,1.0,0.0
COMP_0452,2026-08,0.0,,0.0,1.0,0.0
COMP_0453,2025-05,,0.0,1.0,1.0,
COMP_0453,2025-06,,0.0,1.0,0.0,
COMP_0453,2025-07,,0.0,1.0,1.0,
COMP_0453,2025-08,,0.0,1.0,0.0,
COMP_0453,2025-09,,1.0,0.0,0.0,
COMP_0453,2025-10,,1.0,1.0,0.0,
COMP_0453,2025-11,0.0,1.0,1.0,1.0,0.0
COMP_0453,2025-12,0.0,1.0,1.0,0.0,1.0
COMP_0453,2026-01,0.0,1.0,1.0,0.0,0.0
COMP_0453,2026-02,0.0,1.0,1.0,1.0,0.0
COMP_0453,2026-03,0.0,0.0,1.0,1.0,1.0
COMP_0453,2026-04,0.0,0.0,1.0,0.0,0.0
COMP_0453,2026-05,0.0,0.0,0.0,0.0,0.0
COMP_0453,2026-06,0.0,0.0,0.0,0.0,1.0
COMP_0453,2026-07,0.0,0.0,0.0,0.0,0.0
COMP_0453,2026-08,0.0,0.0,0.0,0.0,0.0
COMP_0454,2025-02,,0.0,0.0,0.0,
COMP_0454,2025-03,,0.0,0.0,0.0,
COMP_0454,2025-04,,0.0,0.0,0.0,
COMP_0454,2025-05,,0.0,0.0,1.0,
COMP_0454,2025-06,,0.0,0.0,0.0,
COMP_0454,2025-07,,0.0,0.0,0.0,
COMP_0454,2025-08,,0.0,0.0,0.0,0.0
COMP_0454,2025-09,,0.0,0.0,0.0,0.0
COMP_0454,2025-10,,0.0,0.0,0.0,0.0
COMP_0454,2025-11,,0.0,0.0,0.0,0.0
COMP_0454,2025-12,,0.0,0.0,0.0,0.0
COMP_0454,2026-01,,0.0,0.0,0.0,0.0
COMP_0454,2026-02,,0.0,0.0,1.0,0.0
COMP_0454,2026-03,,0.0,0.0,0.0,0.0
COMP_0454,2026-04,,0.0,0.0,0.0,0.0
COMP_0454,2026-05,,0.0,0.0,0.0,0.0
COMP_0454,2026-06,,0.0,0.0,0.0,0.0
COMP_0454,2026-07,,1.0,0.0,0.0,0.0
COMP_0454,2026-08,,1.0,0.0,0.0,0.0
COMP_0455,2025-04,,0.0,1.0,1.0,
COMP_0455,2025-05,,0.0,0.0,0.0,
COMP_0455,2025-06,,0.0,0.0,0.0,
COMP_0455,2025-07,,0.0,0.0,0.0,
COMP_0455,2025-08,,0.0,0.0,0.0,
COMP_0455,2025-09,,0.0,0.0,0.0,
COMP_0455,2025-10,0.0,0.0,0.0,0.0,0.0
COMP_0455,2025-11,0.0,0.0,0.0,0.0,0.0
COMP_0455,2025-12,0.0,0.0,0.0,0.0,0.0
COMP_0455,2026-01,0.0,0.0,0.0,0.0,0.0
COMP_0455,2026-02,0.0,0.0,0.0,0.0,0.0
COMP_0455,2026-03,0.0,0.0,0.0,0.0,0.0
COMP_0455,2026-04,0.0,0.0,0.0,0.0,0.0
COMP_0455,2026-05,0.0,0.0,0.0,0.0,0.0
COMP_0455,2026-06,0.0,0.0,0.0,0.0,0.0
COMP_0455,2026-07,0.0,0.0,0.0,0.0,0.0
COMP_0455,2026-08,0.0,0.0,0.0,0.0,0.0
COMP_0456,2025-10,,,1.0,1.0,
COMP_0456,2025-11,,,0.0,1.0,
COMP_0456,2025-12,,,0.0,1.0,
COMP_0456,2026-01,,,0.0,1.0,
COMP_0456,2026-02,,,0.0,1.0,
COMP_0456,2026-03,,,1.0,1.0,
COMP_0456,2026-04,0.0,,1.0,1.0,0.0
COMP_0456,2026-05,0.0,,0.0,1.0,0.0
COMP_0456,2026-06,1.0,,1.0,1.0,0.0
COMP_0456,2026-07,0.0,,0.0,1.0,0.0
COMP_0456,2026-08,1.0,,0.0,1.0,0.0
COMP_0457,2025-06,,0.0,0.0,1.0,
COMP_0457,2025-07,,0.0,1.0,1.0,
COMP_0457,2025-08,,0.0,0.0,1.0,
COMP_0457,2025-09,,0.0,0.0,0.0,
COMP_0457,2025-10,,0.0,0.0,0.0,
COMP_0457,2025-11,,0.0,0.0,1.0,
COMP_0457,2025-12,0.0,0.0,1.0,1.0,0.0
COMP_0457,2026-01,0.0,0.0,0.0,0.0,0.0
COMP_0457,2026-02,0.0,0.0,0.0,0.0,0.0
COMP_0457,2026-03,0.0,0.0,0.0,0.0,0.0
COMP_0457,2026-04,0.0,0.0,0.0,1.0,0.0
COMP_0457,2026-05,0.0,0.0,0.0,1.0,0.0
COMP_0457,2026-06,0.0,0.0,0.0,0.0,0.0
COMP_0457,2026-07,0.0,0.0,0.0,0.0,0.0
COMP_0457,2026-08,0.0,1.0,0.0,0.0,0.0
COMP_0458,2025-12,,,0.0,1.0,
COMP_0458,2026-01,,,0.0,1.0,
COMP_0458,2026-02,,,0.0,1.0,
COMP_0458,2026-03,,,0.0,1.0,
COMP_0458,2026-04,,,0.0,1.0,
COMP_0458,2026-05,,,0.0,1.0,
COMP_0458,2026-06,,,0.0,1.0,0.0
COMP_0458,2026-07,,,0.0,1.0,0.0
COMP_0458,2026-08,,,0.0,1.0,0.0
COMP_0459,2026-01,,,0.0,0.0,
COMP_0459,2026-02,,,0.0,1.0,
COMP_0459,2026-03,,,0.0,1.0,
COMP_0459,2026-04,,,0.0,1.0,
COMP_0459,2026-05,,,0.0,0.0,
COMP_0459,2026-06,,,0.0,1.0,
COMP_0459,2026-07,,,0.0,1.0,0.0
COMP_0459,2026-08,,,0.0,1.0,0.0
COMP_0460,2025-02,,0.0,0.0,1.0,
COMP_0460,2025-03,,1.0,0.0,1.0,
COMP_0460,2025-04,,1.0,0.0,0.0,
COMP_0460,2025-05,,1.0,0.0,0.0,
COMP_0460,2025-06,,0.0,0.0,0.0,
COMP_0460,2025-07,,0.0,0.0,1.0,
COMP_0460,2025-08,,0.0,0.0,1.0,0.0
COMP_0460,2025-09,,0.0,0.0,0.0,0.0
COMP_0460,2025-10,,0.0,0.0,0.0,0.0
COMP_0460,2025-11,,0.0,0.0,1.0,0.0
COMP_0460,2025-12,,0.0,0.0,1.0,0.0
COMP_0460,2026-01,,0.0,0.0,1.0,0.0
COMP_0460,2026-02,,0.0,0.0,1.0,0.0
COMP_0460,2026-03,,0.0,0.0,0.0,1.0
COMP_0460,2026-04,,0.0,0.0,0.0,1.0
COMP_0460,2026-05,,0.0,0.0,0.0,1.0
COMP_0460,2026-06,,0.0,0.0,0.0,0.0
COMP_0460,2026-07,,0.0,0.0,0.0,0.0
COMP_0460,2026-08,,0.0,0.0,0.0,0.0
COMP_0461,2025-02,,0.0,0.0,0.0,
COMP_0461,2025-03,,0.0,0.0,0.0,
COMP_0461,2025-04,,0.0,0.0,0.0,
COMP_0461,2025-05,,0.0,0.0,0.0,
COMP_0461,2025-06,,0.0,0.0,0.0,
COMP_0461,2025-07,,0.0,0.0,0.0,
COMP_0461,2025-08,0.0,0.0,0.0,0.0,0.0
COMP_0461,2025-09,0.0,0.0,0.0,0.0,0.0
COMP_0461,2025-10,0.0,0.0,0.0,0.0,0.0
COMP_0461,2025-11,0.0,0.0,0.0,0.0,0.0
COMP_0461,2025-12,0.0,0.0,0.0,0.0,0.0
COMP_0461,2026-01,0.0,0.0,0.0,0.0,0.0
COMP_0461,2026-02,0.0,0.0,0.0,0.0,0.0
COMP_0461,2026-03,0.0,0.0,0.0,0.0,0.0
COMP_0461,2026-04,0.0,0.0,0.0,0.0,0.0
COMP_0461,2026-05,0.0,0.0,0.0,0.0,0.0
COMP_0461,2026-06,0.0,0.0,0.0,0.0,0.0
COMP_0461,2026-07,0.0,0.0,0.0,0.0,0.0
COMP_0461,2026-08,0.0,0.0,0.0,0.0,0.0
COMP_0462,2025-02,,,1.0,1.0,
COMP_0462,2025-03,,,1.0,0.0,
COMP_0462,2025-04,,,1.0,0.0,
COMP_0462,2025-05,,,1.0,0.0,
COMP_0462,2025-06,,,1.0,1.0,
COMP_0462,2025-07,,,1.0,1.0,
COMP_0462,2025-08,0.0,,1.0,1.0,0.0
COMP_0462,2025-09,0.0,,1.0,0.0,0.0
COMP_0462,2025-10,0.0,,1.0,1.0,0.0
COMP_0462,2025-11,0.0,,1.0,1.0,0.0
COMP_0462,2025-12,0.0,,1.0,1.0,0.0
COMP_0462,2026-01,0.0,,1.0,0.0,0.0
COMP_0462,2026-02,0.0,,1.0,1.0,0.0
COMP_0462,2026-03,0.0,,1.0,0.0,0.0
COMP_0462,2026-04,0.0,,1.0,1.0,0.0
COMP_0462,2026-05,0.0,,1.0,0.0,0.0
COMP_0462,2026-06,1.0,,0.0,0.0,0.0
COMP_0462,2026-07,0.0,,0.0,0.0,0.0
COMP_0462,2026-08,0.0,,0.0,1.0,0.0
COMP_0463,2025-02,,,1.0,0.0,
COMP_0463,2025-03,,,1.0,0.0,
COMP_0463,2025-04,,,1.0,1.0,
COMP_0463,2025-05,,,1.0,0.0,
COMP_0463,2025-06,,,1.0,1.0,
COMP_0463,2025-07,,,1.0,1.0,
COMP_0463,2025-08,0.0,,1.0,1.0,0.0
COMP_0463,2025-09,0.0,,1.0,1.0,0.0
COMP_0463,2025-10,0.0,,1.0,0.0,0.0
COMP_0463,2025-11,0.0,,1.0,0.0,0.0
COMP_0463,2025-12,0.0,,1.0,0.0,1.0
COMP_0463,2026-01,0.0,,1.0,0.0,0.0
COMP_0463,2026-02,0.0,,0.0,0.0,0.0
COMP_0463,2026-03,0.0,,0.0,0.0,0.0
COMP_0463,2026-04,0.0,,0.0,1.0,0.0
COMP_0463,2026-05,1.0,,0.0,1.0,0.0
COMP_0463,2026-06,0.0,,0.0,1.0,0.0
COMP_0463,2026-07,0.0,,0.0,0.0,0.0
COMP_0463,2026-08,1.0,,0.0,0.0,0.0
COMP_0464,2026-07,,0.0,0.0,1.0,
COMP_0464,2026-08,,0.0,0.0,1.0,
COMP_0465,2026-07,,0.0,0.0,1.0,
COMP_0465,2026-08,,0.0,0.0,1.0,
COMP_0466,2025-06,,0.0,0.0,0.0,
COMP_0466,2025-07,,0.0,0.0,1.0,
COMP_0466,2025-08,,0.0,0.0,1.0,
COMP_0466,2025-09,,0.0,0.0,1.0,
COMP_0466,2025-10,,0.0,0.0,1.0,
COMP_0466,2025-11,,0.0,0.0,1.0,
COMP_0466,2025-12,0.0,0.0,0.0,1.0,0.0
COMP_0466,2026-01,0.0,0.0,0.0,0.0,0.0
COMP_0466,2026-02,1.0,0.0,0.0,0.0,0.0
COMP_0466,2026-03,0.0,0.0,0.0,0.0,0.0
COMP_0466,2026-04,0.0,0.0,0.0,1.0,0.0
COMP_0466,2026-05,0.0,0.0,0.0,0.0,0.0
COMP_0466,2026-06,0.0,0.0,0.0,1.0,0.0
COMP_0466,2026-07,0.0,0.0,0.0,1.0,0.0
COMP_0466,2026-08,1.0,0.0,0.0,0.0,0.0
COMP_0467,2025-08,,,1.0,1.0,
COMP_0467,2025-09,,,1.0,1.0,
COMP_0467,2025-10,,,1.0,1.0,
COMP_0467,2025-11,,,1.0,1.0,
COMP_0467,2025-12,,,1.0,1.0,
COMP_0467,2026-01,,,1.0,1.0,
COMP_0467,2026-02,0.0,,1.0,1.0,0.0
COMP_0467,2026-03,0.0,,1.0,1.0,0.0
COMP_0467,2026-04,0.0,,1.0,1.0,0.0
COMP_0467,2026-05,1.0,,1.0,1.0,0.0
COMP_0467,2026-06,0.0,,1.0,1.0,0.0
COMP_0467,2026-07,0.0,,1.0,1.0,0.0
COMP_0467,2026-08,1.0,,1.0,1.0,0.0
COMP_0468,2026-07,,,0.0,0.0,
COMP_0468,2026-08,,,0.0,0.0,
COMP_0469,2026-04,,0.0,1.0,0.0,
COMP_0469,2026-05,,1.0,1.0,0.0,
COMP_0469,2026-06,,1.0,1.0,0.0,
COMP_0469,2026-07,,1.0,0.0,0.0,
COMP_0469,2026-08,,1.0,0.0,0.0,
COMP_0470,2026-06,,,0.0,1.0,
COMP_0470,2026-07,,,0.0,0.0,
COMP_0470,2026-08,,,0.0,1.0,
COMP_0471,2025-02,,0.0,0.0,0.0,
COMP_0471,2025-03,,0.0,0.0,1.0,
COMP_0471,2025-04,,0.0,0.0,1.0,
COMP_0471,2025-05,,1.0,0.0,0.0,
COMP_0471,2025-06,,1.0,0.0,0.0,
COMP_0471,2025-07,,1.0,0.0,0.0,
COMP_0471,2025-08,0.0,0.0,0.0,0.0,0.0
COMP_0471,2025-09,0.0,0.0,0.0,0.0,1.0
COMP_0471,2025-10,1.0,0.0,0.0,0.0,0.0
COMP_0471,2025-11,0.0,0.0,0.0,0.0,0.0
COMP_0471,2025-12,0.0,0.0,0.0,0.0,0.0
COMP_0471,2026-01,0.0,0.0,0.0,0.0,0.0
COMP_0471,2026-02,0.0,0.0,0.0,0.0,0.0
COMP_0471,2026-03,0.0,0.0,0.0,0.0,0.0
COMP_0471,2026-04,1.0,0.0,0.0,0.0,0.0
COMP_0471,2026-05,0.0,0.0,0.0,1.0,0.0
COMP_0471,2026-06,0.0,0.0,0.0,0.0,0.0
COMP_0471,2026-07,0.0,0.0,0.0,0.0,0.0
COMP_0471,2026-08,0.0,1.0,0.0,0.0,0.0
COMP_0472,2026-06,,0.0,0.0,0.0,
COMP_0472,2026-07,,0.0,0.0,1.0,
COMP_0472,2026-08,,0.0,0.0,1.0,
COMP_0473,2026-03,,0.0,0.0,0.0,
COMP_0473,2026-04,,0.0,0.0,1.0,
COMP_0473,2026-05,,0.0,0.0,1.0,
COMP_0473,2026-06,,0.0,0.0,1.0,
COMP_0473,2026-07,,0.0,0.0,0.0,
COMP_0473,2026-08,,0.0,0.0,1.0,
COMP_0474,2025-02,,0.0,1.0,1.0,
COMP_0474,2025-03,,0.0,1.0,1.0,
COMP_0474,2025-04,,0.0,1.0,1.0,
COMP_0474,2025-05,,0.0,1.0,0.0,
COMP_0474,2025-06,,0.0,0.0,0.0,
COMP_0474,2025-07,,0.0,0.0,0.0,
COMP_0474,2025-08,0.0,0.0,0.0,0.0,0.0
COMP_0474,2025-09,0.0,0.0,0.0,0.0,0.0
COMP_0474,2025-10,0.0,0.0,1.0,1.0,0.0
COMP_0474,2025-11,0.0,0.0,1.0,0.0,0.0
COMP_0474,2025-12,0.0,1.0,1.0,0.0,0.0
COMP_0474,2026-01,0.0,1.0,0.0,0.0,0.0
COMP_0474,2026-02,0.0,1.0,0.0,0.0,0.0
COMP_0474,2026-03,0.0,0.0,0.0,0.0,0.0
COMP_0474,2026-04,0.0,0.0,1.0,1.0,0.0
COMP_0474,2026-05,0.0,0.0,1.0,1.0,0.0
COMP_0474,2026-06,0.0,1.0,1.0,1.0,0.0
COMP_0474,2026-07,0.0,0.0,1.0,0.0,0.0
COMP_0474,2026-08,0.0,1.0,0.0,0.0,0.0
COMP_0475,2025-03,,,0.0,0.0,
COMP_0475,2025-04,,,0.0,0.0,
COMP_0475,2025-05,,,0.0,0.0,
COMP_0475,2025-06,,,0.0,1.0,
COMP_0475,2025-07,,,0.0,1.0,
COMP_0475,2025-08,,,0.0,1.0,
COMP_0475,2025-09,,,0.0,,
COMP_0475,2025-10,,,0.0,,
COMP_0475,2025-11,,,0.0,,
COMP_0475,2025-12,,,0.0,,
COMP_0475,2026-01,,,0.0,,
COMP_0475,2026-02,,,0.0,,
COMP_0475,2026-03,,,0.0,,
COMP_0475,2026-04,,,0.0,,
COMP_0475,2026-05,,,0.0,,
COMP_0475,2026-06,,,0.0,,
COMP_0475,2026-07,,,0.0,,
COMP_0475,2026-08,,,0.0,,
COMP_0476,2025-02,,0.0,0.0,0.0,
COMP_0476,2025-03,,0.0,0.0,1.0,
COMP_0476,2025-04,,0.0,0.0,1.0,
COMP_0476,2025-05,,0.0,0.0,1.0,
COMP_0476,2025-06,,0.0,0.0,1.0,
COMP_0476,2025-07,,0.0,0.0,1.0,
COMP_0476,2025-08,,0.0,0.0,0.0,0.0
COMP_0476,2025-09,,0.0,0.0,0.0,0.0
COMP_0476,2025-10,,1.0,0.0,0.0,0.0
COMP_0476,2025-11,,1.0,0.0,0.0,0.0
COMP_0476,2025-12,,1.0,0.0,1.0,0.0
COMP_0476,2026-01,,1.0,0.0,1.0,0.0
COMP_0476,2026-02,,1.0,0.0,1.0,0.0
COMP_0476,2026-03,,1.0,0.0,0.0,0.0
COMP_0476,2026-04,,1.0,0.0,0.0,0.0
COMP_0476,2026-05,,1.0,0.0,0.0,0.0
COMP_0476,2026-06,,1.0,0.0,1.0,0.0
COMP_0476,2026-07,,1.0,0.0,1.0,0.0
COMP_0476,2026-08,,1.0,0.0,0.0,0.0
COMP_0477,2026-06,,1.0,1.0,1.0,
COMP_0477,2026-07,,1.0,1.0,1.0,
COMP_0477,2026-08,,1.0,1.0,1.0,
COMP_0478,2025-10,,,0.0,1.0,
COMP_0478,2025-11,,,0.0,1.0,
COMP_0478,2025-12,,,0.0,1.0,
COMP_0478,2026-01,,,0.0,1.0,
COMP_0478,2026-02,,,0.0,1.0,
COMP_0478,2026-03,,,1.0,1.0,
COMP_0478,2026-04,0.0,,1.0,1.0,0.0
COMP_0478,2026-05,0.0,,1.0,1.0,0.0
COMP_0478,2026-06,0.0,,1.0,1.0,0.0
COMP_0478,2026-07,0.0,,1.0,1.0,0.0
COMP_0478,2026-08,0.0,,1.0,1.0,0.0
COMP_0479,2026-01,,,0.0,1.0,
COMP_0479,2026-02,,,0.0,1.0,
COMP_0479,2026-03,,,0.0,1.0,
COMP_0479,2026-04,,,0.0,0.0,
COMP_0479,2026-05,,,0.0,0.0,
COMP_0479,2026-06,,,0.0,1.0,
COMP_0479,2026-07,0.0,,0.0,1.0,0.0
COMP_0479,2026-08,0.0,,0.0,1.0,0.0
COMP_0480,2025-02,,0.0,0.0,0.0,
COMP_0480,2025-03,,0.0,0.0,0.0,
COMP_0480,2025-04,,0.0,0.0,0.0,
COMP_0480,2025-05,,0.0,0.0,0.0,
COMP_0480,2025-06,,0.0,0.0,0.0,
COMP_0480,2025-07,,0.0,0.0,0.0,
COMP_0480,2025-08,,0.0,0.0,0.0,0.0
COMP_0480,2025-09,,0.0,0.0,0.0,0.0
COMP_0480,2025-10,,0.0,0.0,0.0,0.0
COMP_0480,2025-11,,0.0,0.0,0.0,0.0
COMP_0480,2025-12,,0.0,0.0,0.0,0.0
COMP_0480,2026-01,,0.0,0.0,0.0,0.0
COMP_0480,2026-02,0.0,0.0,0.0,0.0,0.0
COMP_0480,2026-03,1.0,0.0,0.0,0.0,0.0
COMP_0480,2026-04,1.0,0.0,0.0,0.0,0.0
COMP_0480,2026-05,,0.0,0.0,0.0,0.0
COMP_0480,2026-06,,0.0,0.0,0.0,0.0
COMP_0480,2026-07,,0.0,0.0,0.0,0.0
COMP_0480,2026-08,,0.0,0.0,0.0,0.0
COMP_0481,2025-02,,,0.0,1.0,
COMP_0481,2025-03,,,0.0,0.0,
COMP_0481,2025-04,,,0.0,1.0,
COMP_0481,2025-05,,,0.0,0.0,
COMP_0481,2025-06,,,0.0,1.0,
COMP_0481,2025-07,,,0.0,0.0,
COMP_0481,2025-08,0.0,,0.0,0.0,0.0
COMP_0481,2025-09,0.0,,0.0,0.0,0.0
COMP_0481,2025-10,1.0,,0.0,0.0,0.0
COMP_0481,2025-11,,,0.0,0.0,0.0
COMP_0481,2025-12,,,0.0,0.0,0.0
COMP_0481,2026-01,,,0.0,0.0,0.0
COMP_0481,2026-02,,,0.0,0.0,0.0
COMP_0481,2026-03,,,0.0,0.0,0.0
COMP_0481,2026-04,,,0.0,1.0,0.0
COMP_0481,2026-05,,,0.0,1.0,0.0
COMP_0481,2026-06,,,0.0,1.0,0.0
COMP_0481,2026-07,,,0.0,1.0,0.0
COMP_0481,2026-08,,,0.0,1.0,0.0
COMP_0482,2025-10,,0.0,0.0,0.0,
COMP_0482,2025-11,,0.0,0.0,0.0,
COMP_0482,2025-12,,0.0,0.0,0.0,
COMP_0482,2026-01,,0.0,0.0,0.0,
COMP_0482,2026-02,,0.0,0.0,0.0,
COMP_0482,2026-03,,0.0,0.0,0.0,
COMP_0482,2026-04,0.0,0.0,0.0,0.0,0.0
COMP_0482,2026-05,0.0,0.0,0.0,0.0,0.0
COMP_0482,2026-06,0.0,0.0,0.0,0.0,0.0
COMP_0482,2026-07,0.0,0.0,0.0,0.0,0.0
COMP_0482,2026-08,0.0,0.0,0.0,0.0,0.0
COMP_0483,2025-07,,,0.0,0.0,
COMP_0483,2025-08,,,0.0,0.0,
COMP_0483,2025-09,,,0.0,0.0,
COMP_0483,2025-10,,,0.0,0.0,
COMP_0483,2025-11,,,0.0,1.0,
COMP_0483,2025-12,,,0.0,0.0,
COMP_0483,2026-01,1.0,,0.0,0.0,0.0
COMP_0483,2026-02,,,0.0,1.0,0.0
COMP_0483,2026-03,,,0.0,0.0,0.0
COMP_0483,2026-04,,,0.0,0.0,0.0
COMP_0483,2026-05,,,0.0,0.0,0.0
COMP_0483,2026-06,,,0.0,1.0,0.0
COMP_0483,2026-07,0.0,,0.0,0.0,0.0
COMP_0483,2026-08,0.0,,0.0,0.0,0.0
COMP_0484,2026-07,,,0.0,0.0,
COMP_0484,2026-08,,,0.0,0.0,
COMP_0485,2026-05,,0.0,0.0,1.0,
COMP_0485,2026-06,,0.0,0.0,1.0,
COMP_0485,2026-07,,0.0,0.0,1.0,
COMP_0485,2026-08,,1.0,0.0,1.0,
COMP_0486,2025-02,,0.0,0.0,0.0,
COMP_0486,2025-03,,1.0,0.0,0.0,
COMP_0486,2025-04,,1.0,0.0,0.0,
COMP_0486,2025-05,,1.0,0.0,0.0,
COMP_0486,2025-06,,1.0,0.0,0.0,
COMP_0486,2025-07,,1.0,0.0,0.0,
COMP_0486,2025-08,0.0,1.0,0.0,0.0,0.0
COMP_0486,2025-09,0.0,1.0,0.0,0.0,0.0
COMP_0486,2025-10,0.0,0.0,0.0,0.0,0.0
COMP_0486,2025-11,0.0,0.0,0.0,0.0,0.0
COMP_0486,2025-12,0.0,0.0,0.0,0.0,0.0
COMP_0486,2026-01,0.0,0.0,0.0,0.0,0.0
COMP_0486,2026-02,0.0,0.0,0.0,0.0,0.0
COMP_0486,2026-03,0.0,1.0,0.0,0.0,0.0
COMP_0486,2026-04,0.0,1.0,0.0,1.0,0.0
COMP_0486,2026-05,0.0,1.0,1.0,1.0,0.0
COMP_0486,2026-06,0.0,1.0,1.0,0.0,0.0
COMP_0486,2026-07,0.0,1.0,0.0,0.0,0.0
COMP_0486,2026-08,0.0,0.0,0.0,0.0,0.0
COMP_0487,2026-01,,,0.0,0.0,
COMP_0487,2026-02,,,0.0,0.0,
COMP_0487,2026-03,,,0.0,0.0,
COMP_0487,2026-04,,,0.0,1.0,
COMP_0487,2026-05,,,0.0,0.0,
COMP_0487,2026-06,,,0.0,0.0,
COMP_0487,2026-07,0.0,,0.0,1.0,0.0
COMP_0487,2026-08,0.0,,0.0,1.0,0.0
COMP_0488,2026-06,,1.0,1.0,0.0,
COMP_0488,2026-07,,1.0,1.0,0.0,
COMP_0488,2026-08,,1.0,0.0,0.0,
COMP_0489,2026-05,,,0.0,0.0,
COMP_0489,2026-06,,,0.0,0.0,
COMP_0489,2026-07,,,0.0,0.0,
COMP_0489,2026-08,,,0.0,0.0,
COMP_0490,2026-07,,,0.0,1.0,
COMP_0490,2026-08,,,0.0,1.0,
COMP_0491,2025-02,,0.0,0.0,0.0,
COMP_0491,2025-03,,1.0,0.0,1.0,
COMP_0491,2025-04,,1.0,1.0,1.0,
COMP_0491,2025-05,,1.0,0.0,1.0,
COMP_0491,2025-06,,0.0,0.0,1.0,
COMP_0491,2025-07,,0.0,0.0,0.0,
COMP_0491,2025-08,1.0,0.0,0.0,0.0,0.0
COMP_0491,2025-09,0.0,0.0,0.0,0.0,0.0
COMP_0491,2025-10,0.0,0.0,0.0,1.0,0.0
COMP_0491,2025-11,0.0,0.0,1.0,1.0,0.0
COMP_0491,2025-12,1.0,1.0,1.0,1.0,0.0
COMP_0491,2026-01,0.0,1.0,1.0,1.0,0.0
COMP_0491,2026-02,0.0,1.0,1.0,1.0,0.0
COMP_0491,2026-03,0.0,1.0,1.0,1.0,0.0
COMP_0491,2026-04,0.0,1.0,1.0,0.0,0.0
COMP_0491,2026-05,0.0,0.0,1.0,0.0,0.0
COMP_0491,2026-06,0.0,0.0,1.0,0.0,0.0
COMP_0491,2026-07,1.0,1.0,0.0,0.0,0.0
COMP_0491,2026-08,1.0,1.0,0.0,0.0,0.0
COMP_0492,2025-02,,0.0,0.0,1.0,
COMP_0492,2025-03,,0.0,0.0,1.0,
COMP_0492,2025-04,,0.0,0.0,1.0,
COMP_0492,2025-05,,0.0,0.0,1.0,
COMP_0492,2025-06,,0.0,0.0,1.0,
COMP_0492,2025-07,,0.0,0.0,0.0,
COMP_0492,2025-08,,0.0,0.0,0.0,
COMP_0492,2025-09,,1.0,0.0,0.0,
COMP_0492,2025-10,,1.0,0.0,1.0,0.0
COMP_0492,2025-11,,0.0,0.0,1.0,
COMP_0492,2025-12,,0.0,0.0,1.0,
COMP_0492,2026-01,,,0.0,,
COMP_0492,2026-02,,,0.0,,
COMP_0492,2026-03,,,0.0,,
COMP_0492,2026-04,,,0.0,,
COMP_0492,2026-05,,,0.0,,
COMP_0492,2026-06,,,0.0,,
COMP_0492,2026-07,,,0.0,,
COMP_0492,2026-08,,,0.0,,
COMP_0493,2026-03,,,0.0,0.0,
COMP_0493,2026-04,,,0.0,0.0,
COMP_0493,2026-05,,,0.0,0.0,
COMP_0493,2026-06,,,0.0,0.0,
COMP_0493,2026-07,,,0.0,0.0,
COMP_0493,2026-08,,,0.0,0.0,
COMP_0494,2025-02,,0.0,0.0,0.0,
COMP_0494,2025-03,,0.0,0.0,1.0,
COMP_0494,2025-04,,0.0,0.0,1.0,
COMP_0494,2025-05,,0.0,0.0,1.0,
COMP_0494,2025-06,,0.0,0.0,0.0,
COMP_0494,2025-07,,1.0,0.0,0.0,
COMP_0494,2025-08,0.0,1.0,0.0,0.0,0.0
COMP_0494,2025-09,0.0,1.0,0.0,0.0,0.0
COMP_0494,2025-10,0.0,0.0,0.0,0.0,0.0
COMP_0494,2025-11,0.0,0.0,0.0,0.0,0.0
COMP_0494,2025-12,0.0,0.0,0.0,0.0,0.0
COMP_0494,2026-01,0.0,0.0,0.0,0.0,0.0
COMP_0494,2026-02,0.0,0.0,0.0,0.0,0.0
COMP_0494,2026-03,0.0,0.0,0.0,1.0,0.0
COMP_0494,2026-04,0.0,0.0,0.0,0.0,0.0
COMP_0494,2026-05,0.0,0.0,0.0,0.0,0.0
COMP_0494,2026-06,0.0,0.0,0.0,0.0,0.0
COMP_0494,2026-07,0.0,0.0,0.0,0.0,0.0
COMP_0494,2026-08,0.0,0.0,0.0,0.0,0.0
COMP_0495,2025-06,,1.0,0.0,1.0,
COMP_0495,2025-07,,1.0,0.0,0.0,
COMP_0495,2025-08,,1.0,0.0,1.0,
COMP_0495,2025-09,,1.0,0.0,1.0,
COMP_0495,2025-10,,1.0,0.0,1.0,
COMP_0495,2025-11,,1.0,0.0,1.0,
COMP_0495,2025-12,0.0,1.0,0.0,0.0,0.0
COMP_0495,2026-01,0.0,0.0,0.0,0.0,0.0
COMP_0495,2026-02,0.0,1.0,0.0,1.0,0.0
COMP_0495,2026-03,0.0,1.0,0.0,0.0,0.0
COMP_0495,2026-04,0.0,0.0,0.0,0.0,0.0
COMP_0495,2026-05,0.0,0.0,0.0,1.0,0.0
COMP_0495,2026-06,0.0,0.0,0.0,1.0,0.0
COMP_0495,2026-07,0.0,0.0,0.0,1.0,0.0
COMP_0495,2026-08,0.0,0.0,0.0,1.0,0.0
COMP_0496,2025-02,,0.0,0.0,0.0,
COMP_0496,2025-03,,0.0,0.0,0.0,
COMP_0496,2025-04,,1.0,0.0,0.0,
COMP_0496,2025-05,,1.0,0.0,0.0,
COMP_0496,2025-06,,1.0,0.0,0.0,
COMP_0496,2025-07,,1.0,0.0,0.0,
COMP_0496,2025-08,,1.0,0.0,0.0,0.0
COMP_0496,2025-09,,1.0,0.0,0.0,0.0
COMP_0496,2025-10,,0.0,0.0,0.0,0.0
COMP_0496,2025-11,,0.0,0.0,0.0,0.0
COMP_0496,2025-12,,1.0,0.0,0.0,0.0
COMP_0496,2026-01,,1.0,0.0,0.0,0.0
COMP_0496,2026-02,,1.0,0.0,0.0,0.0
COMP_0496,2026-03,,1.0,0.0,0.0,0.0
COMP_0496,2026-04,,1.0,0.0,0.0,1.0
COMP_0496,2026-05,,1.0,0.0,0.0,0.0
COMP_0496,2026-06,,1.0,0.0,0.0,0.0
COMP_0496,2026-07,,1.0,0.0,0.0,0.0
COMP_0496,2026-08,,1.0,0.0,0.0,0.0
COMP_0497,2026-07,,0.0,0.0,1.0,
COMP_0497,2026-08,,0.0,0.0,1.0,
COMP_0498,2026-05,,0.0,0.0,0.0,
COMP_0498,2026-06,,0.0,0.0,0.0,
COMP_0498,2026-07,,1.0,0.0,0.0,
COMP_0498,2026-08,,1.0,0.0,0.0,
COMP_0499,2026-06,,0.0,1.0,1.0,
COMP_0499,2026-07,,0.0,1.0,0.0,
COMP_0499,2026-08,,0.0,1.0,0.0,
COMP_0500,2025-03,,0.0,0.0,1.0,
COMP_0500,2025-04,,1.0,0.0,1.0,
COMP_0500,2025-05,,1.0,0.0,1.0,
COMP_0500,2025-06,,1.0,0.0,0.0,
COMP_0500,2025-07,,1.0,0.0,0.0,
COMP_0500,2025-08,,1.0,0.0,0.0,
COMP_0500,2025-09,0.0,1.0,0.0,0.0,0.0
COMP_0500,2025-10,0.0,1.0,0.0,0.0,0.0
COMP_0500,2025-11,0.0,1.0,0.0,0.0,0.0
COMP_0500,2025-12,0.0,1.0,0.0,0.0,0.0
COMP_0500,2026-01,0.0,1.0,0.0,0.0,0.0
COMP_0500,2026-02,0.0,1.0,0.0,0.0,0.0
COMP_0500,2026-03,0.0,1.0,0.0,1.0,0.0
COMP_0500,2026-04,0.0,1.0,0.0,1.0,0.0
COMP_0500,2026-05,0.0,1.0,0.0,0.0,0.0
COMP_0500,2026-06,0.0,1.0,0.0,0.0,0.0
COMP_0500,2026-07,0.0,1.0,0.0,0.0,0.0
COMP_0500,2026-08,1.0,1.0,0.0,0.0,0.0
COMP_0501,2026-07,,,0.0,0.0,
COMP_0501,2026-08,,,0.0,0.0,
COMP_0502,2025-02,,,0.0,0.0,
COMP_0502,2025-03,,,0.0,0.0,
COMP_0502,2025-04,,,0.0,0.0,
COMP_0502,2025-05,,,0.0,0.0,
COMP_0502,2025-06,,,0.0,0.0,
COMP_0502,2025-07,,,0.0,0.0,
COMP_0502,2025-08,,,0.0,,
COMP_0502,2025-09,,,0.0,,
COMP_0502,2025-10,,,0.0,,
COMP_0502,2025-11,,,0.0,0.0,0.0
COMP_0502,2025-12,,,0.0,0.0,0.0
COMP_0502,2026-01,,,0.0,0.0,0.0
COMP_0502,2026-02,,,0.0,0.0,0.0
COMP_0502,2026-03,,,0.0,0.0,0.0
COMP_0502,2026-04,,,0.0,0.0,0.0
COMP_0502,2026-05,,,0.0,0.0,0.0
COMP_0502,2026-06,,,0.0,0.0,0.0
COMP_0502,2026-07,,,0.0,0.0,0.0
COMP_0502,2026-08,,,0.0,0.0,0.0
COMP_0503,2025-06,,0.0,0.0,1.0,
COMP_0503,2025-07,,0.0,0.0,1.0,
COMP_0503,2025-08,,0.0,0.0,1.0,
COMP_0503,2025-09,,0.0,0.0,1.0,
COMP_0503,2025-10,,0.0,0.0,1.0,
COMP_0503,2025-11,,0.0,0.0,1.0,
COMP_0503,2025-12,,,0.0,,
COMP_0503,2026-01,,,0.0,,
COMP_0503,2026-02,,0.0,0.0,0.0,0.0
COMP_0503,2026-03,,0.0,0.0,0.0,
COMP_0503,2026-04,,0.0,0.0,0.0,
COMP_0503,2026-05,,,0.0,,
COMP_0503,2026-06,,,0.0,,
COMP_0503,2026-07,,,0.0,,
COMP_0503,2026-08,,,0.0,,
COMP_0504,2025-02,,1.0,0.0,0.0,
COMP_0504,2025-03,,1.0,0.0,0.0,
COMP_0504,2025-04,,1.0,0.0,0.0,
COMP_0504,2025-05,,1.0,0.0,1.0,
COMP_0504,2025-06,,1.0,0.0,1.0,
COMP_0504,2025-07,,1.0,0.0,1.0,
COMP_0504,2025-08,0.0,1.0,0.0,0.0,0.0
COMP_0504,2025-09,0.0,1.0,1.0,1.0,0.0
COMP_0504,2025-10,0.0,1.0,0.0,0.0,0.0
COMP_0504,2025-11,0.0,1.0,0.0,1.0,1.0
COMP_0504,2025-12,0.0,0.0,0.0,0.0,0.0
COMP_0504,2026-01,0.0,1.0,0.0,1.0,0.0
COMP_0504,2026-02,0.0,1.0,0.0,0.0,0.0
COMP_0504,2026-03,0.0,1.0,0.0,1.0,0.0
COMP_0504,2026-04,0.0,1.0,0.0,0.0,0.0
COMP_0504,2026-05,0.0,1.0,0.0,1.0,0.0
COMP_0504,2026-06,0.0,1.0,0.0,0.0,0.0
COMP_0504,2026-07,0.0,1.0,0.0,0.0,0.0
COMP_0504,2026-08,0.0,1.0,0.0,0.0,0.0
COMP_0505,2025-05,,,0.0,0.0,
COMP_0505,2025-06,,,0.0,0.0,
COMP_0505,2025-07,,,0.0,0.0,
COMP_0505,2025-08,,,0.0,0.0,
COMP_0505,2025-09,,,0.0,0.0,
COMP_0505,2025-10,,,0.0,0.0,
COMP_0505,2025-11,,,0.0,0.0,0.0
COMP_0505,2025-12,,,0.0,0.0,0.0
COMP_0505,2026-01,,,0.0,0.0,0.0
COMP_0505,2026-02,,,0.0,0.0,0.0
COMP_0505,2026-03,,,0.0,0.0,0.0
COMP_0505,2026-04,,,0.0,0.0,0.0
COMP_0505,2026-05,,,0.0,0.0,0.0
COMP_0505,2026-06,,,0.0,0.0,0.0
COMP_0505,2026-07,0.0,,0.0,0.0,0.0
COMP_0505,2026-08,0.0,,0.0,0.0,0.0
COMP_0506,2025-07,,0.0,0.0,1.0,
COMP_0506,2025-08,,0.0,0.0,1.0,
COMP_0506,2025-09,,1.0,0.0,1.0,
COMP_0506,2025-10,,1.0,0.0,0.0,
COMP_0506,2025-11,,1.0,0.0,0.0,
COMP_0506,2025-12,,0.0,0.0,0.0,
COMP_0506,2026-01,0.0,0.0,0.0,1.0,0.0
COMP_0506,2026-02,0.0,0.0,0.0,0.0,0.0
COMP_0506,2026-03,0.0,0.0,0.0,1.0,0.0
COMP_0506,2026-04,0.0,0.0,0.0,1.0,0.0
COMP_0506,2026-05,0.0,0.0,0.0,1.0,0.0
COMP_0506,2026-06,0.0,0.0,0.0,1.0,0.0
COMP_0506,2026-07,0.0,0.0,0.0,0.0,0.0
COMP_0506,2026-08,0.0,0.0,0.0,1.0,0.0
COMP_0507,2025-06,,0.0,0.0,0.0,
COMP_0507,2025-07,,0.0,0.0,0.0,
COMP_0507,2025-08,,1.0,0.0,0.0,
COMP_0507,2025-09,,1.0,0.0,0.0,
COMP_0507,2025-10,,1.0,0.0,0.0,
COMP_0507,2025-11,,0.0,0.0,0.0,
COMP_0507,2025-12,0.0,0.0,0.0,0.0,0.0
COMP_0507,2026-01,0.0,0.0,0.0,1.0,0.0
COMP_0507,2026-02,1.0,0.0,0.0,0.0,0.0
COMP_0507,2026-03,0.0,1.0,0.0,0.0,0.0
COMP_0507,2026-04,0.0,1.0,0.0,1.0,0.0
COMP_0507,2026-05,0.0,1.0,0.0,0.0,0.0
COMP_0507,2026-06,1.0,0.0,0.0,0.0,0.0
COMP_0507,2026-07,0.0,0.0,0.0,0.0,0.0
COMP_0507,2026-08,0.0,0.0,0.0,0.0,0.0
COMP_0508,2025-08,,0.0,0.0,0.0,
COMP_0508,2025-09,,0.0,0.0,0.0,
COMP_0508,2025-10,,0.0,0.0,0.0,
COMP_0508,2025-11,,0.0,0.0,0.0,
COMP_0508,2025-12,,0.0,0.0,0.0,
COMP_0508,2026-01,,0.0,0.0,0.0,
COMP_0508,2026-02,0.0,0.0,0.0,0.0,0.0
COMP_0508,2026-03,0.0,0.0,0.0,0.0,0.0
COMP_0508,2026-04,0.0,0.0,0.0,0.0,0.0
COMP_0508,2026-05,0.0,0.0,0.0,0.0,0.0
COMP_0508,2026-06,0.0,0.0,0.0,0.0,1.0
COMP_0508,2026-07,1.0,0.0,0.0,0.0,0.0
COMP_0508,2026-08,0.0,0.0,0.0,0.0,0.0
COMP_0509,2025-02,,0.0,0.0,1.0,
COMP_0509,2025-03,,0.0,0.0,0.0,
COMP_0509,2025-04,,0.0,0.0,0.0,
COMP_0509,2025-05,,0.0,0.0,0.0,
COMP_0509,2025-06,,0.0,0.0,0.0,
COMP_0509,2025-07,,0.0,0.0,0.0,
COMP_0509,2025-08,0.0,1.0,0.0,0.0,0.0
COMP_0509,2025-09,0.0,1.0,0.0,1.0,0.0
COMP_0509,2025-10,0.0,0.0,0.0,0.0,0.0
COMP_0509,2025-11,0.0,0.0,0.0,0.0,0.0
COMP_0509,2025-12,0.0,0.0,0.0,0.0,0.0
COMP_0509,2026-01,0.0,0.0,0.0,0.0,0.0
COMP_0509,2026-02,0.0,0.0,0.0,0.0,0.0
COMP_0509,2026-03,0.0,0.0,0.0,0.0,0.0
COMP_0509,2026-04,0.0,0.0,0.0,0.0,0.0
COMP_0509,2026-05,0.0,0.0,0.0,0.0,0.0
COMP_0509,2026-06,0.0,0.0,0.0,0.0,0.0
COMP_0509,2026-07,0.0,0.0,0.0,0.0,0.0
COMP_0509,2026-08,0.0,0.0,0.0,0.0,0.0
COMP_0510,2025-05,,1.0,0.0,0.0,
COMP_0510,2025-06,,1.0,0.0,0.0,
COMP_0510,2025-07,,1.0,0.0,1.0,
COMP_0510,2025-08,,1.0,0.0,1.0,
COMP_0510,2025-09,,1.0,0.0,1.0,
COMP_0510,2025-10,,1.0,0.0,0.0,
COMP_0510,2025-11,,1.0,0.0,0.0,0.0
COMP_0510,2025-12,,1.0,0.0,0.0,0.0
COMP_0510,2026-01,,1.0,0.0,1.0,0.0
COMP_0510,2026-02,,1.0,0.0,1.0,
COMP_0510,2026-03,,1.0,0.0,0.0,0.0
COMP_0510,2026-04,,1.0,0.0,1.0,0.0
COMP_0510,2026-05,,1.0,0.0,0.0,0.0
COMP_0510,2026-06,,1.0,0.0,1.0,0.0
COMP_0510,2026-07,,1.0,0.0,0.0,
COMP_0510,2026-08,,1.0,0.0,0.0,
COMP_0511,2025-02,,0.0,0.0,0.0,
COMP_0511,2025-03,,0.0,0.0,0.0,
COMP_0511,2025-04,,0.0,0.0,0.0,
COMP_0511,2025-05,,0.0,0.0,0.0,
COMP_0511,2025-06,,0.0,0.0,0.0,
COMP_0511,2025-07,,0.0,0.0,1.0,
COMP_0511,2025-08,0.0,0.0,0.0,0.0,0.0
COMP_0511,2025-09,0.0,0.0,0.0,0.0,0.0
COMP_0511,2025-10,0.0,0.0,0.0,0.0,0.0
COMP_0511,2025-11,0.0,0.0,0.0,0.0,1.0
COMP_0511,2025-12,0.0,1.0,0.0,0.0,0.0
COMP_0511,2026-01,0.0,1.0,0.0,0.0,0.0
COMP_0511,2026-02,0.0,1.0,0.0,0.0,0.0
COMP_0511,2026-03,0.0,1.0,0.0,0.0,0.0
COMP_0511,2026-04,0.0,1.0,0.0,0.0,0.0
COMP_0511,2026-05,0.0,1.0,0.0,0.0,0.0
COMP_0511,2026-06,0.0,0.0,0.0,0.0,0.0
COMP_0511,2026-07,0.0,0.0,0.0,0.0,0.0
COMP_0511,2026-08,0.0,0.0,0.0,0.0,0.0
COMP_0512,2025-07,,0.0,0.0,1.0,
COMP_0512,2025-08,,0.0,0.0,0.0,
COMP_0512,2025-09,,0.0,0.0,0.0,
COMP_0512,2025-10,,0.0,0.0,1.0,
COMP_0512,2025-11,,0.0,0.0,1.0,
COMP_0512,2025-12,,0.0,0.0,1.0,
COMP_0512,2026-01,0.0,0.0,0.0,0.0,0.0
COMP_0512,2026-02,0.0,0.0,0.0,1.0,0.0
COMP_0512,2026-03,0.0,0.0,0.0,1.0,0.0
COMP_0512,2026-04,0.0,0.0,0.0,1.0,0.0
COMP_0512,2026-05,0.0,0.0,0.0,1.0,0.0
COMP_0512,2026-06,0.0,0.0,0.0,1.0,0.0
COMP_0512,2026-07,0.0,0.0,0.0,0.0,0.0
COMP_0512,2026-08,0.0,0.0,0.0,0.0,0.0
COMP_0513,2025-02,,0.0,0.0,1.0,
COMP_0513,2025-03,,0.0,0.0,1.0,
COMP_0513,2025-04,,0.0,0.0,0.0,
COMP_0513,2025-05,,0.0,0.0,1.0,
COMP_0513,2025-06,,0.0,0.0,0.0,
COMP_0513,2025-07,,0.0,0.0,1.0,
COMP_0513,2025-08,0.0,0.0,0.0,1.0,0.0
COMP_0513,2025-09,0.0,0.0,0.0,0.0,0.0
COMP_0513,2025-10,0.0,0.0,0.0,1.0,0.0
COMP_0513,2025-11,0.0,0.0,0.0,0.0,0.0
COMP_0513,2025-12,0.0,0.0,0.0,1.0,0.0
COMP_0513,2026-01,0.0,0.0,0.0,1.0,0.0
COMP_0513,2026-02,1.0,0.0,0.0,1.0,0.0
COMP_0513,2026-03,1.0,0.0,0.0,1.0,0.0
COMP_0513,2026-04,0.0,0.0,0.0,1.0,0.0
COMP_0513,2026-05,0.0,0.0,0.0,0.0,0.0
COMP_0513,2026-06,0.0,0.0,0.0,0.0,0.0
COMP_0513,2026-07,0.0,0.0,0.0,1.0,0.0
COMP_0513,2026-08,0.0,0.0,0.0,0.0,0.0
COMP_0514,2026-07,,0.0,0.0,1.0,
COMP_0514,2026-08,,0.0,0.0,0.0,
COMP_0515,2026-01,,0.0,0.0,0.0,
COMP_0515,2026-02,,0.0,0.0,0.0,
COMP_0515,2026-03,,0.0,0.0,0.0,
COMP_0515,2026-04,,0.0,0.0,0.0,
COMP_0515,2026-05,,0.0,0.0,0.0,
COMP_0515,2026-06,,0.0,0.0,0.0,
COMP_0515,2026-07,0.0,0.0,0.0,0.0,0.0
COMP_0515,2026-08,0.0,0.0,0.0,0.0,0.0
COMP_0516,2026-01,,,0.0,0.0,
COMP_0516,2026-02,,,0.0,0.0,
COMP_0516,2026-03,,,0.0,0.0,
COMP_0516,2026-04,,,0.0,0.0,
COMP_0516,2026-05,,,0.0,0.0,
COMP_0516,2026-06,,,0.0,0.0,
COMP_0516,2026-07,0.0,,0.0,0.0,0.0
COMP_0516,2026-08,0.0,,0.0,0.0,0.0
COMP_0517,2025-05,,,1.0,1.0,
COMP_0517,2025-06,,,1.0,1.0,
COMP_0517,2025-07,,,0.0,0.0,
COMP_0517,2025-08,,,1.0,0.0,
COMP_0517,2025-09,,,1.0,0.0,
COMP_0517,2025-10,,,0.0,0.0,
COMP_0517,2025-11,0.0,,0.0,0.0,0.0
COMP_0517,2025-12,0.0,,1.0,0.0,0.0
COMP_0517,2026-01,0.0,,1.0,0.0,0.0
COMP_0517,2026-02,0.0,,1.0,0.0,0.0
COMP_0517,2026-03,0.0,,1.0,0.0,0.0
COMP_0517,2026-04,0.0,,1.0,0.0,0.0
COMP_0517,2026-05,1.0,,1.0,0.0,0.0
COMP_0517,2026-06,1.0,,1.0,1.0,0.0
COMP_0517,2026-07,,,1.0,1.0,0.0
COMP_0517,2026-08,,,1.0,1.0,
COMP_0518,2025-02,,1.0,0.0,0.0,
COMP_0518,2025-03,,1.0,0.0,0.0,
COMP_0518,2025-04,,1.0,0.0,0.0,
COMP_0518,2025-05,,1.0,0.0,0.0,
COMP_0518,2025-06,,1.0,0.0,0.0,
COMP_0518,2025-07,,0.0,0.0,0.0,
COMP_0518,2025-08,,0.0,0.0,0.0,0.0
COMP_0518,2025-09,,1.0,0.0,0.0,0.0
COMP_0518,2025-10,,1.0,0.0,1.0,0.0
COMP_0518,2025-11,,1.0,0.0,0.0,0.0
COMP_0518,2025-12,,0.0,0.0,0.0,0.0
COMP_0518,2026-01,,0.0,0.0,0.0,0.0
COMP_0518,2026-02,,0.0,0.0,0.0,0.0
COMP_0518,2026-03,,0.0,0.0,1.0,0.0
COMP_0518,2026-04,,0.0,0.0,0.0,0.0
COMP_0518,2026-05,,0.0,0.0,1.0,0.0
COMP_0518,2026-06,,1.0,0.0,0.0,0.0
COMP_0518,2026-07,,0.0,0.0,1.0,0.0
COMP_0518,2026-08,,0.0,0.0,0.0,0.0
COMP_0519,2025-02,,1.0,0.0,0.0,
COMP_0519,2025-03,,1.0,0.0,1.0,
COMP_0519,2025-04,,1.0,0.0,0.0,
COMP_0519,2025-05,,0.0,0.0,0.0,
COMP_0519,2025-06,,0.0,0.0,0.0,
COMP_0519,2025-07,,0.0,0.0,0.0,
COMP_0519,2025-08,0.0,0.0,0.0,0.0,0.0
COMP_0519,2025-09,0.0,0.0,0.0,0.0,0.0
COMP_0519,2025-10,0.0,0.0,0.0,0.0,0.0
COMP_0519,2025-11,0.0,0.0,0.0,0.0,0.0
COMP_0519,2025-12,1.0,0.0,0.0,0.0,0.0
COMP_0519,2026-01,1.0,0.0,0.0,0.0,0.0
COMP_0519,2026-02,1.0,0.0,0.0,0.0,0.0
COMP_0519,2026-03,0.0,0.0,0.0,0.0,0.0
COMP_0519,2026-04,0.0,0.0,0.0,0.0,0.0
COMP_0519,2026-05,0.0,0.0,0.0,0.0,0.0
COMP_0519,2026-06,1.0,0.0,0.0,0.0,0.0
COMP_0519,2026-07,1.0,0.0,0.0,0.0,0.0
COMP_0519,2026-08,,0.0,0.0,0.0,0.0
COMP_0520,2025-12,,,0.0,0.0,
COMP_0520,2026-01,,,0.0,1.0,
COMP_0520,2026-02,,,0.0,1.0,
COMP_0520,2026-03,,,0.0,1.0,
COMP_0520,2026-04,,,0.0,0.0,
COMP_0520,2026-05,,,0.0,0.0,
COMP_0520,2026-06,,,0.0,0.0,0.0
COMP_0520,2026-07,,,0.0,1.0,0.0
COMP_0520,2026-08,,,0.0,1.0,0.0
COMP_0521,2025-06,,1.0,0.0,0.0,
COMP_0521,2025-07,,0.0,0.0,0.0,
COMP_0521,2025-08,,1.0,0.0,0.0,
COMP_0521,2025-09,,0.0,0.0,0.0,
COMP_0521,2025-10,,0.0,0.0,0.0,
COMP_0521,2025-11,,0.0,0.0,1.0,
COMP_0521,2025-12,,0.0,0.0,1.0,0.0
COMP_0521,2026-01,,0.0,0.0,1.0,0.0
COMP_0521,2026-02,,0.0,0.0,1.0,0.0
COMP_0521,2026-03,,0.0,0.0,1.0,0.0
COMP_0521,2026-04,,1.0,1.0,1.0,0.0
COMP_0521,2026-05,,1.0,0.0,0.0,0.0
COMP_0521,2026-06,,1.0,0.0,0.0,0.0
COMP_0521,2026-07,,1.0,0.0,0.0,0.0
COMP_0521,2026-08,,1.0,0.0,1.0,0.0
COMP_0522,2025-02,,1.0,0.0,0.0,
COMP_0522,2025-03,,1.0,0.0,1.0,
COMP_0522,2025-04,,1.0,0.0,0.0,
COMP_0522,2025-05,,0.0,0.0,0.0,
COMP_0522,2025-06,,0.0,0.0,1.0,
COMP_0522,2025-07,,0.0,0.0,1.0,
COMP_0522,2025-08,0.0,0.0,0.0,1.0,0.0
COMP_0522,2025-09,0.0,0.0,0.0,1.0,0.0
COMP_0522,2025-10,0.0,0.0,0.0,1.0,0.0
COMP_0522,2025-11,0.0,0.0,0.0,1.0,0.0
COMP_0522,2025-12,0.0,0.0,0.0,0.0,0.0
COMP_0522,2026-01,0.0,0.0,0.0,0.0,0.0
COMP_0522,2026-02,0.0,0.0,0.0,0.0,0.0
COMP_0522,2026-03,0.0,0.0,0.0,1.0,0.0
COMP_0522,2026-04,0.0,0.0,0.0,0.0,0.0
COMP_0522,2026-05,0.0,0.0,0.0,0.0,0.0
COMP_0522,2026-06,0.0,0.0,0.0,1.0,0.0
COMP_0522,2026-07,1.0,0.0,0.0,0.0,0.0
COMP_0522,2026-08,0.0,0.0,0.0,1.0,0.0
COMP_0523,2026-05,,0.0,0.0,0.0,
COMP_0523,2026-06,,1.0,0.0,0.0,
COMP_0523,2026-07,,0.0,0.0,0.0,
COMP_0523,2026-08,,0.0,0.0,0.0,
COMP_0524,2026-08,,,1.0,0.0,
COMP_0525,2025-02,,0.0,0.0,1.0,
COMP_0525,2025-03,,1.0,0.0,1.0,
COMP_0525,2025-04,,1.0,0.0,1.0,
COMP_0525,2025-05,,1.0,0.0,0.0,
COMP_0525,2025-06,,1.0,0.0,1.0,
COMP_0525,2025-07,,1.0,0.0,1.0,
COMP_0525,2025-08,,0.0,0.0,0.0,0.0
COMP_0525,2025-09,,0.0,0.0,0.0,0.0
COMP_0525,2025-10,,0.0,0.0,0.0,0.0
COMP_0525,2025-11,,0.0,0.0,0.0,0.0
COMP_0525,2025-12,,0.0,0.0,1.0,0.0
COMP_0525,2026-01,,0.0,0.0,1.0,0.0
COMP_0525,2026-02,,0.0,0.0,1.0,0.0
COMP_0525,2026-03,,0.0,0.0,1.0,0.0
COMP_0525,2026-04,,0.0,0.0,0.0,0.0
COMP_0525,2026-05,,1.0,0.0,0.0,0.0
COMP_0525,2026-06,,1.0,0.0,0.0,0.0
COMP_0525,2026-07,,1.0,0.0,0.0,0.0
COMP_0525,2026-08,,0.0,0.0,0.0,0.0
COMP_0526,2025-08,,,0.0,1.0,
COMP_0526,2025-09,,,0.0,1.0,
COMP_0526,2025-10,,,0.0,1.0,
COMP_0526,2025-11,,,0.0,1.0,
COMP_0526,2025-12,,,0.0,1.0,
COMP_0526,2026-01,,,0.0,1.0,
COMP_0526,2026-02,0.0,,0.0,1.0,0.0
COMP_0526,2026-03,0.0,,0.0,1.0,0.0
COMP_0526,2026-04,0.0,,0.0,1.0,0.0
COMP_0526,2026-05,0.0,,0.0,1.0,0.0
COMP_0526,2026-06,0.0,,0.0,1.0,0.0
COMP_0526,2026-07,0.0,,0.0,1.0,0.0
COMP_0526,2026-08,0.0,,0.0,1.0,0.0
COMP_0527,2025-06,,0.0,0.0,0.0,
COMP_0527,2025-07,,0.0,0.0,0.0,
COMP_0527,2025-08,,0.0,0.0,0.0,
COMP_0527,2025-09,,0.0,0.0,0.0,
COMP_0527,2025-10,,0.0,0.0,0.0,
COMP_0527,2025-11,,0.0,0.0,0.0,
COMP_0527,2025-12,0.0,0.0,0.0,1.0,0.0
COMP_0527,2026-01,0.0,0.0,0.0,1.0,0.0
COMP_0527,2026-02,0.0,0.0,0.0,1.0,0.0
COMP_0527,2026-03,1.0,0.0,0.0,0.0,0.0
COMP_0527,2026-04,1.0,0.0,0.0,0.0,0.0
COMP_0527,2026-05,1.0,0.0,0.0,0.0,0.0
COMP_0527,2026-06,,0.0,0.0,0.0,0.0
COMP_0527,2026-07,,0.0,0.0,0.0,0.0
COMP_0527,2026-08,,0.0,0.0,0.0,
COMP_0528,2026-06,,,0.0,0.0,
COMP_0528,2026-07,,,0.0,0.0,
COMP_0528,2026-08,,,0.0,0.0,
COMP_0529,2025-12,,,0.0,1.0,
COMP_0529,2026-01,,,0.0,0.0,
COMP_0529,2026-02,,,0.0,0.0,
COMP_0529,2026-03,,,0.0,0.0,
COMP_0529,2026-04,,,0.0,0.0,
COMP_0529,2026-05,,,0.0,0.0,
COMP_0529,2026-06,,,0.0,1.0,0.0
COMP_0529,2026-07,,,0.0,1.0,0.0
COMP_0529,2026-08,,,0.0,0.0,0.0
COMP_0530,2025-02,,,0.0,0.0,
COMP_0530,2025-03,,,0.0,0.0,
COMP_0530,2025-04,,,0.0,0.0,
COMP_0530,2025-05,,,0.0,0.0,
COMP_0530,2025-06,,,0.0,0.0,
COMP_0530,2025-07,,,0.0,0.0,
COMP_0530,2025-08,0.0,,0.0,0.0,0.0
COMP_0530,2025-09,0.0,,0.0,0.0,0.0
COMP_0530,2025-10,0.0,,0.0,0.0,0.0
COMP_0530,2025-11,0.0,,0.0,0.0,0.0
COMP_0530,2025-12,0.0,,0.0,0.0,0.0
COMP_0530,2026-01,0.0,,0.0,0.0,0.0
COMP_0530,2026-02,0.0,,0.0,0.0,0.0
COMP_0530,2026-03,0.0,,0.0,0.0,0.0
COMP_0530,2026-04,0.0,,0.0,0.0,0.0
COMP_0530,2026-05,0.0,,0.0,0.0,0.0
COMP_0530,2026-06,0.0,,0.0,0.0,0.0
COMP_0530,2026-07,0.0,,0.0,0.0,0.0
COMP_0530,2026-08,0.0,,0.0,0.0,0.0
COMP_0531,2025-02,,0.0,0.0,1.0,
COMP_0531,2025-03,,0.0,0.0,1.0,
COMP_0531,2025-04,,0.0,0.0,0.0,
COMP_0531,2025-05,,0.0,0.0,0.0,
COMP_0531,2025-06,,0.0,0.0,0.0,
COMP_0531,2025-07,,0.0,0.0,1.0,
COMP_0531,2025-08,0.0,0.0,0.0,1.0,0.0
COMP_0531,2025-09,0.0,0.0,0.0,1.0,0.0
COMP_0531,2025-10,0.0,0.0,0.0,0.0,0.0
COMP_0531,2025-11,0.0,0.0,0.0,0.0,0.0
COMP_0531,2025-12,0.0,0.0,0.0,0.0,0.0
COMP_0531,2026-01,0.0,0.0,0.0,0.0,0.0
COMP_0531,2026-02,0.0,0.0,0.0,0.0,0.0
COMP_0531,2026-03,1.0,0.0,0.0,1.0,0.0
COMP_0531,2026-04,0.0,0.0,0.0,0.0,0.0
COMP_0531,2026-05,0.0,0.0,0.0,0.0,0.0
COMP_0531,2026-06,1.0,0.0,0.0,1.0,0.0
COMP_0531,2026-07,0.0,0.0,0.0,1.0,0.0
COMP_0531,2026-08,0.0,1.0,0.0,1.0,0.0
COMP_0532,2025-02,,,0.0,0.0,
COMP_0532,2025-03,,,0.0,0.0,
COMP_0532,2025-04,,,0.0,0.0,
COMP_0532,2025-05,,,0.0,0.0,
COMP_0532,2025-06,,,0.0,0.0,
COMP_0532,2025-07,,,0.0,0.0,
COMP_0532,2025-08,0.0,,0.0,0.0,0.0
COMP_0532,2025-09,1.0,,0.0,0.0,0.0
COMP_0532,2025-10,,,0.0,0.0,0.0
COMP_0532,2025-11,0.0,,0.0,0.0,0.0
COMP_0532,2025-12,0.0,,0.0,0.0,0.0
COMP_0532,2026-01,0.0,,0.0,0.0,0.0
COMP_0532,2026-02,0.0,,0.0,0.0,0.0
COMP_0532,2026-03,0.0,,0.0,0.0,0.0
COMP_0532,2026-04,0.0,,0.0,0.0,0.0
COMP_0532,2026-05,0.0,,0.0,0.0,0.0
COMP_0532,2026-06,1.0,,0.0,0.0,0.0
COMP_0532,2026-07,0.0,,0.0,0.0,0.0
COMP_0532,2026-08,0.0,,0.0,0.0,0.0
COMP_0533,2025-05,,1.0,0.0,1.0,
COMP_0533,2025-06,,1.0,0.0,0.0,
COMP_0533,2025-07,,1.0,0.0,0.0,
COMP_0533,2025-08,,1.0,0.0,0.0,
COMP_0533,2025-09,,1.0,0.0,0.0,
COMP_0533,2025-10,,1.0,0.0,0.0,
COMP_0533,2025-11,0.0,0.0,0.0,1.0,0.0
COMP_0533,2025-12,0.0,0.0,0.0,0.0,0.0
COMP_0533,2026-01,0.0,0.0,0.0,0.0,0.0
COMP_0533,2026-02,0.0,1.0,0.0,0.0,0.0
COMP_0533,2026-03,0.0,1.0,0.0,0.0,0.0
COMP_0533,2026-04,0.0,0.0,0.0,0.0,0.0
COMP_0533,2026-05,0.0,0.0,0.0,1.0,0.0
COMP_0533,2026-06,1.0,0.0,0.0,0.0,0.0
COMP_0533,2026-07,,0.0,0.0,0.0,
COMP_0533,2026-08,,1.0,0.0,0.0,
COMP_0534,2026-04,,0.0,0.0,1.0,
COMP_0534,2026-05,,0.0,0.0,1.0,
COMP_0534,2026-06,,0.0,0.0,1.0,
COMP_0534,2026-07,,0.0,0.0,1.0,
COMP_0534,2026-08,,0.0,0.0,0.0,
COMP_0535,2025-02,,,1.0,1.0,
COMP_0535,2025-03,,,1.0,0.0,
COMP_0535,2025-04,,,1.0,1.0,
COMP_0535,2025-05,,,1.0,0.0,
COMP_0535,2025-06,,,1.0,1.0,
COMP_0535,2025-07,,,1.0,0.0,
COMP_0535,2025-08,0.0,,1.0,0.0,0.0
COMP_0535,2025-09,0.0,,1.0,0.0,0.0
COMP_0535,2025-10,0.0,,1.0,0.0,0.0
COMP_0535,2025-11,0.0,,1.0,1.0,0.0
COMP_0535,2025-12,0.0,,1.0,1.0,0.0
COMP_0535,2026-01,0.0,,1.0,0.0,0.0
COMP_0535,2026-02,0.0,,1.0,0.0,0.0
COMP_0535,2026-03,0.0,,0.0,1.0,0.0
COMP_0535,2026-04,0.0,,1.0,1.0,0.0
COMP_0535,2026-05,0.0,,1.0,1.0,0.0
COMP_0535,2026-06,1.0,,0.0,0.0,0.0
COMP_0535,2026-07,1.0,,0.0,0.0,0.0
COMP_0535,2026-08,,,0.0,0.0,0.0
COMP_0537,2025-12,,,1.0,1.0,
COMP_0537,2026-01,,,1.0,1.0,
COMP_0537,2026-02,,,1.0,1.0,
COMP_0537,2026-03,,,1.0,1.0,
COMP_0537,2026-04,,,1.0,1.0,
COMP_0537,2026-05,,,1.0,1.0,
COMP_0537,2026-06,,,1.0,1.0,0.0
COMP_0537,2026-07,,,1.0,1.0,0.0
COMP_0537,2026-08,,,1.0,1.0,0.0
COMP_0538,2025-02,,,1.0,0.0,
COMP_0538,2025-03,,,1.0,0.0,
COMP_0538,2025-04,,,1.0,0.0,
COMP_0538,2025-05,,,1.0,1.0,
COMP_0538,2025-06,,,1.0,1.0,
COMP_0538,2025-07,,,1.0,1.0,
COMP_0538,2025-08,0.0,,1.0,0.0,0.0
COMP_0538,2025-09,0.0,,1.0,0.0,0.0
COMP_0538,2025-10,0.0,,1.0,0.0,0.0
COMP_0538,2025-11,0.0,,1.0,0.0,0.0
COMP_0538,2025-12,0.0,,1.0,0.0,0.0
COMP_0538,2026-01,0.0,,1.0,0.0,0.0
COMP_0538,2026-02,1.0,,1.0,0.0,0.0
COMP_0538,2026-03,1.0,,1.0,1.0,0.0
COMP_0538,2026-04,,,1.0,1.0,0.0
COMP_0538,2026-05,,,1.0,1.0,0.0
COMP_0538,2026-06,,,1.0,1.0,0.0
COMP_0538,2026-07,,,1.0,0.0,0.0
COMP_0538,2026-08,,,1.0,0.0,0.0
COMP_0539,2025-02,,,0.0,0.0,
COMP_0539,2025-03,,,0.0,0.0,
COMP_0539,2025-04,,,0.0,0.0,
COMP_0539,2025-05,,,0.0,0.0,
COMP_0539,2025-06,,,0.0,1.0,
COMP_0539,2025-07,,,0.0,1.0,
COMP_0539,2025-08,,,0.0,1.0,0.0
COMP_0539,2025-09,0.0,,0.0,0.0,0.0
COMP_0539,2025-10,0.0,,0.0,0.0,0.0
COMP_0539,2025-11,1.0,,0.0,0.0,0.0
COMP_0539,2025-12,0.0,,0.0,0.0,0.0
COMP_0539,2026-01,0.0,,0.0,0.0,0.0
COMP_0539,2026-02,0.0,,0.0,0.0,0.0
COMP_0539,2026-03,0.0,,0.0,1.0,0.0
COMP_0539,2026-04,0.0,,0.0,1.0,0.0
COMP_0539,2026-05,0.0,,0.0,0.0,0.0
COMP_0539,2026-06,0.0,,0.0,0.0,0.0
COMP_0539,2026-07,0.0,,0.0,0.0,0.0
COMP_0539,2026-08,0.0,,0.0,0.0,0.0
COMP_0540,2026-06,,0.0,0.0,1.0,
COMP_0540,2026-07,,1.0,0.0,1.0,
COMP_0540,2026-08,,1.0,0.0,0.0,
COMP_0541,2026-01,,,0.0,1.0,
COMP_0541,2026-02,,,0.0,1.0,
COMP_0541,2026-03,,,0.0,1.0,
COMP_0541,2026-04,,,0.0,0.0,
COMP_0541,2026-05,,,0.0,1.0,
COMP_0541,2026-06,,,0.0,0.0,
COMP_0541,2026-07,,,0.0,1.0,0.0
COMP_0541,2026-08,,,0.0,1.0,0.0
COMP_0542,2025-05,,0.0,0.0,1.0,
COMP_0542,2025-06,,0.0,0.0,1.0,
COMP_0542,2025-07,,0.0,0.0,0.0,
COMP_0542,2025-08,,0.0,0.0,0.0,
COMP_0542,2025-09,,0.0,0.0,1.0,
COMP_0542,2025-10,,1.0,0.0,1.0,
COMP_0542,2025-11,0.0,1.0,0.0,1.0,0.0
COMP_0542,2025-12,0.0,1.0,0.0,1.0,0.0
COMP_0542,2026-01,0.0,0.0,0.0,1.0,0.0
COMP_0542,2026-02,0.0,0.0,0.0,1.0,0.0
COMP_0542,2026-03,0.0,1.0,0.0,1.0,0.0
COMP_0542,2026-04,0.0,1.0,0.0,0.0,0.0
COMP_0542,2026-05,0.0,1.0,0.0,0.0,0.0
COMP_0542,2026-06,0.0,1.0,0.0,0.0,0.0
COMP_0542,2026-07,0.0,1.0,0.0,0.0,0.0
COMP_0542,2026-08,0.0,1.0,0.0,0.0,0.0
COMP_0543,2025-12,,0.0,0.0,0.0,
COMP_0543,2026-01,,0.0,0.0,0.0,
COMP_0543,2026-02,,0.0,0.0,0.0,
COMP_0543,2026-03,,0.0,0.0,1.0,
COMP_0543,2026-04,,1.0,0.0,1.0,
COMP_0543,2026-05,,1.0,0.0,1.0,
COMP_0543,2026-06,0.0,0.0,0.0,0.0,0.0
COMP_0543,2026-07,0.0,0.0,0.0,1.0,0.0
COMP_0543,2026-08,0.0,0.0,0.0,0.0,0.0
COMP_0544,2025-05,,,0.0,0.0,
COMP_0544,2025-06,,,0.0,0.0,
COMP_0544,2025-07,,,0.0,0.0,
COMP_0544,2025-08,,,0.0,0.0,
COMP_0544,2025-09,,,0.0,0.0,
COMP_0544,2025-10,,,0.0,0.0,
COMP_0544,2025-11,0.0,,0.0,0.0,0.0
COMP_0544,2025-12,0.0,,0.0,1.0,0.0
COMP_0544,2026-01,0.0,,0.0,1.0,0.0
COMP_0544,2026-02,0.0,,0.0,1.0,0.0
COMP_0544,2026-03,0.0,,0.0,1.0,0.0
COMP_0544,2026-04,0.0,,1.0,1.0,0.0
COMP_0544,2026-05,0.0,,1.0,0.0,0.0
COMP_0544,2026-06,0.0,,1.0,0.0,0.0
COMP_0544,2026-07,0.0,,1.0,0.0,0.0
COMP_0544,2026-08,0.0,,1.0,0.0,0.0
COMP_0545,2025-02,,0.0,0.0,0.0,
COMP_0545,2025-03,,0.0,0.0,0.0,
COMP_0545,2025-04,,0.0,0.0,0.0,
COMP_0545,2025-05,,0.0,0.0,0.0,
COMP_0545,2025-06,,0.0,0.0,0.0,
COMP_0545,2025-07,,0.0,0.0,0.0,
COMP_0545,2025-08,0.0,0.0,0.0,0.0,0.0
COMP_0545,2025-09,0.0,0.0,0.0,0.0,0.0
COMP_0545,2025-10,0.0,0.0,0.0,0.0,0.0
COMP_0545,2025-11,0.0,0.0,0.0,0.0,0.0
COMP_0545,2025-12,0.0,0.0,0.0,0.0,0.0
COMP_0545,2026-01,0.0,0.0,0.0,0.0,0.0
COMP_0545,2026-02,0.0,0.0,0.0,0.0,0.0
COMP_0545,2026-03,0.0,0.0,0.0,0.0,0.0
COMP_0545,2026-04,0.0,0.0,0.0,0.0,0.0
COMP_0545,2026-05,0.0,0.0,0.0,0.0,0.0
COMP_0545,2026-06,0.0,0.0,0.0,0.0,0.0
COMP_0545,2026-07,0.0,0.0,0.0,0.0,0.0
COMP_0545,2026-08,0.0,0.0,0.0,1.0,0.0
COMP_0546,2025-05,,,0.0,0.0,
COMP_0546,2025-06,,,0.0,0.0,
COMP_0546,2025-07,,,0.0,0.0,
COMP_0546,2025-08,,,0.0,0.0,
COMP_0546,2025-09,,,0.0,0.0,
COMP_0546,2025-10,,,0.0,0.0,
COMP_0546,2025-11,,,0.0,0.0,0.0
COMP_0546,2025-12,,,0.0,0.0,0.0
COMP_0546,2026-01,,,0.0,0.0,
COMP_0546,2026-02,,,0.0,0.0,0.0
COMP_0546,2026-03,,,0.0,0.0,0.0
COMP_0546,2026-04,,,0.0,0.0,
COMP_0546,2026-05,,,0.0,0.0,
COMP_0546,2026-06,,,0.0,0.0,0.0
COMP_0546,2026-07,,,0.0,0.0,
COMP_0546,2026-08,,,0.0,0.0,0.0
COMP_0547,2025-05,,0.0,0.0,0.0,
COMP_0547,2025-06,,1.0,0.0,1.0,
COMP_0547,2025-07,,1.0,0.0,1.0,
COMP_0547,2025-08,,1.0,0.0,1.0,
COMP_0547,2025-09,,0.0,0.0,0.0,
COMP_0547,2025-10,,1.0,0.0,0.0,
COMP_0547,2025-11,0.0,1.0,0.0,0.0,0.0
COMP_0547,2025-12,0.0,1.0,0.0,0.0,0.0
COMP_0547,2026-01,0.0,1.0,0.0,0.0,0.0
COMP_0547,2026-02,0.0,1.0,0.0,0.0,0.0
COMP_0547,2026-03,0.0,1.0,0.0,0.0,0.0
COMP_0547,2026-04,0.0,1.0,0.0,0.0,0.0
COMP_0547,2026-05,0.0,1.0,0.0,0.0,0.0
COMP_0547,2026-06,0.0,1.0,0.0,0.0,0.0
COMP_0547,2026-07,0.0,1.0,0.0,0.0,0.0
COMP_0547,2026-08,0.0,1.0,0.0,0.0,0.0
COMP_0548,2025-07,,0.0,0.0,0.0,
COMP_0548,2025-08,,0.0,0.0,0.0,
COMP_0548,2025-09,,0.0,0.0,0.0,
COMP_0548,2025-10,,0.0,0.0,0.0,
COMP_0548,2025-11,,0.0,0.0,0.0,
COMP_0548,2025-12,,0.0,0.0,0.0,
COMP_0548,2026-01,0.0,0.0,0.0,0.0,0.0
COMP_0548,2026-02,1.0,0.0,0.0,0.0,0.0
COMP_0548,2026-03,0.0,0.0,0.0,0.0,0.0
COMP_0548,2026-04,0.0,0.0,0.0,0.0,0.0
COMP_0548,2026-05,1.0,0.0,0.0,0.0,0.0
COMP_0548,2026-06,,0.0,0.0,0.0,0.0
COMP_0548,2026-07,,0.0,0.0,0.0,0.0
COMP_0548,2026-08,,0.0,0.0,0.0,0.0
COMP_0549,2025-02,,,0.0,0.0,
COMP_0549,2025-03,,,0.0,0.0,
COMP_0549,2025-04,,,0.0,0.0,
COMP_0549,2025-05,,,0.0,0.0,
COMP_0549,2025-06,,,0.0,1.0,
COMP_0549,2025-07,,,0.0,1.0,
COMP_0549,2025-08,,,0.0,1.0,0.0
COMP_0549,2025-09,,,0.0,0.0,0.0
COMP_0549,2025-10,,,0.0,0.0,0.0
COMP_0549,2025-11,,,0.0,1.0,0.0
COMP_0549,2025-12,,,0.0,1.0,0.0
COMP_0549,2026-01,,,0.0,1.0,0.0
COMP_0549,2026-02,,,0.0,1.0,0.0
COMP_0549,2026-03,,,0.0,1.0,0.0
COMP_0549,2026-04,,,0.0,1.0,0.0
COMP_0549,2026-05,,,0.0,1.0,0.0
COMP_0549,2026-06,,,0.0,1.0,0.0
COMP_0549,2026-07,,,0.0,1.0,0.0
COMP_0549,2026-08,,,0.0,1.0,0.0
COMP_0550,2026-07,,1.0,0.0,1.0,
COMP_0550,2026-08,,1.0,0.0,1.0,
COMP_0551,2026-07,,,0.0,0.0,
COMP_0551,2026-08,,,0.0,0.0,
COMP_0552,2025-02,,,1.0,,
COMP_0552,2025-03,,,1.0,,
COMP_0552,2025-04,,1.0,1.0,1.0,
COMP_0552,2025-05,,1.0,1.0,1.0,
COMP_0552,2025-06,,0.0,1.0,1.0,
COMP_0552,2025-07,,,1.0,,
COMP_0552,2025-08,,0.0,0.0,1.0,0.0
COMP_0552,2025-09,,0.0,0.0,1.0,0.0
COMP_0552,2025-10,,0.0,0.0,1.0,0.0
COMP_0552,2025-11,,0.0,0.0,1.0,0.0
COMP_0552,2025-12,,0.0,0.0,1.0,0.0
COMP_0552,2026-01,,0.0,0.0,1.0,0.0
COMP_0552,2026-02,,0.0,0.0,1.0,0.0
COMP_0552,2026-03,,0.0,0.0,1.0,0.0
COMP_0552,2026-04,,0.0,0.0,1.0,0.0
COMP_0552,2026-05,,0.0,0.0,1.0,0.0
COMP_0552,2026-06,,0.0,0.0,1.0,0.0
COMP_0552,2026-07,,0.0,0.0,1.0,0.0
COMP_0552,2026-08,,0.0,0.0,1.0,0.0
COMP_0553,2025-07,,1.0,0.0,0.0,
COMP_0553,2025-08,,1.0,0.0,0.0,
COMP_0553,2025-09,,1.0,0.0,0.0,
COMP_0553,2025-10,,1.0,0.0,0.0,
COMP_0553,2025-11,,1.0,0.0,0.0,
COMP_0553,2025-12,,0.0,0.0,0.0,
COMP_0553,2026-01,,0.0,0.0,0.0,0.0
COMP_0553,2026-02,,0.0,0.0,0.0,0.0
COMP_0553,2026-03,,0.0,0.0,0.0,0.0
COMP_0553,2026-04,,0.0,0.0,0.0,0.0
COMP_0553,2026-05,,0.0,0.0,0.0,0.0
COMP_0553,2026-06,,0.0,0.0,0.0,0.0
COMP_0553,2026-07,,0.0,0.0,0.0,0.0
COMP_0553,2026-08,,0.0,0.0,0.0,0.0
COMP_0554,2026-06,,,0.0,1.0,
COMP_0554,2026-07,,,0.0,0.0,
COMP_0554,2026-08,,,0.0,1.0,
COMP_0555,2025-02,,,0.0,1.0,
COMP_0555,2025-03,,,0.0,1.0,
COMP_0555,2025-04,,,0.0,1.0,
COMP_0555,2025-05,,,0.0,1.0,
COMP_0555,2025-06,,,0.0,0.0,
COMP_0555,2025-07,,,0.0,0.0,
COMP_0555,2025-08,,,0.0,0.0,0.0
COMP_0555,2025-09,,,0.0,1.0,0.0
COMP_0555,2025-10,,,0.0,0.0,0.0
COMP_0555,2025-11,,,0.0,0.0,0.0
COMP_0555,2025-12,,,0.0,0.0,0.0
COMP_0555,2026-01,,,0.0,0.0,0.0
COMP_0555,2026-02,,,0.0,0.0,0.0
COMP_0555,2026-03,,,0.0,0.0,0.0
COMP_0555,2026-04,0.0,,0.0,0.0,0.0
COMP_0555,2026-05,0.0,,0.0,1.0,0.0
COMP_0555,2026-06,1.0,,0.0,1.0,0.0
COMP_0555,2026-07,,,0.0,0.0,0.0
COMP_0555,2026-08,,,0.0,0.0,0.0
COMP_0556,2025-09,,0.0,0.0,1.0,
COMP_0556,2025-10,,1.0,0.0,0.0,
COMP_0556,2025-11,,1.0,0.0,1.0,
COMP_0556,2025-12,,1.0,0.0,0.0,
COMP_0556,2026-01,,0.0,0.0,1.0,
COMP_0556,2026-02,,0.0,0.0,1.0,
COMP_0556,2026-03,,0.0,0.0,1.0,0.0
COMP_0556,2026-04,,0.0,1.0,1.0,0.0
COMP_0556,2026-05,,0.0,0.0,1.0,0.0
COMP_0556,2026-06,,0.0,0.0,0.0,0.0
COMP_0556,2026-07,,0.0,0.0,1.0,0.0
COMP_0556,2026-08,,0.0,0.0,1.0,0.0
COMP_0557,2025-10,,,0.0,0.0,
COMP_0557,2025-11,,,0.0,0.0,
COMP_0557,2025-12,,,0.0,0.0,
COMP_0557,2026-01,,,0.0,0.0,
COMP_0557,2026-02,,,0.0,0.0,
COMP_0557,2026-03,,,0.0,0.0,
COMP_0557,2026-04,,,0.0,0.0,0.0
COMP_0557,2026-05,,,0.0,0.0,0.0
COMP_0557,2026-06,,,0.0,0.0,
COMP_0557,2026-07,,,0.0,0.0,0.0
COMP_0557,2026-08,,,0.0,0.0,
COMP_0558,2026-07,,0.0,0.0,0.0,
COMP_0558,2026-08,,0.0,0.0,0.0,
COMP_0559,2025-10,,0.0,0.0,0.0,
COMP_0559,2025-11,,0.0,0.0,0.0,
COMP_0559,2025-12,,0.0,0.0,0.0,
COMP_0559,2026-01,,0.0,0.0,1.0,
COMP_0559,2026-02,,0.0,0.0,1.0,
COMP_0559,2026-03,,0.0,0.0,0.0,
COMP_0559,2026-04,0.0,0.0,0.0,1.0,0.0
COMP_0559,2026-05,0.0,0.0,0.0,0.0,0.0
COMP_0559,2026-06,0.0,0.0,0.0,1.0,0.0
COMP_0559,2026-07,1.0,0.0,0.0,0.0,0.0
COMP_0559,2026-08,1.0,0.0,0.0,0.0,0.0
COMP_0560,2025-05,,,0.0,1.0,
COMP_0560,2025-06,,,0.0,1.0,
COMP_0560,2025-07,,,0.0,1.0,
COMP_0560,2025-08,,,0.0,1.0,
COMP_0560,2025-09,,,0.0,0.0,
COMP_0560,2025-10,,,0.0,1.0,
COMP_0560,2025-11,,,0.0,1.0,0.0
COMP_0560,2025-12,,,0.0,0.0,0.0
COMP_0560,2026-01,,,0.0,0.0,0.0
COMP_0560,2026-02,,,0.0,0.0,0.0
COMP_0560,2026-03,,,0.0,0.0,0.0
COMP_0560,2026-04,,,0.0,0.0,1.0
COMP_0560,2026-05,,,0.0,0.0,0.0
COMP_0560,2026-06,,,0.0,0.0,0.0
COMP_0560,2026-07,,,0.0,0.0,0.0
COMP_0560,2026-08,,,0.0,0.0,0.0
COMP_0561,2025-08,,,0.0,0.0,
COMP_0561,2025-09,,,0.0,0.0,
COMP_0561,2025-10,,,0.0,1.0,
COMP_0561,2025-11,,,0.0,1.0,
COMP_0561,2025-12,,,0.0,1.0,
COMP_0561,2026-01,,,0.0,1.0,
COMP_0561,2026-02,,,0.0,1.0,0.0
COMP_0561,2026-03,,,0.0,1.0,0.0
COMP_0561,2026-04,0.0,,0.0,1.0,0.0
COMP_0561,2026-05,0.0,,0.0,1.0,0.0
COMP_0561,2026-06,1.0,,0.0,1.0,0.0
COMP_0561,2026-07,0.0,,0.0,1.0,0.0
COMP_0561,2026-08,1.0,,0.0,1.0,0.0
COMP_0562,2025-02,,1.0,1.0,0.0,
COMP_0562,2025-03,,1.0,1.0,1.0,
COMP_0562,2025-04,,1.0,1.0,0.0,
COMP_0562,2025-05,,0.0,0.0,0.0,
COMP_0562,2025-06,,0.0,0.0,0.0,
COMP_0562,2025-07,,0.0,0.0,0.0,
COMP_0562,2025-08,0.0,0.0,0.0,0.0,0.0
COMP_0562,2025-09,0.0,0.0,0.0,0.0,0.0
COMP_0562,2025-10,0.0,0.0,0.0,0.0,0.0
COMP_0562,2025-11,0.0,0.0,0.0,0.0,0.0
COMP_0562,2025-12,0.0,0.0,0.0,0.0,0.0
COMP_0562,2026-01,0.0,0.0,0.0,1.0,0.0
COMP_0562,2026-02,0.0,0.0,0.0,1.0,0.0
COMP_0562,2026-03,0.0,0.0,0.0,1.0,1.0
COMP_0562,2026-04,0.0,0.0,0.0,1.0,1.0
COMP_0562,2026-05,0.0,0.0,0.0,1.0,1.0
COMP_0562,2026-06,0.0,0.0,0.0,1.0,1.0
COMP_0562,2026-07,0.0,0.0,0.0,1.0,0.0
COMP_0562,2026-08,0.0,0.0,0.0,1.0,0.0
COMP_0563,2025-06,,0.0,0.0,0.0,
COMP_0563,2025-07,,0.0,0.0,0.0,
COMP_0563,2025-08,,0.0,0.0,0.0,
COMP_0563,2025-09,,0.0,0.0,0.0,
COMP_0563,2025-10,,0.0,0.0,0.0,
COMP_0563,2025-11,,1.0,0.0,0.0,
COMP_0563,2025-12,,1.0,0.0,0.0,0.0
COMP_0563,2026-01,,1.0,0.0,0.0,0.0
COMP_0563,2026-02,,0.0,0.0,0.0,0.0
COMP_0563,2026-03,,1.0,0.0,0.0,0.0
COMP_0563,2026-04,,1.0,0.0,0.0,0.0
COMP_0563,2026-05,,1.0,0.0,0.0,0.0
COMP_0563,2026-06,,1.0,0.0,0.0,0.0
COMP_0563,2026-07,,1.0,0.0,0.0,0.0
COMP_0563,2026-08,,1.0,0.0,0.0,0.0
COMP_0564,2025-02,,,0.0,0.0,
COMP_0564,2025-03,,,0.0,1.0,
COMP_0564,2025-04,,,0.0,0.0,
COMP_0564,2025-05,,,0.0,1.0,
COMP_0564,2025-06,,,0.0,0.0,
COMP_0564,2025-07,,,0.0,0.0,
COMP_0564,2025-08,0.0,,0.0,0.0,0.0
COMP_0564,2025-09,0.0,,0.0,1.0,0.0
COMP_0564,2025-10,0.0,,0.0,1.0,0.0
COMP_0564,2025-11,0.0,,0.0,1.0,0.0
COMP_0564,2025-12,0.0,,0.0,0.0,0.0
COMP_0564,2026-01,0.0,,0.0,0.0,0.0
COMP_0564,2026-02,0.0,,0.0,1.0,0.0
COMP_0564,2026-03,1.0,,0.0,0.0,0.0
COMP_0564,2026-04,0.0,,0.0,0.0,0.0
COMP_0564,2026-05,0.0,,0.0,0.0,0.0
COMP_0564,2026-06,1.0,,0.0,1.0,0.0
COMP_0564,2026-07,0.0,,0.0,1.0,0.0
COMP_0564,2026-08,0.0,,0.0,0.0,0.0
COMP_0565,2026-02,,1.0,0.0,1.0,
COMP_0565,2026-03,,1.0,0.0,1.0,
COMP_0565,2026-04,,0.0,0.0,1.0,
COMP_0565,2026-05,,0.0,0.0,1.0,
COMP_0565,2026-06,,0.0,0.0,1.0,
COMP_0565,2026-07,,0.0,0.0,0.0,
COMP_0565,2026-08,,0.0,0.0,0.0,
COMP_0566,2026-06,,0.0,0.0,1.0,
COMP_0566,2026-07,,0.0,0.0,1.0,
COMP_0566,2026-08,,0.0,0.0,1.0,
COMP_0567,2025-10,,,0.0,0.0,
COMP_0567,2025-11,,,0.0,0.0,
COMP_0567,2025-12,,,0.0,0.0,
COMP_0567,2026-01,,,0.0,0.0,
COMP_0567,2026-02,,,0.0,0.0,
COMP_0567,2026-03,,,0.0,0.0,
COMP_0567,2026-04,,,0.0,1.0,0.0
COMP_0567,2026-05,,,0.0,1.0,0.0
COMP_0567,2026-06,,,0.0,1.0,0.0
COMP_0567,2026-07,0.0,,0.0,0.0,0.0
COMP_0567,2026-08,0.0,,0.0,0.0,0.0
COMP_0568,2025-06,,0.0,0.0,1.0,
COMP_0568,2025-07,,0.0,0.0,1.0,
COMP_0568,2025-08,,0.0,0.0,1.0,
COMP_0568,2025-09,,0.0,0.0,1.0,
COMP_0568,2025-10,,0.0,0.0,1.0,
COMP_0568,2025-11,,0.0,0.0,1.0,
COMP_0568,2025-12,0.0,0.0,0.0,1.0,0.0
COMP_0568,2026-01,0.0,0.0,0.0,1.0,0.0
COMP_0568,2026-02,0.0,0.0,0.0,1.0,0.0
COMP_0568,2026-03,1.0,0.0,0.0,0.0,0.0
COMP_0568,2026-04,1.0,1.0,0.0,0.0,0.0
COMP_0568,2026-05,0.0,1.0,0.0,1.0,0.0
COMP_0568,2026-06,0.0,1.0,0.0,1.0,0.0
COMP_0568,2026-07,0.0,1.0,0.0,1.0,0.0
COMP_0568,2026-08,0.0,1.0,0.0,1.0,0.0
COMP_0569,2025-02,,0.0,0.0,1.0,
COMP_0569,2025-03,,0.0,0.0,1.0,
COMP_0569,2025-04,,0.0,0.0,1.0,
COMP_0569,2025-05,,0.0,0.0,1.0,
COMP_0569,2025-06,,0.0,0.0,1.0,
COMP_0569,2025-07,,0.0,0.0,1.0,
COMP_0569,2025-08,0.0,0.0,0.0,1.0,0.0
COMP_0569,2025-09,0.0,0.0,0.0,1.0,0.0
COMP_0569,2025-10,0.0,0.0,0.0,1.0,0.0
COMP_0569,2025-11,0.0,0.0,0.0,1.0,0.0
COMP_0569,2025-12,0.0,0.0,0.0,0.0,0.0
COMP_0569,2026-01,0.0,0.0,0.0,1.0,0.0
COMP_0569,2026-02,0.0,0.0,0.0,1.0,0.0
COMP_0569,2026-03,0.0,0.0,0.0,1.0,0.0
COMP_0569,2026-04,0.0,0.0,0.0,1.0,0.0
COMP_0569,2026-05,0.0,0.0,0.0,0.0,0.0
COMP_0569,2026-06,1.0,0.0,0.0,1.0,0.0
COMP_0569,2026-07,1.0,0.0,0.0,1.0,0.0
COMP_0569,2026-08,1.0,0.0,0.0,1.0,0.0
COMP_0570,2026-07,,1.0,0.0,0.0,
COMP_0570,2026-08,,0.0,0.0,0.0,
COMP_0571,2025-02,,0.0,0.0,1.0,
COMP_0571,2025-03,,0.0,0.0,1.0,
COMP_0571,2025-04,,0.0,0.0,1.0,
COMP_0571,2025-05,,0.0,1.0,1.0,
COMP_0571,2025-06,,0.0,1.0,1.0,
COMP_0571,2025-07,,0.0,1.0,0.0,
COMP_0571,2025-08,,0.0,0.0,0.0,0.0
COMP_0571,2025-09,,0.0,0.0,0.0,0.0
COMP_0571,2025-10,,0.0,0.0,0.0,0.0
COMP_0571,2025-11,,0.0,0.0,0.0,0.0
COMP_0571,2025-12,,1.0,0.0,0.0,0.0
COMP_0571,2026-01,,1.0,0.0,0.0,0.0
COMP_0571,2026-02,,1.0,0.0,0.0,0.0
COMP_0571,2026-03,,0.0,0.0,0.0,0.0
COMP_0571,2026-04,,0.0,0.0,0.0,0.0
COMP_0571,2026-05,,0.0,0.0,0.0,0.0
COMP_0571,2026-06,,0.0,0.0,0.0,0.0
COMP_0571,2026-07,,0.0,0.0,0.0,0.0
COMP_0571,2026-08,,0.0,0.0,0.0,0.0
COMP_0572,2025-06,,,0.0,0.0,
COMP_0572,2025-07,,,0.0,0.0,
COMP_0572,2025-08,,,0.0,0.0,
COMP_0572,2025-09,,,0.0,0.0,
COMP_0572,2025-10,,,0.0,0.0,
COMP_0572,2025-11,,,0.0,0.0,
COMP_0572,2025-12,,,0.0,0.0,0.0
COMP_0572,2026-01,,,0.0,0.0,0.0
COMP_0572,2026-02,,,0.0,0.0,0.0
COMP_0572,2026-03,,,0.0,0.0,0.0
COMP_0572,2026-04,,,0.0,0.0,0.0
COMP_0572,2026-05,,,0.0,0.0,0.0
COMP_0572,2026-06,,,0.0,0.0,0.0
COMP_0572,2026-07,,,0.0,0.0,0.0
COMP_0572,2026-08,,,0.0,0.0,0.0
COMP_0573,2025-02,,1.0,0.0,1.0,
COMP_0573,2025-03,,1.0,0.0,0.0,
COMP_0573,2025-04,,1.0,0.0,1.0,
COMP_0573,2025-05,,1.0,0.0,0.0,
COMP_0573,2025-06,,1.0,0.0,0.0,
COMP_0573,2025-07,,1.0,0.0,0.0,
COMP_0573,2025-08,,1.0,0.0,0.0,0.0
COMP_0573,2025-09,,1.0,0.0,0.0,0.0
COMP_0573,2025-10,,1.0,0.0,0.0,0.0
COMP_0573,2025-11,,0.0,0.0,0.0,0.0
COMP_0573,2025-12,,0.0,0.0,0.0,
COMP_0573,2026-01,,1.0,0.0,0.0,0.0
COMP_0573,2026-02,,1.0,0.0,0.0,0.0
COMP_0573,2026-03,,1.0,0.0,0.0,0.0
COMP_0573,2026-04,,0.0,0.0,0.0,0.0
COMP_0573,2026-05,,0.0,0.0,0.0,0.0
COMP_0573,2026-06,,0.0,0.0,0.0,
COMP_0573,2026-07,,0.0,0.0,0.0,0.0
COMP_0573,2026-08,,0.0,0.0,0.0,0.0
COMP_0574,2025-02,,1.0,0.0,0.0,
COMP_0574,2025-03,,1.0,0.0,0.0,
COMP_0574,2025-04,,1.0,0.0,0.0,
COMP_0574,2025-05,,1.0,0.0,0.0,
COMP_0574,2025-06,,1.0,0.0,0.0,
COMP_0574,2025-07,,1.0,0.0,0.0,
COMP_0574,2025-08,0.0,0.0,0.0,0.0,0.0
COMP_0574,2025-09,0.0,0.0,0.0,0.0,0.0
COMP_0574,2025-10,0.0,0.0,0.0,1.0,0.0
COMP_0574,2025-11,0.0,0.0,0.0,1.0,0.0
COMP_0574,2025-12,0.0,0.0,0.0,1.0,0.0
COMP_0574,2026-01,0.0,0.0,0.0,1.0,1.0
COMP_0574,2026-02,1.0,0.0,0.0,1.0,0.0
COMP_0574,2026-03,0.0,0.0,0.0,1.0,0.0
COMP_0574,2026-04,0.0,0.0,0.0,1.0,0.0
COMP_0574,2026-05,0.0,0.0,0.0,1.0,0.0
COMP_0574,2026-06,0.0,0.0,0.0,1.0,0.0
COMP_0574,2026-07,0.0,0.0,0.0,1.0,0.0
COMP_0574,2026-08,1.0,0.0,0.0,1.0,0.0
COMP_0575,2025-03,,0.0,0.0,0.0,
COMP_0575,2025-04,,0.0,0.0,0.0,
COMP_0575,2025-05,,1.0,0.0,0.0,
COMP_0575,2025-06,,1.0,0.0,0.0,
COMP_0575,2025-07,,1.0,0.0,0.0,
COMP_0575,2025-08,,1.0,0.0,0.0,
COMP_0575,2025-09,0.0,1.0,0.0,0.0,0.0
COMP_0575,2025-10,0.0,1.0,0.0,0.0,0.0
COMP_0575,2025-11,0.0,1.0,0.0,0.0,0.0
COMP_0575,2025-12,0.0,1.0,0.0,0.0,0.0
COMP_0575,2026-01,0.0,1.0,0.0,0.0,0.0
COMP_0575,2026-02,0.0,1.0,0.0,0.0,0.0
COMP_0575,2026-03,0.0,1.0,0.0,0.0,0.0
COMP_0575,2026-04,0.0,1.0,0.0,0.0,0.0
COMP_0575,2026-05,0.0,1.0,0.0,0.0,0.0
COMP_0575,2026-06,0.0,1.0,0.0,0.0,0.0
COMP_0575,2026-07,0.0,1.0,0.0,0.0,0.0
COMP_0575,2026-08,0.0,1.0,0.0,0.0,0.0
COMP_0576,2026-06,,0.0,0.0,0.0,
COMP_0576,2026-07,,0.0,0.0,0.0,
COMP_0576,2026-08,,0.0,0.0,0.0,
COMP_0577,2025-08,,,1.0,1.0,
COMP_0577,2025-09,,,1.0,1.0,
COMP_0577,2025-10,,,1.0,1.0,
COMP_0577,2025-11,,,1.0,1.0,
COMP_0577,2025-12,,,1.0,1.0,
COMP_0577,2026-01,,,1.0,1.0,
COMP_0577,2026-02,,,1.0,1.0,0.0
COMP_0577,2026-03,1.0,,1.0,1.0,0.0
COMP_0577,2026-04,,,1.0,1.0,0.0
COMP_0577,2026-05,,,1.0,1.0,0.0
COMP_0577,2026-06,,,1.0,1.0,0.0
COMP_0577,2026-07,,,1.0,1.0,0.0
COMP_0577,2026-08,,,1.0,1.0,0.0
COMP_0578,2025-02,,0.0,0.0,0.0,
COMP_0578,2025-03,,0.0,0.0,1.0,
COMP_0578,2025-04,,0.0,0.0,1.0,
COMP_0578,2025-05,,0.0,0.0,1.0,
COMP_0578,2025-06,,0.0,0.0,0.0,
COMP_0578,2025-07,,0.0,0.0,0.0,
COMP_0578,2025-08,0.0,0.0,0.0,0.0,0.0
COMP_0578,2025-09,0.0,0.0,0.0,0.0,0.0
COMP_0578,2025-10,0.0,0.0,0.0,1.0,0.0
COMP_0578,2025-11,0.0,0.0,0.0,0.0,0.0
COMP_0578,2025-12,0.0,0.0,0.0,1.0,0.0
COMP_0578,2026-01,0.0,0.0,0.0,0.0,0.0
COMP_0578,2026-02,0.0,0.0,0.0,0.0,0.0
COMP_0578,2026-03,0.0,0.0,0.0,0.0,0.0
COMP_0578,2026-04,0.0,0.0,0.0,0.0,0.0
COMP_0578,2026-05,0.0,0.0,0.0,0.0,0.0
COMP_0578,2026-06,0.0,0.0,0.0,0.0,0.0
COMP_0578,2026-07,0.0,0.0,0.0,0.0,0.0
COMP_0578,2026-08,0.0,0.0,0.0,0.0,0.0
COMP_0579,2025-02,,0.0,0.0,0.0,
COMP_0579,2025-03,,0.0,0.0,0.0,
COMP_0579,2025-04,,0.0,0.0,0.0,
COMP_0579,2025-05,,,0.0,,
COMP_0579,2025-06,,,0.0,,
COMP_0579,2025-07,,,0.0,,
COMP_0579,2025-08,,,0.0,,
COMP_0579,2025-09,,0.0,0.0,0.0,0.0
COMP_0579,2025-10,,0.0,0.0,0.0,
COMP_0579,2025-11,,0.0,0.0,0.0,
COMP_0579,2025-12,,,0.0,,
COMP_0579,2026-01,,,0.0,,
COMP_0579,2026-02,,0.0,0.0,0.0,0.0
COMP_0579,2026-03,,1.0,0.0,0.0,
COMP_0579,2026-04,,1.0,0.0,0.0,
COMP_0579,2026-05,,,0.0,,
COMP_0579,2026-06,,1.0,0.0,0.0,0.0
COMP_0579,2026-07,,0.0,0.0,1.0,0.0
COMP_0579,2026-08,,0.0,0.0,1.0,
COMP_0580,2026-07,,0.0,0.0,0.0,
COMP_0580,2026-08,,0.0,0.0,0.0,
COMP_0581,2025-02,,,0.0,0.0,
COMP_0581,2025-03,,,0.0,0.0,
COMP_0581,2025-04,,,0.0,0.0,
COMP_0581,2025-05,,,0.0,0.0,
COMP_0581,2025-06,,,0.0,0.0,
COMP_0581,2025-07,,,0.0,0.0,
COMP_0581,2025-08,,,0.0,0.0,0.0
COMP_0581,2025-09,,,0.0,0.0,0.0
COMP_0581,2025-10,,,0.0,0.0,0.0
COMP_0581,2025-11,,,0.0,0.0,0.0
COMP_0581,2025-12,,,0.0,0.0,0.0
COMP_0581,2026-01,,,0.0,0.0,0.0
COMP_0581,2026-02,,,0.0,0.0,0.0
COMP_0581,2026-03,,,0.0,0.0,0.0
COMP_0581,2026-04,,,0.0,0.0,0.0
COMP_0581,2026-05,,,0.0,0.0,0.0
COMP_0581,2026-06,,,0.0,0.0,0.0
COMP_0581,2026-07,,,0.0,0.0,0.0
COMP_0581,2026-08,,,0.0,0.0,0.0
COMP_0582,2025-02,,,0.0,1.0,
COMP_0582,2025-03,,,0.0,0.0,
COMP_0582,2025-04,,,0.0,0.0,
COMP_0582,2025-05,,,0.0,0.0,
COMP_0582,2025-06,,,0.0,0.0,
COMP_0582,2025-07,,,0.0,0.0,
COMP_0582,2025-08,,,0.0,0.0,0.0
COMP_0582,2025-09,,,0.0,0.0,0.0
COMP_0582,2025-10,,,0.0,0.0,0.0
COMP_0582,2025-11,,,0.0,0.0,0.0
COMP_0582,2025-12,,,0.0,0.0,0.0
COMP_0582,2026-01,,,0.0,0.0,0.0
COMP_0582,2026-02,,,0.0,0.0,0.0
COMP_0582,2026-03,,,0.0,0.0,0.0
COMP_0582,2026-04,,,0.0,0.0,0.0
COMP_0582,2026-05,,,0.0,0.0,0.0
COMP_0582,2026-06,,,0.0,0.0,0.0
COMP_0582,2026-07,,,0.0,0.0,0.0
COMP_0582,2026-08,,,0.0,0.0,
COMP_0583,2025-02,,,0.0,0.0,
COMP_0583,2025-03,,,0.0,1.0,
COMP_0583,2025-04,,,0.0,0.0,
COMP_0583,2025-05,,,0.0,0.0,
COMP_0583,2025-06,,,0.0,0.0,
COMP_0583,2025-07,,,0.0,0.0,
COMP_0583,2025-08,0.0,,0.0,0.0,0.0
COMP_0583,2025-09,0.0,,0.0,0.0,0.0
COMP_0583,2025-10,0.0,,0.0,1.0,0.0
COMP_0583,2025-11,0.0,,0.0,1.0,0.0
COMP_0583,2025-12,0.0,,0.0,0.0,0.0
COMP_0583,2026-01,0.0,,0.0,0.0,0.0
COMP_0583,2026-02,1.0,,0.0,0.0,0.0
COMP_0583,2026-03,1.0,,0.0,0.0,0.0
COMP_0583,2026-04,,,0.0,1.0,0.0
COMP_0583,2026-05,,,0.0,1.0,0.0
COMP_0583,2026-06,,,0.0,1.0,0.0
COMP_0583,2026-07,,,0.0,0.0,0.0
COMP_0583,2026-08,,,0.0,0.0,0.0
COMP_0584,2026-01,,,0.0,0.0,
COMP_0584,2026-02,,,0.0,0.0,
COMP_0584,2026-03,,,0.0,0.0,
COMP_0584,2026-04,,,0.0,0.0,
COMP_0584,2026-05,,,0.0,0.0,
COMP_0584,2026-06,,,0.0,0.0,
COMP_0584,2026-07,0.0,,0.0,0.0,0.0
COMP_0584,2026-08,0.0,,0.0,0.0,0.0
COMP_0585,2025-02,,0.0,0.0,1.0,
COMP_0585,2025-03,,0.0,0.0,1.0,
COMP_0585,2025-04,,0.0,0.0,1.0,
COMP_0585,2025-05,,1.0,0.0,1.0,
COMP_0585,2025-06,,,0.0,,
COMP_0585,2025-07,,,0.0,,
COMP_0585,2025-08,,0.0,0.0,1.0,0.0
COMP_0585,2025-09,,0.0,0.0,0.0,0.0
COMP_0585,2025-10,,0.0,0.0,0.0,
COMP_0585,2025-11,,0.0,0.0,0.0,0.0
COMP_0585,2025-12,,0.0,0.0,0.0,0.0
COMP_0585,2026-01,,0.0,0.0,0.0,0.0
COMP_0585,2026-02,,0.0,0.0,0.0,0.0
COMP_0585,2026-03,,0.0,0.0,0.0,0.0
COMP_0585,2026-04,,0.0,0.0,0.0,0.0
COMP_0585,2026-05,,1.0,0.0,0.0,
COMP_0585,2026-06,,1.0,0.0,1.0,0.0
COMP_0585,2026-07,,1.0,0.0,0.0,
COMP_0585,2026-08,,0.0,0.0,0.0,0.0
COMP_0586,2026-08,,0.0,0.0,1.0,
COMP_0587,2025-05,,0.0,0.0,1.0,
COMP_0587,2025-06,,0.0,0.0,1.0,
COMP_0587,2025-07,,0.0,0.0,0.0,
COMP_0587,2025-08,,0.0,0.0,0.0,
COMP_0587,2025-09,,0.0,0.0,0.0,
COMP_0587,2025-10,,0.0,0.0,0.0,
COMP_0587,2025-11,,0.0,0.0,0.0,0.0
COMP_0587,2025-12,,0.0,0.0,1.0,0.0
COMP_0587,2026-01,,0.0,0.0,1.0,0.0
COMP_0587,2026-02,,0.0,0.0,1.0,0.0
COMP_0587,2026-03,,0.0,0.0,1.0,0.0
COMP_0587,2026-04,,0.0,0.0,0.0,0.0
COMP_0587,2026-05,,0.0,0.0,0.0,0.0
COMP_0587,2026-06,,0.0,0.0,0.0,1.0
COMP_0587,2026-07,,0.0,0.0,0.0,0.0
COMP_0587,2026-08,,0.0,0.0,0.0,0.0
COMP_0588,2025-02,,0.0,0.0,0.0,
COMP_0588,2025-03,,0.0,0.0,1.0,
COMP_0588,2025-04,,0.0,0.0,1.0,
COMP_0588,2025-05,,0.0,0.0,0.0,
COMP_0588,2025-06,,0.0,0.0,0.0,
COMP_0588,2025-07,,1.0,0.0,0.0,
COMP_0588,2025-08,0.0,0.0,0.0,0.0,0.0
COMP_0588,2025-09,0.0,0.0,0.0,0.0,0.0
COMP_0588,2025-10,0.0,0.0,0.0,0.0,0.0
COMP_0588,2025-11,0.0,0.0,0.0,0.0,0.0
COMP_0588,2025-12,0.0,0.0,0.0,0.0,0.0
COMP_0588,2026-01,0.0,0.0,0.0,0.0,0.0
COMP_0588,2026-02,0.0,0.0,0.0,0.0,0.0
COMP_0588,2026-03,0.0,0.0,0.0,0.0,0.0
COMP_0588,2026-04,0.0,0.0,0.0,0.0,0.0
COMP_0588,2026-05,0.0,0.0,0.0,0.0,0.0
COMP_0588,2026-06,0.0,0.0,0.0,0.0,0.0
COMP_0588,2026-07,0.0,0.0,0.0,0.0,0.0
COMP_0588,2026-08,0.0,0.0,0.0,0.0,0.0
COMP_0589,2026-07,,,0.0,0.0,
COMP_0589,2026-08,,,0.0,0.0,
COMP_0590,2026-03,,0.0,0.0,1.0,
COMP_0590,2026-04,,0.0,0.0,0.0,
COMP_0590,2026-05,,0.0,0.0,0.0,
COMP_0590,2026-06,,0.0,0.0,0.0,
COMP_0590,2026-07,,0.0,0.0,0.0,
COMP_0590,2026-08,,0.0,0.0,0.0,
COMP_0591,2026-03,,0.0,0.0,0.0,
COMP_0591,2026-04,,0.0,0.0,0.0,
COMP_0591,2026-05,,0.0,0.0,0.0,
COMP_0591,2026-06,,0.0,0.0,0.0,
COMP_0591,2026-07,,0.0,0.0,1.0,
COMP_0591,2026-08,,0.0,0.0,1.0,
COMP_0592,2026-03,,0.0,0.0,0.0,
COMP_0592,2026-04,,0.0,0.0,1.0,
COMP_0592,2026-05,,0.0,0.0,1.0,
COMP_0592,2026-06,,0.0,0.0,1.0,
COMP_0592,2026-07,,0.0,0.0,0.0,
COMP_0592,2026-08,,0.0,0.0,1.0,
COMP_0593,2025-11,,0.0,0.0,1.0,
COMP_0593,2025-12,,0.0,0.0,1.0,
COMP_0593,2026-01,,0.0,0.0,1.0,
COMP_0593,2026-02,,0.0,0.0,0.0,
COMP_0593,2026-03,,0.0,0.0,1.0,
COMP_0593,2026-04,,0.0,0.0,0.0,
COMP_0593,2026-05,0.0,0.0,0.0,1.0,0.0
COMP_0593,2026-06,0.0,0.0,0.0,0.0,0.0
COMP_0593,2026-07,0.0,0.0,0.0,1.0,1.0
COMP_0593,2026-08,0.0,0.0,0.0,0.0,1.0
COMP_0594,2025-02,,0.0,0.0,0.0,
COMP_0594,2025-03,,0.0,0.0,1.0,
COMP_0594,2025-04,,0.0,0.0,1.0,
COMP_0594,2025-05,,0.0,0.0,1.0,
COMP_0594,2025-06,,0.0,0.0,1.0,
COMP_0594,2025-07,,0.0,0.0,1.0,
COMP_0594,2025-08,,0.0,0.0,0.0,0.0
COMP_0594,2025-09,,0.0,0.0,0.0,0.0
COMP_0594,2025-10,,0.0,0.0,0.0,0.0
COMP_0594,2025-11,0.0,0.0,0.0,0.0,0.0
COMP_0594,2025-12,0.0,0.0,0.0,0.0,0.0
COMP_0594,2026-01,0.0,0.0,0.0,1.0,0.0
COMP_0594,2026-02,0.0,0.0,0.0,0.0,0.0
COMP_0594,2026-03,0.0,0.0,0.0,1.0,0.0
COMP_0594,2026-04,0.0,0.0,0.0,1.0,0.0
COMP_0594,2026-05,0.0,0.0,0.0,1.0,0.0
COMP_0594,2026-06,0.0,0.0,0.0,1.0,0.0
COMP_0594,2026-07,0.0,0.0,0.0,0.0,0.0
COMP_0594,2026-08,0.0,0.0,0.0,1.0,0.0
COMP_0595,2025-02,,,0.0,0.0,
COMP_0595,2025-03,,,0.0,0.0,
COMP_0595,2025-04,,,0.0,0.0,
COMP_0595,2025-05,,,0.0,0.0,
COMP_0595,2025-06,,,0.0,0.0,
COMP_0595,2025-07,,,0.0,0.0,
COMP_0595,2025-08,,,0.0,0.0,0.0
COMP_0595,2025-09,,,0.0,1.0,0.0
COMP_0595,2025-10,,,0.0,1.0,0.0
COMP_0595,2025-11,,,0.0,1.0,0.0
COMP_0595,2025-12,,,0.0,1.0,0.0
COMP_0595,2026-01,,,0.0,1.0,0.0
COMP_0595,2026-02,,,0.0,1.0,0.0
COMP_0595,2026-03,,,0.0,1.0,0.0
COMP_0595,2026-04,,,0.0,1.0,0.0
COMP_0595,2026-05,,,0.0,1.0,0.0
COMP_0595,2026-06,,,0.0,1.0,0.0
COMP_0595,2026-07,,,0.0,0.0,0.0
COMP_0595,2026-08,,,0.0,0.0,0.0
COMP_0596,2025-02,,,0.0,0.0,
COMP_0596,2025-03,,,0.0,0.0,
COMP_0596,2025-04,,,0.0,0.0,
COMP_0596,2025-05,,,0.0,0.0,
COMP_0596,2025-06,,,0.0,0.0,
COMP_0596,2025-07,,,0.0,0.0,
COMP_0596,2025-08,,,0.0,0.0,0.0
COMP_0596,2025-09,,,0.0,0.0,0.0
COMP_0596,2025-10,,,0.0,0.0,0.0
COMP_0596,2025-11,,,0.0,0.0,0.0
COMP_0596,2025-12,,,0.0,0.0,0.0
COMP_0596,2026-01,,,0.0,0.0,0.0
COMP_0596,2026-02,,,0.0,0.0,0.0
COMP_0596,2026-03,,,0.0,0.0,0.0
COMP_0596,2026-04,,,0.0,0.0,0.0
COMP_0596,2026-05,,,0.0,0.0,0.0
COMP_0596,2026-06,,,0.0,0.0,0.0
COMP_0596,2026-07,,,0.0,0.0,0.0
COMP_0596,2026-08,,,0.0,0.0,0.0
COMP_0597,2026-03,,0.0,1.0,0.0,
COMP_0597,2026-04,,0.0,1.0,1.0,
COMP_0597,2026-05,,0.0,1.0,1.0,
COMP_0597,2026-06,,0.0,1.0,1.0,
COMP_0597,2026-07,,0.0,0.0,1.0,
COMP_0597,2026-08,,1.0,0.0,1.0,
COMP_0598,2025-06,,1.0,0.0,0.0,
COMP_0598,2025-07,,1.0,0.0,0.0,
COMP_0598,2025-08,,1.0,0.0,0.0,
COMP_0598,2025-09,,0.0,0.0,0.0,
COMP_0598,2025-10,,0.0,0.0,0.0,
COMP_0598,2025-11,,0.0,0.0,0.0,
COMP_0598,2025-12,0.0,0.0,0.0,0.0,0.0
COMP_0598,2026-01,0.0,0.0,0.0,0.0,0.0
COMP_0598,2026-02,0.0,0.0,0.0,0.0,0.0
COMP_0598,2026-03,0.0,0.0,0.0,0.0,0.0
COMP_0598,2026-04,0.0,0.0,0.0,0.0,0.0
COMP_0598,2026-05,0.0,0.0,0.0,0.0,0.0
COMP_0598,2026-06,0.0,0.0,0.0,0.0,0.0
COMP_0598,2026-07,0.0,0.0,0.0,0.0,0.0
COMP_0598,2026-08,0.0,0.0,0.0,0.0,0.0
COMP_0599,2025-12,,0.0,0.0,0.0,
COMP_0599,2026-01,,0.0,0.0,0.0,
COMP_0599,2026-02,,0.0,0.0,0.0,
COMP_0599,2026-03,,0.0,0.0,0.0,
COMP_0599,2026-04,,0.0,0.0,0.0,
COMP_0599,2026-05,,0.0,0.0,0.0,
COMP_0599,2026-06,,0.0,0.0,0.0,
COMP_0599,2026-07,,,0.0,,
COMP_0599,2026-08,,,0.0,,
COMP_0600,2025-06,,0.0,0.0,1.0,
COMP_0600,2025-07,,0.0,0.0,1.0,
COMP_0600,2025-08,,0.0,0.0,1.0,
COMP_0600,2025-09,,0.0,0.0,0.0,
COMP_0600,2025-10,,0.0,0.0,1.0,
COMP_0600,2025-11,,0.0,0.0,1.0,
COMP_0600,2025-12,0.0,0.0,0.0,0.0,0.0
COMP_0600,2026-01,0.0,0.0,0.0,0.0,0.0
COMP_0600,2026-02,0.0,0.0,0.0,0.0,0.0
COMP_0600,2026-03,0.0,0.0,0.0,1.0,0.0
COMP_0600,2026-04,1.0,0.0,0.0,0.0,0.0
COMP_0600,2026-05,1.0,0.0,0.0,0.0,0.0
COMP_0600,2026-06,0.0,0.0,0.0,0.0,0.0
COMP_0600,2026-07,0.0,0.0,0.0,1.0,0.0
COMP_0600,2026-08,0.0,0.0,0.0,1.0,0.0
COMP_0601,2025-02,,0.0,0.0,0.0,
COMP_0601,2025-03,,0.0,0.0,0.0,
COMP_0601,2025-04,,0.0,0.0,0.0,
COMP_0601,2025-05,,0.0,0.0,0.0,
COMP_0601,2025-06,,0.0,0.0,0.0,
COMP_0601,2025-07,,0.0,0.0,0.0,
COMP_0601,2025-08,0.0,0.0,0.0,0.0,0.0
COMP_0601,2025-09,0.0,0.0,0.0,0.0,0.0
COMP_0601,2025-10,0.0,0.0,0.0,0.0,0.0
COMP_0601,2025-11,0.0,0.0,0.0,0.0,0.0
COMP_0601,2025-12,0.0,0.0,0.0,0.0,0.0
COMP_0601,2026-01,0.0,0.0,0.0,0.0,0.0
COMP_0601,2026-02,0.0,0.0,0.0,1.0,0.0
COMP_0601,2026-03,0.0,0.0,0.0,1.0,0.0
COMP_0601,2026-04,0.0,1.0,0.0,0.0,0.0
COMP_0601,2026-05,0.0,0.0,0.0,0.0,0.0
COMP_0601,2026-06,0.0,0.0,0.0,0.0,0.0
COMP_0601,2026-07,0.0,1.0,0.0,0.0,0.0
COMP_0601,2026-08,0.0,1.0,0.0,0.0,0.0
COMP_0602,2025-06,,,0.0,1.0,
COMP_0602,2025-07,,,0.0,1.0,
COMP_0602,2025-08,,,0.0,1.0,
COMP_0602,2025-09,,,0.0,1.0,
COMP_0602,2025-10,,,0.0,1.0,
COMP_0602,2025-11,,,0.0,1.0,
COMP_0602,2025-12,0.0,,0.0,1.0,0.0
COMP_0602,2026-01,0.0,,0.0,1.0,0.0
COMP_0602,2026-02,0.0,,0.0,0.0,0.0
COMP_0602,2026-03,0.0,,0.0,1.0,0.0
COMP_0602,2026-04,0.0,,0.0,1.0,0.0
COMP_0602,2026-05,0.0,,0.0,1.0,0.0
COMP_0602,2026-06,0.0,,0.0,1.0,0.0
COMP_0602,2026-07,0.0,,0.0,1.0,0.0
COMP_0602,2026-08,0.0,,0.0,1.0,0.0
COMP_0603,2026-06,,,0.0,1.0,
COMP_0603,2026-07,,,0.0,0.0,
COMP_0603,2026-08,,,0.0,0.0,
COMP_0604,2025-02,,,0.0,0.0,
COMP_0604,2025-03,,,0.0,0.0,
COMP_0604,2025-04,,,0.0,0.0,
COMP_0604,2025-05,,,0.0,0.0,
COMP_0604,2025-06,,,0.0,0.0,
COMP_0604,2025-07,,,0.0,0.0,
COMP_0604,2025-08,0.0,,0.0,0.0,0.0
COMP_0604,2025-09,0.0,,0.0,0.0,0.0
COMP_0604,2025-10,0.0,,0.0,0.0,0.0
COMP_0604,2025-11,0.0,,0.0,0.0,0.0
COMP_0604,2025-12,0.0,,0.0,1.0,0.0
COMP_0604,2026-01,0.0,,0.0,1.0,0.0
COMP_0604,2026-02,0.0,,0.0,1.0,0.0
COMP_0604,2026-03,0.0,,0.0,0.0,0.0
COMP_0604,2026-04,0.0,,0.0,1.0,0.0
COMP_0604,2026-05,0.0,,0.0,1.0,0.0
COMP_0604,2026-06,0.0,,0.0,0.0,0.0
COMP_0604,2026-07,0.0,,0.0,0.0,0.0
COMP_0604,2026-08,0.0,,0.0,0.0,0.0
COMP_0605,2026-01,,,0.0,0.0,
COMP_0605,2026-02,,,0.0,0.0,
COMP_0605,2026-03,,,0.0,0.0,
COMP_0605,2026-04,,,0.0,0.0,
COMP_0605,2026-05,,,0.0,1.0,
COMP_0605,2026-06,,,0.0,0.0,
COMP_0605,2026-07,,,0.0,0.0,0.0
COMP_0605,2026-08,,,0.0,0.0,0.0
COMP_0606,2025-10,,0.0,1.0,0.0,
COMP_0606,2025-11,,0.0,1.0,0.0,
COMP_0606,2025-12,,0.0,0.0,0.0,
COMP_0606,2026-01,,0.0,0.0,0.0,
COMP_0606,2026-02,,1.0,0.0,1.0,
COMP_0606,2026-03,,1.0,1.0,1.0,
COMP_0606,2026-04,,0.0,1.0,1.0,
COMP_0606,2026-05,,,1.0,,
COMP_0606,2026-06,,,1.0,,
COMP_0606,2026-07,,,1.0,,
COMP_0606,2026-08,,,1.0,,
COMP_0607,2025-06,,0.0,0.0,0.0,
COMP_0607,2025-07,,0.0,0.0,0.0,
COMP_0607,2025-08,,0.0,0.0,0.0,
COMP_0607,2025-09,,0.0,0.0,0.0,
COMP_0607,2025-10,,1.0,0.0,0.0,
COMP_0607,2025-11,,1.0,0.0,0.0,
COMP_0607,2025-12,1.0,1.0,0.0,0.0,0.0
COMP_0607,2026-01,1.0,0.0,0.0,0.0,0.0
COMP_0607,2026-02,,0.0,0.0,0.0,0.0
COMP_0607,2026-03,,0.0,0.0,0.0,0.0
COMP_0607,2026-04,,1.0,0.0,0.0,0.0
COMP_0607,2026-05,,1.0,0.0,0.0,0.0
COMP_0607,2026-06,,1.0,0.0,0.0,0.0
COMP_0607,2026-07,,1.0,0.0,0.0,0.0
COMP_0607,2026-08,,1.0,0.0,0.0,0.0
COMP_0608,2026-06,,0.0,0.0,1.0,
COMP_0608,2026-07,,0.0,0.0,1.0,
COMP_0608,2026-08,,0.0,0.0,0.0,
COMP_0609,2025-06,,0.0,0.0,0.0,
COMP_0609,2025-07,,0.0,0.0,0.0,
COMP_0609,2025-08,,1.0,0.0,0.0,
COMP_0609,2025-09,,0.0,0.0,0.0,
COMP_0609,2025-10,,0.0,0.0,0.0,
COMP_0609,2025-11,,0.0,0.0,0.0,
COMP_0609,2025-12,,0.0,0.0,0.0,0.0
COMP_0609,2026-01,,0.0,0.0,0.0,0.0
COMP_0609,2026-02,,0.0,0.0,0.0,0.0
COMP_0609,2026-03,,1.0,0.0,0.0,0.0
COMP_0609,2026-04,,1.0,0.0,0.0,0.0
COMP_0609,2026-05,,1.0,0.0,0.0,0.0
COMP_0609,2026-06,,1.0,0.0,0.0,0.0
COMP_0609,2026-07,,0.0,0.0,1.0,0.0
COMP_0609,2026-08,,0.0,0.0,1.0,0.0
COMP_0610,2025-02,,0.0,0.0,0.0,
COMP_0610,2025-03,,0.0,0.0,0.0,
COMP_0610,2025-04,,0.0,0.0,0.0,
COMP_0610,2025-05,,0.0,0.0,0.0,
COMP_0610,2025-06,,0.0,0.0,0.0,
COMP_0610,2025-07,,0.0,0.0,1.0,
COMP_0610,2025-08,0.0,0.0,0.0,1.0,0.0
COMP_0610,2025-09,1.0,0.0,0.0,0.0,0.0
COMP_0610,2025-10,0.0,0.0,0.0,0.0,0.0
COMP_0610,2025-11,1.0,0.0,0.0,0.0,0.0
COMP_0610,2025-12,0.0,0.0,0.0,0.0,0.0
COMP_0610,2026-01,1.0,0.0,0.0,0.0,0.0
COMP_0610,2026-02,1.0,0.0,0.0,0.0,0.0
COMP_0610,2026-03,,1.0,0.0,0.0,0.0
COMP_0610,2026-04,,1.0,0.0,0.0,1.0
COMP_0610,2026-05,,1.0,0.0,0.0,1.0
COMP_0610,2026-06,,0.0,0.0,0.0,0.0
COMP_0610,2026-07,,0.0,0.0,0.0,0.0
COMP_0610,2026-08,,0.0,0.0,0.0,0.0
COMP_0611,2025-03,,0.0,1.0,1.0,
COMP_0611,2025-04,,0.0,1.0,1.0,
COMP_0611,2025-05,,0.0,1.0,1.0,
COMP_0611,2025-06,,0.0,1.0,1.0,
COMP_0611,2025-07,,1.0,1.0,1.0,
COMP_0611,2025-08,,,1.0,,
COMP_0611,2025-09,,,1.0,,
COMP_0611,2025-10,,,1.0,,
COMP_0611,2025-11,,1.0,1.0,0.0,0.0
COMP_0611,2025-12,,0.0,1.0,1.0,0.0
COMP_0611,2026-01,,0.0,1.0,1.0,0.0
COMP_0611,2026-02,,0.0,1.0,1.0,0.0
COMP_0611,2026-03,,1.0,1.0,1.0,
COMP_0611,2026-04,,1.0,1.0,0.0,
COMP_0611,2026-05,,,1.0,,
COMP_0611,2026-06,,,1.0,,
COMP_0611,2026-07,,,1.0,,
COMP_0611,2026-08,,,1.0,,
COMP_0612,2025-02,,,0.0,1.0,
COMP_0612,2025-03,,,0.0,0.0,
COMP_0612,2025-04,,,0.0,0.0,
COMP_0612,2025-05,,,0.0,1.0,
COMP_0612,2025-06,,,0.0,1.0,
COMP_0612,2025-07,,,0.0,1.0,
COMP_0612,2025-08,0.0,,0.0,1.0,0.0
COMP_0612,2025-09,0.0,,0.0,1.0,0.0
COMP_0612,2025-10,0.0,,0.0,1.0,0.0
COMP_0612,2025-11,0.0,,0.0,1.0,0.0
COMP_0612,2025-12,1.0,,0.0,0.0,0.0
COMP_0612,2026-01,1.0,,0.0,0.0,0.0
COMP_0612,2026-02,1.0,,0.0,0.0,0.0
COMP_0612,2026-03,,,0.0,0.0,0.0
COMP_0612,2026-04,,,0.0,0.0,0.0
COMP_0612,2026-05,,,0.0,0.0,0.0
COMP_0612,2026-06,,,0.0,0.0,0.0
COMP_0612,2026-07,,,0.0,0.0,
COMP_0612,2026-08,,,0.0,0.0,
COMP_0613,2025-02,,,0.0,0.0,
COMP_0613,2025-03,,,0.0,0.0,
COMP_0613,2025-04,,,0.0,0.0,
COMP_0613,2025-05,,,0.0,0.0,
COMP_0613,2025-06,,,1.0,0.0,
COMP_0613,2025-07,,,1.0,0.0,
COMP_0613,2025-08,0.0,,1.0,0.0,0.0
COMP_0613,2025-09,0.0,,0.0,1.0,0.0
COMP_0613,2025-10,0.0,,0.0,1.0,0.0
COMP_0613,2025-11,0.0,,0.0,1.0,0.0
COMP_0613,2025-12,0.0,,0.0,1.0,0.0
COMP_0613,2026-01,1.0,,1.0,1.0,0.0
COMP_0613,2026-02,0.0,,1.0,1.0,0.0
COMP_0613,2026-03,0.0,,1.0,1.0,0.0
COMP_0613,2026-04,0.0,,1.0,1.0,0.0
COMP_0613,2026-05,0.0,,0.0,1.0,0.0
COMP_0613,2026-06,1.0,,1.0,1.0,0.0
COMP_0613,2026-07,0.0,,0.0,1.0,0.0
COMP_0613,2026-08,0.0,,0.0,1.0,0.0
COMP_0614,2025-02,,0.0,0.0,1.0,
COMP_0614,2025-03,,0.0,0.0,1.0,
COMP_0614,2025-04,,0.0,0.0,1.0,
COMP_0614,2025-05,,0.0,0.0,0.0,
COMP_0614,2025-06,,0.0,0.0,0.0,
COMP_0614,2025-07,,0.0,0.0,0.0,
COMP_0614,2025-08,0.0,0.0,0.0,0.0,0.0
COMP_0614,2025-09,0.0,0.0,0.0,0.0,0.0
COMP_0614,2025-10,0.0,0.0,0.0,0.0,0.0
COMP_0614,2025-11,0.0,0.0,0.0,1.0,0.0
COMP_0614,2025-12,0.0,0.0,0.0,1.0,0.0
COMP_0614,2026-01,0.0,0.0,0.0,1.0,0.0
COMP_0614,2026-02,0.0,0.0,0.0,1.0,0.0
COMP_0614,2026-03,0.0,0.0,0.0,1.0,0.0
COMP_0614,2026-04,0.0,0.0,0.0,0.0,0.0
COMP_0614,2026-05,0.0,0.0,0.0,0.0,0.0
COMP_0614,2026-06,1.0,0.0,0.0,0.0,0.0
COMP_0614,2026-07,1.0,0.0,0.0,0.0,0.0
COMP_0614,2026-08,1.0,0.0,0.0,0.0,0.0
COMP_0615,2025-03,,0.0,0.0,0.0,
COMP_0615,2025-04,,0.0,0.0,1.0,
COMP_0615,2025-05,,1.0,0.0,0.0,
COMP_0615,2025-06,,1.0,0.0,1.0,
COMP_0615,2025-07,,1.0,0.0,1.0,
COMP_0615,2025-08,,1.0,0.0,1.0,
COMP_0615,2025-09,0.0,1.0,0.0,1.0,0.0
COMP_0615,2025-10,0.0,1.0,0.0,0.0,0.0
COMP_0615,2025-11,0.0,1.0,0.0,0.0,0.0
COMP_0615,2025-12,0.0,1.0,0.0,0.0,0.0
COMP_0615,2026-01,0.0,1.0,0.0,0.0,0.0
COMP_0615,2026-02,0.0,1.0,0.0,0.0,0.0
COMP_0615,2026-03,0.0,1.0,0.0,0.0,0.0
COMP_0615,2026-04,0.0,1.0,0.0,0.0,0.0
COMP_0615,2026-05,0.0,1.0,0.0,0.0,0.0
COMP_0615,2026-06,0.0,1.0,0.0,0.0,0.0
COMP_0615,2026-07,0.0,1.0,0.0,1.0,0.0
COMP_0615,2026-08,0.0,1.0,0.0,1.0,0.0
COMP_0616,2025-02,,,0.0,1.0,
COMP_0616,2025-03,,,0.0,1.0,
COMP_0616,2025-04,,,0.0,1.0,
COMP_0616,2025-05,,,0.0,1.0,
COMP_0616,2025-06,,,0.0,1.0,
COMP_0616,2025-07,,,0.0,1.0,
COMP_0616,2025-08,0.0,,0.0,1.0,0.0
COMP_0616,2025-09,1.0,,0.0,1.0,0.0
COMP_0616,2025-10,1.0,,0.0,1.0,0.0
COMP_0616,2025-11,,,0.0,1.0,0.0
COMP_0616,2025-12,,,0.0,1.0,0.0
COMP_0616,2026-01,,,0.0,1.0,0.0
COMP_0616,2026-02,0.0,,0.0,1.0,0.0
COMP_0616,2026-03,0.0,,0.0,1.0,0.0
COMP_0616,2026-04,0.0,,0.0,1.0,0.0
COMP_0616,2026-05,1.0,,0.0,1.0,0.0
COMP_0616,2026-06,0.0,,0.0,1.0,0.0
COMP_0616,2026-07,0.0,,0.0,1.0,0.0
COMP_0616,2026-08,0.0,,0.0,1.0,0.0
COMP_0617,2026-04,,,1.0,0.0,
COMP_0617,2026-05,,,1.0,0.0,
COMP_0617,2026-06,,,1.0,0.0,
COMP_0617,2026-07,,,1.0,0.0,
COMP_0617,2026-08,,,0.0,0.0,
COMP_0618,2025-02,,0.0,0.0,0.0,
COMP_0618,2025-03,,1.0,0.0,0.0,
COMP_0618,2025-04,,1.0,0.0,0.0,
COMP_0618,2025-05,,1.0,0.0,0.0,
COMP_0618,2025-06,,1.0,0.0,0.0,
COMP_0618,2025-07,,1.0,0.0,0.0,
COMP_0618,2025-08,0.0,0.0,0.0,0.0,0.0
COMP_0618,2025-09,1.0,0.0,0.0,0.0,0.0
COMP_0618,2025-10,,0.0,0.0,0.0,0.0
COMP_0618,2025-11,,0.0,0.0,1.0,0.0
COMP_0618,2025-12,,1.0,0.0,0.0,0.0
COMP_0618,2026-01,,1.0,0.0,0.0,0.0
COMP_0618,2026-02,,1.0,0.0,1.0,0.0
COMP_0618,2026-03,,1.0,0.0,1.0,0.0
COMP_0618,2026-04,,1.0,0.0,0.0,0.0
COMP_0618,2026-05,,1.0,0.0,0.0,0.0
COMP_0618,2026-06,,0.0,0.0,0.0,0.0
COMP_0618,2026-07,,0.0,0.0,0.0,0.0
COMP_0618,2026-08,,1.0,0.0,0.0,0.0
COMP_0619,2026-07,,0.0,0.0,1.0,
COMP_0619,2026-08,,1.0,0.0,0.0,
COMP_0620,2025-06,,0.0,0.0,1.0,
COMP_0620,2025-07,,0.0,0.0,0.0,
COMP_0620,2025-08,,0.0,0.0,0.0,
COMP_0620,2025-09,,0.0,0.0,0.0,
COMP_0620,2025-10,,0.0,0.0,0.0,
COMP_0620,2025-11,,0.0,0.0,0.0,
COMP_0620,2025-12,0.0,0.0,0.0,0.0,0.0
COMP_0620,2026-01,0.0,0.0,0.0,1.0,0.0
COMP_0620,2026-02,0.0,0.0,0.0,0.0,0.0
COMP_0620,2026-03,0.0,0.0,0.0,1.0,0.0
COMP_0620,2026-04,0.0,0.0,0.0,1.0,0.0
COMP_0620,2026-05,0.0,0.0,0.0,0.0,0.0
COMP_0620,2026-06,0.0,0.0,0.0,0.0,0.0
COMP_0620,2026-07,0.0,0.0,0.0,0.0,0.0
COMP_0620,2026-08,0.0,0.0,0.0,0.0,0.0
COMP_0621,2025-11,,1.0,0.0,0.0,
COMP_0621,2025-12,,0.0,0.0,0.0,
COMP_0621,2026-01,,0.0,0.0,0.0,
COMP_0621,2026-02,,0.0,0.0,0.0,
COMP_0621,2026-03,,1.0,0.0,0.0,
COMP_0621,2026-04,,1.0,0.0,0.0,
COMP_0621,2026-05,,0.0,0.0,0.0,0.0
COMP_0621,2026-06,,0.0,0.0,0.0,0.0
COMP_0621,2026-07,,0.0,0.0,0.0,0.0
COMP_0621,2026-08,,1.0,0.0,0.0,0.0
COMP_0622,2026-03,,,0.0,1.0,
COMP_0622,2026-04,,,0.0,1.0,
COMP_0622,2026-05,,,1.0,1.0,
COMP_0622,2026-06,,,1.0,1.0,
COMP_0622,2026-07,,,0.0,1.0,
COMP_0622,2026-08,,,0.0,1.0,
COMP_0623,2025-07,,,0.0,0.0,
COMP_0623,2025-08,,,0.0,0.0,
COMP_0623,2025-09,,,0.0,0.0,
COMP_0623,2025-10,,,0.0,0.0,
COMP_0623,2025-11,,,0.0,0.0,
COMP_0623,2025-12,,,0.0,0.0,
COMP_0623,2026-01,1.0,,0.0,0.0,0.0
COMP_0623,2026-02,0.0,,0.0,0.0,0.0
COMP_0623,2026-03,0.0,,0.0,0.0,0.0
COMP_0623,2026-04,0.0,,0.0,0.0,0.0
COMP_0623,2026-05,1.0,,0.0,0.0,0.0
COMP_0623,2026-06,1.0,,0.0,0.0,0.0
COMP_0623,2026-07,0.0,,0.0,0.0,0.0
COMP_0623,2026-08,0.0,,0.0,0.0,0.0
COMP_0624,2025-02,,,0.0,0.0,
COMP_0624,2025-03,,,0.0,0.0,
COMP_0624,2025-04,,,0.0,0.0,
COMP_0624,2025-05,,,0.0,1.0,
COMP_0624,2025-06,,,0.0,1.0,
COMP_0624,2025-07,,,0.0,1.0,
COMP_0624,2025-08,,,0.0,1.0,0.0
COMP_0624,2025-09,0.0,,0.0,1.0,0.0
COMP_0624,2025-10,0.0,,0.0,0.0,0.0
COMP_0624,2025-11,0.0,,0.0,1.0,0.0
COMP_0624,2025-12,,,0.0,1.0,
COMP_0624,2026-01,,,0.0,1.0,
COMP_0624,2026-02,,,0.0,,
COMP_0624,2026-03,,,0.0,,
COMP_0624,2026-04,,,0.0,,
COMP_0624,2026-05,,,0.0,,
COMP_0624,2026-06,,,0.0,,
COMP_0624,2026-07,,,0.0,,
COMP_0624,2026-08,,,0.0,,
COMP_0625,2025-02,,,0.0,0.0,
COMP_0625,2025-03,,,0.0,0.0,
COMP_0625,2025-04,,,0.0,0.0,
COMP_0625,2025-05,,,0.0,0.0,
COMP_0625,2025-06,,,0.0,0.0,
COMP_0625,2025-07,,,0.0,1.0,
COMP_0625,2025-08,,,0.0,1.0,0.0
COMP_0625,2025-09,,,0.0,1.0,0.0
COMP_0625,2025-10,,,0.0,0.0,0.0
COMP_0625,2025-11,,,0.0,0.0,
COMP_0625,2025-12,,,0.0,0.0,
COMP_0625,2026-01,,,0.0,,
COMP_0625,2026-02,,,0.0,0.0,0.0
COMP_0625,2026-03,,,0.0,0.0,0.0
COMP_0625,2026-04,,,0.0,0.0,
COMP_0625,2026-05,,,0.0,0.0,
COMP_0625,2026-06,,,0.0,,
COMP_0625,2026-07,,,0.0,,
COMP_0625,2026-08,,,0.0,,
COMP_0626,2025-02,,,0.0,0.0,
COMP_0626,2025-03,,,0.0,0.0,
COMP_0626,2025-04,,,0.0,0.0,
COMP_0626,2025-05,,,0.0,0.0,
COMP_0626,2025-06,,,0.0,0.0,
COMP_0626,2025-07,,,0.0,0.0,
COMP_0626,2025-08,,,0.0,0.0,1.0
COMP_0626,2025-09,,,0.0,0.0,0.0
COMP_0626,2025-10,,,0.0,0.0,0.0
COMP_0626,2025-11,,,0.0,0.0,1.0
COMP_0626,2025-12,,,0.0,0.0,0.0
COMP_0626,2026-01,,,0.0,0.0,0.0
COMP_0626,2026-02,,,0.0,1.0,0.0
COMP_0626,2026-03,,,0.0,1.0,0.0
COMP_0626,2026-04,,,0.0,1.0,0.0
COMP_0626,2026-05,,,0.0,0.0,0.0
COMP_0626,2026-06,,,0.0,0.0,0.0
COMP_0626,2026-07,,,0.0,0.0,0.0
COMP_0626,2026-08,,,0.0,0.0,0.0
COMP_0627,2025-02,,,0.0,1.0,
COMP_0627,2025-03,,,0.0,0.0,
COMP_0627,2025-04,,,0.0,0.0,
COMP_0627,2025-05,,,0.0,0.0,
COMP_0627,2025-06,,,0.0,0.0,
COMP_0627,2025-07,,,0.0,0.0,
COMP_0627,2025-08,1.0,,0.0,0.0,0.0
COMP_0627,2025-09,0.0,,0.0,0.0,0.0
COMP_0627,2025-10,0.0,,0.0,0.0,1.0
COMP_0627,2025-11,0.0,,0.0,1.0,0.0
COMP_0627,2025-12,0.0,,0.0,1.0,0.0
COMP_0627,2026-01,0.0,,0.0,1.0,1.0
COMP_0627,2026-02,1.0,,0.0,0.0,0.0
COMP_0627,2026-03,0.0,,0.0,0.0,0.0
COMP_0627,2026-04,0.0,,0.0,0.0,1.0
COMP_0627,2026-05,0.0,,0.0,0.0,0.0
COMP_0627,2026-06,0.0,,0.0,0.0,0.0
COMP_0627,2026-07,0.0,,0.0,0.0,1.0
COMP_0627,2026-08,0.0,,0.0,0.0,0.0
COMP_0628,2025-02,,0.0,0.0,0.0,
COMP_0628,2025-03,,0.0,0.0,0.0,
COMP_0628,2025-04,,0.0,0.0,0.0,
COMP_0628,2025-05,,0.0,0.0,0.0,
COMP_0628,2025-06,,0.0,0.0,0.0,
COMP_0628,2025-07,,1.0,0.0,0.0,
COMP_0628,2025-08,0.0,1.0,0.0,0.0,0.0
COMP_0628,2025-09,0.0,1.0,0.0,0.0,0.0
COMP_0628,2025-10,0.0,1.0,0.0,0.0,0.0
COMP_0628,2025-11,0.0,1.0,0.0,0.0,0.0
COMP_0628,2025-12,0.0,1.0,0.0,1.0,0.0
COMP_0628,2026-01,0.0,1.0,0.0,1.0,0.0
COMP_0628,2026-02,0.0,1.0,0.0,0.0,0.0
COMP_0628,2026-03,0.0,1.0,0.0,0.0,0.0
COMP_0628,2026-04,0.0,1.0,0.0,0.0,0.0
COMP_0628,2026-05,0.0,1.0,0.0,0.0,0.0
COMP_0628,2026-06,1.0,1.0,0.0,0.0,0.0
COMP_0628,2026-07,0.0,1.0,0.0,0.0,0.0
COMP_0628,2026-08,1.0,1.0,0.0,0.0,0.0
COMP_0629,2025-02,,1.0,0.0,0.0,
COMP_0629,2025-03,,1.0,0.0,0.0,
COMP_0629,2025-04,,1.0,0.0,0.0,
COMP_0629,2025-05,,1.0,0.0,0.0,
COMP_0629,2025-06,,1.0,0.0,0.0,
COMP_0629,2025-07,,1.0,0.0,0.0,
COMP_0629,2025-08,0.0,1.0,0.0,0.0,0.0
COMP_0629,2025-09,0.0,1.0,0.0,0.0,0.0
COMP_0629,2025-10,0.0,1.0,0.0,0.0,0.0
COMP_0629,2025-11,0.0,1.0,0.0,0.0,0.0
COMP_0629,2025-12,0.0,1.0,0.0,0.0,0.0
COMP_0629,2026-01,1.0,1.0,0.0,0.0,0.0
COMP_0629,2026-02,1.0,1.0,0.0,0.0,0.0
COMP_0629,2026-03,,1.0,0.0,0.0,0.0
COMP_0629,2026-04,,1.0,0.0,0.0,0.0
COMP_0629,2026-05,,1.0,0.0,0.0,0.0
COMP_0629,2026-06,,1.0,0.0,1.0,0.0
COMP_0629,2026-07,,0.0,0.0,1.0,0.0
COMP_0629,2026-08,,0.0,0.0,1.0,0.0
COMP_0630,2025-06,,,0.0,0.0,
COMP_0630,2025-07,,,0.0,1.0,
COMP_0630,2025-08,,,0.0,1.0,
COMP_0630,2025-09,,,0.0,1.0,
COMP_0630,2025-10,,,0.0,1.0,
COMP_0630,2025-11,,,0.0,1.0,
COMP_0630,2025-12,0.0,,0.0,1.0,0.0
COMP_0630,2026-01,0.0,,0.0,0.0,0.0
COMP_0630,2026-02,0.0,,0.0,0.0,0.0
COMP_0630,2026-03,0.0,,0.0,0.0,0.0
COMP_0630,2026-04,0.0,,0.0,0.0,0.0
COMP_0630,2026-05,0.0,,0.0,0.0,0.0
COMP_0630,2026-06,0.0,,0.0,0.0,0.0
COMP_0630,2026-07,0.0,,0.0,0.0,0.0
COMP_0630,2026-08,0.0,,0.0,0.0,0.0
COMP_0631,2025-06,,0.0,0.0,0.0,
COMP_0631,2025-07,,0.0,0.0,0.0,
COMP_0631,2025-08,,0.0,0.0,1.0,
COMP_0631,2025-09,,0.0,0.0,1.0,
COMP_0631,2025-10,,0.0,0.0,0.0,
COMP_0631,2025-11,,0.0,0.0,0.0,
COMP_0631,2025-12,0.0,0.0,0.0,0.0,0.0
COMP_0631,2026-01,0.0,0.0,0.0,0.0,0.0
COMP_0631,2026-02,0.0,0.0,0.0,0.0,0.0
COMP_0631,2026-03,0.0,0.0,0.0,0.0,0.0
COMP_0631,2026-04,0.0,0.0,0.0,0.0,0.0
COMP_0631,2026-05,0.0,0.0,0.0,0.0,0.0
COMP_0631,2026-06,0.0,0.0,0.0,0.0,0.0
COMP_0631,2026-07,0.0,0.0,0.0,0.0,0.0
COMP_0631,2026-08,0.0,0.0,0.0,0.0,0.0
COMP_0632,2026-03,,,0.0,1.0,
COMP_0632,2026-04,,,0.0,1.0,
COMP_0632,2026-05,,,0.0,1.0,
COMP_0632,2026-06,,,0.0,1.0,
COMP_0632,2026-07,,,0.0,1.0,
COMP_0632,2026-08,,,0.0,1.0,
COMP_0633,2026-03,,,0.0,0.0,
COMP_0633,2026-04,,,0.0,1.0,
COMP_0633,2026-05,,,0.0,1.0,
COMP_0633,2026-06,,,1.0,1.0,
COMP_0633,2026-07,,,0.0,1.0,
COMP_0633,2026-08,,,0.0,1.0,
COMP_0634,2026-04,,,0.0,1.0,
COMP_0634,2026-05,,,0.0,1.0,
COMP_0634,2026-06,,,0.0,1.0,
COMP_0634,2026-07,,,0.0,1.0,
COMP_0634,2026-08,,,0.0,0.0,
COMP_0635,2025-12,,,1.0,0.0,
COMP_0635,2026-01,,,1.0,0.0,
COMP_0635,2026-02,,,1.0,0.0,
COMP_0635,2026-03,,,1.0,0.0,
COMP_0635,2026-04,,,1.0,0.0,
COMP_0635,2026-05,,,1.0,0.0,
COMP_0635,2026-06,0.0,,1.0,0.0,0.0
COMP_0635,2026-07,0.0,,1.0,0.0,0.0
COMP_0635,2026-08,0.0,,1.0,0.0,0.0
COMP_0636,2025-02,,0.0,0.0,1.0,
COMP_0636,2025-03,,0.0,0.0,1.0,
COMP_0636,2025-04,,0.0,0.0,1.0,
COMP_0636,2025-05,,0.0,0.0,1.0,
COMP_0636,2025-06,,0.0,0.0,1.0,
COMP_0636,2025-07,,0.0,0.0,1.0,
COMP_0636,2025-08,0.0,0.0,0.0,1.0,0.0
COMP_0636,2025-09,1.0,0.0,0.0,1.0,0.0
COMP_0636,2025-10,0.0,0.0,0.0,1.0,0.0
COMP_0636,2025-11,0.0,0.0,0.0,1.0,0.0
COMP_0636,2025-12,0.0,0.0,0.0,1.0,0.0
COMP_0636,2026-01,0.0,0.0,0.0,1.0,0.0
COMP_0636,2026-02,0.0,0.0,0.0,1.0,0.0
COMP_0636,2026-03,0.0,0.0,0.0,1.0,0.0
COMP_0636,2026-04,0.0,0.0,0.0,1.0,0.0
COMP_0636,2026-05,0.0,0.0,0.0,1.0,0.0
COMP_0636,2026-06,0.0,0.0,0.0,1.0,0.0
COMP_0636,2026-07,0.0,0.0,0.0,1.0,0.0
COMP_0636,2026-08,0.0,0.0,0.0,1.0,0.0
COMP_0637,2025-02,,0.0,0.0,1.0,
COMP_0637,2025-03,,0.0,0.0,1.0,
COMP_0637,2025-04,,0.0,0.0,1.0,
COMP_0637,2025-05,,0.0,0.0,1.0,
COMP_0637,2025-06,,0.0,0.0,0.0,
COMP_0637,2025-07,,0.0,0.0,0.0,
COMP_0637,2025-08,,0.0,0.0,1.0,0.0
COMP_0637,2025-09,,0.0,0.0,0.0,0.0
COMP_0637,2025-10,,0.0,0.0,0.0,0.0
COMP_0637,2025-11,,0.0,0.0,0.0,0.0
COMP_0637,2025-12,,0.0,0.0,0.0,0.0
COMP_0637,2026-01,,0.0,0.0,1.0,0.0
COMP_0637,2026-02,,0.0,0.0,0.0,0.0
COMP_0637,2026-03,,0.0,0.0,1.0,0.0
COMP_0637,2026-04,,0.0,0.0,0.0,0.0
COMP_0637,2026-05,,0.0,0.0,1.0,0.0
COMP_0637,2026-06,,0.0,1.0,1.0,0.0
COMP_0637,2026-07,,0.0,1.0,1.0,0.0
COMP_0637,2026-08,,0.0,1.0,1.0,0.0
COMP_0638,2025-03,,0.0,0.0,0.0,
COMP_0638,2025-04,,0.0,0.0,0.0,
COMP_0638,2025-05,,0.0,0.0,1.0,
COMP_0638,2025-06,,0.0,0.0,0.0,
COMP_0638,2025-07,,0.0,0.0,0.0,
COMP_0638,2025-08,,0.0,0.0,0.0,
COMP_0638,2025-09,0.0,0.0,0.0,1.0,0.0
COMP_0638,2025-10,0.0,0.0,0.0,1.0,0.0
COMP_0638,2025-11,1.0,0.0,0.0,1.0,0.0
COMP_0638,2025-12,0.0,0.0,0.0,0.0,0.0
COMP_0638,2026-01,0.0,0.0,0.0,0.0,1.0
COMP_0638,2026-02,1.0,0.0,0.0,0.0,0.0
COMP_0638,2026-03,1.0,0.0,0.0,0.0,0.0
COMP_0638,2026-04,0.0,0.0,0.0,0.0,0.0
COMP_0638,2026-05,0.0,0.0,0.0,1.0,0.0
COMP_0638,2026-06,0.0,0.0,0.0,0.0,0.0
COMP_0638,2026-07,0.0,0.0,0.0,0.0,0.0
COMP_0638,2026-08,1.0,0.0,0.0,1.0,0.0
COMP_0639,2025-02,,,0.0,0.0,
COMP_0639,2025-03,,,0.0,0.0,
COMP_0639,2025-04,,,0.0,1.0,
COMP_0639,2025-05,,,0.0,0.0,
COMP_0639,2025-06,,,0.0,0.0,
COMP_0639,2025-07,,,0.0,0.0,
COMP_0639,2025-08,0.0,,0.0,0.0,0.0
COMP_0639,2025-09,0.0,,0.0,0.0,0.0
COMP_0639,2025-10,0.0,,0.0,0.0,0.0
COMP_0639,2025-11,0.0,,0.0,0.0,0.0
COMP_0639,2025-12,0.0,,0.0,0.0,0.0
COMP_0639,2026-01,0.0,,0.0,1.0,0.0
COMP_0639,2026-02,0.0,,0.0,1.0,0.0
COMP_0639,2026-03,0.0,,0.0,1.0,0.0
COMP_0639,2026-04,0.0,,0.0,0.0,0.0
COMP_0639,2026-05,0.0,,0.0,0.0,0.0
COMP_0639,2026-06,0.0,,0.0,0.0,0.0
COMP_0639,2026-07,0.0,,0.0,0.0,0.0
COMP_0639,2026-08,0.0,,0.0,0.0,0.0
COMP_0640,2025-02,,0.0,0.0,0.0,
COMP_0640,2025-03,,1.0,0.0,0.0,
COMP_0640,2025-04,,0.0,0.0,0.0,
COMP_0640,2025-05,,0.0,0.0,0.0,
COMP_0640,2025-06,,0.0,0.0,0.0,
COMP_0640,2025-07,,1.0,0.0,0.0,
COMP_0640,2025-08,0.0,1.0,0.0,0.0,0.0
COMP_0640,2025-09,0.0,1.0,0.0,0.0,0.0
COMP_0640,2025-10,0.0,1.0,0.0,0.0,0.0
COMP_0640,2025-11,0.0,0.0,0.0,0.0,0.0
COMP_0640,2025-12,0.0,0.0,0.0,0.0,0.0
COMP_0640,2026-01,0.0,0.0,0.0,0.0,1.0
COMP_0640,2026-02,0.0,0.0,0.0,0.0,0.0
COMP_0640,2026-03,1.0,1.0,0.0,0.0,0.0
COMP_0640,2026-04,0.0,1.0,0.0,0.0,0.0
COMP_0640,2026-05,0.0,1.0,0.0,0.0,0.0
COMP_0640,2026-06,0.0,1.0,0.0,0.0,0.0
COMP_0640,2026-07,0.0,1.0,0.0,0.0,0.0
COMP_0640,2026-08,1.0,0.0,0.0,0.0,0.0
COMP_0641,2025-02,,1.0,0.0,0.0,
COMP_0641,2025-03,,1.0,0.0,0.0,
COMP_0641,2025-04,,1.0,0.0,0.0,
COMP_0641,2025-05,,1.0,0.0,0.0,
COMP_0641,2025-06,,1.0,0.0,0.0,
COMP_0641,2025-07,,1.0,0.0,0.0,
COMP_0641,2025-08,,1.0,0.0,0.0,0.0
COMP_0641,2025-09,,1.0,0.0,0.0,0.0
COMP_0641,2025-10,,1.0,0.0,0.0,0.0
COMP_0641,2025-11,,1.0,0.0,0.0,0.0
COMP_0641,2025-12,,1.0,0.0,0.0,0.0
COMP_0641,2026-01,,0.0,0.0,0.0,0.0
COMP_0641,2026-02,,0.0,0.0,0.0,0.0
COMP_0641,2026-03,,1.0,0.0,0.0,0.0
COMP_0641,2026-04,,1.0,0.0,0.0,0.0
COMP_0641,2026-05,,1.0,0.0,0.0,0.0
COMP_0641,2026-06,,1.0,0.0,0.0,0.0
COMP_0641,2026-07,,1.0,0.0,0.0,0.0
COMP_0641,2026-08,,1.0,0.0,0.0,0.0
COMP_0642,2025-11,,0.0,0.0,0.0,
COMP_0642,2025-12,,1.0,0.0,0.0,
COMP_0642,2026-01,,1.0,0.0,0.0,
COMP_0642,2026-02,,1.0,0.0,0.0,
COMP_0642,2026-03,,0.0,0.0,0.0,
COMP_0642,2026-04,,0.0,0.0,0.0,
COMP_0642,2026-05,,0.0,0.0,0.0,
COMP_0642,2026-06,,0.0,0.0,0.0,0.0
COMP_0642,2026-07,,0.0,0.0,0.0,0.0
COMP_0642,2026-08,,0.0,0.0,0.0,0.0
COMP_0643,2026-07,,0.0,0.0,1.0,
COMP_0643,2026-08,,0.0,0.0,1.0,
COMP_0644,2026-06,,,0.0,1.0,
COMP_0644,2026-07,,,0.0,1.0,
COMP_0644,2026-08,,,0.0,1.0,
COMP_0645,2025-07,,0.0,0.0,1.0,
COMP_0645,2025-08,,1.0,0.0,1.0,
COMP_0645,2025-09,,1.0,0.0,1.0,
COMP_0645,2025-10,,1.0,0.0,1.0,
COMP_0645,2025-11,,1.0,0.0,1.0,
COMP_0645,2025-12,,1.0,0.0,1.0,
COMP_0645,2026-01,,0.0,0.0,1.0,0.0
COMP_0645,2026-02,,0.0,0.0,1.0,0.0
COMP_0645,2026-03,,0.0,0.0,1.0,0.0
COMP_0645,2026-04,,0.0,0.0,1.0,
COMP_0645,2026-05,,0.0,0.0,1.0,
COMP_0645,2026-06,,0.0,0.0,1.0,0.0
COMP_0645,2026-07,,0.0,0.0,1.0,0.0
COMP_0645,2026-08,,0.0,0.0,1.0,
COMP_0646,2025-02,,1.0,0.0,1.0,
COMP_0646,2025-03,,1.0,0.0,0.0,
COMP_0646,2025-04,,1.0,0.0,0.0,
COMP_0646,2025-05,,1.0,0.0,0.0,
COMP_0646,2025-06,,1.0,0.0,0.0,
COMP_0646,2025-07,,1.0,0.0,0.0,
COMP_0646,2025-08,0.0,1.0,0.0,0.0,0.0
COMP_0646,2025-09,0.0,1.0,0.0,0.0,0.0
COMP_0646,2025-10,0.0,1.0,0.0,0.0,0.0
COMP_0646,2025-11,0.0,1.0,0.0,1.0,0.0
COMP_0646,2025-12,0.0,1.0,0.0,0.0,0.0
COMP_0646,2026-01,0.0,1.0,0.0,0.0,0.0
COMP_0646,2026-02,0.0,1.0,0.0,0.0,0.0
COMP_0646,2026-03,0.0,1.0,0.0,1.0,0.0
COMP_0646,2026-04,0.0,1.0,0.0,0.0,0.0
COMP_0646,2026-05,0.0,1.0,0.0,0.0,0.0
COMP_0646,2026-06,0.0,1.0,0.0,0.0,0.0
COMP_0646,2026-07,0.0,1.0,0.0,0.0,0.0
COMP_0646,2026-08,0.0,1.0,0.0,0.0,0.0
COMP_0647,2025-02,,0.0,1.0,0.0,
COMP_0647,2025-03,,0.0,1.0,0.0,
COMP_0647,2025-04,,0.0,1.0,0.0,
COMP_0647,2025-05,,0.0,1.0,0.0,
COMP_0647,2025-06,,0.0,1.0,0.0,
COMP_0647,2025-07,,0.0,1.0,0.0,
COMP_0647,2025-08,0.0,0.0,0.0,1.0,0.0
COMP_0647,2025-09,0.0,0.0,0.0,1.0,0.0
COMP_0647,2025-10,0.0,0.0,0.0,1.0,0.0
COMP_0647,2025-11,0.0,0.0,0.0,1.0,0.0
COMP_0647,2025-12,0.0,0.0,0.0,1.0,0.0
COMP_0647,2026-01,0.0,0.0,0.0,1.0,0.0
COMP_0647,2026-02,0.0,0.0,0.0,1.0,0.0
COMP_0647,2026-03,0.0,0.0,1.0,1.0,0.0
COMP_0647,2026-04,0.0,0.0,1.0,1.0,0.0
COMP_0647,2026-05,0.0,0.0,1.0,1.0,0.0
COMP_0647,2026-06,0.0,0.0,1.0,1.0,0.0
COMP_0647,2026-07,0.0,0.0,0.0,1.0,0.0
COMP_0647,2026-08,0.0,0.0,0.0,1.0,0.0
COMP_0648,2025-12,,0.0,0.0,0.0,
COMP_0648,2026-01,,0.0,0.0,0.0,
COMP_0648,2026-02,,0.0,0.0,0.0,
COMP_0648,2026-03,,0.0,0.0,0.0,
COMP_0648,2026-04,,0.0,0.0,0.0,
COMP_0648,2026-05,,0.0,0.0,0.0,
COMP_0648,2026-06,0.0,0.0,0.0,1.0,0.0
COMP_0648,2026-07,0.0,0.0,0.0,1.0,0.0
COMP_0648,2026-08,0.0,0.0,0.0,0.0,0.0
COMP_0649,2025-02,,1.0,1.0,1.0,
COMP_0649,2025-03,,1.0,1.0,1.0,
COMP_0649,2025-04,,1.0,1.0,1.0,
COMP_0649,2025-05,,0.0,1.0,1.0,
COMP_0649,2025-06,,0.0,1.0,1.0,
COMP_0649,2025-07,,0.0,1.0,1.0,
COMP_0649,2025-08,0.0,0.0,1.0,1.0,0.0
COMP_0649,2025-09,0.0,1.0,1.0,1.0,0.0
COMP_0649,2025-10,0.0,0.0,1.0,1.0,0.0
COMP_0649,2025-11,0.0,1.0,1.0,1.0,0.0
COMP_0649,2025-12,0.0,0.0,1.0,1.0,1.0
COMP_0649,2026-01,0.0,0.0,1.0,1.0,1.0
COMP_0649,2026-02,0.0,0.0,1.0,1.0,1.0
COMP_0649,2026-03,0.0,1.0,1.0,1.0,1.0
COMP_0649,2026-04,0.0,1.0,1.0,1.0,0.0
COMP_0649,2026-05,0.0,0.0,1.0,1.0,0.0
COMP_0649,2026-06,0.0,0.0,1.0,1.0,0.0
COMP_0649,2026-07,0.0,0.0,1.0,1.0,0.0
COMP_0649,2026-08,0.0,1.0,1.0,1.0,0.0
COMP_0650,2025-11,,0.0,0.0,0.0,
COMP_0650,2025-12,,0.0,0.0,0.0,
COMP_0650,2026-01,,0.0,0.0,0.0,
COMP_0650,2026-02,,0.0,0.0,0.0,
COMP_0650,2026-03,,0.0,0.0,0.0,
COMP_0650,2026-04,,0.0,0.0,0.0,
COMP_0650,2026-05,,0.0,0.0,0.0,0.0
COMP_0650,2026-06,,0.0,0.0,0.0,1.0
COMP_0650,2026-07,,0.0,0.0,0.0,0.0
COMP_0650,2026-08,,0.0,0.0,0.0,
COMP_0651,2025-06,,0.0,0.0,0.0,
COMP_0651,2025-07,,0.0,0.0,0.0,
COMP_0651,2025-08,,0.0,0.0,0.0,
COMP_0651,2025-09,,0.0,0.0,0.0,
COMP_0651,2025-10,,0.0,0.0,0.0,
COMP_0651,2025-11,,0.0,0.0,0.0,
COMP_0651,2025-12,0.0,0.0,0.0,0.0,0.0
COMP_0651,2026-01,0.0,0.0,0.0,0.0,0.0
COMP_0651,2026-02,0.0,0.0,0.0,0.0,0.0
COMP_0651,2026-03,0.0,0.0,0.0,0.0,0.0
COMP_0651,2026-04,0.0,0.0,0.0,0.0,0.0
COMP_0651,2026-05,0.0,0.0,0.0,0.0,0.0
COMP_0651,2026-06,0.0,0.0,0.0,1.0,1.0
COMP_0651,2026-07,0.0,0.0,0.0,1.0,1.0
COMP_0651,2026-08,0.0,0.0,1.0,1.0,1.0
COMP_0652,2025-06,,0.0,0.0,0.0,
COMP_0652,2025-07,,0.0,0.0,0.0,
COMP_0652,2025-08,,0.0,0.0,0.0,
COMP_0652,2025-09,,0.0,0.0,0.0,
COMP_0652,2025-10,,0.0,0.0,0.0,
COMP_0652,2025-11,,0.0,0.0,0.0,
COMP_0652,2025-12,0.0,0.0,0.0,0.0,0.0
COMP_0652,2026-01,0.0,0.0,0.0,0.0,0.0
COMP_0652,2026-02,0.0,0.0,0.0,0.0,0.0
COMP_0652,2026-03,0.0,0.0,0.0,0.0,0.0
COMP_0652,2026-04,0.0,0.0,0.0,0.0,0.0
COMP_0652,2026-05,0.0,0.0,0.0,0.0,0.0
COMP_0652,2026-06,0.0,0.0,0.0,0.0,0.0
COMP_0652,2026-07,0.0,0.0,0.0,0.0,0.0
COMP_0652,2026-08,0.0,0.0,0.0,0.0,0.0
COMP_0653,2025-02,,,0.0,0.0,
COMP_0653,2025-03,,,0.0,1.0,
COMP_0653,2025-04,,,0.0,1.0,
COMP_0653,2025-05,,,0.0,0.0,
COMP_0653,2025-06,,,0.0,0.0,
COMP_0653,2025-07,,,0.0,0.0,
COMP_0653,2025-08,,,0.0,0.0,0.0
COMP_0653,2025-09,,,0.0,0.0,0.0
COMP_0653,2025-10,,,0.0,0.0,0.0
COMP_0653,2025-11,,,0.0,0.0,0.0
COMP_0653,2025-12,,,0.0,0.0,0.0
COMP_0653,2026-01,,,0.0,0.0,0.0
COMP_0653,2026-02,,,0.0,0.0,0.0
COMP_0653,2026-03,,,0.0,0.0,0.0
COMP_0653,2026-04,,,0.0,0.0,0.0
COMP_0653,2026-05,,,0.0,0.0,0.0
COMP_0653,2026-06,,,0.0,0.0,0.0
COMP_0653,2026-07,,,0.0,0.0,0.0
COMP_0653,2026-08,,,0.0,0.0,0.0
COMP_0654,2026-03,,0.0,0.0,0.0,
COMP_0654,2026-04,,0.0,0.0,0.0,
COMP_0654,2026-05,,0.0,0.0,0.0,
COMP_0654,2026-06,,0.0,0.0,1.0,
COMP_0654,2026-07,,0.0,0.0,1.0,
COMP_0654,2026-08,,0.0,0.0,1.0,
COMP_0655,2025-08,,,0.0,1.0,
COMP_0655,2025-09,,,0.0,1.0,
COMP_0655,2025-10,,,0.0,1.0,
COMP_0655,2025-11,,,0.0,1.0,
COMP_0655,2025-12,,,0.0,1.0,
COMP_0655,2026-01,,,0.0,1.0,
COMP_0655,2026-02,1.0,,0.0,1.0,0.0
COMP_0655,2026-03,0.0,,0.0,1.0,0.0
COMP_0655,2026-04,1.0,,0.0,1.0,0.0
COMP_0655,2026-05,,,0.0,1.0,0.0
COMP_0655,2026-06,,,0.0,1.0,0.0
COMP_0655,2026-07,,,0.0,1.0,0.0
COMP_0655,2026-08,,,0.0,1.0,0.0
COMP_0656,2026-01,,,0.0,1.0,
COMP_0656,2026-02,,,0.0,1.0,
COMP_0656,2026-03,,,0.0,1.0,
COMP_0656,2026-04,,,0.0,1.0,
COMP_0656,2026-05,,,0.0,1.0,
COMP_0656,2026-06,,,0.0,1.0,
COMP_0656,2026-07,,,0.0,1.0,0.0
COMP_0656,2026-08,,,0.0,0.0,0.0
COMP_0657,2025-06,,0.0,0.0,0.0,
COMP_0657,2025-07,,0.0,0.0,0.0,
COMP_0657,2025-08,,0.0,0.0,0.0,
COMP_0657,2025-09,,0.0,0.0,0.0,
COMP_0657,2025-10,,0.0,0.0,0.0,
COMP_0657,2025-11,,0.0,0.0,0.0,
COMP_0657,2025-12,0.0,1.0,0.0,0.0,0.0
COMP_0657,2026-01,0.0,0.0,0.0,0.0,0.0
COMP_0657,2026-02,0.0,0.0,0.0,0.0,0.0
COMP_0657,2026-03,0.0,0.0,0.0,0.0,0.0
COMP_0657,2026-04,0.0,0.0,0.0,0.0,0.0
COMP_0657,2026-05,0.0,0.0,0.0,0.0,0.0
COMP_0657,2026-06,0.0,0.0,0.0,0.0,0.0
COMP_0657,2026-07,0.0,0.0,0.0,0.0,0.0
COMP_0657,2026-08,0.0,0.0,0.0,0.0,0.0
COMP_0658,2025-02,,0.0,0.0,0.0,
COMP_0658,2025-03,,0.0,0.0,0.0,
COMP_0658,2025-04,,0.0,0.0,1.0,
COMP_0658,2025-05,,0.0,0.0,1.0,
COMP_0658,2025-06,,0.0,0.0,1.0,
COMP_0658,2025-07,,0.0,0.0,0.0,
COMP_0658,2025-08,,0.0,0.0,0.0,0.0
COMP_0658,2025-09,,0.0,0.0,0.0,0.0
COMP_0658,2025-10,,0.0,0.0,0.0,0.0
COMP_0658,2025-11,,0.0,0.0,1.0,0.0
COMP_0658,2025-12,,1.0,0.0,1.0,0.0
COMP_0658,2026-01,,0.0,0.0,1.0,0.0
COMP_0658,2026-02,,0.0,0.0,0.0,0.0
COMP_0658,2026-03,,0.0,0.0,1.0,0.0
COMP_0658,2026-04,,0.0,0.0,1.0,0.0
COMP_0658,2026-05,,0.0,0.0,1.0,0.0
COMP_0658,2026-06,,0.0,0.0,1.0,0.0
COMP_0658,2026-07,,0.0,0.0,1.0,0.0
COMP_0658,2026-08,,0.0,0.0,1.0,0.0
COMP_0659,2025-02,,1.0,0.0,0.0,
COMP_0659,2025-03,,1.0,0.0,0.0,
COMP_0659,2025-04,,1.0,0.0,0.0,
COMP_0659,2025-05,,1.0,0.0,0.0,
COMP_0659,2025-06,,1.0,0.0,0.0,
COMP_0659,2025-07,,1.0,0.0,0.0,
COMP_0659,2025-08,0.0,1.0,0.0,0.0,0.0
COMP_0659,2025-09,0.0,1.0,0.0,0.0,0.0
COMP_0659,2025-10,0.0,1.0,0.0,0.0,0.0
COMP_0659,2025-11,0.0,1.0,0.0,1.0,0.0
COMP_0659,2025-12,0.0,1.0,0.0,1.0,1.0
COMP_0659,2026-01,0.0,1.0,0.0,0.0,0.0
COMP_0659,2026-02,0.0,1.0,0.0,0.0,0.0
COMP_0659,2026-03,0.0,1.0,0.0,0.0,0.0
COMP_0659,2026-04,0.0,1.0,0.0,1.0,0.0
COMP_0659,2026-05,0.0,1.0,0.0,1.0,0.0
COMP_0659,2026-06,0.0,1.0,0.0,1.0,0.0
COMP_0659,2026-07,0.0,1.0,0.0,1.0,0.0
COMP_0659,2026-08,0.0,1.0,0.0,1.0,0.0
COMP_0660,2026-05,,,0.0,0.0,
COMP_0660,2026-06,,,0.0,0.0,
COMP_0660,2026-07,,,0.0,1.0,
COMP_0660,2026-08,,,1.0,0.0,
COMP_0661,2025-06,,0.0,0.0,0.0,
COMP_0661,2025-07,,0.0,0.0,0.0,
COMP_0661,2025-08,,0.0,0.0,0.0,
COMP_0661,2025-09,,0.0,0.0,0.0,
COMP_0661,2025-10,,0.0,0.0,0.0,
COMP_0661,2025-11,,0.0,0.0,0.0,
COMP_0661,2025-12,0.0,0.0,0.0,0.0,0.0
COMP_0661,2026-01,0.0,0.0,0.0,0.0,0.0
COMP_0661,2026-02,0.0,0.0,0.0,0.0,0.0
COMP_0661,2026-03,1.0,0.0,0.0,0.0,0.0
COMP_0661,2026-04,0.0,0.0,0.0,0.0,0.0
COMP_0661,2026-05,0.0,0.0,0.0,0.0,0.0
COMP_0661,2026-06,1.0,0.0,0.0,0.0,0.0
COMP_0661,2026-07,0.0,0.0,0.0,0.0,0.0
COMP_0661,2026-08,0.0,0.0,0.0,0.0,0.0
COMP_0662,2026-03,,1.0,0.0,0.0,
COMP_0662,2026-04,,1.0,0.0,1.0,
COMP_0662,2026-05,,1.0,0.0,1.0,
COMP_0662,2026-06,,1.0,0.0,1.0,
COMP_0662,2026-07,,1.0,0.0,1.0,
COMP_0662,2026-08,,1.0,0.0,0.0,
COMP_0663,2026-05,,,1.0,1.0,
COMP_0663,2026-06,,,1.0,1.0,
COMP_0663,2026-07,,,0.0,0.0,
COMP_0663,2026-08,,,1.0,1.0,
COMP_0664,2026-05,,0.0,0.0,0.0,
COMP_0664,2026-06,,0.0,0.0,0.0,
COMP_0664,2026-07,,0.0,0.0,0.0,
COMP_0664,2026-08,,1.0,0.0,1.0,
COMP_0665,2025-02,,0.0,0.0,1.0,
COMP_0665,2025-03,,0.0,0.0,1.0,
COMP_0665,2025-04,,0.0,0.0,1.0,
COMP_0665,2025-05,,0.0,0.0,1.0,
COMP_0665,2025-06,,0.0,0.0,1.0,
COMP_0665,2025-07,,0.0,0.0,1.0,
COMP_0665,2025-08,0.0,0.0,0.0,1.0,0.0
COMP_0665,2025-09,0.0,0.0,0.0,1.0,0.0
COMP_0665,2025-10,0.0,0.0,0.0,1.0,0.0
COMP_0665,2025-11,0.0,0.0,0.0,0.0,0.0
COMP_0665,2025-12,0.0,0.0,0.0,1.0,0.0
COMP_0665,2026-01,0.0,0.0,0.0,0.0,0.0
COMP_0665,2026-02,0.0,0.0,0.0,1.0,0.0
COMP_0665,2026-03,0.0,0.0,0.0,1.0,0.0
COMP_0665,2026-04,0.0,0.0,0.0,1.0,0.0
COMP_0665,2026-05,0.0,0.0,0.0,1.0,0.0
COMP_0665,2026-06,0.0,0.0,0.0,1.0,0.0
COMP_0665,2026-07,0.0,0.0,0.0,1.0,0.0
COMP_0665,2026-08,0.0,0.0,0.0,1.0,1.0
COMP_0666,2025-03,,1.0,1.0,0.0,
COMP_0666,2025-04,,1.0,1.0,0.0,
COMP_0666,2025-05,,1.0,1.0,0.0,
COMP_0666,2025-06,,1.0,1.0,0.0,
COMP_0666,2025-07,,1.0,1.0,1.0,
COMP_0666,2025-08,,1.0,1.0,0.0,
COMP_0666,2025-09,0.0,1.0,1.0,0.0,0.0
COMP_0666,2025-10,0.0,1.0,1.0,0.0,0.0
COMP_0666,2025-11,0.0,1.0,1.0,0.0,0.0
COMP_0666,2025-12,0.0,1.0,1.0,0.0,0.0
COMP_0666,2026-01,0.0,1.0,1.0,0.0,0.0
COMP_0666,2026-02,0.0,1.0,1.0,0.0,0.0
COMP_0666,2026-03,0.0,1.0,1.0,0.0,0.0
COMP_0666,2026-04,0.0,1.0,0.0,0.0,0.0
COMP_0666,2026-05,0.0,1.0,0.0,0.0,0.0
COMP_0666,2026-06,0.0,1.0,0.0,1.0,0.0
COMP_0666,2026-07,0.0,1.0,0.0,1.0,0.0
COMP_0666,2026-08,1.0,1.0,0.0,1.0,0.0
COMP_0667,2025-08,,0.0,0.0,0.0,
COMP_0667,2025-09,,0.0,0.0,1.0,
COMP_0667,2025-10,,0.0,0.0,0.0,
COMP_0667,2025-11,,0.0,0.0,0.0,
COMP_0667,2025-12,,0.0,0.0,0.0,
COMP_0667,2026-01,,0.0,0.0,1.0,
COMP_0667,2026-02,0.0,0.0,0.0,1.0,0.0
COMP_0667,2026-03,0.0,0.0,0.0,1.0,0.0
COMP_0667,2026-04,0.0,0.0,0.0,1.0,0.0
COMP_0667,2026-05,0.0,0.0,0.0,1.0,0.0
COMP_0667,2026-06,1.0,0.0,0.0,1.0,0.0
COMP_0667,2026-07,0.0,0.0,0.0,1.0,0.0
COMP_0667,2026-08,0.0,0.0,0.0,1.0,0.0
COMP_0668,2026-06,,0.0,0.0,1.0,
COMP_0668,2026-07,,0.0,0.0,1.0,
COMP_0668,2026-08,,0.0,0.0,0.0,
COMP_0669,2026-06,,,0.0,0.0,
COMP_0669,2026-07,,,0.0,0.0,
COMP_0669,2026-08,,,1.0,1.0,
COMP_0670,2025-02,,0.0,0.0,0.0,
COMP_0670,2025-03,,0.0,0.0,1.0,
COMP_0670,2025-04,,0.0,0.0,0.0,
COMP_0670,2025-05,,0.0,0.0,0.0,
COMP_0670,2025-06,,0.0,0.0,0.0,
COMP_0670,2025-07,,0.0,0.0,0.0,
COMP_0670,2025-08,,0.0,0.0,0.0,0.0
COMP_0670,2025-09,,1.0,0.0,0.0,0.0
COMP_0670,2025-10,,1.0,0.0,0.0,0.0
COMP_0670,2025-11,,1.0,0.0,0.0,1.0
COMP_0670,2025-12,,0.0,0.0,0.0,0.0
COMP_0670,2026-01,,0.0,0.0,0.0,0.0
COMP_0670,2026-02,,0.0,0.0,0.0,0.0
COMP_0670,2026-03,,0.0,0.0,0.0,0.0
COMP_0670,2026-04,,0.0,0.0,0.0,1.0
COMP_0670,2026-05,,0.0,0.0,0.0,0.0
COMP_0670,2026-06,,0.0,0.0,0.0,0.0
COMP_0670,2026-07,,1.0,0.0,0.0,1.0
COMP_0670,2026-08,,1.0,0.0,0.0,0.0
COMP_0671,2025-02,,0.0,0.0,0.0,
COMP_0671,2025-03,,0.0,0.0,0.0,
COMP_0671,2025-04,,0.0,0.0,0.0,
COMP_0671,2025-05,,0.0,0.0,0.0,
COMP_0671,2025-06,,0.0,0.0,0.0,
COMP_0671,2025-07,,0.0,0.0,0.0,
COMP_0671,2025-08,1.0,0.0,0.0,0.0,0.0
COMP_0671,2025-09,0.0,0.0,0.0,0.0,0.0
COMP_0671,2025-10,0.0,0.0,0.0,0.0,0.0
COMP_0671,2025-11,0.0,0.0,0.0,0.0,0.0
COMP_0671,2025-12,0.0,0.0,0.0,0.0,0.0
COMP_0671,2026-01,0.0,0.0,0.0,0.0,0.0
COMP_0671,2026-02,0.0,0.0,0.0,0.0,0.0
COMP_0671,2026-03,0.0,0.0,0.0,0.0,0.0
COMP_0671,2026-04,0.0,0.0,0.0,0.0,0.0
COMP_0671,2026-05,0.0,0.0,0.0,0.0,0.0
COMP_0671,2026-06,0.0,0.0,0.0,0.0,0.0
COMP_0671,2026-07,1.0,0.0,0.0,0.0,0.0
COMP_0671,2026-08,0.0,0.0,0.0,0.0,0.0
COMP_0672,2026-04,,0.0,0.0,1.0,
COMP_0672,2026-05,,0.0,0.0,1.0,
COMP_0672,2026-06,,0.0,0.0,0.0,
COMP_0672,2026-07,,0.0,0.0,0.0,
COMP_0672,2026-08,,0.0,0.0,0.0,
COMP_0673,2026-05,,0.0,0.0,1.0,
COMP_0673,2026-06,,0.0,0.0,1.0,
COMP_0673,2026-07,,0.0,0.0,1.0,
COMP_0673,2026-08,,0.0,0.0,1.0,
COMP_0674,2025-02,,0.0,0.0,1.0,
COMP_0674,2025-03,,0.0,0.0,1.0,
COMP_0674,2025-04,,0.0,0.0,0.0,
COMP_0674,2025-05,,0.0,0.0,0.0,
COMP_0674,2025-06,,0.0,0.0,0.0,
COMP_0674,2025-07,,0.0,0.0,1.0,
COMP_0674,2025-08,0.0,0.0,0.0,1.0,0.0
COMP_0674,2025-09,0.0,0.0,0.0,1.0,0.0
COMP_0674,2025-10,0.0,0.0,0.0,0.0,0.0
COMP_0674,2025-11,0.0,0.0,0.0,0.0,0.0
COMP_0674,2025-12,0.0,0.0,0.0,0.0,0.0
COMP_0674,2026-01,0.0,0.0,0.0,0.0,0.0
COMP_0674,2026-02,0.0,0.0,0.0,0.0,0.0
COMP_0674,2026-03,0.0,0.0,0.0,0.0,0.0
COMP_0674,2026-04,0.0,0.0,0.0,0.0,0.0
COMP_0674,2026-05,0.0,0.0,0.0,0.0,0.0
COMP_0674,2026-06,0.0,0.0,0.0,0.0,0.0
COMP_0674,2026-07,0.0,0.0,0.0,0.0,0.0
COMP_0674,2026-08,0.0,0.0,0.0,0.0,0.0
COMP_0675,2026-02,,0.0,0.0,0.0,
COMP_0675,2026-03,,1.0,0.0,0.0,
COMP_0675,2026-04,,1.0,0.0,0.0,
COMP_0675,2026-05,,1.0,0.0,0.0,
COMP_0675,2026-06,,1.0,0.0,0.0,
COMP_0675,2026-07,,1.0,0.0,0.0,
COMP_0675,2026-08,0.0,1.0,0.0,0.0,0.0
COMP_0677,2026-07,,,0.0,0.0,
COMP_0677,2026-08,,,0.0,0.0,
COMP_0678,2025-02,,0.0,0.0,1.0,
COMP_0678,2025-03,,0.0,0.0,1.0,
COMP_0678,2025-04,,0.0,0.0,1.0,
COMP_0678,2025-05,,0.0,0.0,0.0,
COMP_0678,2025-06,,0.0,0.0,0.0,
COMP_0678,2025-07,,0.0,0.0,0.0,
COMP_0678,2025-08,,0.0,0.0,0.0,0.0
COMP_0678,2025-09,,0.0,0.0,0.0,0.0
COMP_0678,2025-10,,0.0,0.0,0.0,0.0
COMP_0678,2025-11,,0.0,0.0,1.0,0.0
COMP_0678,2025-12,,1.0,0.0,1.0,0.0
COMP_0678,2026-01,,1.0,0.0,0.0,0.0
COMP_0678,2026-02,,1.0,0.0,0.0,0.0
COMP_0678,2026-03,,0.0,0.0,0.0,0.0
COMP_0678,2026-04,,0.0,0.0,0.0,0.0
COMP_0678,2026-05,,0.0,0.0,0.0,0.0
COMP_0678,2026-06,,0.0,0.0,1.0,0.0
COMP_0678,2026-07,,0.0,0.0,1.0,
COMP_0678,2026-08,,0.0,0.0,1.0,
COMP_0679,2025-08,,,0.0,1.0,
COMP_0679,2025-09,,,0.0,1.0,
COMP_0679,2025-10,,,0.0,1.0,
COMP_0679,2025-11,,,0.0,1.0,
COMP_0679,2025-12,,,0.0,1.0,
COMP_0679,2026-01,,,0.0,1.0,
COMP_0679,2026-02,0.0,,0.0,1.0,0.0
COMP_0679,2026-03,1.0,,0.0,1.0,0.0
COMP_0679,2026-04,0.0,,0.0,1.0,0.0
COMP_0679,2026-05,0.0,,0.0,1.0,0.0
COMP_0679,2026-06,0.0,,0.0,1.0,0.0
COMP_0679,2026-07,0.0,,0.0,1.0,0.0
COMP_0679,2026-08,0.0,,0.0,1.0,0.0
COMP_0680,2026-04,,0.0,0.0,0.0,
COMP_0680,2026-05,,0.0,0.0,0.0,
COMP_0680,2026-06,,0.0,0.0,1.0,
COMP_0680,2026-07,,0.0,0.0,1.0,
COMP_0680,2026-08,,0.0,0.0,0.0,
COMP_0681,2025-02,,,0.0,1.0,
COMP_0681,2025-03,,,0.0,1.0,
COMP_0681,2025-04,,,0.0,1.0,
COMP_0681,2025-05,,,0.0,0.0,
COMP_0681,2025-06,,,0.0,1.0,
COMP_0681,2025-07,,,0.0,0.0,
COMP_0681,2025-08,1.0,,0.0,0.0,0.0
COMP_0681,2025-09,,,0.0,0.0,
COMP_0681,2025-10,,,0.0,0.0,
COMP_0681,2025-11,,,0.0,,
COMP_0681,2025-12,,,0.0,,
COMP_0681,2026-01,,,0.0,,
COMP_0681,2026-02,,,0.0,,
COMP_0681,2026-03,,,0.0,,
COMP_0681,2026-04,,,0.0,,
COMP_0681,2026-05,,,0.0,,
COMP_0681,2026-06,,,0.0,,
COMP_0681,2026-07,,,0.0,,
COMP_0681,2026-08,,,0.0,,
COMP_0682,2025-06,,0.0,0.0,0.0,
COMP_0682,2025-07,,0.0,0.0,1.0,
COMP_0682,2025-08,,0.0,0.0,0.0,
COMP_0682,2025-09,,0.0,0.0,0.0,
COMP_0682,2025-10,,0.0,0.0,0.0,
COMP_0682,2025-11,,0.0,0.0,0.0,
COMP_0682,2025-12,0.0,0.0,0.0,0.0,0.0
COMP_0682,2026-01,0.0,0.0,0.0,0.0,0.0
COMP_0682,2026-02,0.0,0.0,0.0,0.0,0.0
COMP_0682,2026-03,0.0,0.0,0.0,0.0,0.0
COMP_0682,2026-04,0.0,0.0,0.0,0.0,0.0
COMP_0682,2026-05,0.0,0.0,0.0,0.0,0.0
COMP_0682,2026-06,0.0,0.0,0.0,0.0,0.0
COMP_0682,2026-07,0.0,0.0,0.0,0.0,0.0
COMP_0682,2026-08,0.0,0.0,0.0,0.0,0.0
COMP_0684,2026-06,,,0.0,0.0,
COMP_0684,2026-07,,,0.0,0.0,
COMP_0684,2026-08,,,0.0,0.0,
COMP_0685,2025-02,,1.0,0.0,0.0,
COMP_0685,2025-03,,1.0,0.0,0.0,
COMP_0685,2025-04,,1.0,0.0,1.0,
COMP_0685,2025-05,,1.0,0.0,0.0,
COMP_0685,2025-06,,1.0,0.0,0.0,
COMP_0685,2025-07,,1.0,0.0,0.0,
COMP_0685,2025-08,0.0,1.0,0.0,0.0,0.0
COMP_0685,2025-09,1.0,1.0,0.0,0.0,0.0
COMP_0685,2025-10,0.0,1.0,0.0,1.0,0.0
COMP_0685,2025-11,0.0,1.0,0.0,0.0,0.0
COMP_0685,2025-12,0.0,1.0,0.0,1.0,0.0
COMP_0685,2026-01,0.0,1.0,0.0,0.0,0.0
COMP_0685,2026-02,0.0,1.0,0.0,1.0,0.0
COMP_0685,2026-03,0.0,1.0,0.0,0.0,0.0
COMP_0685,2026-04,0.0,1.0,0.0,0.0,0.0
COMP_0685,2026-05,1.0,1.0,0.0,0.0,0.0
COMP_0685,2026-06,1.0,1.0,0.0,0.0,0.0
COMP_0685,2026-07,0.0,1.0,0.0,0.0,0.0
COMP_0685,2026-08,0.0,1.0,0.0,0.0,0.0
COMP_0686,2025-02,,0.0,1.0,0.0,
COMP_0686,2025-03,,0.0,1.0,0.0,
COMP_0686,2025-04,,0.0,1.0,0.0,
COMP_0686,2025-05,,0.0,1.0,0.0,
COMP_0686,2025-06,,0.0,1.0,0.0,
COMP_0686,2025-07,,0.0,1.0,0.0,
COMP_0686,2025-08,0.0,0.0,1.0,0.0,0.0
COMP_0686,2025-09,0.0,0.0,1.0,0.0,0.0
COMP_0686,2025-10,1.0,0.0,1.0,0.0,0.0
COMP_0686,2025-11,0.0,0.0,1.0,0.0,0.0
COMP_0686,2025-12,0.0,0.0,1.0,0.0,0.0
COMP_0686,2026-01,1.0,0.0,1.0,0.0,0.0
COMP_0686,2026-02,1.0,0.0,1.0,0.0,0.0
COMP_0686,2026-03,0.0,0.0,1.0,0.0,1.0
COMP_0686,2026-04,0.0,0.0,1.0,0.0,1.0
COMP_0686,2026-05,0.0,0.0,1.0,1.0,1.0
COMP_0686,2026-06,0.0,0.0,1.0,1.0,0.0
COMP_0686,2026-07,0.0,0.0,1.0,1.0,0.0
COMP_0686,2026-08,0.0,0.0,1.0,1.0,0.0
COMP_0687,2025-02,,,0.0,0.0,
COMP_0687,2025-03,,,0.0,0.0,
COMP_0687,2025-04,,,0.0,0.0,
COMP_0687,2025-05,,,0.0,0.0,
COMP_0687,2025-06,,,0.0,0.0,
COMP_0687,2025-07,,,0.0,0.0,
COMP_0687,2025-08,0.0,,0.0,0.0,0.0
COMP_0687,2025-09,0.0,,0.0,1.0,0.0
COMP_0687,2025-10,0.0,,0.0,1.0,0.0
COMP_0687,2025-11,0.0,,0.0,1.0,0.0
COMP_0687,2025-12,0.0,,0.0,1.0,0.0
COMP_0687,2026-01,0.0,,0.0,1.0,0.0
COMP_0687,2026-02,0.0,,0.0,1.0,0.0
COMP_0687,2026-03,0.0,,0.0,0.0,0.0
COMP_0687,2026-04,0.0,,0.0,1.0,0.0
COMP_0687,2026-05,0.0,,0.0,1.0,0.0
COMP_0687,2026-06,0.0,,0.0,0.0,0.0
COMP_0687,2026-07,0.0,,0.0,0.0,0.0
COMP_0687,2026-08,0.0,,0.0,0.0,0.0
COMP_0688,2026-06,,1.0,1.0,0.0,
COMP_0688,2026-07,,1.0,1.0,0.0,
COMP_0688,2026-08,,1.0,1.0,0.0,
COMP_0689,2025-06,,0.0,0.0,0.0,
COMP_0689,2025-07,,0.0,0.0,0.0,
COMP_0689,2025-08,,0.0,0.0,0.0,
COMP_0689,2025-09,,0.0,0.0,0.0,
COMP_0689,2025-10,,1.0,0.0,0.0,
COMP_0689,2025-11,,1.0,0.0,0.0,
COMP_0689,2025-12,0.0,0.0,0.0,1.0,0.0
COMP_0689,2026-01,0.0,0.0,0.0,1.0,0.0
COMP_0689,2026-02,0.0,0.0,0.0,0.0,0.0
COMP_0689,2026-03,0.0,0.0,0.0,0.0,0.0
COMP_0689,2026-04,0.0,0.0,0.0,0.0,0.0
COMP_0689,2026-05,0.0,0.0,0.0,0.0,0.0
COMP_0689,2026-06,1.0,0.0,0.0,0.0,0.0
COMP_0689,2026-07,0.0,0.0,0.0,0.0,0.0
COMP_0689,2026-08,1.0,0.0,0.0,0.0,0.0
COMP_0690,2026-04,,,0.0,0.0,
COMP_0690,2026-05,,,0.0,0.0,
COMP_0690,2026-06,,,0.0,1.0,
COMP_0690,2026-07,,,0.0,1.0,
COMP_0690,2026-08,,,0.0,1.0,
COMP_0691,2026-06,,0.0,0.0,0.0,
COMP_0691,2026-07,,0.0,0.0,0.0,
COMP_0691,2026-08,,0.0,0.0,0.0,
COMP_0692,2025-03,,0.0,0.0,0.0,
COMP_0692,2025-04,,0.0,0.0,0.0,
COMP_0692,2025-05,,0.0,0.0,0.0,
COMP_0692,2025-06,,0.0,0.0,0.0,
COMP_0692,2025-07,,0.0,0.0,0.0,
COMP_0692,2025-08,,0.0,0.0,0.0,
COMP_0692,2025-09,,0.0,0.0,0.0,
COMP_0692,2025-10,,0.0,0.0,0.0,0.0
COMP_0692,2025-11,,0.0,0.0,0.0,0.0
COMP_0692,2025-12,,0.0,0.0,0.0,0.0
COMP_0692,2026-01,,0.0,0.0,0.0,0.0
COMP_0692,2026-02,,0.0,0.0,0.0,0.0
COMP_0692,2026-03,,0.0,0.0,0.0,0.0
COMP_0692,2026-04,,0.0,0.0,0.0,0.0
COMP_0692,2026-05,,0.0,0.0,0.0,0.0
COMP_0692,2026-06,,0.0,0.0,0.0,
COMP_0692,2026-07,,0.0,0.0,0.0,
COMP_0692,2026-08,,,0.0,,
COMP_0693,2025-02,,,0.0,1.0,
COMP_0693,2025-03,,,0.0,1.0,
COMP_0693,2025-04,,,0.0,0.0,
COMP_0693,2025-05,,,0.0,0.0,
COMP_0693,2025-06,,,0.0,0.0,
COMP_0693,2025-07,,,0.0,0.0,
COMP_0693,2025-08,,,0.0,0.0,0.0
COMP_0693,2025-09,,,0.0,0.0,0.0
COMP_0693,2025-10,0.0,,0.0,0.0,0.0
COMP_0693,2025-11,0.0,,0.0,0.0,0.0
COMP_0693,2025-12,1.0,,0.0,0.0,0.0
COMP_0693,2026-01,,,0.0,0.0,0.0
COMP_0693,2026-02,,,0.0,0.0,0.0
COMP_0693,2026-03,1.0,,0.0,0.0,0.0
COMP_0693,2026-04,,,0.0,0.0,0.0
COMP_0693,2026-05,,,0.0,0.0,0.0
COMP_0693,2026-06,,,0.0,0.0,0.0
COMP_0693,2026-07,0.0,,0.0,0.0,0.0
COMP_0693,2026-08,1.0,,0.0,0.0,0.0
COMP_0694,2025-02,,0.0,0.0,0.0,
COMP_0694,2025-03,,0.0,0.0,0.0,
COMP_0694,2025-04,,0.0,0.0,0.0,
COMP_0694,2025-05,,0.0,1.0,1.0,
COMP_0694,2025-06,,0.0,1.0,1.0,
COMP_0694,2025-07,,0.0,1.0,1.0,
COMP_0694,2025-08,,0.0,1.0,1.0,0.0
COMP_0694,2025-09,,0.0,1.0,1.0,0.0
COMP_0694,2025-10,,0.0,1.0,1.0,0.0
COMP_0694,2025-11,,0.0,0.0,0.0,0.0
COMP_0694,2025-12,,0.0,0.0,0.0,0.0
COMP_0694,2026-01,,0.0,0.0,0.0,0.0
COMP_0694,2026-02,1.0,0.0,0.0,1.0,0.0
COMP_0694,2026-03,1.0,0.0,1.0,1.0,0.0
COMP_0694,2026-04,,0.0,1.0,0.0,0.0
COMP_0694,2026-05,,0.0,0.0,0.0,0.0
COMP_0694,2026-06,,0.0,0.0,0.0,0.0
COMP_0694,2026-07,,0.0,0.0,0.0,0.0
COMP_0694,2026-08,,0.0,0.0,1.0,0.0
COMP_0695,2025-02,,1.0,0.0,0.0,
COMP_0695,2025-03,,1.0,0.0,0.0,
COMP_0695,2025-04,,1.0,0.0,0.0,
COMP_0695,2025-05,,1.0,0.0,0.0,
COMP_0695,2025-06,,0.0,0.0,0.0,
COMP_0695,2025-07,,0.0,0.0,0.0,
COMP_0695,2025-08,0.0,1.0,0.0,1.0,0.0
COMP_0695,2025-09,0.0,1.0,0.0,1.0,0.0
COMP_0695,2025-10,0.0,1.0,0.0,0.0,0.0
COMP_0695,2025-11,0.0,1.0,0.0,0.0,0.0
COMP_0695,2025-12,0.0,0.0,1.0,1.0,0.0
COMP_0695,2026-01,0.0,0.0,0.0,1.0,0.0
COMP_0695,2026-02,0.0,0.0,0.0,1.0,0.0
COMP_0695,2026-03,0.0,1.0,0.0,0.0,0.0
COMP_0695,2026-04,0.0,0.0,0.0,0.0,0.0
COMP_0695,2026-05,0.0,1.0,0.0,0.0,0.0
COMP_0695,2026-06,0.0,1.0,0.0,0.0,0.0
COMP_0695,2026-07,1.0,1.0,0.0,0.0,0.0
COMP_0695,2026-08,1.0,1.0,0.0,0.0,0.0
COMP_0696,2025-02,,,1.0,1.0,
COMP_0696,2025-03,,,1.0,1.0,
COMP_0696,2025-04,,,1.0,1.0,
COMP_0696,2025-05,,,1.0,1.0,
COMP_0696,2025-06,,,1.0,1.0,
COMP_0696,2025-07,,,1.0,1.0,
COMP_0696,2025-08,,,1.0,1.0,0.0
COMP_0696,2025-09,,,1.0,1.0,0.0
COMP_0696,2025-10,,,1.0,0.0,0.0
COMP_0696,2025-11,,,1.0,0.0,0.0
COMP_0696,2025-12,,,1.0,0.0,0.0
COMP_0696,2026-01,,,1.0,0.0,0.0
COMP_0696,2026-02,,,1.0,0.0,0.0
COMP_0696,2026-03,,,1.0,0.0,0.0
COMP_0696,2026-04,,,1.0,0.0,0.0
COMP_0696,2026-05,,,1.0,1.0,0.0
COMP_0696,2026-06,,,1.0,1.0,0.0
COMP_0696,2026-07,,,1.0,1.0,0.0
COMP_0696,2026-08,,,1.0,1.0,0.0
COMP_0697,2025-02,,0.0,1.0,1.0,
COMP_0697,2025-03,,0.0,1.0,1.0,
COMP_0697,2025-04,,1.0,1.0,1.0,
COMP_0697,2025-05,,0.0,1.0,0.0,
COMP_0697,2025-06,,0.0,1.0,1.0,
COMP_0697,2025-07,,0.0,1.0,0.0,
COMP_0697,2025-08,,1.0,1.0,0.0,0.0
COMP_0697,2025-09,,1.0,1.0,0.0,0.0
COMP_0697,2025-10,,0.0,1.0,1.0,0.0
COMP_0697,2025-11,,0.0,1.0,1.0,0.0
COMP_0697,2025-12,,0.0,1.0,1.0,0.0
COMP_0697,2026-01,,0.0,1.0,1.0,0.0
COMP_0697,2026-02,,0.0,1.0,0.0,0.0
COMP_0697,2026-03,,0.0,1.0,1.0,0.0
COMP_0697,2026-04,,0.0,1.0,0.0,0.0
COMP_0697,2026-05,,0.0,1.0,1.0,0.0
COMP_0697,2026-06,,0.0,1.0,0.0,0.0
COMP_0697,2026-07,,0.0,1.0,0.0,0.0
COMP_0697,2026-08,,0.0,0.0,0.0,0.0
COMP_0698,2026-06,,0.0,1.0,1.0,
COMP_0698,2026-07,,0.0,1.0,1.0,
COMP_0698,2026-08,,0.0,1.0,1.0,
COMP_0699,2025-02,,,0.0,1.0,
COMP_0699,2025-03,,,0.0,0.0,
COMP_0699,2025-04,,,0.0,0.0,
COMP_0699,2025-05,,,0.0,0.0,
COMP_0699,2025-06,,,1.0,1.0,
COMP_0699,2025-07,,,1.0,1.0,
COMP_0699,2025-08,0.0,,1.0,1.0,0.0
COMP_0699,2025-09,1.0,,1.0,1.0,0.0
COMP_0699,2025-10,0.0,,1.0,1.0,0.0
COMP_0699,2025-11,1.0,,1.0,0.0,0.0
COMP_0699,2025-12,0.0,,1.0,0.0,0.0
COMP_0699,2026-01,0.0,,1.0,0.0,0.0
COMP_0699,2026-02,0.0,,1.0,1.0,0.0
COMP_0699,2026-03,0.0,,1.0,1.0,0.0
COMP_0699,2026-04,0.0,,1.0,1.0,0.0
COMP_0699,2026-05,0.0,,1.0,1.0,0.0
COMP_0699,2026-06,1.0,,1.0,1.0,0.0
COMP_0699,2026-07,0.0,,1.0,1.0,0.0
COMP_0699,2026-08,0.0,,1.0,1.0,0.0
COMP_0700,2025-06,,,0.0,1.0,
COMP_0700,2025-07,,,0.0,1.0,
COMP_0700,2025-08,,,0.0,1.0,
COMP_0700,2025-09,,,0.0,1.0,
COMP_0700,2025-10,,,0.0,0.0,
COMP_0700,2025-11,,,0.0,0.0,
COMP_0700,2025-12,0.0,,0.0,0.0,0.0
COMP_0700,2026-01,0.0,,0.0,0.0,0.0
COMP_0700,2026-02,0.0,,0.0,0.0,0.0
COMP_0700,2026-03,0.0,,0.0,0.0,0.0
COMP_0700,2026-04,0.0,,0.0,0.0,0.0
COMP_0700,2026-05,0.0,,0.0,0.0,0.0
COMP_0700,2026-06,0.0,,0.0,0.0,0.0
COMP_0700,2026-07,0.0,,0.0,1.0,0.0
COMP_0700,2026-08,0.0,,0.0,1.0,0.0
COMP_0701,2025-10,,0.0,0.0,0.0,
COMP_0701,2025-11,,0.0,0.0,0.0,
COMP_0701,2025-12,,0.0,0.0,0.0,
COMP_0701,2026-01,,0.0,0.0,0.0,
COMP_0701,2026-02,,0.0,0.0,0.0,
COMP_0701,2026-03,,0.0,0.0,0.0,
COMP_0701,2026-04,,0.0,0.0,0.0,0.0
COMP_0701,2026-05,,0.0,0.0,0.0,0.0
COMP_0701,2026-06,,0.0,0.0,0.0,0.0
COMP_0701,2026-07,,0.0,0.0,0.0,0.0
COMP_0701,2026-08,,0.0,0.0,0.0,0.0
COMP_0702,2026-06,,,0.0,0.0,
COMP_0702,2026-07,,,0.0,0.0,
COMP_0702,2026-08,,,0.0,0.0,
COMP_0703,2025-02,,,0.0,0.0,
COMP_0703,2025-03,,,0.0,0.0,
COMP_0703,2025-04,,,0.0,0.0,
COMP_0703,2025-05,,,0.0,0.0,
COMP_0703,2025-06,,,0.0,0.0,
COMP_0703,2025-07,,,0.0,0.0,
COMP_0703,2025-08,0.0,,0.0,0.0,0.0
COMP_0703,2025-09,0.0,,0.0,0.0,0.0
COMP_0703,2025-10,0.0,,0.0,0.0,0.0
COMP_0703,2025-11,0.0,,0.0,0.0,0.0
COMP_0703,2025-12,0.0,,0.0,0.0,0.0
COMP_0703,2026-01,0.0,,0.0,1.0,0.0
COMP_0703,2026-02,1.0,,0.0,0.0,0.0
COMP_0703,2026-03,0.0,,0.0,0.0,0.0
COMP_0703,2026-04,0.0,,0.0,0.0,0.0
COMP_0703,2026-05,1.0,,0.0,0.0,0.0
COMP_0703,2026-06,0.0,,0.0,0.0,0.0
COMP_0703,2026-07,0.0,,0.0,0.0,0.0
COMP_0703,2026-08,0.0,,0.0,0.0,0.0
COMP_0704,2025-11,,,0.0,0.0,
COMP_0704,2025-12,,,0.0,0.0,
COMP_0704,2026-01,,,0.0,0.0,
COMP_0704,2026-02,,,0.0,0.0,
COMP_0704,2026-03,,,0.0,0.0,
COMP_0704,2026-04,,,0.0,0.0,
COMP_0704,2026-05,,,0.0,0.0,0.0
COMP_0704,2026-06,,,0.0,0.0,
COMP_0704,2026-07,,,0.0,0.0,0.0
COMP_0704,2026-08,,,0.0,0.0,
COMP_0705,2025-06,,,0.0,0.0,
COMP_0705,2025-07,,,0.0,1.0,
COMP_0705,2025-08,,,0.0,1.0,
COMP_0705,2025-09,,,0.0,1.0,
COMP_0705,2025-10,,,0.0,0.0,
COMP_0705,2025-11,,,0.0,0.0,
COMP_0705,2025-12,0.0,,0.0,0.0,0.0
COMP_0705,2026-01,0.0,,0.0,0.0,0.0
COMP_0705,2026-02,0.0,,0.0,0.0,0.0
COMP_0705,2026-03,0.0,,0.0,0.0,0.0
COMP_0705,2026-04,0.0,,0.0,0.0,0.0
COMP_0705,2026-05,0.0,,0.0,0.0,0.0
COMP_0705,2026-06,0.0,,0.0,0.0,0.0
COMP_0705,2026-07,0.0,,0.0,0.0,0.0
COMP_0705,2026-08,0.0,,0.0,0.0,0.0
COMP_0706,2025-02,,,0.0,0.0,
COMP_0706,2025-03,,,0.0,1.0,
COMP_0706,2025-04,,,0.0,1.0,
COMP_0706,2025-05,,,0.0,1.0,
COMP_0706,2025-06,,,0.0,1.0,
COMP_0706,2025-07,,,0.0,1.0,
COMP_0706,2025-08,0.0,,0.0,1.0,0.0
COMP_0706,2025-09,0.0,,0.0,1.0,0.0
COMP_0706,2025-10,0.0,,0.0,1.0,0.0
COMP_0706,2025-11,0.0,,0.0,1.0,0.0
COMP_0706,2025-12,0.0,,0.0,1.0,0.0
COMP_0706,2026-01,0.0,,0.0,1.0,0.0
COMP_0706,2026-02,1.0,,0.0,1.0,0.0
COMP_0706,2026-03,1.0,,0.0,1.0,0.0
COMP_0706,2026-04,0.0,,0.0,1.0,0.0
COMP_0706,2026-05,0.0,,0.0,1.0,0.0
COMP_0706,2026-06,0.0,,0.0,0.0,0.0
COMP_0706,2026-07,0.0,,0.0,0.0,0.0
COMP_0706,2026-08,0.0,,0.0,0.0,0.0
COMP_0707,2025-02,,1.0,0.0,0.0,
COMP_0707,2025-03,,1.0,0.0,0.0,
COMP_0707,2025-04,,1.0,0.0,0.0,
COMP_0707,2025-05,,1.0,0.0,0.0,
COMP_0707,2025-06,,1.0,0.0,0.0,
COMP_0707,2025-07,,1.0,0.0,1.0,
COMP_0707,2025-08,0.0,1.0,0.0,0.0,0.0
COMP_0707,2025-09,0.0,1.0,0.0,0.0,0.0
COMP_0707,2025-10,0.0,1.0,0.0,0.0,0.0
COMP_0707,2025-11,0.0,1.0,0.0,0.0,0.0
COMP_0707,2025-12,0.0,1.0,0.0,1.0,0.0
COMP_0707,2026-01,0.0,1.0,0.0,0.0,0.0
COMP_0707,2026-02,0.0,1.0,0.0,0.0,0.0
COMP_0707,2026-03,0.0,1.0,0.0,0.0,0.0
COMP_0707,2026-04,0.0,1.0,0.0,0.0,0.0
COMP_0707,2026-05,0.0,1.0,0.0,0.0,0.0
COMP_0707,2026-06,0.0,1.0,0.0,0.0,0.0
COMP_0707,2026-07,0.0,1.0,0.0,0.0,0.0
COMP_0707,2026-08,0.0,1.0,0.0,1.0,0.0
COMP_0708,2026-05,,0.0,0.0,0.0,
COMP_0708,2026-06,,0.0,0.0,1.0,
COMP_0708,2026-07,,0.0,0.0,1.0,
COMP_0708,2026-08,,1.0,0.0,1.0,
COMP_0709,2026-04,,0.0,0.0,0.0,
COMP_0709,2026-05,,1.0,0.0,0.0,
COMP_0709,2026-06,,1.0,0.0,0.0,
COMP_0709,2026-07,,0.0,0.0,1.0,
COMP_0709,2026-08,,1.0,0.0,0.0,
COMP_0710,2025-02,,,0.0,0.0,
COMP_0710,2025-03,,,0.0,1.0,
COMP_0710,2025-04,,,0.0,0.0,
COMP_0710,2025-05,,,0.0,0.0,
COMP_0710,2025-06,,,0.0,1.0,
COMP_0710,2025-07,,,0.0,1.0,
COMP_0710,2025-08,0.0,,0.0,1.0,0.0
COMP_0710,2025-09,0.0,,0.0,1.0,0.0
COMP_0710,2025-10,0.0,,0.0,0.0,0.0
COMP_0710,2025-11,0.0,,0.0,0.0,1.0
COMP_0710,2025-12,0.0,,0.0,1.0,0.0
COMP_0710,2026-01,0.0,,0.0,1.0,0.0
COMP_0710,2026-02,0.0,,1.0,0.0,1.0
COMP_0710,2026-03,0.0,,0.0,0.0,0.0
COMP_0710,2026-04,0.0,,0.0,0.0,0.0
COMP_0710,2026-05,1.0,,0.0,0.0,0.0
COMP_0710,2026-06,0.0,,0.0,0.0,0.0
COMP_0710,2026-07,1.0,,0.0,0.0,0.0
COMP_0710,2026-08,1.0,,0.0,0.0,0.0
COMP_0711,2025-02,,0.0,0.0,0.0,
COMP_0711,2025-03,,1.0,0.0,0.0,
COMP_0711,2025-04,,0.0,0.0,1.0,
COMP_0711,2025-05,,1.0,0.0,0.0,
COMP_0711,2025-06,,1.0,0.0,0.0,
COMP_0711,2025-07,,1.0,0.0,0.0,
COMP_0711,2025-08,,1.0,0.0,0.0,0.0
COMP_0711,2025-09,,1.0,0.0,1.0,0.0
COMP_0711,2025-10,,1.0,1.0,1.0,0.0
COMP_0711,2025-11,,1.0,1.0,1.0,0.0
COMP_0711,2025-12,,1.0,1.0,0.0,0.0
COMP_0711,2026-01,,1.0,1.0,0.0,0.0
COMP_0711,2026-02,,1.0,1.0,0.0,0.0
COMP_0711,2026-03,,1.0,1.0,0.0,0.0
COMP_0711,2026-04,,1.0,1.0,1.0,0.0
COMP_0711,2026-05,,1.0,1.0,0.0,0.0
COMP_0711,2026-06,,1.0,0.0,0.0,0.0
COMP_0711,2026-07,,1.0,0.0,0.0,0.0
COMP_0711,2026-08,,1.0,1.0,1.0,0.0
COMP_0712,2025-02,,1.0,0.0,0.0,
COMP_0712,2025-03,,1.0,0.0,0.0,
COMP_0712,2025-04,,1.0,0.0,0.0,
COMP_0712,2025-05,,0.0,0.0,0.0,
COMP_0712,2025-06,,0.0,0.0,0.0,
COMP_0712,2025-07,,0.0,0.0,0.0,
COMP_0712,2025-08,,,0.0,,
COMP_0712,2025-09,,,0.0,,
COMP_0712,2025-10,,,0.0,,
COMP_0712,2025-11,,,0.0,,
COMP_0712,2025-12,,,0.0,,
COMP_0712,2026-01,,,0.0,,
COMP_0712,2026-02,,,0.0,,
COMP_0712,2026-03,,,0.0,,
COMP_0712,2026-04,,,0.0,,
COMP_0712,2026-05,,,0.0,,
COMP_0712,2026-06,,,0.0,,
COMP_0712,2026-07,,,0.0,,
COMP_0712,2026-08,,,0.0,,
COMP_0713,2025-05,,0.0,0.0,0.0,
COMP_0713,2025-06,,0.0,0.0,0.0,
COMP_0713,2025-07,,0.0,0.0,1.0,
COMP_0713,2025-08,,0.0,0.0,1.0,
COMP_0713,2025-09,,1.0,0.0,1.0,
COMP_0713,2025-10,,1.0,0.0,0.0,
COMP_0713,2025-11,0.0,1.0,0.0,1.0,0.0
COMP_0713,2025-12,0.0,1.0,0.0,1.0,0.0
COMP_0713,2026-01,0.0,0.0,0.0,1.0,0.0
COMP_0713,2026-02,0.0,0.0,0.0,0.0,0.0
COMP_0713,2026-03,0.0,1.0,0.0,0.0,0.0
COMP_0713,2026-04,0.0,1.0,0.0,0.0,0.0
COMP_0713,2026-05,0.0,1.0,0.0,0.0,0.0
COMP_0713,2026-06,0.0,1.0,0.0,0.0,0.0
COMP_0713,2026-07,0.0,1.0,0.0,1.0,0.0
COMP_0713,2026-08,0.0,1.0,0.0,1.0,0.0
COMP_0714,2025-08,,,0.0,1.0,
COMP_0714,2025-09,,,0.0,1.0,
COMP_0714,2025-10,,,0.0,1.0,
COMP_0714,2025-11,,,0.0,1.0,
COMP_0714,2025-12,,,0.0,1.0,
COMP_0714,2026-01,,,0.0,1.0,
COMP_0714,2026-02,,,0.0,1.0,0.0
COMP_0714,2026-03,,,0.0,1.0,0.0
COMP_0714,2026-04,,,1.0,1.0,0.0
COMP_0714,2026-05,,,1.0,1.0,0.0
COMP_0714,2026-06,,,1.0,1.0,0.0
COMP_0714,2026-07,,,1.0,1.0,0.0
COMP_0714,2026-08,,,1.0,1.0,0.0
COMP_0715,2025-12,,,,,
COMP_0715,2026-01,,,,,
COMP_0715,2026-02,,,,,
COMP_0715,2026-03,,,,,
COMP_0715,2026-04,,,,,
COMP_0715,2026-05,,,,,
COMP_0715,2026-06,,,,,
COMP_0715,2026-07,,,,,
COMP_0715,2026-08,,,,,
COMP_0716,2026-06,,,0.0,1.0,
COMP_0716,2026-07,,,0.0,1.0,
COMP_0716,2026-08,,,0.0,0.0,
COMP_0717,2025-12,,,0.0,0.0,
COMP_0717,2026-01,,,0.0,0.0,
COMP_0717,2026-02,,,0.0,0.0,
COMP_0717,2026-03,,,0.0,0.0,
COMP_0717,2026-04,,,0.0,0.0,
COMP_0717,2026-05,,,0.0,0.0,
COMP_0717,2026-06,,,0.0,0.0,0.0
COMP_0717,2026-07,,,0.0,0.0,0.0
COMP_0717,2026-08,,,0.0,1.0,0.0
COMP_0718,2026-07,,,0.0,1.0,
COMP_0718,2026-08,,,0.0,1.0,
COMP_0719,2025-08,,1.0,0.0,1.0,
COMP_0719,2025-09,,1.0,0.0,0.0,
COMP_0719,2025-10,,0.0,0.0,0.0,
COMP_0719,2025-11,,0.0,0.0,0.0,
COMP_0719,2025-12,,0.0,0.0,0.0,
COMP_0719,2026-01,,0.0,0.0,0.0,
COMP_0719,2026-02,0.0,0.0,0.0,0.0,0.0
COMP_0719,2026-03,0.0,0.0,0.0,1.0,0.0
COMP_0719,2026-04,0.0,0.0,0.0,0.0,0.0
COMP_0719,2026-05,0.0,0.0,0.0,0.0,0.0
COMP_0719,2026-06,0.0,0.0,0.0,0.0,0.0
COMP_0719,2026-07,0.0,0.0,0.0,0.0,0.0
COMP_0719,2026-08,0.0,0.0,0.0,1.0,0.0
COMP_0720,2026-02,,,,,
COMP_0720,2026-03,,,,,
COMP_0720,2026-04,,,,,
COMP_0720,2026-05,,,,,
COMP_0720,2026-06,,,,,
COMP_0720,2026-07,,,,,
COMP_0720,2026-08,,,,,
COMP_0721,2025-06,,0.0,0.0,0.0,
COMP_0721,2025-07,,0.0,0.0,0.0,
COMP_0721,2025-08,,0.0,0.0,0.0,
COMP_0721,2025-09,,0.0,0.0,0.0,
COMP_0721,2025-10,,0.0,0.0,0.0,
COMP_0721,2025-11,,0.0,0.0,0.0,
COMP_0721,2025-12,1.0,0.0,0.0,0.0,1.0
COMP_0721,2026-01,0.0,0.0,0.0,0.0,1.0
COMP_0721,2026-02,1.0,0.0,0.0,0.0,0.0
COMP_0721,2026-03,,0.0,0.0,0.0,0.0
COMP_0721,2026-04,,0.0,0.0,1.0,0.0
COMP_0721,2026-05,,0.0,0.0,1.0,0.0
COMP_0721,2026-06,,0.0,0.0,1.0,0.0
COMP_0721,2026-07,0.0,0.0,0.0,1.0,0.0
COMP_0721,2026-08,0.0,0.0,0.0,0.0,0.0
COMP_0722,2025-06,,,0.0,0.0,
COMP_0722,2025-07,,,0.0,0.0,
COMP_0722,2025-08,,,0.0,0.0,
COMP_0722,2025-09,,,0.0,0.0,
COMP_0722,2025-10,,,0.0,0.0,
COMP_0722,2025-11,,,0.0,,
COMP_0722,2025-12,,,0.0,,
COMP_0722,2026-01,,,0.0,0.0,0.0
COMP_0722,2026-02,,,0.0,0.0,0.0
COMP_0722,2026-03,,,0.0,0.0,0.0
COMP_0722,2026-04,,,0.0,0.0,0.0
COMP_0722,2026-05,,,0.0,0.0,0.0
COMP_0722,2026-06,,,0.0,0.0,
COMP_0722,2026-07,,,0.0,0.0,
COMP_0722,2026-08,,,0.0,0.0,0.0
COMP_0723,2026-02,,0.0,0.0,1.0,
COMP_0723,2026-03,,0.0,0.0,1.0,
COMP_0723,2026-04,,1.0,0.0,1.0,
COMP_0723,2026-05,,1.0,0.0,1.0,
COMP_0723,2026-06,,1.0,0.0,0.0,
COMP_0723,2026-07,,1.0,0.0,0.0,
COMP_0723,2026-08,,1.0,0.0,0.0,
COMP_0724,2026-06,,,0.0,1.0,
COMP_0724,2026-07,,,0.0,1.0,
COMP_0724,2026-08,,,0.0,1.0,
COMP_0725,2025-06,,0.0,0.0,0.0,
COMP_0725,2025-07,,0.0,0.0,0.0,
COMP_0725,2025-08,,0.0,0.0,0.0,
COMP_0725,2025-09,,0.0,0.0,0.0,
COMP_0725,2025-10,,0.0,0.0,0.0,
COMP_0725,2025-11,,0.0,0.0,0.0,
COMP_0725,2025-12,0.0,0.0,0.0,0.0,0.0
COMP_0725,2026-01,0.0,0.0,0.0,0.0,0.0
COMP_0725,2026-02,0.0,0.0,0.0,0.0,0.0
COMP_0725,2026-03,0.0,0.0,0.0,0.0,0.0
COMP_0725,2026-04,0.0,0.0,0.0,0.0,0.0
COMP_0725,2026-05,0.0,0.0,0.0,0.0,0.0
COMP_0725,2026-06,0.0,0.0,0.0,0.0,0.0
COMP_0725,2026-07,0.0,0.0,0.0,0.0,0.0
COMP_0725,2026-08,0.0,0.0,0.0,0.0,0.0
COMP_0726,2025-08,,,0.0,,
COMP_0726,2025-09,,,0.0,,
COMP_0726,2025-10,,,0.0,,
COMP_0726,2025-11,,,0.0,,
COMP_0726,2025-12,,,0.0,,
COMP_0726,2026-01,,,0.0,,
COMP_0726,2026-02,,,0.0,,
COMP_0726,2026-03,,,0.0,,
COMP_0726,2026-04,,0.0,0.0,0.0,0.0
COMP_0726,2026-05,,0.0,0.0,0.0,0.0
COMP_0726,2026-06,,0.0,0.0,0.0,0.0
COMP_0726,2026-07,,0.0,0.0,0.0,0.0
COMP_0726,2026-08,,0.0,0.0,0.0,0.0
COMP_0727,2026-03,,,0.0,0.0,
COMP_0727,2026-04,,,0.0,0.0,
COMP_0727,2026-05,,,0.0,0.0,
COMP_0727,2026-06,,,0.0,0.0,
COMP_0727,2026-07,,,0.0,0.0,
COMP_0727,2026-08,,,0.0,0.0,
COMP_0728,2026-04,,0.0,0.0,1.0,
COMP_0728,2026-05,,0.0,0.0,0.0,
COMP_0728,2026-06,,0.0,0.0,0.0,
COMP_0728,2026-07,,0.0,0.0,0.0,
COMP_0728,2026-08,,0.0,0.0,1.0,
COMP_0729,2025-07,,0.0,0.0,1.0,
COMP_0729,2025-08,,0.0,0.0,1.0,
COMP_0729,2025-09,,0.0,0.0,1.0,
COMP_0729,2025-10,,0.0,0.0,1.0,
COMP_0729,2025-11,,0.0,0.0,0.0,
COMP_0729,2025-12,,0.0,0.0,1.0,
COMP_0729,2026-01,,0.0,0.0,1.0,
COMP_0729,2026-02,,0.0,0.0,1.0,
COMP_0729,2026-03,,,0.0,,
COMP_0729,2026-04,,,0.0,,
COMP_0729,2026-05,,,0.0,,
COMP_0729,2026-06,,,0.0,,
COMP_0729,2026-07,,,0.0,,
COMP_0729,2026-08,,,0.0,,
COMP_0730,2026-05,,,0.0,1.0,
COMP_0730,2026-06,,,0.0,1.0,
COMP_0730,2026-07,,,0.0,0.0,
COMP_0730,2026-08,,,0.0,0.0,
COMP_0731,2026-05,,0.0,0.0,1.0,
COMP_0731,2026-06,,0.0,0.0,0.0,
COMP_0731,2026-07,,0.0,0.0,0.0,
COMP_0731,2026-08,,1.0,0.0,0.0,
COMP_0732,2025-02,,1.0,0.0,0.0,
COMP_0732,2025-03,,1.0,0.0,0.0,
COMP_0732,2025-04,,1.0,0.0,0.0,
COMP_0732,2025-05,,1.0,0.0,0.0,
COMP_0732,2025-06,,1.0,0.0,0.0,
COMP_0732,2025-07,,1.0,0.0,0.0,
COMP_0732,2025-08,,0.0,0.0,0.0,0.0
COMP_0732,2025-09,,1.0,0.0,0.0,0.0
COMP_0732,2025-10,,1.0,0.0,0.0,0.0
COMP_0732,2025-11,,1.0,0.0,0.0,0.0
COMP_0732,2025-12,,1.0,0.0,0.0,0.0
COMP_0732,2026-01,,0.0,0.0,0.0,0.0
COMP_0732,2026-02,,0.0,0.0,0.0,0.0
COMP_0732,2026-03,,0.0,0.0,0.0,0.0
COMP_0732,2026-04,,0.0,0.0,0.0,0.0
COMP_0732,2026-05,,0.0,0.0,0.0,0.0
COMP_0732,2026-06,,1.0,0.0,0.0,0.0
COMP_0732,2026-07,,1.0,0.0,0.0,0.0
COMP_0732,2026-08,,1.0,0.0,0.0,0.0
COMP_0733,2025-06,,0.0,0.0,0.0,
COMP_0733,2025-07,,1.0,0.0,0.0,
COMP_0733,2025-08,,1.0,0.0,0.0,
COMP_0733,2025-09,,1.0,0.0,0.0,
COMP_0733,2025-10,,0.0,0.0,0.0,
COMP_0733,2025-11,,0.0,0.0,0.0,
COMP_0733,2025-12,,0.0,0.0,0.0,0.0
COMP_0733,2026-01,,0.0,0.0,0.0,0.0
COMP_0733,2026-02,,0.0,0.0,0.0,0.0
COMP_0733,2026-03,,0.0,0.0,0.0,0.0
COMP_0733,2026-04,,0.0,0.0,1.0,0.0
COMP_0733,2026-05,,0.0,0.0,1.0,0.0
COMP_0733,2026-06,,0.0,0.0,0.0,0.0
COMP_0733,2026-07,,0.0,0.0,0.0,0.0
COMP_0733,2026-08,,0.0,0.0,0.0,0.0
COMP_0734,2026-05,,,0.0,0.0,
COMP_0734,2026-06,,,0.0,0.0,
COMP_0734,2026-07,,,0.0,0.0,
COMP_0734,2026-08,,,0.0,0.0,
COMP_0735,2025-07,,,0.0,,
COMP_0735,2025-08,,0.0,0.0,0.0,
COMP_0735,2025-09,,0.0,0.0,0.0,
COMP_0735,2025-10,,0.0,0.0,0.0,
COMP_0735,2025-11,,0.0,0.0,0.0,
COMP_0735,2025-12,,0.0,0.0,0.0,
COMP_0735,2026-01,,0.0,0.0,0.0,0.0
COMP_0735,2026-02,,0.0,0.0,0.0,
COMP_0735,2026-03,,0.0,0.0,0.0,
COMP_0735,2026-04,,,0.0,,
COMP_0735,2026-05,,,0.0,,
COMP_0735,2026-06,,,0.0,,
COMP_0735,2026-07,,,0.0,,
COMP_0735,2026-08,,0.0,0.0,0.0,0.0
COMP_0736,2026-04,,,0.0,0.0,
COMP_0736,2026-05,,,0.0,0.0,
COMP_0736,2026-06,,,0.0,1.0,
COMP_0736,2026-07,,,0.0,1.0,
COMP_0736,2026-08,,,0.0,1.0,
COMP_0737,2025-02,,0.0,0.0,0.0,
COMP_0737,2025-03,,0.0,0.0,0.0,
COMP_0737,2025-04,,0.0,0.0,0.0,
COMP_0737,2025-05,,0.0,0.0,0.0,
COMP_0737,2025-06,,0.0,0.0,0.0,
COMP_0737,2025-07,,0.0,0.0,0.0,
COMP_0737,2025-08,0.0,0.0,0.0,0.0,0.0
COMP_0737,2025-09,0.0,0.0,0.0,0.0,0.0
COMP_0737,2025-10,0.0,0.0,0.0,0.0,0.0
COMP_0737,2025-11,0.0,0.0,0.0,0.0,0.0
COMP_0737,2025-12,0.0,0.0,0.0,0.0,0.0
COMP_0737,2026-01,0.0,0.0,0.0,0.0,0.0
COMP_0737,2026-02,0.0,0.0,0.0,0.0,0.0
COMP_0737,2026-03,0.0,0.0,0.0,0.0,0.0
COMP_0737,2026-04,0.0,0.0,0.0,0.0,0.0
COMP_0737,2026-05,0.0,0.0,0.0,0.0,0.0
COMP_0737,2026-06,0.0,0.0,0.0,0.0,0.0
COMP_0737,2026-07,0.0,0.0,0.0,1.0,0.0
COMP_0737,2026-08,0.0,0.0,0.0,0.0,0.0
COMP_0738,2025-06,,,0.0,0.0,
COMP_0738,2025-07,,,0.0,0.0,
COMP_0738,2025-08,,,0.0,0.0,
COMP_0738,2025-09,,,0.0,0.0,
COMP_0738,2025-10,,,0.0,0.0,
COMP_0738,2025-11,,,0.0,1.0,
COMP_0738,2025-12,0.0,,0.0,1.0,0.0
COMP_0738,2026-01,0.0,,0.0,1.0,0.0
COMP_0738,2026-02,1.0,,0.0,1.0,0.0
COMP_0738,2026-03,0.0,,0.0,0.0,0.0
COMP_0738,2026-04,0.0,,0.0,1.0,0.0
COMP_0738,2026-05,0.0,,0.0,0.0,0.0
COMP_0738,2026-06,0.0,,0.0,0.0,0.0
COMP_0738,2026-07,0.0,,0.0,0.0,0.0
COMP_0738,2026-08,0.0,,0.0,1.0,0.0
COMP_0739,2025-02,,,0.0,0.0,
COMP_0739,2025-03,,,0.0,0.0,
COMP_0739,2025-04,,,0.0,0.0,
COMP_0739,2025-05,,,0.0,0.0,
COMP_0739,2025-06,,,0.0,0.0,
COMP_0739,2025-07,,,0.0,0.0,
COMP_0739,2025-08,0.0,,0.0,0.0,0.0
COMP_0739,2025-09,0.0,,0.0,1.0,0.0
COMP_0739,2025-10,0.0,,0.0,0.0,0.0
COMP_0739,2025-11,0.0,,0.0,0.0,0.0
COMP_0739,2025-12,0.0,,0.0,0.0,0.0
COMP_0739,2026-01,0.0,,0.0,0.0,0.0
COMP_0739,2026-02,0.0,,0.0,0.0,0.0
COMP_0739,2026-03,0.0,,0.0,0.0,0.0
COMP_0739,2026-04,0.0,,0.0,0.0,0.0
COMP_0739,2026-05,0.0,,0.0,0.0,0.0
COMP_0739,2026-06,0.0,,0.0,0.0,0.0
COMP_0739,2026-07,0.0,,0.0,0.0,0.0
COMP_0739,2026-08,0.0,,0.0,0.0,0.0
COMP_0740,2026-06,,0.0,0.0,0.0,
COMP_0740,2026-07,,0.0,0.0,0.0,
COMP_0740,2026-08,,0.0,0.0,0.0,
COMP_0741,2025-02,,0.0,0.0,0.0,
COMP_0741,2025-03,,0.0,0.0,0.0,
COMP_0741,2025-04,,0.0,0.0,1.0,
COMP_0741,2025-05,,0.0,0.0,1.0,
COMP_0741,2025-06,,1.0,0.0,1.0,
COMP_0741,2025-07,,1.0,0.0,0.0,
COMP_0741,2025-08,,1.0,0.0,0.0,0.0
COMP_0741,2025-09,,0.0,0.0,0.0,0.0
COMP_0741,2025-10,,0.0,0.0,0.0,0.0
COMP_0741,2025-11,,0.0,0.0,0.0,0.0
COMP_0741,2025-12,,0.0,0.0,0.0,0.0
COMP_0741,2026-01,,1.0,0.0,0.0,0.0
COMP_0741,2026-02,0.0,1.0,0.0,0.0,0.0
COMP_0741,2026-03,0.0,1.0,0.0,0.0,0.0
COMP_0741,2026-04,0.0,1.0,0.0,1.0,0.0
COMP_0741,2026-05,0.0,1.0,0.0,1.0,0.0
COMP_0741,2026-06,1.0,1.0,0.0,1.0,0.0
COMP_0741,2026-07,1.0,1.0,0.0,0.0,0.0
COMP_0741,2026-08,,1.0,0.0,0.0,0.0
COMP_0742,2026-07,,0.0,1.0,1.0,
COMP_0742,2026-08,,0.0,1.0,1.0,
COMP_0743,2025-02,,0.0,0.0,0.0,
COMP_0743,2025-03,,0.0,0.0,0.0,
COMP_0743,2025-04,,0.0,0.0,0.0,
COMP_0743,2025-05,,0.0,0.0,0.0,
COMP_0743,2025-06,,0.0,0.0,0.0,
COMP_0743,2025-07,,0.0,0.0,0.0,
COMP_0743,2025-08,,0.0,0.0,0.0,0.0
COMP_0743,2025-09,,0.0,0.0,0.0,0.0
COMP_0743,2025-10,,0.0,0.0,1.0,0.0
COMP_0743,2025-11,,0.0,0.0,1.0,0.0
COMP_0743,2025-12,0.0,0.0,0.0,1.0,0.0
COMP_0743,2026-01,0.0,1.0,0.0,0.0,0.0
COMP_0743,2026-02,0.0,1.0,0.0,0.0,0.0
COMP_0743,2026-03,1.0,1.0,0.0,0.0,0.0
COMP_0743,2026-04,1.0,1.0,0.0,1.0,0.0
COMP_0743,2026-05,,1.0,0.0,1.0,0.0
COMP_0743,2026-06,,1.0,0.0,1.0,0.0
COMP_0743,2026-07,,0.0,0.0,0.0,0.0
COMP_0743,2026-08,,1.0,0.0,0.0,0.0
COMP_0744,2026-07,,,0.0,0.0,
COMP_0744,2026-08,,,0.0,0.0,
COMP_0745,2026-05,,0.0,1.0,0.0,
COMP_0745,2026-06,,0.0,0.0,0.0,
COMP_0745,2026-07,,0.0,0.0,0.0,
COMP_0745,2026-08,,0.0,0.0,0.0,
COMP_0746,2025-06,,0.0,0.0,1.0,
COMP_0746,2025-07,,0.0,0.0,0.0,
COMP_0746,2025-08,,0.0,0.0,0.0,
COMP_0746,2025-09,,0.0,0.0,0.0,
COMP_0746,2025-10,,0.0,0.0,0.0,
COMP_0746,2025-11,,0.0,0.0,0.0,
COMP_0746,2025-12,0.0,0.0,0.0,0.0,0.0
COMP_0746,2026-01,0.0,0.0,0.0,0.0,0.0
COMP_0746,2026-02,0.0,0.0,0.0,0.0,0.0
COMP_0746,2026-03,0.0,0.0,0.0,0.0,0.0
COMP_0746,2026-04,0.0,0.0,0.0,0.0,0.0
COMP_0746,2026-05,0.0,0.0,0.0,0.0,0.0
COMP_0746,2026-06,0.0,0.0,0.0,0.0,0.0
COMP_0746,2026-07,0.0,0.0,0.0,0.0,0.0
COMP_0746,2026-08,0.0,0.0,0.0,0.0,0.0
COMP_0747,2025-08,,,0.0,1.0,
COMP_0747,2025-09,,,0.0,1.0,
COMP_0747,2025-10,,,0.0,1.0,
COMP_0747,2025-11,,,0.0,1.0,
COMP_0747,2025-12,,,0.0,1.0,
COMP_0747,2026-01,,,0.0,1.0,
COMP_0747,2026-02,0.0,,0.0,1.0,0.0
COMP_0747,2026-03,0.0,,0.0,1.0,0.0
COMP_0747,2026-04,0.0,,0.0,1.0,0.0
COMP_0747,2026-05,0.0,,0.0,1.0,0.0
COMP_0747,2026-06,0.0,,0.0,1.0,0.0
COMP_0747,2026-07,0.0,,0.0,1.0,0.0
COMP_0747,2026-08,0.0,,0.0,1.0,0.0
COMP_0748,2025-02,,,0.0,0.0,
COMP_0748,2025-03,,,0.0,0.0,
COMP_0748,2025-04,,,0.0,0.0,
COMP_0748,2025-05,,,0.0,0.0,
COMP_0748,2025-06,,,0.0,0.0,
COMP_0748,2025-07,,,0.0,0.0,
COMP_0748,2025-08,1.0,,0.0,0.0,0.0
COMP_0748,2025-09,1.0,,0.0,0.0,0.0
COMP_0748,2025-10,,,0.0,0.0,0.0
COMP_0748,2025-11,,,0.0,1.0,0.0
COMP_0748,2025-12,,,0.0,1.0,0.0
COMP_0748,2026-01,,,0.0,0.0,0.0
COMP_0748,2026-02,,,0.0,0.0,1.0
COMP_0748,2026-03,1.0,,0.0,0.0,0.0
COMP_0748,2026-04,0.0,,0.0,0.0,0.0
COMP_0748,2026-05,1.0,,0.0,0.0,0.0
COMP_0748,2026-06,,,0.0,0.0,0.0
COMP_0748,2026-07,,,0.0,0.0,0.0
COMP_0748,2026-08,,,0.0,0.0,0.0
COMP_0749,2026-07,,,0.0,0.0,
COMP_0749,2026-08,,,0.0,0.0,
COMP_0750,2025-08,,,0.0,1.0,
COMP_0750,2025-09,,,0.0,1.0,
COMP_0750,2025-10,,,0.0,1.0,
COMP_0750,2025-11,,,0.0,1.0,
COMP_0750,2025-12,,,0.0,1.0,
COMP_0750,2026-01,,,0.0,1.0,
COMP_0750,2026-02,1.0,,0.0,1.0,0.0
COMP_0750,2026-03,0.0,,0.0,1.0,0.0
COMP_0750,2026-04,0.0,,1.0,1.0,0.0
COMP_0750,2026-05,0.0,,1.0,1.0,0.0
COMP_0750,2026-06,0.0,,1.0,1.0,0.0
COMP_0750,2026-07,0.0,,1.0,1.0,0.0
COMP_0750,2026-08,1.0,,1.0,1.0,0.0
COMP_0751,2025-02,,0.0,0.0,0.0,
COMP_0751,2025-03,,0.0,0.0,0.0,
COMP_0751,2025-04,,0.0,0.0,0.0,
COMP_0751,2025-05,,0.0,0.0,1.0,
COMP_0751,2025-06,,1.0,0.0,0.0,
COMP_0751,2025-07,,1.0,0.0,1.0,
COMP_0751,2025-08,0.0,1.0,0.0,0.0,0.0
COMP_0751,2025-09,0.0,1.0,0.0,1.0,0.0
COMP_0751,2025-10,0.0,0.0,0.0,0.0,0.0
COMP_0751,2025-11,0.0,0.0,0.0,0.0,0.0
COMP_0751,2025-12,0.0,0.0,0.0,0.0,0.0
COMP_0751,2026-01,0.0,0.0,0.0,1.0,0.0
COMP_0751,2026-02,0.0,0.0,0.0,1.0,0.0
COMP_0751,2026-03,0.0,0.0,0.0,0.0,1.0
COMP_0751,2026-04,0.0,0.0,0.0,0.0,0.0
COMP_0751,2026-05,0.0,0.0,0.0,0.0,0.0
COMP_0751,2026-06,0.0,0.0,0.0,0.0,0.0
COMP_0751,2026-07,0.0,0.0,0.0,0.0,0.0
COMP_0751,2026-08,0.0,0.0,0.0,1.0,0.0
COMP_0752,2026-06,,,0.0,1.0,
COMP_0752,2026-07,,,0.0,1.0,
COMP_0752,2026-08,,,0.0,1.0,
COMP_0753,2025-09,,,0.0,0.0,
COMP_0753,2025-10,,,0.0,0.0,
COMP_0753,2025-11,,,0.0,0.0,
COMP_0753,2025-12,,,0.0,0.0,
COMP_0753,2026-01,,,0.0,1.0,
COMP_0753,2026-02,,,0.0,0.0,
COMP_0753,2026-03,0.0,,0.0,0.0,0.0
COMP_0753,2026-04,0.0,,0.0,0.0,0.0
COMP_0753,2026-05,1.0,,0.0,0.0,0.0
COMP_0753,2026-06,0.0,,0.0,0.0,0.0
COMP_0753,2026-07,0.0,,0.0,0.0,0.0
COMP_0753,2026-08,1.0,,0.0,0.0,0.0
COMP_0754,2025-10,,,0.0,0.0,
COMP_0754,2025-11,,,0.0,0.0,
COMP_0754,2025-12,,,0.0,0.0,
COMP_0754,2026-01,,,0.0,0.0,
COMP_0754,2026-02,,,0.0,0.0,
COMP_0754,2026-03,,,0.0,0.0,
COMP_0754,2026-04,0.0,,0.0,0.0,0.0
COMP_0754,2026-05,0.0,,0.0,0.0,0.0
COMP_0754,2026-06,0.0,,0.0,1.0,0.0
COMP_0754,2026-07,0.0,,0.0,1.0,1.0
COMP_0754,2026-08,0.0,,0.0,1.0,1.0
COMP_0755,2025-06,,,0.0,1.0,
COMP_0755,2025-07,,,0.0,1.0,
COMP_0755,2025-08,,,0.0,0.0,
COMP_0755,2025-09,,,0.0,0.0,
COMP_0755,2025-10,,,0.0,0.0,
COMP_0755,2025-11,,,0.0,0.0,
COMP_0755,2025-12,0.0,,0.0,0.0,0.0
COMP_0755,2026-01,0.0,,0.0,0.0,0.0
COMP_0755,2026-02,0.0,,0.0,0.0,0.0
COMP_0755,2026-03,0.0,,0.0,0.0,0.0
COMP_0755,2026-04,0.0,,0.0,0.0,0.0
COMP_0755,2026-05,0.0,,0.0,0.0,0.0
COMP_0755,2026-06,0.0,,0.0,0.0,0.0
COMP_0755,2026-07,0.0,,0.0,1.0,0.0
COMP_0755,2026-08,0.0,,0.0,1.0,0.0
COMP_0756,2026-07,,1.0,0.0,0.0,
COMP_0756,2026-08,,1.0,0.0,0.0,
COMP_0757,2026-06,,0.0,0.0,1.0,
COMP_0757,2026-07,,0.0,0.0,1.0,
COMP_0757,2026-08,,0.0,0.0,1.0,
COMP_0758,2025-12,,,0.0,0.0,
COMP_0758,2026-01,,,0.0,0.0,
COMP_0758,2026-02,,,0.0,0.0,
COMP_0758,2026-03,,,0.0,0.0,
COMP_0758,2026-04,,,0.0,0.0,
COMP_0758,2026-05,,,0.0,0.0,
COMP_0758,2026-06,,,0.0,0.0,0.0
COMP_0758,2026-07,,,0.0,1.0,0.0
COMP_0758,2026-08,,,0.0,1.0,0.0
COMP_0759,2025-05,,0.0,1.0,0.0,
COMP_0759,2025-06,,0.0,1.0,1.0,
COMP_0759,2025-07,,0.0,1.0,0.0,
COMP_0759,2025-08,,0.0,1.0,1.0,
COMP_0759,2025-09,,0.0,1.0,1.0,
COMP_0759,2025-10,,0.0,1.0,0.0,
COMP_0759,2025-11,,0.0,1.0,0.0,0.0
COMP_0759,2025-12,,0.0,1.0,0.0,0.0
COMP_0759,2026-01,,0.0,1.0,0.0,0.0
COMP_0759,2026-02,,0.0,1.0,0.0,0.0
COMP_0759,2026-03,,0.0,1.0,0.0,0.0
COMP_0759,2026-04,,0.0,1.0,0.0,0.0
COMP_0759,2026-05,,0.0,1.0,0.0,0.0
COMP_0759,2026-06,,0.0,1.0,0.0,0.0
COMP_0759,2026-07,,0.0,0.0,0.0,0.0
COMP_0759,2026-08,,0.0,0.0,0.0,0.0
COMP_0760,2025-02,,,0.0,0.0,
COMP_0760,2025-03,,,0.0,0.0,
COMP_0760,2025-04,,,0.0,1.0,
COMP_0760,2025-05,,,0.0,0.0,
COMP_0760,2025-06,,,0.0,0.0,
COMP_0760,2025-07,,,0.0,0.0,
COMP_0760,2025-08,0.0,,0.0,0.0,0.0
COMP_0760,2025-09,0.0,,0.0,0.0,0.0
COMP_0760,2025-10,0.0,,0.0,0.0,0.0
COMP_0760,2025-11,0.0,,0.0,0.0,0.0
COMP_0760,2025-12,0.0,,0.0,0.0,0.0
COMP_0760,2026-01,0.0,,0.0,0.0,0.0
COMP_0760,2026-02,0.0,,0.0,0.0,1.0
COMP_0760,2026-03,0.0,,0.0,0.0,0.0
COMP_0760,2026-04,0.0,,0.0,0.0,0.0
COMP_0760,2026-05,0.0,,1.0,1.0,0.0
COMP_0760,2026-06,0.0,,1.0,1.0,0.0
COMP_0760,2026-07,0.0,,1.0,1.0,0.0
COMP_0760,2026-08,0.0,,1.0,1.0,0.0
COMP_0761,2025-09,,,0.0,0.0,
COMP_0761,2025-10,,,0.0,0.0,
COMP_0761,2025-11,,,0.0,0.0,
COMP_0761,2025-12,,,0.0,0.0,
COMP_0761,2026-01,,,0.0,0.0,
COMP_0761,2026-02,,,0.0,0.0,
COMP_0761,2026-03,,,0.0,0.0,0.0
COMP_0761,2026-04,,,0.0,0.0,0.0
COMP_0761,2026-05,,,0.0,0.0,0.0
COMP_0761,2026-06,,,0.0,0.0,1.0
COMP_0761,2026-07,,,0.0,0.0,0.0
COMP_0761,2026-08,,,0.0,1.0,0.0
COMP_0762,2026-01,,,0.0,1.0,
COMP_0762,2026-02,,,0.0,1.0,
COMP_0762,2026-03,,,0.0,1.0,
COMP_0762,2026-04,,,0.0,1.0,
COMP_0762,2026-05,,,0.0,0.0,
COMP_0762,2026-06,,,0.0,0.0,
COMP_0762,2026-07,,,0.0,0.0,0.0
COMP_0762,2026-08,,,0.0,0.0,0.0
COMP_0763,2025-06,,,0.0,0.0,
COMP_0763,2025-07,,,0.0,0.0,
COMP_0763,2025-08,,,0.0,0.0,
COMP_0763,2025-09,,,0.0,0.0,
COMP_0763,2025-10,,,0.0,0.0,
COMP_0763,2025-11,,,0.0,0.0,
COMP_0763,2025-12,0.0,,0.0,0.0,0.0
COMP_0763,2026-01,0.0,,0.0,1.0,0.0
COMP_0763,2026-02,0.0,,0.0,1.0,0.0
COMP_0763,2026-03,0.0,,0.0,1.0,0.0
COMP_0763,2026-04,0.0,,1.0,0.0,0.0
COMP_0763,2026-05,0.0,,1.0,1.0,0.0
COMP_0763,2026-06,0.0,,0.0,0.0,0.0
COMP_0763,2026-07,0.0,,0.0,0.0,0.0
COMP_0763,2026-08,0.0,,0.0,0.0,0.0
COMP_0764,2025-02,,0.0,1.0,0.0,
COMP_0764,2025-03,,0.0,1.0,0.0,
COMP_0764,2025-04,,1.0,1.0,0.0,
COMP_0764,2025-05,,1.0,1.0,0.0,
COMP_0764,2025-06,,0.0,1.0,0.0,
COMP_0764,2025-07,,1.0,1.0,0.0,
COMP_0764,2025-08,,1.0,1.0,0.0,0.0
COMP_0764,2025-09,,1.0,1.0,0.0,0.0
COMP_0764,2025-10,,0.0,1.0,0.0,0.0
COMP_0764,2025-11,,0.0,1.0,0.0,0.0
COMP_0764,2025-12,,0.0,1.0,0.0,0.0
COMP_0764,2026-01,,0.0,1.0,0.0,0.0
COMP_0764,2026-02,,1.0,1.0,0.0,0.0
COMP_0764,2026-03,,1.0,1.0,1.0,0.0
COMP_0764,2026-04,,0.0,1.0,0.0,0.0
COMP_0764,2026-05,,0.0,1.0,0.0,0.0
COMP_0764,2026-06,0.0,0.0,1.0,1.0,0.0
COMP_0764,2026-07,0.0,0.0,1.0,1.0,0.0
COMP_0764,2026-08,0.0,0.0,1.0,1.0,0.0
COMP_0765,2025-04,,1.0,0.0,0.0,
COMP_0765,2025-05,,1.0,0.0,0.0,
COMP_0765,2025-06,,1.0,0.0,0.0,
COMP_0765,2025-07,,1.0,0.0,0.0,
COMP_0765,2025-08,,0.0,0.0,1.0,
COMP_0765,2025-09,,0.0,0.0,1.0,
COMP_0765,2025-10,,0.0,0.0,1.0,0.0
COMP_0765,2025-11,,0.0,0.0,0.0,0.0
COMP_0765,2025-12,,0.0,0.0,0.0,0.0
COMP_0765,2026-01,,0.0,0.0,0.0,0.0
COMP_0765,2026-02,,0.0,0.0,1.0,0.0
COMP_0765,2026-03,,0.0,0.0,1.0,0.0
COMP_0765,2026-04,,0.0,0.0,1.0,0.0
COMP_0765,2026-05,,0.0,0.0,1.0,0.0
COMP_0765,2026-06,,0.0,0.0,1.0,0.0
COMP_0765,2026-07,,0.0,0.0,1.0,0.0
COMP_0765,2026-08,,0.0,0.0,0.0,0.0
COMP_0766,2025-02,,,0.0,0.0,
COMP_0766,2025-03,,,0.0,0.0,
COMP_0766,2025-04,,,0.0,0.0,
COMP_0766,2025-05,,,0.0,0.0,
COMP_0766,2025-06,,,0.0,0.0,
COMP_0766,2025-07,,,0.0,1.0,
COMP_0766,2025-08,1.0,,0.0,1.0,0.0
COMP_0766,2025-09,1.0,,0.0,1.0,0.0
COMP_0766,2025-10,0.0,,0.0,1.0,0.0
COMP_0766,2025-11,0.0,,0.0,1.0,0.0
COMP_0766,2025-12,0.0,,0.0,1.0,0.0
COMP_0766,2026-01,0.0,,0.0,0.0,0.0
COMP_0766,2026-02,0.0,,0.0,1.0,0.0
COMP_0766,2026-03,0.0,,0.0,1.0,0.0
COMP_0766,2026-04,0.0,,0.0,0.0,0.0
COMP_0766,2026-05,1.0,,0.0,0.0,0.0
COMP_0766,2026-06,1.0,,0.0,0.0,0.0
COMP_0766,2026-07,,,0.0,0.0,0.0
COMP_0766,2026-08,,,0.0,0.0,0.0
COMP_0767,2026-03,,,0.0,0.0,
COMP_0767,2026-04,,,0.0,0.0,
COMP_0767,2026-05,,,0.0,0.0,
COMP_0767,2026-06,,,0.0,0.0,
COMP_0767,2026-07,,,0.0,1.0,
COMP_0767,2026-08,,,0.0,1.0,
COMP_0768,2025-12,,,0.0,0.0,
COMP_0768,2026-01,,,0.0,0.0,
COMP_0768,2026-02,,,0.0,0.0,
COMP_0768,2026-03,,,0.0,0.0,
COMP_0768,2026-04,,,0.0,0.0,
COMP_0768,2026-05,,,0.0,0.0,
COMP_0768,2026-06,0.0,,0.0,0.0,0.0
COMP_0768,2026-07,0.0,,0.0,0.0,0.0
COMP_0768,2026-08,1.0,,0.0,0.0,
COMP_0769,2026-05,,,0.0,0.0,
COMP_0769,2026-06,,,0.0,0.0,
COMP_0769,2026-07,,,0.0,0.0,
COMP_0769,2026-08,,,0.0,0.0,
COMP_0770,2025-02,,0.0,0.0,0.0,
COMP_0770,2025-03,,0.0,0.0,0.0,
COMP_0770,2025-04,,0.0,0.0,0.0,
COMP_0770,2025-05,,1.0,0.0,0.0,
COMP_0770,2025-06,,1.0,0.0,0.0,
COMP_0770,2025-07,,0.0,0.0,0.0,
COMP_0770,2025-08,0.0,0.0,0.0,0.0,0.0
COMP_0770,2025-09,0.0,0.0,0.0,0.0,0.0
COMP_0770,2025-10,0.0,0.0,0.0,1.0,0.0
COMP_0770,2025-11,0.0,0.0,0.0,1.0,0.0
COMP_0770,2025-12,0.0,1.0,0.0,0.0,0.0
COMP_0770,2026-01,0.0,1.0,0.0,0.0,0.0
COMP_0770,2026-02,0.0,1.0,0.0,0.0,0.0
COMP_0770,2026-03,0.0,0.0,0.0,0.0,0.0
COMP_0770,2026-04,0.0,0.0,0.0,0.0,0.0
COMP_0770,2026-05,0.0,0.0,0.0,0.0,0.0
COMP_0770,2026-06,0.0,0.0,0.0,0.0,0.0
COMP_0770,2026-07,0.0,0.0,0.0,0.0,0.0
COMP_0770,2026-08,0.0,0.0,0.0,0.0,0.0
COMP_0771,2026-02,,,0.0,0.0,
COMP_0771,2026-03,,,0.0,0.0,
COMP_0771,2026-04,,,0.0,0.0,
COMP_0771,2026-05,,,0.0,0.0,
COMP_0771,2026-06,,,0.0,0.0,
COMP_0771,2026-07,,,0.0,0.0,
COMP_0771,2026-08,,,0.0,0.0,
COMP_0772,2025-05,,0.0,0.0,0.0,
COMP_0772,2025-06,,0.0,0.0,0.0,
COMP_0772,2025-07,,0.0,0.0,0.0,
COMP_0772,2025-08,,0.0,0.0,0.0,
COMP_0772,2025-09,,0.0,0.0,0.0,
COMP_0772,2025-10,,1.0,0.0,0.0,
COMP_0772,2025-11,0.0,1.0,0.0,0.0,0.0
COMP_0772,2025-12,0.0,1.0,0.0,0.0,0.0
COMP_0772,2026-01,0.0,0.0,0.0,0.0,0.0
COMP_0772,2026-02,0.0,0.0,0.0,0.0,0.0
COMP_0772,2026-03,0.0,0.0,0.0,0.0,0.0
COMP_0772,2026-04,0.0,1.0,0.0,0.0,0.0
COMP_0772,2026-05,0.0,1.0,0.0,0.0,0.0
COMP_0772,2026-06,0.0,1.0,0.0,0.0,0.0
COMP_0772,2026-07,0.0,1.0,0.0,0.0,0.0
COMP_0772,2026-08,0.0,1.0,0.0,0.0,0.0
COMP_0773,2025-02,,0.0,0.0,0.0,
COMP_0773,2025-03,,0.0,0.0,0.0,
COMP_0773,2025-04,,0.0,0.0,0.0,
COMP_0773,2025-05,,0.0,0.0,0.0,
COMP_0773,2025-06,,0.0,0.0,0.0,
COMP_0773,2025-07,,0.0,0.0,1.0,
COMP_0773,2025-08,0.0,0.0,0.0,0.0,0.0
COMP_0773,2025-09,1.0,0.0,0.0,0.0,0.0
COMP_0773,2025-10,0.0,0.0,0.0,0.0,0.0
COMP_0773,2025-11,0.0,0.0,0.0,0.0,0.0
COMP_0773,2025-12,0.0,0.0,0.0,0.0,0.0
COMP_0773,2026-01,0.0,0.0,0.0,0.0,0.0
COMP_0773,2026-02,0.0,0.0,0.0,0.0,0.0
COMP_0773,2026-03,0.0,0.0,0.0,0.0,0.0
COMP_0773,2026-04,0.0,0.0,0.0,0.0,0.0
COMP_0773,2026-05,1.0,0.0,0.0,0.0,0.0
COMP_0773,2026-06,0.0,0.0,0.0,0.0,0.0
COMP_0773,2026-07,0.0,0.0,0.0,0.0,0.0
COMP_0773,2026-08,1.0,0.0,0.0,0.0,0.0
COMP_0774,2025-06,,,0.0,1.0,
COMP_0774,2025-07,,,0.0,1.0,
COMP_0774,2025-08,,,0.0,1.0,
COMP_0774,2025-09,,,0.0,0.0,
COMP_0774,2025-10,,,0.0,0.0,
COMP_0774,2025-11,,,0.0,0.0,
COMP_0774,2025-12,0.0,,0.0,0.0,0.0
COMP_0774,2026-01,0.0,,0.0,0.0,0.0
COMP_0774,2026-02,1.0,,0.0,0.0,0.0
COMP_0774,2026-03,1.0,,0.0,0.0,0.0
COMP_0774,2026-04,,,0.0,0.0,0.0
COMP_0774,2026-05,,,0.0,0.0,0.0
COMP_0774,2026-06,,,0.0,1.0,0.0
COMP_0774,2026-07,,,0.0,1.0,0.0
COMP_0774,2026-08,,,0.0,1.0,0.0
COMP_0775,2025-10,,1.0,0.0,0.0,
COMP_0775,2025-11,,1.0,0.0,0.0,
COMP_0775,2025-12,,0.0,0.0,0.0,
COMP_0775,2026-01,,0.0,0.0,0.0,
COMP_0775,2026-02,,0.0,0.0,0.0,
COMP_0775,2026-03,,0.0,0.0,0.0,
COMP_0775,2026-04,0.0,0.0,0.0,0.0,0.0
COMP_0775,2026-05,0.0,0.0,0.0,0.0,1.0
COMP_0775,2026-06,0.0,1.0,0.0,0.0,0.0
COMP_0775,2026-07,0.0,0.0,0.0,0.0,1.0
COMP_0775,2026-08,0.0,0.0,0.0,0.0,1.0
COMP_0776,2025-02,,,0.0,0.0,
COMP_0776,2025-03,,,0.0,0.0,
COMP_0776,2025-04,,,0.0,0.0,
COMP_0776,2025-05,,,0.0,1.0,
COMP_0776,2025-06,,,0.0,0.0,
COMP_0776,2025-07,,,0.0,0.0,
COMP_0776,2025-08,0.0,,0.0,0.0,0.0
COMP_0776,2025-09,0.0,,0.0,0.0,0.0
COMP_0776,2025-10,0.0,,0.0,0.0,0.0
COMP_0776,2025-11,0.0,,0.0,0.0,0.0
COMP_0776,2025-12,0.0,,0.0,0.0,0.0
COMP_0776,2026-01,1.0,,0.0,0.0,0.0
COMP_0776,2026-02,0.0,,0.0,1.0,0.0
COMP_0776,2026-03,0.0,,0.0,0.0,0.0
COMP_0776,2026-04,1.0,,0.0,0.0,0.0
COMP_0776,2026-05,,,0.0,0.0,0.0
COMP_0776,2026-06,,,0.0,0.0,0.0
COMP_0776,2026-07,,,0.0,0.0,0.0
COMP_0776,2026-08,0.0,,0.0,0.0,0.0
COMP_0777,2026-06,,,0.0,0.0,
COMP_0777,2026-07,,,0.0,0.0,
COMP_0777,2026-08,,,0.0,0.0,
COMP_0778,2025-02,,0.0,0.0,0.0,
COMP_0778,2025-03,,0.0,0.0,0.0,
COMP_0778,2025-04,,0.0,0.0,0.0,
COMP_0778,2025-05,,0.0,0.0,1.0,
COMP_0778,2025-06,,0.0,0.0,1.0,
COMP_0778,2025-07,,0.0,0.0,1.0,
COMP_0778,2025-08,0.0,0.0,0.0,0.0,0.0
COMP_0778,2025-09,0.0,0.0,0.0,0.0,0.0
COMP_0778,2025-10,0.0,0.0,0.0,0.0,0.0
COMP_0778,2025-11,0.0,1.0,0.0,0.0,0.0
COMP_0778,2025-12,0.0,1.0,0.0,1.0,0.0
COMP_0778,2026-01,0.0,1.0,0.0,1.0,0.0
COMP_0778,2026-02,0.0,0.0,0.0,1.0,0.0
COMP_0778,2026-03,0.0,0.0,0.0,1.0,0.0
COMP_0778,2026-04,0.0,1.0,0.0,1.0,0.0
COMP_0778,2026-05,0.0,1.0,0.0,1.0,0.0
COMP_0778,2026-06,0.0,1.0,0.0,1.0,0.0
COMP_0778,2026-07,0.0,1.0,0.0,1.0,0.0
COMP_0778,2026-08,1.0,1.0,0.0,1.0,0.0
COMP_0779,2025-06,,0.0,0.0,0.0,
COMP_0779,2025-07,,0.0,0.0,0.0,
COMP_0779,2025-08,,0.0,0.0,0.0,
COMP_0779,2025-09,,0.0,0.0,0.0,
COMP_0779,2025-10,,0.0,0.0,0.0,
COMP_0779,2025-11,,0.0,0.0,0.0,
COMP_0779,2025-12,,0.0,0.0,1.0,0.0
COMP_0779,2026-01,,0.0,0.0,0.0,0.0
COMP_0779,2026-02,,0.0,0.0,0.0,0.0
COMP_0779,2026-03,,0.0,0.0,0.0,0.0
COMP_0779,2026-04,,0.0,0.0,0.0,0.0
COMP_0779,2026-05,,0.0,0.0,0.0,0.0
COMP_0779,2026-06,,0.0,0.0,0.0,0.0
COMP_0779,2026-07,,0.0,0.0,0.0,0.0
COMP_0779,2026-08,,0.0,0.0,0.0,0.0
COMP_0780,2025-02,,0.0,0.0,1.0,
COMP_0780,2025-03,,0.0,0.0,1.0,
COMP_0780,2025-04,,0.0,0.0,1.0,
COMP_0780,2025-05,,0.0,0.0,1.0,
COMP_0780,2025-06,,0.0,0.0,1.0,
COMP_0780,2025-07,,0.0,0.0,0.0,
COMP_0780,2025-08,1.0,0.0,0.0,1.0,0.0
COMP_0780,2025-09,0.0,0.0,0.0,1.0,0.0
COMP_0780,2025-10,0.0,0.0,0.0,1.0,0.0
COMP_0780,2025-11,0.0,0.0,0.0,1.0,0.0
COMP_0780,2025-12,0.0,0.0,0.0,1.0,0.0
COMP_0780,2026-01,0.0,0.0,0.0,1.0,0.0
COMP_0780,2026-02,0.0,0.0,0.0,1.0,0.0
COMP_0780,2026-03,0.0,1.0,0.0,1.0,0.0
COMP_0780,2026-04,0.0,1.0,0.0,1.0,0.0
COMP_0780,2026-05,1.0,1.0,0.0,1.0,0.0
COMP_0780,2026-06,0.0,0.0,0.0,0.0,0.0
COMP_0780,2026-07,0.0,0.0,0.0,0.0,0.0
COMP_0780,2026-08,0.0,0.0,0.0,0.0,0.0
COMP_0781,2026-01,,,0.0,0.0,
COMP_0781,2026-02,,,0.0,0.0,
COMP_0781,2026-03,,,0.0,0.0,
COMP_0781,2026-04,,,0.0,0.0,
COMP_0781,2026-05,,,0.0,0.0,
COMP_0781,2026-06,,,0.0,0.0,
COMP_0781,2026-07,,,0.0,1.0,0.0
COMP_0781,2026-08,,,0.0,1.0,0.0
COMP_0782,2025-02,,,1.0,0.0,
COMP_0782,2025-03,,,0.0,0.0,
COMP_0782,2025-04,,,1.0,1.0,
COMP_0782,2025-05,,,1.0,0.0,
COMP_0782,2025-06,,,0.0,0.0,
COMP_0782,2025-07,,,1.0,0.0,
COMP_0782,2025-08,,,1.0,0.0,0.0
COMP_0782,2025-09,,,0.0,1.0,0.0
COMP_0782,2025-10,,,0.0,0.0,0.0
COMP_0782,2025-11,,,0.0,1.0,0.0
COMP_0782,2025-12,,,1.0,1.0,0.0
COMP_0782,2026-01,,,1.0,1.0,0.0
COMP_0782,2026-02,,,1.0,0.0,0.0
COMP_0782,2026-03,,,1.0,1.0,0.0
COMP_0782,2026-04,,,1.0,1.0,0.0
COMP_0782,2026-05,,,1.0,1.0,0.0
COMP_0782,2026-06,,,1.0,1.0,0.0
COMP_0782,2026-07,,,1.0,0.0,0.0
COMP_0782,2026-08,,,1.0,0.0,0.0
COMP_0783,2026-06,,1.0,0.0,0.0,
COMP_0783,2026-07,,1.0,0.0,0.0,
COMP_0783,2026-08,,1.0,0.0,0.0,
COMP_0784,2026-05,,0.0,,,
COMP_0784,2026-06,,0.0,,,
COMP_0784,2026-07,,0.0,,,
COMP_0784,2026-08,,0.0,,,
COMP_0785,2025-02,,,0.0,0.0,
COMP_0785,2025-03,,,0.0,0.0,
COMP_0785,2025-04,,,0.0,1.0,
COMP_0785,2025-05,,,0.0,1.0,
COMP_0785,2025-06,,,0.0,1.0,
COMP_0785,2025-07,,,0.0,1.0,
COMP_0785,2025-08,0.0,,0.0,0.0,0.0
COMP_0785,2025-09,0.0,,0.0,0.0,0.0
COMP_0785,2025-10,0.0,,0.0,0.0,0.0
COMP_0785,2025-11,0.0,,0.0,0.0,0.0
COMP_0785,2025-12,0.0,,0.0,0.0,0.0
COMP_0785,2026-01,0.0,,0.0,0.0,0.0
COMP_0785,2026-02,0.0,,0.0,1.0,0.0
COMP_0785,2026-03,0.0,,0.0,1.0,0.0
COMP_0785,2026-04,0.0,,0.0,1.0,0.0
COMP_0785,2026-05,0.0,,0.0,0.0,0.0
COMP_0785,2026-06,0.0,,0.0,0.0,0.0
COMP_0785,2026-07,0.0,,0.0,0.0,0.0
COMP_0785,2026-08,0.0,,0.0,1.0,0.0
COMP_0786,2025-02,,,0.0,0.0,
COMP_0786,2025-03,,,0.0,1.0,
COMP_0786,2025-04,,,0.0,1.0,
COMP_0786,2025-05,,,0.0,1.0,
COMP_0786,2025-06,,,0.0,1.0,
COMP_0786,2025-07,,,0.0,0.0,
COMP_0786,2025-08,0.0,,0.0,0.0,0.0
COMP_0786,2025-09,0.0,,0.0,0.0,0.0
COMP_0786,2025-10,0.0,,0.0,1.0,0.0
COMP_0786,2025-11,0.0,,0.0,0.0,0.0
COMP_0786,2025-12,1.0,,0.0,0.0,0.0
COMP_0786,2026-01,0.0,,0.0,0.0,0.0
COMP_0786,2026-02,0.0,,0.0,0.0,0.0
COMP_0786,2026-03,0.0,,0.0,0.0,0.0
COMP_0786,2026-04,0.0,,0.0,0.0,0.0
COMP_0786,2026-05,0.0,,0.0,0.0,0.0
COMP_0786,2026-06,0.0,,0.0,1.0,0.0
COMP_0786,2026-07,0.0,,0.0,1.0,0.0
COMP_0786,2026-08,0.0,,0.0,1.0,0.0
COMP_0787,2026-07,,0.0,0.0,0.0,
COMP_0787,2026-08,,0.0,0.0,1.0,
COMP_0788,2025-02,,0.0,0.0,0.0,
COMP_0788,2025-03,,0.0,0.0,0.0,
COMP_0788,2025-04,,1.0,0.0,0.0,
COMP_0788,2025-05,,1.0,0.0,0.0,
COMP_0788,2025-06,,0.0,0.0,0.0,
COMP_0788,2025-07,,0.0,0.0,1.0,
COMP_0788,2025-08,0.0,0.0,0.0,1.0,0.0
COMP_0788,2025-09,0.0,0.0,0.0,0.0,0.0
COMP_0788,2025-10,0.0,0.0,0.0,0.0,0.0
COMP_0788,2025-11,0.0,0.0,0.0,0.0,0.0
COMP_0788,2025-12,0.0,0.0,0.0,0.0,0.0
COMP_0788,2026-01,0.0,0.0,0.0,1.0,0.0
COMP_0788,2026-02,0.0,0.0,0.0,1.0,0.0
COMP_0788,2026-03,0.0,0.0,0.0,1.0,0.0
COMP_0788,2026-04,0.0,0.0,0.0,0.0,0.0
COMP_0788,2026-05,0.0,0.0,0.0,0.0,0.0
COMP_0788,2026-06,0.0,1.0,0.0,0.0,0.0
COMP_0788,2026-07,0.0,1.0,0.0,1.0,0.0
COMP_0788,2026-08,0.0,1.0,0.0,1.0,0.0
COMP_0789,2025-02,,,1.0,1.0,
COMP_0789,2025-03,,,0.0,1.0,
COMP_0789,2025-04,,,0.0,1.0,
COMP_0789,2025-05,,,0.0,,
COMP_0789,2025-06,,,0.0,,
COMP_0789,2025-07,,,0.0,,
COMP_0789,2025-08,,,0.0,1.0,0.0
COMP_0789,2025-09,,,0.0,1.0,
COMP_0789,2025-10,,,0.0,1.0,
COMP_0789,2025-11,,,0.0,1.0,0.0
COMP_0789,2025-12,,,0.0,1.0,
COMP_0789,2026-01,,,0.0,1.0,
COMP_0789,2026-02,,,0.0,,
COMP_0789,2026-03,,,0.0,,
COMP_0789,2026-04,,,0.0,,
COMP_0789,2026-05,,,0.0,,
COMP_0789,2026-06,,,0.0,,
COMP_0789,2026-07,,,0.0,0.0,0.0
COMP_0789,2026-08,,,0.0,0.0,
COMP_0790,2025-04,,,0.0,,
COMP_0790,2025-05,,0.0,0.0,0.0,
COMP_0790,2025-06,,1.0,0.0,0.0,
COMP_0790,2025-07,,1.0,0.0,0.0,
COMP_0790,2025-08,,1.0,0.0,0.0,
COMP_0790,2025-09,,0.0,0.0,0.0,
COMP_0790,2025-10,,0.0,0.0,0.0,0.0
COMP_0790,2025-11,,0.0,0.0,0.0,0.0
COMP_0790,2025-12,,0.0,0.0,0.0,
COMP_0790,2026-01,,0.0,0.0,0.0,0.0
COMP_0790,2026-02,,0.0,0.0,0.0,0.0
COMP_0790,2026-03,,1.0,0.0,0.0,0.0
COMP_0790,2026-04,,1.0,0.0,0.0,0.0
COMP_0790,2026-05,,1.0,0.0,0.0,0.0
COMP_0790,2026-06,,0.0,0.0,0.0,0.0
COMP_0790,2026-07,,0.0,0.0,0.0,0.0
COMP_0790,2026-08,,0.0,0.0,0.0,0.0
COMP_0791,2025-02,,,0.0,1.0,
COMP_0791,2025-03,,,0.0,0.0,
COMP_0791,2025-04,,,0.0,0.0,
COMP_0791,2025-05,,,0.0,1.0,
COMP_0791,2025-06,,,0.0,1.0,
COMP_0791,2025-07,,,0.0,0.0,
COMP_0791,2025-08,,,0.0,1.0,0.0
COMP_0791,2025-09,,,0.0,0.0,0.0
COMP_0791,2025-10,,,0.0,1.0,0.0
COMP_0791,2025-11,,,0.0,0.0,0.0
COMP_0791,2025-12,,,0.0,1.0,0.0
COMP_0791,2026-01,0.0,,0.0,1.0,0.0
COMP_0791,2026-02,1.0,,0.0,1.0,0.0
COMP_0791,2026-03,0.0,,0.0,1.0,0.0
COMP_0791,2026-04,0.0,,0.0,1.0,0.0
COMP_0791,2026-05,0.0,,0.0,1.0,0.0
COMP_0791,2026-06,1.0,,0.0,1.0,0.0
COMP_0791,2026-07,,,0.0,0.0,0.0
COMP_0791,2026-08,,,0.0,0.0,0.0
COMP_0792,2025-02,,,0.0,0.0,
COMP_0792,2025-03,,,0.0,0.0,
COMP_0792,2025-04,,,0.0,0.0,
COMP_0792,2025-05,,,0.0,0.0,
COMP_0792,2025-06,,,0.0,0.0,
COMP_0792,2025-07,,,0.0,0.0,
COMP_0792,2025-08,0.0,,0.0,0.0,0.0
COMP_0792,2025-09,0.0,,0.0,0.0,0.0
COMP_0792,2025-10,0.0,,0.0,0.0,0.0
COMP_0792,2025-11,0.0,,0.0,0.0,0.0
COMP_0792,2025-12,0.0,,0.0,0.0,0.0
COMP_0792,2026-01,0.0,,0.0,0.0,0.0
COMP_0792,2026-02,0.0,,0.0,0.0,0.0
COMP_0792,2026-03,1.0,,0.0,0.0,0.0
COMP_0792,2026-04,0.0,,0.0,0.0,0.0
COMP_0792,2026-05,0.0,,0.0,0.0,0.0
COMP_0792,2026-06,0.0,,0.0,0.0,0.0
COMP_0792,2026-07,0.0,,0.0,0.0,0.0
COMP_0792,2026-08,0.0,,0.0,0.0,0.0
COMP_0793,2026-06,,0.0,0.0,0.0,
COMP_0793,2026-07,,0.0,0.0,0.0,
COMP_0793,2026-08,,0.0,0.0,0.0,
COMP_0794,2025-02,,0.0,0.0,0.0,
COMP_0794,2025-03,,0.0,0.0,0.0,
COMP_0794,2025-04,,0.0,0.0,0.0,
COMP_0794,2025-05,,0.0,0.0,0.0,
COMP_0794,2025-06,,0.0,0.0,0.0,
COMP_0794,2025-07,,0.0,0.0,0.0,
COMP_0794,2025-08,,0.0,0.0,0.0,0.0
COMP_0794,2025-09,,0.0,0.0,0.0,0.0
COMP_0794,2025-10,,0.0,0.0,0.0,0.0
COMP_0794,2025-11,,0.0,0.0,0.0,0.0
COMP_0794,2025-12,,0.0,0.0,0.0,0.0
COMP_0794,2026-01,,0.0,0.0,0.0,0.0
COMP_0794,2026-02,,0.0,0.0,0.0,0.0
COMP_0794,2026-03,,0.0,0.0,0.0,0.0
COMP_0794,2026-04,,0.0,0.0,0.0,0.0
COMP_0794,2026-05,,0.0,0.0,0.0,0.0
COMP_0794,2026-06,,0.0,0.0,0.0,0.0
COMP_0794,2026-07,,0.0,0.0,1.0,0.0
COMP_0794,2026-08,0.0,1.0,0.0,1.0,0.0
COMP_0796,2025-02,,0.0,0.0,0.0,
COMP_0796,2025-03,,0.0,0.0,0.0,
COMP_0796,2025-04,,1.0,0.0,0.0,
COMP_0796,2025-05,,1.0,0.0,0.0,
COMP_0796,2025-06,,1.0,0.0,0.0,
COMP_0796,2025-07,,0.0,0.0,0.0,
COMP_0796,2025-08,,0.0,0.0,0.0,0.0
COMP_0796,2025-09,,0.0,0.0,0.0,0.0
COMP_0796,2025-10,,0.0,0.0,0.0,0.0
COMP_0796,2025-11,,0.0,0.0,0.0,0.0
COMP_0796,2025-12,,0.0,0.0,0.0,0.0
COMP_0796,2026-01,,0.0,0.0,0.0,0.0
COMP_0796,2026-02,,0.0,0.0,0.0,0.0
COMP_0796,2026-03,,0.0,0.0,0.0,0.0
COMP_0796,2026-04,,0.0,0.0,0.0,0.0
COMP_0796,2026-05,,0.0,0.0,0.0,0.0
COMP_0796,2026-06,,0.0,0.0,0.0,0.0
COMP_0796,2026-07,,0.0,0.0,0.0,0.0
COMP_0796,2026-08,,0.0,0.0,0.0,0.0
COMP_0797,2026-02,,0.0,1.0,1.0,
COMP_0797,2026-03,,0.0,1.0,1.0,
COMP_0797,2026-04,,0.0,1.0,1.0,
COMP_0797,2026-05,,0.0,1.0,1.0,
COMP_0797,2026-06,,0.0,0.0,1.0,
COMP_0797,2026-07,,0.0,0.0,0.0,
COMP_0797,2026-08,0.0,0.0,0.0,1.0,0.0
COMP_0798,2025-02,,0.0,0.0,1.0,
COMP_0798,2025-03,,0.0,0.0,1.0,
COMP_0798,2025-04,,0.0,0.0,0.0,
COMP_0798,2025-05,,0.0,0.0,0.0,
COMP_0798,2025-06,,0.0,0.0,0.0,
COMP_0798,2025-07,,0.0,0.0,0.0,
COMP_0798,2025-08,0.0,0.0,0.0,0.0,0.0
COMP_0798,2025-09,0.0,0.0,0.0,0.0,0.0
COMP_0798,2025-10,0.0,0.0,0.0,0.0,0.0
COMP_0798,2025-11,0.0,0.0,0.0,0.0,0.0
COMP_0798,2025-12,0.0,0.0,0.0,0.0,0.0
COMP_0798,2026-01,1.0,0.0,0.0,0.0,0.0
COMP_0798,2026-02,1.0,0.0,0.0,0.0,0.0
COMP_0798,2026-03,0.0,0.0,0.0,0.0,0.0
COMP_0798,2026-04,0.0,0.0,0.0,0.0,0.0
COMP_0798,2026-05,0.0,0.0,0.0,0.0,0.0
COMP_0798,2026-06,0.0,0.0,0.0,0.0,0.0
COMP_0798,2026-07,0.0,0.0,0.0,0.0,0.0
COMP_0798,2026-08,0.0,0.0,0.0,0.0,0.0
COMP_0799,2026-04,,0.0,0.0,1.0,
COMP_0799,2026-05,,0.0,0.0,1.0,
COMP_0799,2026-06,,0.0,0.0,1.0,
COMP_0799,2026-07,,0.0,0.0,0.0,
COMP_0799,2026-08,,0.0,0.0,1.0,
COMP_0800,2026-05,,0.0,,,
COMP_0800,2026-06,,0.0,,,
COMP_0800,2026-07,,0.0,,,
COMP_0800,2026-08,,0.0,,,
COMP_0801,2025-06,,0.0,0.0,0.0,
COMP_0801,2025-07,,1.0,0.0,0.0,
COMP_0801,2025-08,,1.0,0.0,0.0,
COMP_0801,2025-09,,1.0,0.0,0.0,
COMP_0801,2025-10,,1.0,0.0,0.0,
COMP_0801,2025-11,,1.0,0.0,0.0,
COMP_0801,2025-12,0.0,0.0,0.0,0.0,0.0
COMP_0801,2026-01,0.0,0.0,0.0,0.0,0.0
COMP_0801,2026-02,0.0,0.0,0.0,0.0,0.0
COMP_0801,2026-03,0.0,0.0,0.0,0.0,0.0
COMP_0801,2026-04,0.0,0.0,0.0,0.0,0.0
COMP_0801,2026-05,0.0,0.0,0.0,0.0,0.0
COMP_0801,2026-06,0.0,0.0,0.0,0.0,0.0
COMP_0801,2026-07,0.0,0.0,0.0,1.0,0.0
COMP_0801,2026-08,0.0,0.0,0.0,0.0,0.0
COMP_0802,2026-01,,0.0,0.0,0.0,
COMP_0802,2026-02,,0.0,0.0,0.0,
COMP_0802,2026-03,,0.0,0.0,0.0,
COMP_0802,2026-04,,0.0,0.0,0.0,
COMP_0802,2026-05,,0.0,0.0,0.0,
COMP_0802,2026-06,,0.0,0.0,0.0,
COMP_0802,2026-07,0.0,0.0,0.0,0.0,0.0
COMP_0802,2026-08,0.0,0.0,0.0,0.0,0.0
COMP_0803,2025-02,,0.0,0.0,0.0,
COMP_0803,2025-03,,0.0,0.0,0.0,
COMP_0803,2025-04,,0.0,0.0,1.0,
COMP_0803,2025-05,,0.0,0.0,0.0,
COMP_0803,2025-06,,0.0,0.0,0.0,
COMP_0803,2025-07,,0.0,0.0,0.0,
COMP_0803,2025-08,0.0,1.0,0.0,0.0,0.0
COMP_0803,2025-09,0.0,0.0,0.0,0.0,0.0
COMP_0803,2025-10,0.0,0.0,0.0,0.0,0.0
COMP_0803,2025-11,1.0,0.0,0.0,0.0,0.0
COMP_0803,2025-12,0.0,0.0,0.0,0.0,0.0
COMP_0803,2026-01,0.0,0.0,0.0,0.0,0.0
COMP_0803,2026-02,0.0,0.0,0.0,0.0,0.0
COMP_0803,2026-03,0.0,0.0,0.0,0.0,0.0
COMP_0803,2026-04,0.0,0.0,0.0,0.0,0.0
COMP_0803,2026-05,0.0,1.0,0.0,0.0,0.0
COMP_0803,2026-06,0.0,1.0,0.0,0.0,0.0
COMP_0803,2026-07,0.0,1.0,0.0,0.0,0.0
COMP_0803,2026-08,0.0,1.0,0.0,0.0,0.0
COMP_0804,2026-06,,,0.0,0.0,
COMP_0804,2026-07,,,0.0,0.0,
COMP_0804,2026-08,,,0.0,0.0,
COMP_0805,2026-01,,0.0,0.0,0.0,
COMP_0805,2026-02,,0.0,0.0,0.0,
COMP_0805,2026-03,,0.0,0.0,0.0,
COMP_0805,2026-04,,0.0,0.0,1.0,
COMP_0805,2026-05,,0.0,0.0,1.0,
COMP_0805,2026-06,,0.0,0.0,0.0,
COMP_0805,2026-07,,0.0,0.0,0.0,0.0
COMP_0805,2026-08,,1.0,0.0,0.0,0.0
COMP_0806,2025-11,,,0.0,0.0,
COMP_0806,2025-12,,,0.0,0.0,
COMP_0806,2026-01,,,0.0,0.0,
COMP_0806,2026-02,,,0.0,0.0,
COMP_0806,2026-03,,,0.0,0.0,
COMP_0806,2026-04,,,0.0,0.0,
COMP_0806,2026-05,,,0.0,0.0,
COMP_0806,2026-06,,,0.0,,
COMP_0806,2026-07,,,0.0,,
COMP_0806,2026-08,,,0.0,,
COMP_0807,2025-09,,0.0,0.0,0.0,
COMP_0807,2025-10,,0.0,0.0,0.0,
COMP_0807,2025-11,,0.0,0.0,0.0,
COMP_0807,2025-12,,0.0,0.0,0.0,
COMP_0807,2026-01,,0.0,0.0,0.0,
COMP_0807,2026-02,,0.0,0.0,0.0,
COMP_0807,2026-03,,0.0,0.0,0.0,0.0
COMP_0807,2026-04,,0.0,0.0,0.0,1.0
COMP_0807,2026-05,,0.0,0.0,0.0,0.0
COMP_0807,2026-06,,0.0,0.0,0.0,0.0
COMP_0807,2026-07,,0.0,0.0,0.0,1.0
COMP_0807,2026-08,,0.0,0.0,0.0,0.0
COMP_0808,2025-02,,0.0,0.0,0.0,
COMP_0808,2025-03,,0.0,0.0,0.0,
COMP_0808,2025-04,,0.0,0.0,0.0,
COMP_0808,2025-05,,0.0,0.0,0.0,
COMP_0808,2025-06,,0.0,0.0,0.0,
COMP_0808,2025-07,,0.0,0.0,0.0,
COMP_0808,2025-08,0.0,0.0,0.0,0.0,0.0
COMP_0808,2025-09,0.0,0.0,0.0,0.0,0.0
COMP_0808,2025-10,0.0,0.0,0.0,0.0,0.0
COMP_0808,2025-11,0.0,0.0,0.0,0.0,0.0
COMP_0808,2025-12,0.0,1.0,0.0,0.0,0.0
COMP_0808,2026-01,0.0,0.0,0.0,0.0,0.0
COMP_0808,2026-02,0.0,0.0,0.0,0.0,0.0
COMP_0808,2026-03,1.0,0.0,0.0,0.0,0.0
COMP_0808,2026-04,0.0,0.0,0.0,1.0,0.0
COMP_0808,2026-05,1.0,0.0,0.0,1.0,0.0
COMP_0808,2026-06,0.0,0.0,0.0,0.0,0.0
COMP_0808,2026-07,0.0,0.0,0.0,0.0,0.0
COMP_0808,2026-08,0.0,0.0,0.0,1.0,0.0
COMP_0809,2025-02,,1.0,0.0,0.0,
COMP_0809,2025-03,,1.0,0.0,1.0,
COMP_0809,2025-04,,1.0,0.0,1.0,
COMP_0809,2025-05,,1.0,0.0,1.0,
COMP_0809,2025-06,,1.0,0.0,1.0,
COMP_0809,2025-07,,1.0,0.0,0.0,
COMP_0809,2025-08,0.0,1.0,0.0,0.0,0.0
COMP_0809,2025-09,1.0,1.0,0.0,0.0,0.0
COMP_0809,2025-10,0.0,1.0,0.0,0.0,0.0
COMP_0809,2025-11,0.0,1.0,0.0,0.0,0.0
COMP_0809,2025-12,1.0,1.0,0.0,1.0,0.0
COMP_0809,2026-01,1.0,1.0,0.0,1.0,0.0
COMP_0809,2026-02,0.0,1.0,0.0,1.0,1.0
COMP_0809,2026-03,0.0,1.0,0.0,0.0,0.0
COMP_0809,2026-04,0.0,1.0,0.0,0.0,0.0
COMP_0809,2026-05,0.0,1.0,0.0,0.0,0.0
COMP_0809,2026-06,0.0,1.0,0.0,0.0,0.0
COMP_0809,2026-07,0.0,1.0,0.0,0.0,0.0
COMP_0809,2026-08,0.0,1.0,0.0,0.0,0.0
COMP_0810,2025-02,,0.0,0.0,1.0,
COMP_0810,2025-03,,0.0,0.0,1.0,
COMP_0810,2025-04,,0.0,0.0,1.0,
COMP_0810,2025-05,,0.0,0.0,1.0,
COMP_0810,2025-06,,0.0,0.0,0.0,
COMP_0810,2025-07,,0.0,0.0,0.0,
COMP_0810,2025-08,0.0,0.0,0.0,0.0,0.0
COMP_0810,2025-09,0.0,0.0,0.0,1.0,0.0
COMP_0810,2025-10,1.0,0.0,0.0,0.0,0.0
COMP_0810,2025-11,1.0,0.0,0.0,1.0,0.0
COMP_0810,2025-12,1.0,0.0,0.0,0.0,0.0
COMP_0810,2026-01,,0.0,0.0,0.0,0.0
COMP_0810,2026-02,,0.0,0.0,0.0,0.0
COMP_0810,2026-03,,1.0,0.0,0.0,0.0
COMP_0810,2026-04,,0.0,0.0,1.0,0.0
COMP_0810,2026-05,,0.0,0.0,1.0,0.0
COMP_0810,2026-06,0.0,0.0,0.0,1.0,0.0
COMP_0810,2026-07,0.0,0.0,0.0,0.0,0.0
COMP_0810,2026-08,0.0,0.0,0.0,0.0,0.0
COMP_0811,2025-02,,0.0,1.0,1.0,
COMP_0811,2025-03,,0.0,0.0,1.0,
COMP_0811,2025-04,,0.0,0.0,1.0,
COMP_0811,2025-05,,0.0,0.0,0.0,
COMP_0811,2025-06,,0.0,1.0,0.0,
COMP_0811,2025-07,,1.0,0.0,1.0,
COMP_0811,2025-08,,1.0,0.0,0.0,0.0
COMP_0811,2025-09,,1.0,0.0,1.0,0.0
COMP_0811,2025-10,0.0,1.0,0.0,1.0,0.0
COMP_0811,2025-11,0.0,1.0,0.0,1.0,0.0
COMP_0811,2025-12,0.0,1.0,0.0,1.0,0.0
COMP_0811,2026-01,0.0,1.0,0.0,0.0,0.0
COMP_0811,2026-02,1.0,1.0,0.0,0.0,0.0
COMP_0811,2026-03,1.0,1.0,1.0,0.0,0.0
COMP_0811,2026-04,,1.0,1.0,1.0,0.0
COMP_0811,2026-05,,1.0,1.0,0.0,0.0
COMP_0811,2026-06,,1.0,0.0,0.0,0.0
COMP_0811,2026-07,,1.0,0.0,0.0,0.0
COMP_0811,2026-08,,1.0,0.0,1.0,0.0
COMP_0812,2025-02,,1.0,0.0,0.0,
COMP_0812,2025-03,,1.0,0.0,0.0,
COMP_0812,2025-04,,1.0,0.0,0.0,
COMP_0812,2025-05,,1.0,0.0,0.0,
COMP_0812,2025-06,,1.0,0.0,0.0,
COMP_0812,2025-07,,1.0,0.0,0.0,
COMP_0812,2025-08,0.0,1.0,0.0,0.0,0.0
COMP_0812,2025-09,0.0,1.0,0.0,0.0,0.0
COMP_0812,2025-10,0.0,1.0,0.0,0.0,0.0
COMP_0812,2025-11,0.0,1.0,0.0,0.0,0.0
COMP_0812,2025-12,1.0,1.0,0.0,0.0,0.0
COMP_0812,2026-01,0.0,1.0,0.0,0.0,0.0
COMP_0812,2026-02,0.0,1.0,0.0,0.0,0.0
COMP_0812,2026-03,0.0,1.0,0.0,0.0,0.0
COMP_0812,2026-04,0.0,1.0,0.0,0.0,0.0
COMP_0812,2026-05,0.0,1.0,0.0,0.0,0.0
COMP_0812,2026-06,0.0,1.0,0.0,0.0,0.0
COMP_0812,2026-07,0.0,1.0,0.0,0.0,0.0
COMP_0812,2026-08,0.0,1.0,0.0,0.0,0.0
COMP_0813,2025-02,,0.0,0.0,0.0,
COMP_0813,2025-03,,0.0,0.0,0.0,
COMP_0813,2025-04,,0.0,0.0,0.0,
COMP_0813,2025-05,,0.0,0.0,0.0,
COMP_0813,2025-06,,0.0,0.0,0.0,
COMP_0813,2025-07,,0.0,0.0,1.0,
COMP_0813,2025-08,1.0,0.0,0.0,1.0,0.0
COMP_0813,2025-09,0.0,0.0,0.0,1.0,0.0
COMP_0813,2025-10,1.0,0.0,0.0,1.0,0.0
COMP_0813,2025-11,1.0,0.0,0.0,0.0,0.0
COMP_0813,2025-12,0.0,0.0,0.0,0.0,0.0
COMP_0813,2026-01,0.0,0.0,0.0,1.0,0.0
COMP_0813,2026-02,0.0,1.0,0.0,1.0,0.0
COMP_0813,2026-03,0.0,1.0,0.0,1.0,0.0
COMP_0813,2026-04,0.0,1.0,0.0,1.0,0.0
COMP_0813,2026-05,0.0,0.0,0.0,1.0,0.0
COMP_0813,2026-06,0.0,0.0,0.0,1.0,0.0
COMP_0813,2026-07,0.0,0.0,0.0,1.0,0.0
COMP_0813,2026-08,0.0,0.0,0.0,1.0,0.0
COMP_0814,2025-02,,0.0,0.0,1.0,
COMP_0814,2025-03,,0.0,0.0,1.0,
COMP_0814,2025-04,,0.0,0.0,1.0,
COMP_0814,2025-05,,0.0,0.0,1.0,
COMP_0814,2025-06,,0.0,0.0,1.0,
COMP_0814,2025-07,,0.0,0.0,1.0,
COMP_0814,2025-08,1.0,0.0,0.0,1.0,0.0
COMP_0814,2025-09,0.0,0.0,0.0,1.0,0.0
COMP_0814,2025-10,0.0,0.0,0.0,1.0,0.0
COMP_0814,2025-11,0.0,0.0,0.0,1.0,0.0
COMP_0814,2025-12,0.0,0.0,0.0,0.0,0.0
COMP_0814,2026-01,0.0,0.0,0.0,1.0,0.0
COMP_0814,2026-02,0.0,0.0,0.0,1.0,0.0
COMP_0814,2026-03,0.0,0.0,0.0,1.0,0.0
COMP_0814,2026-04,0.0,0.0,0.0,1.0,0.0
COMP_0814,2026-05,0.0,0.0,0.0,0.0,0.0
COMP_0814,2026-06,0.0,0.0,0.0,1.0,0.0
COMP_0814,2026-07,0.0,0.0,0.0,1.0,0.0
COMP_0814,2026-08,1.0,0.0,0.0,1.0,0.0
COMP_0815,2025-02,,1.0,0.0,0.0,
COMP_0815,2025-03,,0.0,0.0,0.0,
COMP_0815,2025-04,,0.0,0.0,0.0,
COMP_0815,2025-05,,0.0,0.0,0.0,
COMP_0815,2025-06,,1.0,0.0,0.0,
COMP_0815,2025-07,,1.0,0.0,0.0,
COMP_0815,2025-08,0.0,1.0,0.0,0.0,0.0
COMP_0815,2025-09,0.0,1.0,0.0,0.0,0.0
COMP_0815,2025-10,0.0,1.0,0.0,0.0,0.0
COMP_0815,2025-11,0.0,1.0,0.0,0.0,0.0
COMP_0815,2025-12,0.0,1.0,0.0,0.0,0.0
COMP_0815,2026-01,0.0,1.0,0.0,0.0,0.0
COMP_0815,2026-02,0.0,1.0,0.0,0.0,0.0
COMP_0815,2026-03,0.0,1.0,0.0,0.0,0.0
COMP_0815,2026-04,0.0,1.0,0.0,0.0,0.0
COMP_0815,2026-05,0.0,1.0,0.0,0.0,0.0
COMP_0815,2026-06,0.0,1.0,0.0,0.0,0.0
COMP_0815,2026-07,0.0,1.0,0.0,0.0,0.0
COMP_0815,2026-08,0.0,1.0,0.0,0.0,0.0
COMP_0816,2025-02,,,0.0,0.0,
COMP_0816,2025-03,,,0.0,0.0,
COMP_0816,2025-04,,,0.0,0.0,
COMP_0816,2025-05,,,0.0,0.0,
COMP_0816,2025-06,,,0.0,0.0,
COMP_0816,2025-07,,,0.0,0.0,
COMP_0816,2025-08,0.0,,0.0,0.0,0.0
COMP_0816,2025-09,0.0,,0.0,0.0,0.0
COMP_0816,2025-10,0.0,,0.0,0.0,0.0
COMP_0816,2025-11,1.0,,0.0,0.0,0.0
COMP_0816,2025-12,0.0,,0.0,0.0,0.0
COMP_0816,2026-01,1.0,,0.0,0.0,0.0
COMP_0816,2026-02,,,0.0,1.0,0.0
COMP_0816,2026-03,,,0.0,1.0,0.0
COMP_0816,2026-04,,,0.0,1.0,0.0
COMP_0816,2026-05,,,0.0,0.0,0.0
COMP_0816,2026-06,,,0.0,0.0,0.0
COMP_0816,2026-07,,,0.0,0.0,0.0
COMP_0816,2026-08,0.0,,0.0,1.0,0.0
COMP_0817,2025-02,,0.0,0.0,0.0,
COMP_0817,2025-03,,0.0,0.0,0.0,
COMP_0817,2025-04,,0.0,0.0,0.0,
COMP_0817,2025-05,,0.0,0.0,0.0,
COMP_0817,2025-06,,0.0,0.0,0.0,
COMP_0817,2025-07,,0.0,0.0,0.0,
COMP_0817,2025-08,0.0,0.0,0.0,0.0,0.0
COMP_0817,2025-09,1.0,0.0,0.0,0.0,0.0
COMP_0817,2025-10,0.0,0.0,0.0,0.0,0.0
COMP_0817,2025-11,0.0,0.0,0.0,0.0,0.0
COMP_0817,2025-12,0.0,0.0,0.0,0.0,0.0
COMP_0817,2026-01,0.0,0.0,0.0,0.0,0.0
COMP_0817,2026-02,0.0,1.0,0.0,0.0,0.0
COMP_0817,2026-03,0.0,1.0,0.0,0.0,0.0
COMP_0817,2026-04,0.0,1.0,0.0,0.0,0.0
COMP_0817,2026-05,0.0,0.0,0.0,0.0,0.0
COMP_0817,2026-06,0.0,0.0,0.0,0.0,0.0
COMP_0817,2026-07,0.0,0.0,0.0,0.0,0.0
COMP_0817,2026-08,0.0,0.0,0.0,0.0,0.0
COMP_0818,2025-02,,,0.0,0.0,
COMP_0818,2025-03,,,0.0,0.0,
COMP_0818,2025-04,,,0.0,0.0,
COMP_0818,2025-05,,,0.0,0.0,
COMP_0818,2025-06,,,0.0,0.0,
COMP_0818,2025-07,,,0.0,0.0,
COMP_0818,2025-08,,,0.0,0.0,0.0
COMP_0818,2025-09,,,0.0,0.0,0.0
COMP_0818,2025-10,,,0.0,0.0,0.0
COMP_0818,2025-11,,,0.0,0.0,0.0
COMP_0818,2025-12,,,1.0,1.0,0.0
COMP_0818,2026-01,,,1.0,0.0,0.0
COMP_0818,2026-02,,,0.0,0.0,0.0
COMP_0818,2026-03,,,0.0,0.0,0.0
COMP_0818,2026-04,,,0.0,0.0,0.0
COMP_0818,2026-05,,,0.0,0.0,0.0
COMP_0818,2026-06,,,0.0,0.0,
COMP_0818,2026-07,,,0.0,0.0,0.0
COMP_0818,2026-08,,,0.0,0.0,0.0
COMP_0819,2025-02,,0.0,0.0,0.0,
COMP_0819,2025-03,,0.0,0.0,0.0,
COMP_0819,2025-04,,0.0,0.0,1.0,
COMP_0819,2025-05,,0.0,0.0,1.0,
COMP_0819,2025-06,,0.0,0.0,1.0,
COMP_0819,2025-07,,0.0,0.0,1.0,
COMP_0819,2025-08,0.0,0.0,0.0,1.0,0.0
COMP_0819,2025-09,0.0,0.0,0.0,1.0,0.0
COMP_0819,2025-10,0.0,0.0,0.0,0.0,0.0
COMP_0819,2025-11,0.0,0.0,0.0,0.0,0.0
COMP_0819,2025-12,0.0,0.0,0.0,0.0,0.0
COMP_0819,2026-01,0.0,0.0,0.0,0.0,0.0
COMP_0819,2026-02,0.0,0.0,0.0,0.0,0.0
COMP_0819,2026-03,0.0,0.0,0.0,0.0,0.0
COMP_0819,2026-04,0.0,0.0,0.0,0.0,0.0
COMP_0819,2026-05,0.0,0.0,0.0,0.0,0.0
COMP_0819,2026-06,0.0,0.0,0.0,0.0,0.0
COMP_0819,2026-07,0.0,0.0,0.0,0.0,0.0
COMP_0819,2026-08,0.0,0.0,0.0,0.0,0.0
COMP_0820,2025-02,,,1.0,1.0,
COMP_0820,2025-03,,,1.0,1.0,
COMP_0820,2025-04,,,1.0,1.0,
COMP_0820,2025-05,,,1.0,1.0,
COMP_0820,2025-06,,,1.0,1.0,
COMP_0820,2025-07,,,1.0,1.0,
COMP_0820,2025-08,0.0,,1.0,1.0,0.0
COMP_0820,2025-09,0.0,,1.0,1.0,0.0
COMP_0820,2025-10,0.0,,1.0,1.0,0.0
COMP_0820,2025-11,0.0,,1.0,1.0,0.0
COMP_0820,2025-12,0.0,,1.0,1.0,0.0
COMP_0820,2026-01,1.0,,1.0,1.0,0.0
COMP_0820,2026-02,0.0,,1.0,1.0,0.0
COMP_0820,2026-03,0.0,,1.0,1.0,0.0
COMP_0820,2026-04,0.0,,1.0,1.0,0.0
COMP_0820,2026-05,1.0,,1.0,1.0,0.0
COMP_0820,2026-06,0.0,,1.0,1.0,0.0
COMP_0820,2026-07,0.0,,1.0,1.0,0.0
COMP_0820,2026-08,0.0,,1.0,1.0,0.0
COMP_0821,2025-02,,0.0,0.0,0.0,
COMP_0821,2025-03,,0.0,0.0,0.0,
COMP_0821,2025-04,,0.0,0.0,0.0,
COMP_0821,2025-05,,0.0,0.0,0.0,
COMP_0821,2025-06,,0.0,0.0,1.0,
COMP_0821,2025-07,,0.0,0.0,1.0,
COMP_0821,2025-08,0.0,0.0,0.0,1.0,0.0
COMP_0821,2025-09,0.0,0.0,0.0,0.0,0.0
COMP_0821,2025-10,0.0,0.0,0.0,0.0,0.0
COMP_0821,2025-11,0.0,0.0,0.0,0.0,0.0
COMP_0821,2025-12,0.0,0.0,0.0,0.0,0.0
COMP_0821,2026-01,0.0,0.0,0.0,0.0,0.0
COMP_0821,2026-02,0.0,0.0,0.0,0.0,0.0
COMP_0821,2026-03,0.0,0.0,0.0,0.0,0.0
COMP_0821,2026-04,0.0,0.0,0.0,0.0,0.0
COMP_0821,2026-05,0.0,0.0,0.0,0.0,0.0
COMP_0821,2026-06,1.0,0.0,0.0,0.0,0.0
COMP_0821,2026-07,0.0,0.0,0.0,0.0,0.0
COMP_0821,2026-08,1.0,0.0,0.0,0.0,0.0
COMP_0822,2026-01,,,,,
COMP_0822,2026-02,,,,,
COMP_0822,2026-03,,,,,
COMP_0822,2026-04,,,,,
COMP_0822,2026-05,,,,,
COMP_0822,2026-06,,,,,
COMP_0822,2026-07,,,,,0.0
COMP_0822,2026-08,,,,,0.0
COMP_0823,2025-02,,,0.0,0.0,
COMP_0823,2025-03,,,0.0,0.0,
COMP_0823,2025-04,,,0.0,0.0,
COMP_0823,2025-05,,,0.0,0.0,
COMP_0823,2025-06,,,0.0,0.0,
COMP_0823,2025-07,,,0.0,0.0,
COMP_0823,2025-08,,,0.0,0.0,0.0
COMP_0823,2025-09,,,0.0,0.0,0.0
COMP_0823,2025-10,,,0.0,0.0,0.0
COMP_0823,2025-11,,,0.0,0.0,0.0
COMP_0823,2025-12,,,0.0,0.0,0.0
COMP_0823,2026-01,,,0.0,0.0,0.0
COMP_0823,2026-02,,,0.0,0.0,0.0
COMP_0823,2026-03,,,0.0,0.0,0.0
COMP_0823,2026-04,,,0.0,0.0,0.0
COMP_0823,2026-05,,,0.0,0.0,0.0
COMP_0823,2026-06,,,0.0,0.0,0.0
COMP_0823,2026-07,,,0.0,0.0,0.0
COMP_0823,2026-08,,,0.0,0.0,0.0
COMP_0824,2025-02,,,1.0,1.0,
COMP_0824,2025-03,,,1.0,1.0,
COMP_0824,2025-04,,,1.0,1.0,
COMP_0824,2025-05,,,1.0,0.0,
COMP_0824,2025-06,,,1.0,1.0,
COMP_0824,2025-07,,,1.0,1.0,
COMP_0824,2025-08,0.0,,1.0,1.0,0.0
COMP_0824,2025-09,0.0,,1.0,0.0,0.0
COMP_0824,2025-10,0.0,,1.0,1.0,0.0
COMP_0824,2025-11,0.0,,1.0,1.0,0.0
COMP_0824,2025-12,0.0,,1.0,1.0,0.0
COMP_0824,2026-01,0.0,,1.0,1.0,0.0
COMP_0824,2026-02,0.0,,1.0,1.0,0.0
COMP_0824,2026-03,0.0,,1.0,1.0,0.0
COMP_0824,2026-04,0.0,,1.0,1.0,0.0
COMP_0824,2026-05,0.0,,1.0,1.0,0.0
COMP_0824,2026-06,0.0,,1.0,1.0,0.0
COMP_0824,2026-07,0.0,,1.0,1.0,0.0
COMP_0824,2026-08,0.0,,1.0,1.0,0.0
COMP_0825,2025-02,,,0.0,0.0,
COMP_0825,2025-03,,,0.0,0.0,
COMP_0825,2025-04,,,0.0,0.0,
COMP_0825,2025-05,,,0.0,0.0,
COMP_0825,2025-06,,,0.0,0.0,
COMP_0825,2025-07,,,0.0,0.0,
COMP_0825,2025-08,,,0.0,0.0,0.0
COMP_0825,2025-09,,,0.0,0.0,0.0
COMP_0825,2025-10,,,0.0,0.0,0.0
COMP_0825,2025-11,,,0.0,0.0,0.0
COMP_0825,2025-12,,,0.0,0.0,0.0
COMP_0825,2026-01,,,0.0,0.0,0.0
COMP_0825,2026-02,,,0.0,0.0,0.0
COMP_0825,2026-03,,,0.0,0.0,0.0
COMP_0825,2026-04,,,0.0,0.0,0.0
COMP_0825,2026-05,,,0.0,0.0,0.0
COMP_0825,2026-06,,,0.0,0.0,0.0
COMP_0825,2026-07,,,0.0,0.0,0.0
COMP_0825,2026-08,,,0.0,0.0,0.0
COMP_0826,2025-02,,1.0,0.0,0.0,
COMP_0826,2025-03,,0.0,0.0,0.0,
COMP_0826,2025-04,,0.0,0.0,0.0,
COMP_0826,2025-05,,0.0,0.0,0.0,
COMP_0826,2025-06,,1.0,0.0,0.0,
COMP_0826,2025-07,,1.0,0.0,0.0,
COMP_0826,2025-08,0.0,1.0,0.0,0.0,0.0
COMP_0826,2025-09,0.0,1.0,0.0,0.0,0.0
COMP_0826,2025-10,0.0,1.0,0.0,0.0,0.0
COMP_0826,2025-11,0.0,1.0,0.0,0.0,0.0
COMP_0826,2025-12,0.0,1.0,0.0,0.0,0.0
COMP_0826,2026-01,0.0,1.0,0.0,0.0,0.0
COMP_0826,2026-02,0.0,1.0,0.0,0.0,0.0
COMP_0826,2026-03,0.0,1.0,0.0,0.0,0.0
COMP_0826,2026-04,0.0,1.0,0.0,0.0,0.0
COMP_0826,2026-05,0.0,1.0,0.0,0.0,0.0
COMP_0826,2026-06,0.0,1.0,0.0,0.0,0.0
COMP_0826,2026-07,0.0,1.0,0.0,0.0,0.0
COMP_0826,2026-08,0.0,1.0,0.0,0.0,0.0
COMP_0827,2025-02,,,0.0,0.0,
COMP_0827,2025-03,,,0.0,0.0,
COMP_0827,2025-04,,,0.0,0.0,
COMP_0827,2025-05,,,0.0,0.0,
COMP_0827,2025-06,,,0.0,0.0,
COMP_0827,2025-07,,,0.0,0.0,
COMP_0827,2025-08,0.0,,0.0,0.0,0.0
COMP_0827,2025-09,0.0,,0.0,0.0,0.0
COMP_0827,2025-10,0.0,,0.0,0.0,0.0
COMP_0827,2025-11,1.0,,0.0,0.0,0.0
COMP_0827,2025-12,0.0,,0.0,0.0,0.0
COMP_0827,2026-01,0.0,,0.0,0.0,0.0
COMP_0827,2026-02,0.0,,0.0,0.0,0.0
COMP_0827,2026-03,0.0,,0.0,0.0,0.0
COMP_0827,2026-04,0.0,,0.0,0.0,0.0
COMP_0827,2026-05,0.0,,0.0,1.0,0.0
COMP_0827,2026-06,0.0,,0.0,1.0,0.0
COMP_0827,2026-07,0.0,,0.0,1.0,0.0
COMP_0827,2026-08,0.0,,0.0,1.0,0.0
COMP_0828,2025-02,,1.0,0.0,1.0,
COMP_0828,2025-03,,1.0,1.0,1.0,
COMP_0828,2025-04,,0.0,0.0,1.0,
COMP_0828,2025-05,,1.0,1.0,1.0,
COMP_0828,2025-06,,1.0,1.0,0.0,
COMP_0828,2025-07,,1.0,1.0,0.0,
COMP_0828,2025-08,,1.0,1.0,1.0,0.0
COMP_0828,2025-09,,1.0,0.0,1.0,0.0
COMP_0828,2025-10,,1.0,0.0,0.0,0.0
COMP_0828,2025-11,,1.0,1.0,0.0,0.0
COMP_0828,2025-12,,1.0,0.0,0.0,0.0
COMP_0828,2026-01,,1.0,1.0,1.0,0.0
COMP_0828,2026-02,,1.0,1.0,0.0,0.0
COMP_0828,2026-03,,1.0,1.0,1.0,0.0
COMP_0828,2026-04,,1.0,1.0,0.0,0.0
COMP_0828,2026-05,,1.0,1.0,1.0,0.0
COMP_0828,2026-06,,1.0,1.0,0.0,0.0
COMP_0828,2026-07,,1.0,1.0,0.0,0.0
COMP_0828,2026-08,,1.0,0.0,0.0,0.0
COMP_0829,2025-02,,0.0,0.0,0.0,
COMP_0829,2025-03,,0.0,0.0,0.0,
COMP_0829,2025-04,,0.0,0.0,0.0,
COMP_0829,2025-05,,0.0,0.0,0.0,
COMP_0829,2025-06,,0.0,0.0,0.0,
COMP_0829,2025-07,,0.0,0.0,0.0,
COMP_0829,2025-08,0.0,0.0,0.0,0.0,0.0
COMP_0829,2025-09,0.0,0.0,0.0,0.0,0.0
COMP_0829,2025-10,0.0,0.0,0.0,0.0,1.0
COMP_0829,2025-11,0.0,0.0,0.0,0.0,0.0
COMP_0829,2025-12,0.0,0.0,0.0,0.0,0.0
COMP_0829,2026-01,0.0,0.0,0.0,1.0,0.0
COMP_0829,2026-02,0.0,0.0,0.0,1.0,0.0
COMP_0829,2026-03,0.0,0.0,0.0,1.0,0.0
COMP_0829,2026-04,0.0,0.0,0.0,1.0,0.0
COMP_0829,2026-05,0.0,0.0,0.0,1.0,0.0
COMP_0829,2026-06,0.0,0.0,0.0,1.0,0.0
COMP_0829,2026-07,0.0,0.0,0.0,1.0,0.0
COMP_0829,2026-08,0.0,0.0,0.0,1.0,0.0
COMP_0830,2025-02,,,0.0,0.0,
COMP_0830,2025-03,,,0.0,0.0,
COMP_0830,2025-04,,,0.0,1.0,
COMP_0830,2025-05,,,0.0,1.0,
COMP_0830,2025-06,,,0.0,1.0,
COMP_0830,2025-07,,,0.0,0.0,
COMP_0830,2025-08,,,0.0,1.0,0.0
COMP_0830,2025-09,,,0.0,1.0,0.0
COMP_0830,2025-10,,,0.0,0.0,0.0
COMP_0830,2025-11,,,0.0,1.0,0.0
COMP_0830,2025-12,,,1.0,1.0,0.0
COMP_0830,2026-01,,,1.0,0.0,0.0
COMP_0830,2026-02,,,0.0,0.0,0.0
COMP_0830,2026-03,,,0.0,0.0,0.0
COMP_0830,2026-04,,,0.0,0.0,0.0
COMP_0830,2026-05,,,0.0,0.0,0.0
COMP_0830,2026-06,,,0.0,0.0,0.0
COMP_0830,2026-07,,,0.0,0.0,0.0
COMP_0830,2026-08,,,0.0,0.0,0.0
COMP_0831,2025-02,,0.0,0.0,0.0,
COMP_0831,2025-03,,0.0,0.0,1.0,
COMP_0831,2025-04,,0.0,0.0,0.0,
COMP_0831,2025-05,,0.0,0.0,1.0,
COMP_0831,2025-06,,0.0,0.0,1.0,
COMP_0831,2025-07,,0.0,0.0,1.0,
COMP_0831,2025-08,,0.0,0.0,1.0,0.0
COMP_0831,2025-09,,0.0,0.0,0.0,0.0
COMP_0831,2025-10,,0.0,0.0,0.0,0.0
COMP_0831,2025-11,,1.0,0.0,0.0,0.0
COMP_0831,2025-12,,1.0,0.0,0.0,0.0
COMP_0831,2026-01,,0.0,0.0,0.0,0.0
COMP_0831,2026-02,,0.0,0.0,0.0,0.0
COMP_0831,2026-03,,0.0,0.0,0.0,0.0
COMP_0831,2026-04,,0.0,0.0,0.0,0.0
COMP_0831,2026-05,,0.0,0.0,0.0,0.0
COMP_0831,2026-06,,0.0,0.0,0.0,0.0
COMP_0831,2026-07,,1.0,0.0,0.0,0.0
COMP_0831,2026-08,,1.0,0.0,0.0,
COMP_0832,2025-02,,0.0,0.0,0.0,
COMP_0832,2025-03,,0.0,0.0,0.0,
COMP_0832,2025-04,,0.0,0.0,0.0,
COMP_0832,2025-05,,0.0,0.0,0.0,
COMP_0832,2025-06,,0.0,0.0,0.0,
COMP_0832,2025-07,,0.0,0.0,1.0,
COMP_0832,2025-08,0.0,0.0,0.0,0.0,0.0
COMP_0832,2025-09,0.0,0.0,0.0,0.0,0.0
COMP_0832,2025-10,0.0,0.0,0.0,0.0,0.0
COMP_0832,2025-11,0.0,0.0,0.0,0.0,0.0
COMP_0832,2025-12,0.0,0.0,0.0,0.0,0.0
COMP_0832,2026-01,0.0,0.0,0.0,0.0,0.0
COMP_0832,2026-02,0.0,0.0,0.0,0.0,0.0
COMP_0832,2026-03,0.0,0.0,0.0,0.0,0.0
COMP_0832,2026-04,0.0,0.0,0.0,0.0,0.0
COMP_0832,2026-05,0.0,0.0,0.0,0.0,0.0
COMP_0832,2026-06,0.0,0.0,0.0,0.0,0.0
COMP_0832,2026-07,0.0,0.0,0.0,0.0,0.0
COMP_0832,2026-08,0.0,0.0,0.0,0.0,0.0
COMP_0833,2025-02,,,0.0,0.0,
COMP_0833,2025-03,,,0.0,1.0,
COMP_0833,2025-04,,,0.0,1.0,
COMP_0833,2025-05,,,0.0,1.0,
COMP_0833,2025-06,,,0.0,1.0,
COMP_0833,2025-07,,,0.0,1.0,
COMP_0833,2025-08,,,0.0,0.0,0.0
COMP_0833,2025-09,,,0.0,1.0,0.0
COMP_0833,2025-10,,,0.0,1.0,0.0
COMP_0833,2025-11,,,0.0,1.0,0.0
COMP_0833,2025-12,,,0.0,1.0,0.0
COMP_0833,2026-01,,,0.0,1.0,0.0
COMP_0833,2026-02,,,0.0,1.0,0.0
COMP_0833,2026-03,,,0.0,0.0,0.0
COMP_0833,2026-04,,,0.0,1.0,0.0
COMP_0833,2026-05,,,0.0,1.0,0.0
COMP_0833,2026-06,,,0.0,1.0,0.0
COMP_0833,2026-07,0.0,,0.0,0.0,1.0
COMP_0833,2026-08,0.0,,0.0,0.0,0.0
COMP_0834,2025-02,,0.0,0.0,1.0,
COMP_0834,2025-03,,0.0,0.0,0.0,
COMP_0834,2025-04,,0.0,0.0,1.0,
COMP_0834,2025-05,,0.0,0.0,0.0,
COMP_0834,2025-06,,0.0,0.0,0.0,
COMP_0834,2025-07,,1.0,0.0,0.0,
COMP_0834,2025-08,,1.0,0.0,0.0,0.0
COMP_0834,2025-09,,0.0,0.0,0.0,0.0
COMP_0834,2025-10,,0.0,0.0,0.0,0.0
COMP_0834,2025-11,,0.0,0.0,0.0,0.0
COMP_0834,2025-12,,1.0,0.0,0.0,0.0
COMP_0834,2026-01,,1.0,0.0,0.0,0.0
COMP_0834,2026-02,,0.0,0.0,0.0,0.0
COMP_0834,2026-03,,0.0,0.0,0.0,0.0
COMP_0834,2026-04,,0.0,0.0,0.0,0.0
COMP_0834,2026-05,,0.0,0.0,0.0,0.0
COMP_0834,2026-06,,0.0,0.0,0.0,0.0
COMP_0834,2026-07,,0.0,0.0,0.0,0.0
COMP_0834,2026-08,,0.0,0.0,0.0,0.0
COMP_0835,2025-02,,0.0,0.0,0.0,
COMP_0835,2025-03,,0.0,0.0,0.0,
COMP_0835,2025-04,,0.0,0.0,0.0,
COMP_0835,2025-05,,0.0,0.0,0.0,
COMP_0835,2025-06,,0.0,0.0,0.0,
COMP_0835,2025-07,,0.0,0.0,0.0,
COMP_0835,2025-08,0.0,0.0,0.0,0.0,0.0
COMP_0835,2025-09,0.0,0.0,0.0,0.0,0.0
COMP_0835,2025-10,0.0,0.0,0.0,0.0,0.0
COMP_0835,2025-11,0.0,0.0,0.0,0.0,0.0
COMP_0835,2025-12,0.0,0.0,0.0,0.0,0.0
COMP_0835,2026-01,0.0,0.0,0.0,0.0,0.0
COMP_0835,2026-02,1.0,0.0,0.0,0.0,0.0
COMP_0835,2026-03,1.0,0.0,0.0,0.0,0.0
COMP_0835,2026-04,0.0,0.0,0.0,0.0,0.0
COMP_0835,2026-05,0.0,0.0,0.0,0.0,0.0
COMP_0835,2026-06,0.0,0.0,0.0,0.0,0.0
COMP_0835,2026-07,0.0,0.0,0.0,0.0,0.0
COMP_0835,2026-08,0.0,0.0,0.0,0.0,0.0
COMP_0836,2025-10,,1.0,0.0,0.0,
COMP_0836,2025-11,,1.0,0.0,0.0,
COMP_0836,2025-12,,1.0,0.0,0.0,
COMP_0836,2026-01,,1.0,0.0,0.0,
COMP_0836,2026-02,,1.0,0.0,1.0,
COMP_0836,2026-03,,1.0,0.0,1.0,
COMP_0836,2026-04,,1.0,0.0,0.0,0.0
COMP_0836,2026-05,,1.0,0.0,0.0,0.0
COMP_0836,2026-06,,1.0,0.0,0.0,0.0
COMP_0836,2026-07,,1.0,0.0,0.0,0.0
COMP_0836,2026-08,,1.0,0.0,0.0,0.0
COMP_0837,2025-02,,,0.0,0.0,
COMP_0837,2025-03,,,0.0,0.0,
COMP_0837,2025-04,,,0.0,0.0,
COMP_0837,2025-05,,,0.0,0.0,
COMP_0837,2025-06,,,0.0,0.0,
COMP_0837,2025-07,,,0.0,0.0,
COMP_0837,2025-08,0.0,,0.0,0.0,0.0
COMP_0837,2025-09,1.0,,0.0,0.0,0.0
COMP_0837,2025-10,0.0,,0.0,0.0,1.0
COMP_0837,2025-11,0.0,,0.0,0.0,0.0
COMP_0837,2025-12,0.0,,0.0,0.0,0.0
COMP_0837,2026-01,1.0,,0.0,0.0,0.0
COMP_0837,2026-02,0.0,,0.0,0.0,0.0
COMP_0837,2026-03,0.0,,0.0,0.0,0.0
COMP_0837,2026-04,0.0,,0.0,0.0,0.0
COMP_0837,2026-05,0.0,,0.0,0.0,0.0
COMP_0837,2026-06,0.0,,0.0,0.0,0.0
COMP_0837,2026-07,0.0,,0.0,0.0,0.0
COMP_0837,2026-08,0.0,,0.0,0.0,0.0
COMP_0838,2025-02,,1.0,0.0,0.0,
COMP_0838,2025-03,,0.0,0.0,0.0,
COMP_0838,2025-04,,0.0,0.0,0.0,
COMP_0838,2025-05,,0.0,0.0,0.0,
COMP_0838,2025-06,,1.0,0.0,0.0,
COMP_0838,2025-07,,1.0,0.0,0.0,
COMP_0838,2025-08,0.0,1.0,0.0,0.0,0.0
COMP_0838,2025-09,0.0,1.0,0.0,0.0,0.0
COMP_0838,2025-10,0.0,1.0,0.0,0.0,0.0
COMP_0838,2025-11,0.0,1.0,0.0,0.0,0.0
COMP_0838,2025-12,0.0,1.0,0.0,0.0,0.0
COMP_0838,2026-01,0.0,1.0,0.0,0.0,0.0
COMP_0838,2026-02,0.0,1.0,0.0,0.0,0.0
COMP_0838,2026-03,0.0,1.0,0.0,0.0,0.0
COMP_0838,2026-04,0.0,1.0,0.0,0.0,0.0
COMP_0838,2026-05,0.0,1.0,0.0,0.0,0.0
COMP_0838,2026-06,0.0,1.0,0.0,0.0,0.0
COMP_0838,2026-07,0.0,1.0,0.0,0.0,0.0
COMP_0838,2026-08,0.0,1.0,0.0,0.0,0.0
COMP_0839,2025-02,,1.0,0.0,0.0,
COMP_0839,2025-03,,0.0,0.0,0.0,
COMP_0839,2025-04,,0.0,0.0,0.0,
COMP_0839,2025-05,,0.0,0.0,0.0,
COMP_0839,2025-06,,1.0,0.0,0.0,
COMP_0839,2025-07,,1.0,0.0,0.0,
COMP_0839,2025-08,0.0,1.0,0.0,0.0,0.0
COMP_0839,2025-09,0.0,1.0,0.0,0.0,0.0
COMP_0839,2025-10,0.0,1.0,0.0,0.0,0.0
COMP_0839,2025-11,0.0,1.0,0.0,0.0,0.0
COMP_0839,2025-12,0.0,1.0,0.0,0.0,0.0
COMP_0839,2026-01,0.0,1.0,0.0,0.0,0.0
COMP_0839,2026-02,0.0,1.0,0.0,0.0,0.0
COMP_0839,2026-03,0.0,1.0,0.0,0.0,0.0
COMP_0839,2026-04,0.0,1.0,0.0,0.0,0.0
COMP_0839,2026-05,0.0,1.0,0.0,0.0,0.0
COMP_0839,2026-06,0.0,1.0,0.0,0.0,0.0
COMP_0839,2026-07,0.0,1.0,0.0,0.0,0.0
COMP_0839,2026-08,0.0,1.0,0.0,0.0,0.0
COMP_0840,2025-02,,,0.0,0.0,
COMP_0840,2025-03,,,0.0,0.0,
COMP_0840,2025-04,,,0.0,0.0,
COMP_0840,2025-05,,,0.0,0.0,
COMP_0840,2025-06,,,0.0,0.0,
COMP_0840,2025-07,,,0.0,0.0,
COMP_0840,2025-08,,,0.0,0.0,
COMP_0840,2025-09,,,0.0,0.0,
COMP_0840,2025-10,,,0.0,,
COMP_0840,2025-11,,,0.0,,
COMP_0840,2025-12,,,0.0,,
COMP_0840,2026-01,,,0.0,,
COMP_0840,2026-02,,,0.0,,
COMP_0840,2026-03,,,0.0,,
COMP_0840,2026-04,,,0.0,,
COMP_0840,2026-05,,,0.0,,
COMP_0840,2026-06,,,0.0,,
COMP_0840,2026-07,,,0.0,,
COMP_0840,2026-08,,,0.0,,
COMP_0841,2025-02,,,0.0,0.0,
COMP_0841,2025-03,,,0.0,0.0,
COMP_0841,2025-04,,,0.0,1.0,
COMP_0841,2025-05,,,0.0,1.0,
COMP_0841,2025-06,,,0.0,1.0,
COMP_0841,2025-07,,,0.0,0.0,
COMP_0841,2025-08,0.0,,0.0,0.0,0.0
COMP_0841,2025-09,0.0,,0.0,0.0,0.0
COMP_0841,2025-10,0.0,,0.0,0.0,0.0
COMP_0841,2025-11,0.0,,0.0,0.0,0.0
COMP_0841,2025-12,0.0,,0.0,0.0,0.0
COMP_0841,2026-01,0.0,,0.0,0.0,1.0
COMP_0841,2026-02,0.0,,0.0,0.0,0.0
COMP_0841,2026-03,0.0,,0.0,0.0,0.0
COMP_0841,2026-04,0.0,,0.0,1.0,0.0
COMP_0841,2026-05,1.0,,0.0,0.0,0.0
COMP_0841,2026-06,0.0,,0.0,1.0,0.0
COMP_0841,2026-07,0.0,,0.0,0.0,0.0
COMP_0841,2026-08,0.0,,0.0,0.0,0.0
COMP_0842,2025-06,,0.0,0.0,0.0,
COMP_0842,2025-07,,0.0,0.0,0.0,
COMP_0842,2025-08,,0.0,0.0,0.0,
COMP_0842,2025-09,,0.0,0.0,0.0,
COMP_0842,2025-10,,0.0,0.0,0.0,
COMP_0842,2025-11,,0.0,0.0,0.0,
COMP_0842,2025-12,0.0,0.0,0.0,0.0,0.0
COMP_0842,2026-01,0.0,0.0,0.0,0.0,0.0
COMP_0842,2026-02,0.0,0.0,0.0,0.0,0.0
COMP_0842,2026-03,0.0,0.0,0.0,0.0,0.0
COMP_0842,2026-04,0.0,0.0,0.0,0.0,0.0
COMP_0842,2026-05,0.0,0.0,0.0,0.0,0.0
COMP_0842,2026-06,0.0,0.0,0.0,1.0,0.0
COMP_0842,2026-07,0.0,0.0,0.0,1.0,0.0
COMP_0842,2026-08,0.0,0.0,0.0,1.0,0.0
COMP_0843,2025-02,,0.0,0.0,1.0,
COMP_0843,2025-03,,0.0,0.0,1.0,
COMP_0843,2025-04,,0.0,0.0,0.0,
COMP_0843,2025-05,,0.0,0.0,0.0,
COMP_0843,2025-06,,0.0,0.0,0.0,
COMP_0843,2025-07,,0.0,0.0,0.0,
COMP_0843,2025-08,0.0,0.0,0.0,1.0,0.0
COMP_0843,2025-09,0.0,0.0,0.0,1.0,0.0
COMP_0843,2025-10,0.0,0.0,0.0,0.0,0.0
COMP_0843,2025-11,0.0,0.0,0.0,1.0,0.0
COMP_0843,2025-12,0.0,0.0,0.0,1.0,0.0
COMP_0843,2026-01,0.0,0.0,0.0,1.0,0.0
COMP_0843,2026-02,0.0,0.0,0.0,1.0,0.0
COMP_0843,2026-03,0.0,0.0,0.0,1.0,0.0
COMP_0843,2026-04,0.0,0.0,0.0,0.0,0.0
COMP_0843,2026-05,0.0,0.0,0.0,0.0,0.0
COMP_0843,2026-06,0.0,0.0,0.0,0.0,0.0
COMP_0843,2026-07,0.0,0.0,0.0,0.0,0.0
COMP_0843,2026-08,0.0,0.0,0.0,0.0,0.0
COMP_0844,2025-06,,0.0,0.0,0.0,
COMP_0844,2025-07,,0.0,0.0,0.0,
COMP_0844,2025-08,,0.0,0.0,0.0,
COMP_0844,2025-09,,0.0,0.0,0.0,
COMP_0844,2025-10,,0.0,0.0,0.0,
COMP_0844,2025-11,,0.0,0.0,0.0,
COMP_0844,2025-12,,0.0,0.0,0.0,0.0
COMP_0844,2026-01,,0.0,0.0,0.0,
COMP_0844,2026-02,,0.0,0.0,0.0,
COMP_0844,2026-03,,,0.0,,
COMP_0844,2026-04,,,0.0,,
COMP_0844,2026-05,,0.0,0.0,0.0,0.0
COMP_0844,2026-06,,0.0,0.0,0.0,0.0
COMP_0844,2026-07,,0.0,0.0,0.0,
COMP_0844,2026-08,,0.0,0.0,0.0,
COMP_0845,2025-06,,0.0,0.0,0.0,
COMP_0845,2025-07,,0.0,0.0,0.0,
COMP_0845,2025-08,,0.0,0.0,0.0,
COMP_0845,2025-09,,0.0,0.0,0.0,
COMP_0845,2025-10,,0.0,0.0,0.0,
COMP_0845,2025-11,,0.0,0.0,0.0,
COMP_0845,2025-12,0.0,0.0,0.0,0.0,0.0
COMP_0845,2026-01,0.0,0.0,0.0,0.0,0.0
COMP_0845,2026-02,0.0,0.0,0.0,0.0,0.0
COMP_0845,2026-03,0.0,0.0,0.0,0.0,0.0
COMP_0845,2026-04,0.0,0.0,0.0,0.0,0.0
COMP_0845,2026-05,0.0,0.0,0.0,0.0,0.0
COMP_0845,2026-06,0.0,0.0,0.0,0.0,0.0
COMP_0845,2026-07,0.0,0.0,0.0,0.0,0.0
COMP_0845,2026-08,0.0,0.0,0.0,0.0,0.0
COMP_0846,2025-02,,0.0,0.0,1.0,
COMP_0846,2025-03,,1.0,0.0,1.0,
COMP_0846,2025-04,,0.0,0.0,1.0,
COMP_0846,2025-05,,0.0,0.0,1.0,
COMP_0846,2025-06,,0.0,0.0,1.0,
COMP_0846,2025-07,,0.0,0.0,1.0,
COMP_0846,2025-08,0.0,0.0,0.0,1.0,0.0
COMP_0846,2025-09,0.0,0.0,0.0,0.0,0.0
COMP_0846,2025-10,0.0,0.0,0.0,0.0,0.0
COMP_0846,2025-11,0.0,0.0,0.0,0.0,0.0
COMP_0846,2025-12,0.0,0.0,0.0,1.0,0.0
COMP_0846,2026-01,0.0,0.0,0.0,1.0,0.0
COMP_0846,2026-02,0.0,0.0,0.0,1.0,0.0
COMP_0846,2026-03,0.0,0.0,0.0,1.0,0.0
COMP_0846,2026-04,0.0,0.0,0.0,1.0,0.0
COMP_0846,2026-05,0.0,0.0,0.0,0.0,0.0
COMP_0846,2026-06,0.0,0.0,0.0,1.0,0.0
COMP_0846,2026-07,0.0,0.0,0.0,0.0,0.0
COMP_0846,2026-08,0.0,0.0,0.0,1.0,0.0
COMP_0847,2025-02,,0.0,0.0,0.0,
COMP_0847,2025-03,,0.0,0.0,0.0,
COMP_0847,2025-04,,0.0,0.0,0.0,
COMP_0847,2025-05,,0.0,0.0,0.0,
COMP_0847,2025-06,,0.0,0.0,0.0,
COMP_0847,2025-07,,0.0,0.0,1.0,
COMP_0847,2025-08,0.0,0.0,0.0,1.0,0.0
COMP_0847,2025-09,0.0,0.0,0.0,0.0,0.0
COMP_0847,2025-10,0.0,0.0,0.0,0.0,0.0
COMP_0847,2025-11,0.0,0.0,0.0,0.0,0.0
COMP_0847,2025-12,0.0,0.0,0.0,0.0,0.0
COMP_0847,2026-01,0.0,0.0,0.0,0.0,0.0
COMP_0847,2026-02,0.0,0.0,0.0,0.0,0.0
COMP_0847,2026-03,0.0,0.0,0.0,0.0,0.0
COMP_0847,2026-04,0.0,0.0,0.0,0.0,0.0
COMP_0847,2026-05,0.0,0.0,0.0,1.0,0.0
COMP_0847,2026-06,0.0,0.0,0.0,1.0,0.0
COMP_0847,2026-07,0.0,0.0,0.0,1.0,0.0
COMP_0847,2026-08,0.0,0.0,0.0,1.0,0.0
COMP_0848,2025-02,,,1.0,0.0,
COMP_0848,2025-03,,,0.0,0.0,
COMP_0848,2025-04,,,0.0,0.0,
COMP_0848,2025-05,,,0.0,0.0,
COMP_0848,2025-06,,,0.0,1.0,
COMP_0848,2025-07,,,0.0,1.0,
COMP_0848,2025-08,,,0.0,1.0,0.0
COMP_0848,2025-09,,,1.0,1.0,0.0
COMP_0848,2025-10,,,1.0,1.0,0.0
COMP_0848,2025-11,,,0.0,0.0,0.0
COMP_0848,2025-12,,,0.0,0.0,0.0
COMP_0848,2026-01,,,0.0,0.0,0.0
COMP_0848,2026-02,,,0.0,0.0,0.0
COMP_0848,2026-03,,,0.0,0.0,0.0
COMP_0848,2026-04,0.0,,0.0,1.0,0.0
COMP_0848,2026-05,0.0,,1.0,1.0,0.0
COMP_0848,2026-06,0.0,,0.0,1.0,0.0
COMP_0848,2026-07,0.0,,0.0,0.0,0.0
COMP_0848,2026-08,0.0,,0.0,0.0,0.0
COMP_0849,2026-07,,0.0,0.0,0.0,
COMP_0849,2026-08,,0.0,1.0,1.0,
COMP_0850,2026-06,,,0.0,1.0,
COMP_0850,2026-07,,,0.0,0.0,
COMP_0850,2026-08,,,0.0,0.0,
COMP_0851,2026-05,,,0.0,0.0,
COMP_0851,2026-06,,,0.0,0.0,
COMP_0851,2026-07,,,0.0,0.0,
COMP_0851,2026-08,,,0.0,0.0,
COMP_0852,2025-02,,0.0,0.0,0.0,
COMP_0852,2025-03,,0.0,0.0,1.0,
COMP_0852,2025-04,,0.0,0.0,1.0,
COMP_0852,2025-05,,0.0,0.0,0.0,
COMP_0852,2025-06,,0.0,0.0,0.0,
COMP_0852,2025-07,,0.0,0.0,0.0,
COMP_0852,2025-08,0.0,0.0,0.0,0.0,0.0
COMP_0852,2025-09,1.0,0.0,0.0,0.0,0.0
COMP_0852,2025-10,0.0,0.0,0.0,0.0,0.0
COMP_0852,2025-11,0.0,0.0,0.0,1.0,0.0
COMP_0852,2025-12,1.0,0.0,0.0,1.0,0.0
COMP_0852,2026-01,0.0,0.0,0.0,1.0,0.0
COMP_0852,2026-02,0.0,0.0,0.0,0.0,0.0
COMP_0852,2026-03,0.0,0.0,0.0,1.0,0.0
COMP_0852,2026-04,0.0,0.0,0.0,1.0,0.0
COMP_0852,2026-05,0.0,0.0,0.0,0.0,0.0
COMP_0852,2026-06,0.0,0.0,0.0,0.0,0.0
COMP_0852,2026-07,0.0,0.0,0.0,0.0,0.0
COMP_0852,2026-08,0.0,0.0,0.0,0.0,0.0
COMP_0853,2026-06,,,0.0,0.0,
COMP_0853,2026-07,,,0.0,0.0,
COMP_0853,2026-08,,,0.0,0.0,
COMP_0854,2025-10,,0.0,1.0,1.0,
COMP_0854,2025-11,,0.0,1.0,1.0,
COMP_0854,2025-12,,0.0,1.0,1.0,
COMP_0854,2026-01,,0.0,1.0,1.0,
COMP_0854,2026-02,,0.0,1.0,1.0,
COMP_0854,2026-03,,0.0,1.0,1.0,
COMP_0854,2026-04,0.0,0.0,1.0,1.0,0.0
COMP_0854,2026-05,0.0,0.0,1.0,1.0,0.0
COMP_0854,2026-06,0.0,0.0,1.0,1.0,0.0
COMP_0854,2026-07,0.0,0.0,1.0,1.0,0.0
COMP_0854,2026-08,0.0,0.0,1.0,1.0,0.0
COMP_0855,2026-08,,,0.0,1.0,
COMP_0856,2025-02,,0.0,0.0,0.0,
COMP_0856,2025-03,,0.0,0.0,1.0,
COMP_0856,2025-04,,1.0,0.0,1.0,
COMP_0856,2025-05,,1.0,0.0,1.0,
COMP_0856,2025-06,,1.0,0.0,0.0,
COMP_0856,2025-07,,0.0,0.0,0.0,
COMP_0856,2025-08,,0.0,0.0,0.0,0.0
COMP_0856,2025-09,,1.0,0.0,0.0,0.0
COMP_0856,2025-10,,1.0,0.0,0.0,0.0
COMP_0856,2025-11,,1.0,0.0,0.0,0.0
COMP_0856,2025-12,,0.0,0.0,0.0,0.0
COMP_0856,2026-01,,0.0,0.0,1.0,0.0
COMP_0856,2026-02,0.0,0.0,0.0,0.0,0.0
COMP_0856,2026-03,0.0,0.0,0.0,0.0,0.0
COMP_0856,2026-04,0.0,0.0,0.0,0.0,0.0
COMP_0856,2026-05,0.0,0.0,0.0,1.0,0.0
COMP_0856,2026-06,0.0,1.0,0.0,0.0,0.0
COMP_0856,2026-07,0.0,1.0,0.0,0.0,0.0
COMP_0856,2026-08,0.0,0.0,0.0,0.0,0.0
COMP_0857,2025-07,,0.0,0.0,1.0,
COMP_0857,2025-08,,0.0,1.0,0.0,
COMP_0857,2025-09,,0.0,0.0,0.0,
COMP_0857,2025-10,,0.0,0.0,0.0,
COMP_0857,2025-11,,0.0,0.0,0.0,
COMP_0857,2025-12,,0.0,0.0,0.0,
COMP_0857,2026-01,,0.0,0.0,0.0,0.0
COMP_0857,2026-02,,0.0,0.0,0.0,0.0
COMP_0857,2026-03,,0.0,0.0,0.0,1.0
COMP_0857,2026-04,,0.0,0.0,0.0,0.0
COMP_0857,2026-05,,0.0,0.0,0.0,0.0
COMP_0857,2026-06,,0.0,0.0,0.0,
COMP_0857,2026-07,,0.0,0.0,0.0,
COMP_0857,2026-08,,,0.0,,
COMP_0858,2026-06,,0.0,0.0,1.0,
COMP_0858,2026-07,,0.0,0.0,1.0,
COMP_0858,2026-08,,0.0,0.0,1.0,
COMP_0859,2025-02,,,0.0,0.0,
COMP_0859,2025-03,,,0.0,0.0,
COMP_0859,2025-04,,,0.0,0.0,
COMP_0859,2025-05,,,0.0,,
COMP_0859,2025-06,,,0.0,0.0,
COMP_0859,2025-07,,,0.0,0.0,
COMP_0859,2025-08,,,0.0,1.0,0.0
COMP_0859,2025-09,,,0.0,1.0,0.0
COMP_0859,2025-10,,,0.0,1.0,0.0
COMP_0859,2025-11,,,0.0,1.0,0.0
COMP_0859,2025-12,,,0.0,1.0,0.0
COMP_0859,2026-01,,,0.0,0.0,0.0
COMP_0859,2026-02,0.0,,0.0,0.0,0.0
COMP_0859,2026-03,1.0,,0.0,0.0,0.0
COMP_0859,2026-04,0.0,,0.0,0.0,0.0
COMP_0859,2026-05,0.0,,0.0,1.0,0.0
COMP_0859,2026-06,0.0,,0.0,1.0,0.0
COMP_0859,2026-07,0.0,,0.0,1.0,0.0
COMP_0859,2026-08,0.0,,0.0,1.0,0.0
COMP_0860,2026-06,,,0.0,0.0,
COMP_0860,2026-07,,,0.0,0.0,
COMP_0860,2026-08,,,0.0,1.0,
COMP_0861,2025-06,,0.0,0.0,0.0,
COMP_0861,2025-07,,0.0,0.0,0.0,
COMP_0861,2025-08,,0.0,0.0,0.0,
COMP_0861,2025-09,,0.0,0.0,0.0,
COMP_0861,2025-10,,0.0,0.0,0.0,
COMP_0861,2025-11,,0.0,0.0,0.0,
COMP_0861,2025-12,0.0,0.0,0.0,0.0,0.0
COMP_0861,2026-01,0.0,0.0,0.0,0.0,0.0
COMP_0861,2026-02,1.0,0.0,0.0,0.0,0.0
COMP_0861,2026-03,0.0,0.0,0.0,0.0,0.0
COMP_0861,2026-04,0.0,0.0,0.0,0.0,0.0
COMP_0861,2026-05,0.0,0.0,0.0,0.0,0.0
COMP_0861,2026-06,0.0,0.0,0.0,0.0,0.0
COMP_0861,2026-07,0.0,0.0,0.0,0.0,0.0
COMP_0861,2026-08,0.0,0.0,0.0,0.0,0.0
COMP_0862,2025-02,,0.0,0.0,1.0,
COMP_0862,2025-03,,0.0,0.0,0.0,
COMP_0862,2025-04,,0.0,0.0,1.0,
COMP_0862,2025-05,,0.0,0.0,0.0,
COMP_0862,2025-06,,0.0,0.0,0.0,
COMP_0862,2025-07,,0.0,0.0,0.0,
COMP_0862,2025-08,,0.0,0.0,0.0,0.0
COMP_0862,2025-09,,0.0,0.0,0.0,0.0
COMP_0862,2025-10,,0.0,0.0,0.0,0.0
COMP_0862,2025-11,,0.0,0.0,0.0,0.0
COMP_0862,2025-12,,0.0,0.0,0.0,0.0
COMP_0862,2026-01,,0.0,0.0,1.0,0.0
COMP_0862,2026-02,1.0,0.0,0.0,0.0,0.0
COMP_0862,2026-03,0.0,0.0,0.0,1.0,0.0
COMP_0862,2026-04,0.0,0.0,0.0,1.0,0.0
COMP_0862,2026-05,1.0,0.0,0.0,1.0,0.0
COMP_0862,2026-06,,0.0,1.0,1.0,0.0
COMP_0862,2026-07,,0.0,1.0,1.0,0.0
COMP_0862,2026-08,,0.0,1.0,1.0,0.0
COMP_0863,2025-06,,,0.0,0.0,
COMP_0863,2025-07,,,0.0,0.0,
COMP_0863,2025-08,,,0.0,0.0,
COMP_0863,2025-09,,,0.0,0.0,
COMP_0863,2025-10,,,0.0,0.0,
COMP_0863,2025-11,,,0.0,1.0,
COMP_0863,2025-12,,,0.0,1.0,0.0
COMP_0863,2026-01,,,0.0,1.0,0.0
COMP_0863,2026-02,,,0.0,1.0,1.0
COMP_0863,2026-03,,,0.0,1.0,0.0
COMP_0863,2026-04,,,0.0,1.0,0.0
COMP_0863,2026-05,,,0.0,1.0,
COMP_0863,2026-06,,,0.0,1.0,0.0
COMP_0863,2026-07,,,0.0,0.0,0.0
COMP_0863,2026-08,,,0.0,0.0,0.0
COMP_0864,2025-02,,0.0,0.0,0.0,
COMP_0864,2025-03,,0.0,0.0,1.0,
COMP_0864,2025-04,,0.0,0.0,1.0,
COMP_0864,2025-05,,0.0,0.0,1.0,
COMP_0864,2025-06,,0.0,0.0,0.0,
COMP_0864,2025-07,,0.0,0.0,0.0,
COMP_0864,2025-08,0.0,0.0,0.0,0.0,0.0
COMP_0864,2025-09,0.0,0.0,0.0,0.0,0.0
COMP_0864,2025-10,0.0,0.0,0.0,0.0,0.0
COMP_0864,2025-11,1.0,0.0,0.0,0.0,0.0
COMP_0864,2025-12,0.0,1.0,0.0,0.0,0.0
COMP_0864,2026-01,0.0,0.0,0.0,0.0,0.0
COMP_0864,2026-02,0.0,0.0,0.0,0.0,0.0
COMP_0864,2026-03,1.0,0.0,0.0,0.0,0.0
COMP_0864,2026-04,0.0,0.0,0.0,0.0,0.0
COMP_0864,2026-05,0.0,0.0,0.0,0.0,0.0
COMP_0864,2026-06,0.0,0.0,0.0,0.0,0.0
COMP_0864,2026-07,0.0,0.0,0.0,1.0,0.0
COMP_0864,2026-08,0.0,0.0,0.0,1.0,0.0
COMP_0865,2026-02,,0.0,0.0,0.0,
COMP_0865,2026-03,,1.0,0.0,0.0,
COMP_0865,2026-04,,1.0,0.0,0.0,
COMP_0865,2026-05,,1.0,0.0,0.0,
COMP_0865,2026-06,,0.0,0.0,0.0,
COMP_0865,2026-07,,0.0,0.0,1.0,
COMP_0865,2026-08,0.0,0.0,0.0,1.0,0.0
COMP_0866,2025-04,,0.0,0.0,0.0,
COMP_0866,2025-05,,0.0,0.0,0.0,
COMP_0866,2025-06,,0.0,0.0,0.0,
COMP_0866,2025-07,,0.0,0.0,0.0,
COMP_0866,2025-08,,0.0,0.0,0.0,
COMP_0866,2025-09,,0.0,0.0,0.0,
COMP_0866,2025-10,0.0,0.0,0.0,1.0,0.0
COMP_0866,2025-11,0.0,0.0,0.0,0.0,0.0
COMP_0866,2025-12,0.0,0.0,0.0,0.0,0.0
COMP_0866,2026-01,0.0,0.0,0.0,0.0,0.0
COMP_0866,2026-02,1.0,0.0,0.0,0.0,0.0
COMP_0866,2026-03,0.0,0.0,0.0,0.0,0.0
COMP_0866,2026-04,0.0,0.0,0.0,0.0,0.0
COMP_0866,2026-05,1.0,0.0,0.0,0.0,0.0
COMP_0866,2026-06,,0.0,0.0,0.0,0.0
COMP_0866,2026-07,,0.0,0.0,0.0,0.0
COMP_0866,2026-08,,0.0,0.0,0.0,0.0
COMP_0867,2025-06,,,0.0,0.0,
COMP_0867,2025-07,,,0.0,0.0,
COMP_0867,2025-08,,,0.0,0.0,
COMP_0867,2025-09,,,0.0,1.0,
COMP_0867,2025-10,,,0.0,0.0,
COMP_0867,2025-11,,,0.0,0.0,
COMP_0867,2025-12,,,0.0,0.0,
COMP_0867,2026-01,,,0.0,,
COMP_0867,2026-02,,,0.0,0.0,0.0
COMP_0867,2026-03,,,0.0,0.0,
COMP_0867,2026-04,,,0.0,1.0,0.0
COMP_0867,2026-05,,,0.0,1.0,
COMP_0867,2026-06,,,0.0,1.0,
COMP_0867,2026-07,,,0.0,,
COMP_0867,2026-08,,,0.0,,
COMP_0868,2025-02,,0.0,0.0,0.0,
COMP_0868,2025-03,,0.0,0.0,1.0,
COMP_0868,2025-04,,0.0,0.0,1.0,
COMP_0868,2025-05,,0.0,0.0,1.0,
COMP_0868,2025-06,,0.0,0.0,0.0,
COMP_0868,2025-07,,0.0,0.0,0.0,
COMP_0868,2025-08,0.0,0.0,0.0,1.0,0.0
COMP_0868,2025-09,0.0,0.0,0.0,0.0,0.0
COMP_0868,2025-10,0.0,0.0,0.0,1.0,0.0
COMP_0868,2025-11,0.0,0.0,0.0,0.0,0.0
COMP_0868,2025-12,0.0,0.0,0.0,1.0,0.0
COMP_0868,2026-01,0.0,0.0,0.0,0.0,0.0
COMP_0868,2026-02,0.0,0.0,0.0,0.0,0.0
COMP_0868,2026-03,0.0,0.0,0.0,0.0,0.0
COMP_0868,2026-04,0.0,0.0,0.0,1.0,0.0
COMP_0868,2026-05,0.0,0.0,0.0,1.0,0.0
COMP_0868,2026-06,0.0,0.0,0.0,0.0,0.0
COMP_0868,2026-07,0.0,0.0,0.0,0.0,0.0
COMP_0868,2026-08,0.0,0.0,0.0,0.0,0.0
COMP_0869,2025-06,,0.0,1.0,1.0,
COMP_0869,2025-07,,0.0,1.0,1.0,
COMP_0869,2025-08,,0.0,1.0,1.0,
COMP_0869,2025-09,,0.0,1.0,0.0,
COMP_0869,2025-10,,0.0,1.0,0.0,
COMP_0869,2025-11,,0.0,1.0,0.0,
COMP_0869,2025-12,,0.0,0.0,0.0,0.0
COMP_0869,2026-01,,0.0,1.0,1.0,0.0
COMP_0869,2026-02,,0.0,1.0,0.0,0.0
COMP_0869,2026-03,,0.0,0.0,1.0,
COMP_0869,2026-04,,0.0,0.0,0.0,
COMP_0869,2026-05,,,0.0,,
COMP_0869,2026-06,,,0.0,,
COMP_0869,2026-07,,,0.0,,
COMP_0869,2026-08,,,0.0,,
COMP_0870,2025-02,,0.0,0.0,0.0,
COMP_0870,2025-03,,0.0,0.0,0.0,
COMP_0870,2025-04,,0.0,0.0,0.0,
COMP_0870,2025-05,,0.0,0.0,0.0,
COMP_0870,2025-06,,1.0,0.0,0.0,
COMP_0870,2025-07,,1.0,0.0,0.0,
COMP_0870,2025-08,0.0,0.0,0.0,0.0,0.0
COMP_0870,2025-09,0.0,0.0,0.0,0.0,0.0
COMP_0870,2025-10,0.0,0.0,0.0,0.0,0.0
COMP_0870,2025-11,0.0,0.0,0.0,0.0,0.0
COMP_0870,2025-12,0.0,0.0,0.0,0.0,0.0
COMP_0870,2026-01,0.0,0.0,0.0,0.0,0.0
COMP_0870,2026-02,0.0,0.0,0.0,0.0,0.0
COMP_0870,2026-03,0.0,0.0,0.0,0.0,0.0
COMP_0870,2026-04,1.0,0.0,0.0,0.0,0.0
COMP_0870,2026-05,,0.0,0.0,0.0,
COMP_0870,2026-06,,0.0,0.0,0.0,
COMP_0870,2026-07,,,0.0,,
COMP_0870,2026-08,,,0.0,,
COMP_0871,2025-02,,1.0,0.0,1.0,
COMP_0871,2025-03,,1.0,0.0,1.0,
COMP_0871,2025-04,,1.0,0.0,1.0,
COMP_0871,2025-05,,1.0,0.0,1.0,
COMP_0871,2025-06,,1.0,0.0,1.0,
COMP_0871,2025-07,,1.0,0.0,1.0,
COMP_0871,2025-08,1.0,0.0,0.0,0.0,0.0
COMP_0871,2025-09,0.0,0.0,0.0,1.0,0.0
COMP_0871,2025-10,0.0,0.0,0.0,0.0,0.0
COMP_0871,2025-11,0.0,0.0,0.0,1.0,0.0
COMP_0871,2025-12,0.0,0.0,0.0,0.0,0.0
COMP_0871,2026-01,1.0,0.0,0.0,0.0,0.0
COMP_0871,2026-02,,0.0,0.0,0.0,0.0
COMP_0871,2026-03,0.0,0.0,0.0,1.0,0.0
COMP_0871,2026-04,0.0,0.0,0.0,1.0,0.0
COMP_0871,2026-05,1.0,0.0,0.0,1.0,0.0
COMP_0871,2026-06,,0.0,0.0,0.0,0.0
COMP_0871,2026-07,,0.0,0.0,0.0,0.0
COMP_0871,2026-08,0.0,0.0,0.0,0.0,0.0
COMP_0872,2026-06,,,0.0,1.0,
COMP_0872,2026-07,,,0.0,1.0,
COMP_0872,2026-08,,,0.0,1.0,
COMP_0873,2025-05,,0.0,0.0,1.0,
COMP_0873,2025-06,,0.0,0.0,1.0,
COMP_0873,2025-07,,0.0,0.0,1.0,
COMP_0873,2025-08,,0.0,0.0,1.0,
COMP_0873,2025-09,,0.0,0.0,1.0,
COMP_0873,2025-10,,1.0,0.0,1.0,
COMP_0873,2025-11,0.0,1.0,0.0,1.0,0.0
COMP_0873,2025-12,1.0,1.0,0.0,1.0,0.0
COMP_0873,2026-01,0.0,1.0,0.0,0.0,0.0
COMP_0873,2026-02,0.0,0.0,0.0,0.0,0.0
COMP_0873,2026-03,0.0,1.0,0.0,0.0,0.0
COMP_0873,2026-04,0.0,1.0,0.0,1.0,0.0
COMP_0873,2026-05,0.0,1.0,0.0,1.0,0.0
COMP_0873,2026-06,0.0,1.0,0.0,1.0,0.0
COMP_0873,2026-07,0.0,1.0,0.0,1.0,0.0
COMP_0873,2026-08,0.0,1.0,0.0,0.0,0.0
COMP_0874,2026-03,,0.0,0.0,0.0,
COMP_0874,2026-04,,0.0,0.0,0.0,
COMP_0874,2026-05,,0.0,0.0,1.0,
COMP_0874,2026-06,,0.0,0.0,1.0,
COMP_0874,2026-07,,0.0,0.0,1.0,
COMP_0874,2026-08,,0.0,0.0,1.0,
COMP_0875,2025-02,,1.0,0.0,0.0,
COMP_0875,2025-03,,1.0,0.0,0.0,
COMP_0875,2025-04,,1.0,0.0,0.0,
COMP_0875,2025-05,,1.0,0.0,0.0,
COMP_0875,2025-06,,1.0,0.0,0.0,
COMP_0875,2025-07,,1.0,0.0,0.0,
COMP_0875,2025-08,,1.0,0.0,0.0,0.0
COMP_0875,2025-09,,1.0,0.0,0.0,0.0
COMP_0875,2025-10,,1.0,0.0,0.0,0.0
COMP_0875,2025-11,,1.0,0.0,0.0,0.0
COMP_0875,2025-12,,1.0,0.0,0.0,0.0
COMP_0875,2026-01,,1.0,0.0,1.0,0.0
COMP_0875,2026-02,,1.0,0.0,0.0,0.0
COMP_0875,2026-03,,1.0,0.0,0.0,1.0
COMP_0875,2026-04,,1.0,0.0,0.0,0.0
COMP_0875,2026-05,,1.0,0.0,0.0,0.0
COMP_0875,2026-06,,1.0,0.0,0.0,1.0
COMP_0875,2026-07,,1.0,0.0,0.0,0.0
COMP_0875,2026-08,,1.0,0.0,0.0,0.0
COMP_0876,2025-02,,1.0,0.0,1.0,
COMP_0876,2025-03,,1.0,1.0,1.0,
COMP_0876,2025-04,,1.0,1.0,1.0,
COMP_0876,2025-05,,1.0,1.0,0.0,
COMP_0876,2025-06,,1.0,0.0,0.0,
COMP_0876,2025-07,,1.0,1.0,1.0,
COMP_0876,2025-08,,1.0,1.0,1.0,0.0
COMP_0876,2025-09,,1.0,1.0,1.0,0.0
COMP_0876,2025-10,,1.0,1.0,0.0,0.0
COMP_0876,2025-11,,1.0,0.0,0.0,0.0
COMP_0876,2025-12,,1.0,1.0,1.0,0.0
COMP_0876,2026-01,,1.0,1.0,1.0,0.0
COMP_0876,2026-02,0.0,1.0,1.0,1.0,0.0
COMP_0876,2026-03,0.0,1.0,1.0,0.0,0.0
COMP_0876,2026-04,1.0,1.0,1.0,0.0,0.0
COMP_0876,2026-05,1.0,1.0,0.0,1.0,0.0
COMP_0876,2026-06,,1.0,0.0,0.0,0.0
COMP_0876,2026-07,,1.0,0.0,1.0,0.0
COMP_0876,2026-08,,1.0,0.0,0.0,0.0
COMP_0877,2025-12,,,0.0,0.0,
COMP_0877,2026-01,,,0.0,0.0,
COMP_0877,2026-02,,,0.0,0.0,
COMP_0877,2026-03,,,0.0,0.0,
COMP_0877,2026-04,,,0.0,0.0,
COMP_0877,2026-05,,,0.0,0.0,
COMP_0877,2026-06,0.0,,0.0,0.0,1.0
COMP_0877,2026-07,0.0,,0.0,0.0,0.0
COMP_0877,2026-08,0.0,,0.0,0.0,0.0
COMP_0878,2026-06,,0.0,0.0,0.0,
COMP_0878,2026-07,,0.0,0.0,1.0,
COMP_0878,2026-08,,0.0,0.0,1.0,
COMP_0879,2025-06,,0.0,0.0,0.0,
COMP_0879,2025-07,,0.0,0.0,0.0,
COMP_0879,2025-08,,0.0,0.0,0.0,
COMP_0879,2025-09,,0.0,0.0,0.0,
COMP_0879,2025-10,,0.0,0.0,0.0,
COMP_0879,2025-11,,0.0,0.0,0.0,
COMP_0879,2025-12,,0.0,0.0,1.0,0.0
COMP_0879,2026-01,,0.0,0.0,1.0,0.0
COMP_0879,2026-02,,0.0,0.0,0.0,0.0
COMP_0879,2026-03,,0.0,0.0,0.0,0.0
COMP_0879,2026-04,,0.0,0.0,0.0,0.0
COMP_0879,2026-05,,0.0,0.0,0.0,0.0
COMP_0879,2026-06,,0.0,0.0,0.0,0.0
COMP_0879,2026-07,,0.0,0.0,0.0,0.0
COMP_0879,2026-08,,0.0,0.0,1.0,0.0
COMP_0880,2026-01,,0.0,0.0,0.0,
COMP_0880,2026-02,,0.0,0.0,0.0,
COMP_0880,2026-03,,0.0,0.0,0.0,
COMP_0880,2026-04,,0.0,0.0,0.0,
COMP_0880,2026-05,,0.0,0.0,0.0,
COMP_0880,2026-06,,0.0,0.0,0.0,
COMP_0880,2026-07,,0.0,0.0,1.0,0.0
COMP_0880,2026-08,,0.0,0.0,0.0,0.0
COMP_0881,2025-08,,,0.0,0.0,
COMP_0881,2025-09,,,0.0,0.0,
COMP_0881,2025-10,,,0.0,0.0,
COMP_0881,2025-11,,,0.0,0.0,
COMP_0881,2025-12,,,0.0,0.0,
COMP_0881,2026-01,,,0.0,0.0,
COMP_0881,2026-02,0.0,,0.0,0.0,0.0
COMP_0881,2026-03,0.0,,0.0,0.0,0.0
COMP_0881,2026-04,0.0,,0.0,0.0,0.0
COMP_0881,2026-05,0.0,,0.0,0.0,0.0
COMP_0881,2026-06,1.0,,0.0,0.0,0.0
COMP_0881,2026-07,0.0,,0.0,0.0,0.0
COMP_0881,2026-08,0.0,,0.0,0.0,0.0
COMP_0882,2025-02,,0.0,0.0,0.0,
COMP_0882,2025-03,,0.0,0.0,0.0,
COMP_0882,2025-04,,0.0,0.0,0.0,
COMP_0882,2025-05,,0.0,0.0,0.0,
COMP_0882,2025-06,,0.0,0.0,0.0,
COMP_0882,2025-07,,0.0,0.0,0.0,
COMP_0882,2025-08,,0.0,0.0,0.0,0.0
COMP_0882,2025-09,,0.0,0.0,0.0,0.0
COMP_0882,2025-10,,0.0,0.0,0.0,0.0
COMP_0882,2025-11,,0.0,0.0,0.0,0.0
COMP_0882,2025-12,,0.0,0.0,0.0,0.0
COMP_0882,2026-01,,0.0,0.0,0.0,0.0
COMP_0882,2026-02,,0.0,0.0,0.0,0.0
COMP_0882,2026-03,,0.0,0.0,0.0,0.0
COMP_0882,2026-04,,0.0,0.0,0.0,0.0
COMP_0882,2026-05,,0.0,0.0,0.0,0.0
COMP_0882,2026-06,,0.0,0.0,0.0,0.0
COMP_0882,2026-07,,0.0,0.0,0.0,0.0
COMP_0882,2026-08,,0.0,0.0,0.0,0.0
COMP_0883,2025-02,,0.0,0.0,0.0,
COMP_0883,2025-03,,0.0,0.0,0.0,
COMP_0883,2025-04,,0.0,0.0,0.0,
COMP_0883,2025-05,,0.0,0.0,0.0,
COMP_0883,2025-06,,0.0,0.0,0.0,
COMP_0883,2025-07,,0.0,0.0,0.0,
COMP_0883,2025-08,,0.0,0.0,0.0,0.0
COMP_0883,2025-09,,0.0,0.0,0.0,0.0
COMP_0883,2025-10,,0.0,0.0,0.0,0.0
COMP_0883,2025-11,,0.0,0.0,0.0,0.0
COMP_0883,2025-12,,0.0,0.0,0.0,0.0
COMP_0883,2026-01,,0.0,0.0,0.0,
COMP_0883,2026-02,,0.0,0.0,0.0,
COMP_0883,2026-03,,,0.0,,
COMP_0883,2026-04,,0.0,0.0,0.0,0.0
COMP_0883,2026-05,,0.0,0.0,0.0,0.0
COMP_0883,2026-06,,0.0,0.0,0.0,0.0
COMP_0883,2026-07,,0.0,0.0,0.0,0.0
COMP_0883,2026-08,,0.0,0.0,0.0,0.0
COMP_0884,2025-06,,0.0,0.0,1.0,
COMP_0884,2025-07,,0.0,0.0,1.0,
COMP_0884,2025-08,,1.0,0.0,0.0,
COMP_0884,2025-09,,1.0,0.0,0.0,
COMP_0884,2025-10,,1.0,0.0,0.0,
COMP_0884,2025-11,,0.0,0.0,0.0,
COMP_0884,2025-12,0.0,0.0,0.0,0.0,0.0
COMP_0884,2026-01,0.0,0.0,0.0,0.0,0.0
COMP_0884,2026-02,0.0,0.0,0.0,0.0,0.0
COMP_0884,2026-03,0.0,0.0,0.0,0.0,0.0
COMP_0884,2026-04,0.0,0.0,0.0,0.0,0.0
COMP_0884,2026-05,0.0,1.0,0.0,0.0,0.0
COMP_0884,2026-06,0.0,0.0,0.0,0.0,0.0
COMP_0884,2026-07,0.0,0.0,0.0,0.0,0.0
COMP_0884,2026-08,0.0,0.0,0.0,0.0,0.0
COMP_0885,2025-02,,,1.0,0.0,
COMP_0885,2025-03,,,1.0,1.0,
COMP_0885,2025-04,,,1.0,1.0,
COMP_0885,2025-05,,,0.0,1.0,
COMP_0885,2025-06,,,0.0,1.0,
COMP_0885,2025-07,,,1.0,1.0,
COMP_0885,2025-08,0.0,,1.0,1.0,0.0
COMP_0885,2025-09,0.0,,1.0,1.0,0.0
COMP_0885,2025-10,0.0,,1.0,1.0,0.0
COMP_0885,2025-11,0.0,,1.0,1.0,0.0
COMP_0885,2025-12,0.0,,1.0,1.0,0.0
COMP_0885,2026-01,0.0,,0.0,1.0,0.0
COMP_0885,2026-02,0.0,,0.0,1.0,0.0
COMP_0885,2026-03,0.0,,0.0,1.0,0.0
COMP_0885,2026-04,0.0,,0.0,1.0,0.0
COMP_0885,2026-05,0.0,,0.0,1.0,0.0
COMP_0885,2026-06,0.0,,0.0,1.0,0.0
COMP_0885,2026-07,0.0,,0.0,1.0,0.0
COMP_0885,2026-08,0.0,,0.0,1.0,0.0
COMP_0886,2025-02,,,0.0,1.0,
COMP_0886,2025-03,,,0.0,0.0,
COMP_0886,2025-04,,,0.0,1.0,
COMP_0886,2025-05,,,0.0,0.0,
COMP_0886,2025-06,,,0.0,0.0,
COMP_0886,2025-07,,,0.0,0.0,
COMP_0886,2025-08,0.0,,0.0,0.0,0.0
COMP_0886,2025-09,0.0,,0.0,0.0,0.0
COMP_0886,2025-10,0.0,,0.0,0.0,0.0
COMP_0886,2025-11,0.0,,0.0,0.0,0.0
COMP_0886,2025-12,0.0,,0.0,0.0,0.0
COMP_0886,2026-01,0.0,,0.0,0.0,0.0
COMP_0886,2026-02,0.0,,0.0,0.0,0.0
COMP_0886,2026-03,0.0,,0.0,0.0,0.0
COMP_0886,2026-04,0.0,,0.0,0.0,0.0
COMP_0886,2026-05,0.0,,0.0,1.0,0.0
COMP_0886,2026-06,1.0,,0.0,1.0,0.0
COMP_0886,2026-07,0.0,,0.0,1.0,0.0
COMP_0886,2026-08,0.0,,0.0,0.0,0.0
COMP_0887,2026-06,,0.0,0.0,1.0,
COMP_0887,2026-07,,0.0,0.0,1.0,
COMP_0887,2026-08,,0.0,0.0,1.0,
COMP_0888,2025-02,,0.0,0.0,0.0,
COMP_0888,2025-03,,0.0,0.0,0.0,
COMP_0888,2025-04,,0.0,0.0,1.0,
COMP_0888,2025-05,,0.0,0.0,1.0,
COMP_0888,2025-06,,0.0,0.0,1.0,
COMP_0888,2025-07,,1.0,0.0,0.0,
COMP_0888,2025-08,0.0,1.0,0.0,0.0,0.0
COMP_0888,2025-09,0.0,0.0,0.0,0.0,0.0
COMP_0888,2025-10,0.0,0.0,0.0,0.0,0.0
COMP_0888,2025-11,0.0,0.0,0.0,1.0,0.0
COMP_0888,2025-12,0.0,0.0,0.0,0.0,0.0
COMP_0888,2026-01,0.0,0.0,0.0,1.0,0.0
COMP_0888,2026-02,0.0,0.0,0.0,1.0,0.0
COMP_0888,2026-03,0.0,0.0,0.0,1.0,0.0
COMP_0888,2026-04,0.0,0.0,0.0,0.0,0.0
COMP_0888,2026-05,0.0,0.0,0.0,0.0,0.0
COMP_0888,2026-06,0.0,0.0,0.0,0.0,0.0
COMP_0888,2026-07,0.0,0.0,0.0,0.0,0.0
COMP_0888,2026-08,0.0,0.0,0.0,0.0,0.0
COMP_0889,2025-02,,,,,
COMP_0889,2025-03,,,,,
COMP_0889,2025-04,,,,,
COMP_0889,2025-05,,,,,
COMP_0889,2025-06,,,,,
COMP_0889,2025-07,,,,,
COMP_0889,2025-08,,,,,0.0
COMP_0889,2025-09,,,,,0.0
COMP_0889,2025-10,,,,,0.0
COMP_0889,2025-11,,,,,0.0
COMP_0889,2025-12,,,,,0.0
COMP_0889,2026-01,,,,,0.0
COMP_0889,2026-02,,,,,0.0
COMP_0889,2026-03,,,,,0.0
COMP_0889,2026-04,,,,,0.0
COMP_0889,2026-05,,,,,0.0
COMP_0889,2026-06,,,,,
COMP_0889,2026-07,,,,,
COMP_0889,2026-08,,,,,
COMP_0890,2025-02,,0.0,0.0,1.0,
COMP_0890,2025-03,,0.0,0.0,1.0,
COMP_0890,2025-04,,0.0,0.0,1.0,
COMP_0890,2025-05,,0.0,0.0,1.0,
COMP_0890,2025-06,,0.0,0.0,1.0,
COMP_0890,2025-07,,0.0,0.0,1.0,
COMP_0890,2025-08,0.0,0.0,0.0,1.0,0.0
COMP_0890,2025-09,0.0,0.0,0.0,1.0,0.0
COMP_0890,2025-10,0.0,0.0,0.0,1.0,0.0
COMP_0890,2025-11,0.0,0.0,0.0,1.0,0.0
COMP_0890,2025-12,0.0,0.0,0.0,1.0,0.0
COMP_0890,2026-01,0.0,0.0,0.0,1.0,0.0
COMP_0890,2026-02,0.0,0.0,0.0,1.0,0.0
COMP_0890,2026-03,0.0,0.0,0.0,1.0,0.0
COMP_0890,2026-04,0.0,0.0,0.0,1.0,0.0
COMP_0890,2026-05,0.0,0.0,0.0,1.0,0.0
COMP_0890,2026-06,0.0,0.0,0.0,1.0,0.0
COMP_0890,2026-07,0.0,1.0,0.0,1.0,0.0
COMP_0890,2026-08,0.0,1.0,0.0,1.0,0.0
COMP_0891,2026-01,,,0.0,0.0,
COMP_0891,2026-02,,,0.0,0.0,
COMP_0891,2026-03,,,0.0,0.0,
COMP_0891,2026-04,,,0.0,0.0,
COMP_0891,2026-05,,,0.0,0.0,
COMP_0891,2026-06,,,0.0,0.0,
COMP_0891,2026-07,0.0,,0.0,0.0,0.0
COMP_0891,2026-08,0.0,,0.0,0.0,0.0
COMP_0892,2025-02,,0.0,0.0,0.0,
COMP_0892,2025-03,,0.0,0.0,0.0,
COMP_0892,2025-04,,0.0,0.0,0.0,
COMP_0892,2025-05,,0.0,0.0,0.0,
COMP_0892,2025-06,,0.0,0.0,0.0,
COMP_0892,2025-07,,1.0,0.0,0.0,
COMP_0892,2025-08,0.0,1.0,0.0,0.0,0.0
COMP_0892,2025-09,0.0,1.0,0.0,0.0,0.0
COMP_0892,2025-10,0.0,0.0,0.0,1.0,0.0
COMP_0892,2025-11,0.0,0.0,0.0,1.0,0.0
COMP_0892,2025-12,0.0,0.0,0.0,0.0,0.0
COMP_0892,2026-01,0.0,0.0,0.0,0.0,0.0
COMP_0892,2026-02,0.0,0.0,0.0,0.0,0.0
COMP_0892,2026-03,0.0,0.0,0.0,1.0,0.0
COMP_0892,2026-04,0.0,0.0,0.0,0.0,0.0
COMP_0892,2026-05,0.0,0.0,0.0,0.0,0.0
COMP_0892,2026-06,0.0,0.0,0.0,0.0,0.0
COMP_0892,2026-07,0.0,0.0,0.0,0.0,0.0
COMP_0892,2026-08,0.0,0.0,0.0,0.0,0.0
COMP_0893,2026-07,,,0.0,0.0,
COMP_0893,2026-08,,,0.0,1.0,
COMP_0894,2025-08,,,0.0,1.0,
COMP_0894,2025-09,,,0.0,1.0,
COMP_0894,2025-10,,,0.0,1.0,
COMP_0894,2025-11,,,0.0,1.0,
COMP_0894,2025-12,,,0.0,1.0,
COMP_0894,2026-01,,,0.0,1.0,
COMP_0894,2026-02,,,0.0,1.0,0.0
COMP_0894,2026-03,,,0.0,1.0,0.0
COMP_0894,2026-04,,,0.0,1.0,0.0
COMP_0894,2026-05,,,0.0,1.0,0.0
COMP_0894,2026-06,,,0.0,1.0,0.0
COMP_0894,2026-07,,,0.0,1.0,0.0
COMP_0894,2026-08,,,0.0,1.0,0.0
COMP_0895,2025-02,,0.0,0.0,1.0,
COMP_0895,2025-03,,0.0,0.0,1.0,
COMP_0895,2025-04,,0.0,0.0,0.0,
COMP_0895,2025-05,,0.0,0.0,1.0,
COMP_0895,2025-06,,0.0,0.0,1.0,
COMP_0895,2025-07,,0.0,0.0,1.0,
COMP_0895,2025-08,0.0,0.0,0.0,1.0,0.0
COMP_0895,2025-09,0.0,0.0,0.0,1.0,0.0
COMP_0895,2025-10,0.0,0.0,0.0,1.0,0.0
COMP_0895,2025-11,1.0,0.0,0.0,1.0,0.0
COMP_0895,2025-12,0.0,0.0,0.0,1.0,0.0
COMP_0895,2026-01,0.0,1.0,0.0,1.0,0.0
COMP_0895,2026-02,0.0,0.0,0.0,1.0,0.0
COMP_0895,2026-03,1.0,0.0,0.0,1.0,0.0
COMP_0895,2026-04,0.0,0.0,0.0,1.0,0.0
COMP_0895,2026-05,0.0,0.0,0.0,0.0,0.0
COMP_0895,2026-06,0.0,0.0,0.0,0.0,0.0
COMP_0895,2026-07,0.0,0.0,0.0,1.0,0.0
COMP_0895,2026-08,0.0,0.0,0.0,1.0,0.0
COMP_0896,2026-05,,,0.0,0.0,
COMP_0896,2026-06,,,0.0,1.0,
COMP_0896,2026-07,,,0.0,1.0,
COMP_0896,2026-08,,,0.0,1.0,
COMP_0897,2025-06,,0.0,0.0,0.0,
COMP_0897,2025-07,,0.0,0.0,0.0,
COMP_0897,2025-08,,0.0,0.0,0.0,
COMP_0897,2025-09,,0.0,0.0,0.0,
COMP_0897,2025-10,,0.0,0.0,0.0,
COMP_0897,2025-11,,0.0,0.0,0.0,
COMP_0897,2025-12,,0.0,0.0,0.0,0.0
COMP_0897,2026-01,,0.0,0.0,0.0,0.0
COMP_0897,2026-02,,0.0,0.0,0.0,0.0
COMP_0897,2026-03,0.0,0.0,0.0,0.0,0.0
COMP_0897,2026-04,0.0,0.0,0.0,0.0,0.0
COMP_0897,2026-05,0.0,0.0,0.0,0.0,0.0
COMP_0897,2026-06,0.0,0.0,0.0,1.0,1.0
COMP_0897,2026-07,0.0,0.0,0.0,1.0,0.0
COMP_0897,2026-08,0.0,0.0,0.0,1.0,0.0
COMP_0898,2026-07,,,0.0,1.0,
COMP_0898,2026-08,,,0.0,1.0,
COMP_0899,2025-11,,0.0,0.0,1.0,
COMP_0899,2025-12,,0.0,0.0,0.0,
COMP_0899,2026-01,,0.0,0.0,0.0,
COMP_0899,2026-02,,0.0,0.0,0.0,
COMP_0899,2026-03,,0.0,0.0,0.0,
COMP_0899,2026-04,,0.0,0.0,0.0,
COMP_0899,2026-05,0.0,0.0,0.0,0.0,0.0
COMP_0899,2026-06,0.0,0.0,0.0,0.0,0.0
COMP_0899,2026-07,0.0,0.0,0.0,0.0,0.0
COMP_0899,2026-08,0.0,0.0,0.0,0.0,0.0
COMP_0900,2026-07,,,0.0,0.0,
COMP_0900,2026-08,,,0.0,1.0,
COMP_0901,2026-07,,,0.0,1.0,
COMP_0901,2026-08,,,0.0,0.0,
COMP_0902,2025-07,,1.0,0.0,0.0,
COMP_0902,2025-08,,1.0,0.0,0.0,
COMP_0902,2025-09,,1.0,0.0,0.0,
COMP_0902,2025-10,,1.0,0.0,0.0,
COMP_0902,2025-11,,1.0,0.0,0.0,
COMP_0902,2025-12,,0.0,0.0,0.0,
COMP_0902,2026-01,,0.0,0.0,0.0,0.0
COMP_0902,2026-02,,0.0,0.0,0.0,0.0
COMP_0902,2026-03,,0.0,0.0,0.0,0.0
COMP_0902,2026-04,,1.0,0.0,0.0,0.0
COMP_0902,2026-05,,1.0,0.0,0.0,0.0
COMP_0902,2026-06,,1.0,0.0,0.0,0.0
COMP_0902,2026-07,,0.0,0.0,0.0,0.0
COMP_0902,2026-08,,0.0,0.0,0.0,0.0
COMP_0903,2025-03,,0.0,0.0,0.0,
COMP_0903,2025-04,,0.0,0.0,0.0,
COMP_0903,2025-05,,0.0,0.0,0.0,
COMP_0903,2025-06,,0.0,0.0,0.0,
COMP_0903,2025-07,,1.0,0.0,1.0,
COMP_0903,2025-08,,1.0,0.0,1.0,
COMP_0903,2025-09,0.0,1.0,0.0,0.0,0.0
COMP_0903,2025-10,0.0,1.0,0.0,0.0,0.0
COMP_0903,2025-11,0.0,1.0,0.0,0.0,0.0
COMP_0903,2025-12,0.0,1.0,0.0,0.0,0.0
COMP_0903,2026-01,0.0,1.0,0.0,0.0,0.0
COMP_0903,2026-02,0.0,1.0,0.0,0.0,0.0
COMP_0903,2026-03,0.0,1.0,0.0,0.0,0.0
COMP_0903,2026-04,0.0,1.0,0.0,0.0,0.0
COMP_0903,2026-05,0.0,1.0,0.0,0.0,0.0
COMP_0903,2026-06,1.0,1.0,0.0,0.0,0.0
COMP_0903,2026-07,,1.0,0.0,0.0,
COMP_0903,2026-08,,1.0,0.0,0.0,0.0
COMP_0904,2025-06,,0.0,0.0,0.0,
COMP_0904,2025-07,,0.0,0.0,0.0,
COMP_0904,2025-08,,0.0,0.0,0.0,
COMP_0904,2025-09,,0.0,0.0,0.0,
COMP_0904,2025-10,,0.0,0.0,0.0,
COMP_0904,2025-11,,0.0,0.0,1.0,
COMP_0904,2025-12,,0.0,0.0,1.0,1.0
COMP_0904,2026-01,,0.0,1.0,0.0,0.0
COMP_0904,2026-02,,0.0,0.0,0.0,0.0
COMP_0904,2026-03,,0.0,0.0,0.0,0.0
COMP_0904,2026-04,,0.0,0.0,0.0,0.0
COMP_0904,2026-05,,0.0,0.0,0.0,0.0
COMP_0904,2026-06,,0.0,0.0,0.0,0.0
COMP_0904,2026-07,,0.0,0.0,1.0,0.0
COMP_0904,2026-08,,0.0,0.0,0.0,0.0
COMP_0905,2025-02,,,0.0,0.0,
COMP_0905,2025-03,,,0.0,0.0,
COMP_0905,2025-04,,,0.0,0.0,
COMP_0905,2025-05,,,0.0,0.0,
COMP_0905,2025-06,,,0.0,1.0,
COMP_0905,2025-07,,,0.0,1.0,
COMP_0905,2025-08,0.0,,0.0,1.0,0.0
COMP_0905,2025-09,0.0,,0.0,0.0,0.0
COMP_0905,2025-10,0.0,,0.0,0.0,0.0
COMP_0905,2025-11,0.0,,0.0,0.0,0.0
COMP_0905,2025-12,0.0,,0.0,0.0,0.0
COMP_0905,2026-01,0.0,,0.0,0.0,0.0
COMP_0905,2026-02,0.0,,0.0,0.0,0.0
COMP_0905,2026-03,0.0,,0.0,0.0,0.0
COMP_0905,2026-04,0.0,,0.0,0.0,0.0
COMP_0905,2026-05,0.0,,0.0,1.0,0.0
COMP_0905,2026-06,0.0,,0.0,0.0,0.0
COMP_0905,2026-07,1.0,,0.0,0.0,0.0
COMP_0905,2026-08,1.0,,0.0,0.0,0.0
COMP_0907,2025-02,,1.0,0.0,0.0,
COMP_0907,2025-03,,1.0,0.0,0.0,
COMP_0907,2025-04,,1.0,0.0,0.0,
COMP_0907,2025-05,,1.0,0.0,0.0,
COMP_0907,2025-06,,1.0,0.0,0.0,
COMP_0907,2025-07,,0.0,0.0,0.0,
COMP_0907,2025-08,,0.0,0.0,0.0,0.0
COMP_0907,2025-09,,0.0,0.0,0.0,0.0
COMP_0907,2025-10,,0.0,0.0,0.0,0.0
COMP_0907,2025-11,,0.0,0.0,0.0,0.0
COMP_0907,2025-12,,0.0,0.0,0.0,0.0
COMP_0907,2026-01,,0.0,0.0,0.0,0.0
COMP_0907,2026-02,,0.0,0.0,0.0,0.0
COMP_0907,2026-03,,0.0,0.0,0.0,0.0
COMP_0907,2026-04,,0.0,0.0,0.0,0.0
COMP_0907,2026-05,,0.0,0.0,0.0,0.0
COMP_0907,2026-06,,0.0,0.0,0.0,0.0
COMP_0907,2026-07,,0.0,0.0,0.0,0.0
COMP_0907,2026-08,,0.0,0.0,0.0,0.0
COMP_0908,2025-02,,0.0,0.0,0.0,
COMP_0908,2025-03,,0.0,0.0,0.0,
COMP_0908,2025-04,,0.0,0.0,0.0,
COMP_0908,2025-05,,1.0,0.0,0.0,
COMP_0908,2025-06,,1.0,0.0,0.0,
COMP_0908,2025-07,,1.0,0.0,0.0,
COMP_0908,2025-08,0.0,0.0,0.0,0.0,0.0
COMP_0908,2025-09,0.0,0.0,0.0,0.0,0.0
COMP_0908,2025-10,0.0,0.0,0.0,1.0,0.0
COMP_0908,2025-11,0.0,0.0,0.0,1.0,0.0
COMP_0908,2025-12,0.0,0.0,0.0,1.0,0.0
COMP_0908,2026-01,0.0,0.0,0.0,1.0,0.0
COMP_0908,2026-02,0.0,0.0,0.0,1.0,0.0
COMP_0908,2026-03,0.0,0.0,0.0,1.0,0.0
COMP_0908,2026-04,0.0,0.0,0.0,1.0,0.0
COMP_0908,2026-05,0.0,0.0,1.0,1.0,0.0
COMP_0908,2026-06,0.0,0.0,0.0,1.0,0.0
COMP_0908,2026-07,0.0,0.0,0.0,1.0,0.0
COMP_0908,2026-08,0.0,1.0,0.0,1.0,0.0
COMP_0909,2025-02,,0.0,0.0,0.0,
COMP_0909,2025-03,,0.0,0.0,0.0,
COMP_0909,2025-04,,0.0,0.0,0.0,
COMP_0909,2025-05,,0.0,0.0,0.0,
COMP_0909,2025-06,,0.0,0.0,0.0,
COMP_0909,2025-07,,0.0,0.0,0.0,
COMP_0909,2025-08,0.0,0.0,0.0,0.0,1.0
COMP_0909,2025-09,0.0,0.0,0.0,0.0,0.0
COMP_0909,2025-10,0.0,0.0,0.0,0.0,0.0
COMP_0909,2025-11,0.0,0.0,0.0,0.0,0.0
COMP_0909,2025-12,0.0,0.0,0.0,0.0,0.0
COMP_0909,2026-01,0.0,0.0,0.0,0.0,0.0
COMP_0909,2026-02,0.0,0.0,0.0,0.0,0.0
COMP_0909,2026-03,0.0,0.0,0.0,1.0,0.0
COMP_0909,2026-04,0.0,0.0,0.0,1.0,0.0
COMP_0909,2026-05,0.0,0.0,0.0,0.0,0.0
COMP_0909,2026-06,0.0,0.0,0.0,0.0,0.0
COMP_0909,2026-07,0.0,0.0,0.0,0.0,0.0
COMP_0909,2026-08,0.0,0.0,0.0,1.0,0.0
COMP_0910,2025-08,,,1.0,1.0,
COMP_0910,2025-09,,,1.0,1.0,
COMP_0910,2025-10,,,1.0,1.0,
COMP_0910,2025-11,,,1.0,1.0,
COMP_0910,2025-12,,,1.0,1.0,
COMP_0910,2026-01,,,1.0,1.0,
COMP_0910,2026-02,1.0,,1.0,1.0,0.0
COMP_0910,2026-03,1.0,,1.0,1.0,0.0
COMP_0910,2026-04,,,1.0,1.0,0.0
COMP_0910,2026-05,,,1.0,1.0,0.0
COMP_0910,2026-06,,,1.0,1.0,0.0
COMP_0910,2026-07,,,1.0,1.0,0.0
COMP_0910,2026-08,,,1.0,1.0,0.0
COMP_0911,2025-08,,,0.0,1.0,
COMP_0911,2025-09,,,0.0,1.0,
COMP_0911,2025-10,,,0.0,1.0,
COMP_0911,2025-11,,,0.0,1.0,
COMP_0911,2025-12,,,0.0,1.0,
COMP_0911,2026-01,,,0.0,1.0,
COMP_0911,2026-02,,,0.0,1.0,0.0
COMP_0911,2026-03,1.0,,0.0,1.0,0.0
COMP_0911,2026-04,0.0,,0.0,1.0,0.0
COMP_0911,2026-05,1.0,,0.0,1.0,0.0
COMP_0911,2026-06,,,0.0,1.0,0.0
COMP_0911,2026-07,,,0.0,1.0,0.0
COMP_0911,2026-08,,,0.0,1.0,0.0
COMP_0912,2026-03,,0.0,0.0,0.0,
COMP_0912,2026-04,,0.0,0.0,0.0,
COMP_0912,2026-05,,0.0,0.0,0.0,
COMP_0912,2026-06,,0.0,0.0,0.0,
COMP_0912,2026-07,,0.0,0.0,0.0,
COMP_0912,2026-08,,0.0,0.0,0.0,
COMP_0913,2025-03,,0.0,0.0,0.0,
COMP_0913,2025-04,,0.0,0.0,0.0,
COMP_0913,2025-05,,0.0,0.0,0.0,
COMP_0913,2025-06,,0.0,0.0,1.0,
COMP_0913,2025-07,,0.0,0.0,1.0,
COMP_0913,2025-08,,0.0,0.0,1.0,
COMP_0913,2025-09,0.0,0.0,0.0,1.0,0.0
COMP_0913,2025-10,0.0,0.0,0.0,1.0,0.0
COMP_0913,2025-11,0.0,0.0,0.0,1.0,0.0
COMP_0913,2025-12,0.0,0.0,0.0,1.0,0.0
COMP_0913,2026-01,0.0,0.0,0.0,1.0,0.0
COMP_0913,2026-02,0.0,0.0,0.0,1.0,1.0
COMP_0913,2026-03,0.0,0.0,0.0,1.0,0.0
COMP_0913,2026-04,0.0,0.0,0.0,1.0,0.0
COMP_0913,2026-05,0.0,0.0,0.0,1.0,0.0
COMP_0913,2026-06,0.0,0.0,0.0,1.0,0.0
COMP_0913,2026-07,0.0,0.0,0.0,1.0,0.0
COMP_0913,2026-08,0.0,0.0,0.0,1.0,0.0
COMP_0914,2025-07,,0.0,0.0,1.0,
COMP_0914,2025-08,,0.0,0.0,1.0,
COMP_0914,2025-09,,0.0,0.0,1.0,
COMP_0914,2025-10,,0.0,0.0,1.0,
COMP_0914,2025-11,,0.0,0.0,1.0,
COMP_0914,2025-12,,0.0,0.0,0.0,
COMP_0914,2026-01,0.0,0.0,0.0,0.0,0.0
COMP_0914,2026-02,0.0,0.0,0.0,0.0,0.0
COMP_0914,2026-03,0.0,0.0,0.0,1.0,0.0
COMP_0914,2026-04,0.0,0.0,0.0,0.0,0.0
COMP_0914,2026-05,0.0,0.0,0.0,0.0,0.0
COMP_0914,2026-06,0.0,0.0,0.0,0.0,0.0
COMP_0914,2026-07,0.0,0.0,0.0,1.0,0.0
COMP_0914,2026-08,0.0,0.0,0.0,1.0,0.0
COMP_0915,2025-06,,0.0,0.0,0.0,
COMP_0915,2025-07,,0.0,0.0,0.0,
COMP_0915,2025-08,,0.0,0.0,0.0,
COMP_0915,2025-09,,0.0,0.0,0.0,
COMP_0915,2025-10,,0.0,0.0,0.0,
COMP_0915,2025-11,,0.0,0.0,0.0,
COMP_0915,2025-12,1.0,0.0,0.0,0.0,0.0
COMP_0915,2026-01,0.0,0.0,0.0,0.0,0.0
COMP_0915,2026-02,0.0,0.0,0.0,0.0,0.0
COMP_0915,2026-03,0.0,0.0,0.0,0.0,0.0
COMP_0915,2026-04,0.0,0.0,0.0,0.0,0.0
COMP_0915,2026-05,0.0,1.0,0.0,0.0,0.0
COMP_0915,2026-06,0.0,1.0,0.0,0.0,0.0
COMP_0915,2026-07,0.0,1.0,0.0,0.0,0.0
COMP_0915,2026-08,0.0,1.0,0.0,0.0,0.0
COMP_0916,2025-02,,,0.0,0.0,
COMP_0916,2025-03,,,0.0,0.0,
COMP_0916,2025-04,,,0.0,0.0,
COMP_0916,2025-05,,,0.0,0.0,
COMP_0916,2025-06,,,0.0,0.0,
COMP_0916,2025-07,,,0.0,1.0,
COMP_0916,2025-08,,,0.0,1.0,0.0
COMP_0916,2025-09,,,0.0,1.0,0.0
COMP_0916,2025-10,,,0.0,1.0,0.0
COMP_0916,2025-11,,,0.0,1.0,
COMP_0916,2025-12,,,0.0,1.0,
COMP_0916,2026-01,,,0.0,,
COMP_0916,2026-02,,,0.0,,
COMP_0916,2026-03,,,0.0,,
COMP_0916,2026-04,,,0.0,,
COMP_0916,2026-05,,,0.0,,
COMP_0916,2026-06,,,0.0,,
COMP_0916,2026-07,,,0.0,,
COMP_0916,2026-08,,,0.0,,
COMP_0917,2025-07,,0.0,0.0,1.0,
COMP_0917,2025-08,,1.0,0.0,0.0,
COMP_0917,2025-09,,0.0,0.0,0.0,
COMP_0917,2025-10,,0.0,0.0,0.0,
COMP_0917,2025-11,,0.0,0.0,0.0,
COMP_0917,2025-12,,0.0,0.0,0.0,
COMP_0917,2026-01,,1.0,0.0,0.0,0.0
COMP_0917,2026-02,,1.0,0.0,0.0,
COMP_0917,2026-03,,1.0,0.0,0.0,
COMP_0917,2026-04,,,0.0,,
COMP_0917,2026-05,,,0.0,,
COMP_0917,2026-06,,,0.0,,
COMP_0917,2026-07,,0.0,0.0,0.0,0.0
COMP_0917,2026-08,,0.0,0.0,0.0,
COMP_0918,2026-02,,,0.0,0.0,
COMP_0918,2026-03,,,0.0,0.0,
COMP_0918,2026-04,,,0.0,1.0,
COMP_0918,2026-05,,,0.0,1.0,
COMP_0918,2026-06,,,0.0,1.0,
COMP_0918,2026-07,,,0.0,1.0,
COMP_0918,2026-08,,,0.0,1.0,0.0
COMP_0919,2026-02,,0.0,0.0,0.0,
COMP_0919,2026-03,,0.0,0.0,0.0,
COMP_0919,2026-04,,0.0,0.0,0.0,
COMP_0919,2026-05,,0.0,0.0,0.0,
COMP_0919,2026-06,,0.0,0.0,0.0,
COMP_0919,2026-07,,0.0,0.0,0.0,
COMP_0919,2026-08,0.0,0.0,0.0,0.0,0.0
COMP_0920,2026-06,,1.0,0.0,1.0,
COMP_0920,2026-07,,1.0,0.0,1.0,
COMP_0920,2026-08,,1.0,0.0,1.0,
COMP_0921,2026-04,,0.0,0.0,0.0,
COMP_0921,2026-05,,0.0,0.0,1.0,
COMP_0921,2026-06,,0.0,0.0,1.0,
COMP_0921,2026-07,,0.0,0.0,1.0,
COMP_0921,2026-08,,0.0,0.0,1.0,
COMP_0922,2025-09,,0.0,0.0,0.0,
COMP_0922,2025-10,,0.0,0.0,0.0,
COMP_0922,2025-11,,0.0,0.0,0.0,
COMP_0922,2025-12,,0.0,0.0,0.0,
COMP_0922,2026-01,,0.0,0.0,0.0,
COMP_0922,2026-02,,1.0,0.0,0.0,
COMP_0922,2026-03,,0.0,0.0,0.0,0.0
COMP_0922,2026-04,,0.0,0.0,0.0,0.0
COMP_0922,2026-05,,0.0,0.0,0.0,
COMP_0922,2026-06,,0.0,0.0,0.0,0.0
COMP_0922,2026-07,,0.0,0.0,0.0,0.0
COMP_0922,2026-08,,0.0,0.0,1.0,0.0
COMP_0923,2025-02,,0.0,0.0,0.0,
COMP_0923,2025-03,,0.0,0.0,0.0,
COMP_0923,2025-04,,0.0,0.0,0.0,
COMP_0923,2025-05,,0.0,0.0,0.0,
COMP_0923,2025-06,,0.0,0.0,0.0,
COMP_0923,2025-07,,0.0,0.0,0.0,
COMP_0923,2025-08,1.0,0.0,0.0,0.0,0.0
COMP_0923,2025-09,,0.0,0.0,0.0,0.0
COMP_0923,2025-10,,0.0,0.0,0.0,0.0
COMP_0923,2025-11,,0.0,0.0,1.0,0.0
COMP_0923,2025-12,,0.0,0.0,1.0,0.0
COMP_0923,2026-01,,1.0,0.0,0.0,0.0
COMP_0923,2026-02,,1.0,0.0,0.0,0.0
COMP_0923,2026-03,,1.0,0.0,0.0,0.0
COMP_0923,2026-04,,1.0,0.0,0.0,0.0
COMP_0923,2026-05,,1.0,0.0,0.0,0.0
COMP_0923,2026-06,,1.0,0.0,0.0,0.0
COMP_0923,2026-07,,1.0,0.0,0.0,0.0
COMP_0923,2026-08,,1.0,0.0,0.0,0.0
COMP_0924,2025-02,,,0.0,0.0,
COMP_0924,2025-03,,,0.0,0.0,
COMP_0924,2025-04,,,0.0,0.0,
COMP_0924,2025-05,,,0.0,0.0,
COMP_0924,2025-06,,,0.0,1.0,
COMP_0924,2025-07,,,0.0,1.0,
COMP_0924,2025-08,0.0,,0.0,1.0,0.0
COMP_0924,2025-09,0.0,,0.0,0.0,0.0
COMP_0924,2025-10,0.0,,0.0,0.0,0.0
COMP_0924,2025-11,0.0,,0.0,0.0,0.0
COMP_0924,2025-12,0.0,,0.0,0.0,0.0
COMP_0924,2026-01,0.0,,0.0,0.0,0.0
COMP_0924,2026-02,0.0,,0.0,0.0,0.0
COMP_0924,2026-03,0.0,,0.0,1.0,0.0
COMP_0924,2026-04,0.0,,0.0,0.0,0.0
COMP_0924,2026-05,0.0,,0.0,0.0,0.0
COMP_0924,2026-06,0.0,,0.0,0.0,0.0
COMP_0924,2026-07,0.0,,0.0,0.0,0.0
COMP_0924,2026-08,0.0,,0.0,0.0,0.0
COMP_0925,2026-05,,,1.0,1.0,
COMP_0925,2026-06,,,1.0,1.0,
COMP_0925,2026-07,,,1.0,0.0,
COMP_0925,2026-08,,,0.0,0.0,
COMP_0926,2025-07,,0.0,0.0,0.0,
COMP_0926,2025-08,,0.0,0.0,0.0,
COMP_0926,2025-09,,0.0,0.0,0.0,
COMP_0926,2025-10,,0.0,0.0,0.0,
COMP_0926,2025-11,,1.0,0.0,0.0,
COMP_0926,2025-12,,0.0,0.0,1.0,
COMP_0926,2026-01,0.0,0.0,0.0,0.0,0.0
COMP_0926,2026-02,1.0,0.0,0.0,0.0,1.0
COMP_0926,2026-03,0.0,0.0,0.0,0.0,0.0
COMP_0926,2026-04,0.0,0.0,0.0,0.0,0.0
COMP_0926,2026-05,1.0,0.0,0.0,0.0,0.0
COMP_0926,2026-06,,0.0,0.0,0.0,0.0
COMP_0926,2026-07,,0.0,0.0,1.0,0.0
COMP_0926,2026-08,,0.0,0.0,0.0,0.0
COMP_0927,2025-03,,0.0,1.0,0.0,
COMP_0927,2025-04,,0.0,1.0,0.0,
COMP_0927,2025-05,,0.0,1.0,0.0,
COMP_0927,2025-06,,0.0,1.0,0.0,
COMP_0927,2025-07,,0.0,1.0,0.0,
COMP_0927,2025-08,,0.0,0.0,0.0,
COMP_0927,2025-09,0.0,0.0,1.0,0.0,0.0
COMP_0927,2025-10,0.0,0.0,1.0,1.0,0.0
COMP_0927,2025-11,0.0,0.0,1.0,1.0,0.0
COMP_0927,2025-12,0.0,0.0,1.0,0.0,0.0
COMP_0927,2026-01,0.0,0.0,1.0,0.0,0.0
COMP_0927,2026-02,0.0,0.0,0.0,0.0,0.0
COMP_0927,2026-03,0.0,0.0,0.0,0.0,0.0
COMP_0927,2026-04,0.0,0.0,0.0,0.0,0.0
COMP_0927,2026-05,0.0,0.0,1.0,1.0,0.0
COMP_0927,2026-06,0.0,0.0,0.0,1.0,0.0
COMP_0927,2026-07,0.0,0.0,0.0,0.0,0.0
COMP_0927,2026-08,0.0,0.0,0.0,0.0,0.0
COMP_0928,2025-10,,,0.0,1.0,
COMP_0928,2025-11,,,0.0,1.0,
COMP_0928,2025-12,,,0.0,1.0,
COMP_0928,2026-01,,,0.0,1.0,
COMP_0928,2026-02,,,0.0,1.0,
COMP_0928,2026-03,,,0.0,1.0,
COMP_0928,2026-04,1.0,,0.0,1.0,0.0
COMP_0928,2026-05,1.0,,0.0,1.0,0.0
COMP_0928,2026-06,0.0,,0.0,1.0,0.0
COMP_0928,2026-07,1.0,,0.0,1.0,0.0
COMP_0928,2026-08,0.0,,0.0,1.0,0.0
COMP_0929,2025-06,,,0.0,0.0,
COMP_0929,2025-07,,,0.0,0.0,
COMP_0929,2025-08,,,0.0,0.0,
COMP_0929,2025-09,,,0.0,0.0,
COMP_0929,2025-10,,,0.0,0.0,
COMP_0929,2025-11,,,0.0,0.0,
COMP_0929,2025-12,,,0.0,0.0,0.0
COMP_0929,2026-01,,,0.0,0.0,0.0
COMP_0929,2026-02,,,0.0,0.0,0.0
COMP_0929,2026-03,0.0,,0.0,0.0,0.0
COMP_0929,2026-04,0.0,,0.0,0.0,0.0
COMP_0929,2026-05,0.0,,0.0,0.0,0.0
COMP_0929,2026-06,0.0,,0.0,0.0,0.0
COMP_0929,2026-07,0.0,,0.0,0.0,0.0
COMP_0929,2026-08,0.0,,0.0,0.0,0.0
COMP_0930,2026-07,,0.0,0.0,1.0,
COMP_0930,2026-08,,0.0,0.0,1.0,
COMP_0931,2025-02,,0.0,0.0,1.0,
COMP_0931,2025-03,,0.0,0.0,1.0,
COMP_0931,2025-04,,0.0,0.0,0.0,
COMP_0931,2025-05,,1.0,0.0,0.0,
COMP_0931,2025-06,,1.0,0.0,0.0,
COMP_0931,2025-07,,1.0,0.0,1.0,
COMP_0931,2025-08,0.0,1.0,0.0,1.0,0.0
COMP_0931,2025-09,0.0,1.0,0.0,1.0,0.0
COMP_0931,2025-10,0.0,0.0,0.0,0.0,0.0
COMP_0931,2025-11,0.0,0.0,0.0,1.0,0.0
COMP_0931,2025-12,0.0,1.0,0.0,0.0,0.0
COMP_0931,2026-01,0.0,0.0,0.0,0.0,0.0
COMP_0931,2026-02,0.0,0.0,0.0,0.0,0.0
COMP_0931,2026-03,0.0,1.0,0.0,0.0,0.0
COMP_0931,2026-04,0.0,1.0,0.0,0.0,0.0
COMP_0931,2026-05,0.0,1.0,0.0,0.0,0.0
COMP_0931,2026-06,0.0,1.0,0.0,1.0,0.0
COMP_0931,2026-07,0.0,1.0,0.0,0.0,0.0
COMP_0931,2026-08,0.0,1.0,0.0,0.0,0.0
COMP_0932,2026-06,,0.0,0.0,1.0,
COMP_0932,2026-07,,0.0,0.0,0.0,
COMP_0932,2026-08,,0.0,0.0,0.0,
COMP_0933,2026-07,,,0.0,1.0,
COMP_0933,2026-08,,,0.0,0.0,
COMP_0934,2026-04,,,0.0,1.0,
COMP_0934,2026-05,,,0.0,1.0,
COMP_0934,2026-06,,,0.0,1.0,
COMP_0934,2026-07,,,0.0,0.0,
COMP_0934,2026-08,,,0.0,0.0,
COMP_0935,2026-02,,0.0,0.0,1.0,
COMP_0935,2026-03,,0.0,0.0,1.0,
COMP_0935,2026-04,,0.0,0.0,1.0,
COMP_0935,2026-05,,0.0,0.0,1.0,
COMP_0935,2026-06,,0.0,0.0,1.0,
COMP_0935,2026-07,,0.0,0.0,1.0,
COMP_0935,2026-08,0.0,0.0,0.0,1.0,0.0
COMP_0936,2025-11,,1.0,0.0,1.0,
COMP_0936,2025-12,,1.0,0.0,1.0,
COMP_0936,2026-01,,1.0,0.0,1.0,
COMP_0936,2026-02,,1.0,0.0,0.0,
COMP_0936,2026-03,,0.0,0.0,0.0,
COMP_0936,2026-04,,0.0,0.0,0.0,
COMP_0936,2026-05,,1.0,0.0,0.0,0.0
COMP_0936,2026-06,1.0,1.0,0.0,1.0,0.0
COMP_0936,2026-07,0.0,0.0,0.0,0.0,0.0
COMP_0936,2026-08,1.0,0.0,0.0,0.0,0.0
COMP_0937,2025-08,,,0.0,1.0,
COMP_0937,2025-09,,,0.0,1.0,
COMP_0937,2025-10,,,0.0,1.0,
COMP_0937,2025-11,,,0.0,1.0,
COMP_0937,2025-12,,,0.0,1.0,
COMP_0937,2026-01,,,0.0,1.0,
COMP_0937,2026-02,1.0,,0.0,1.0,0.0
COMP_0937,2026-03,0.0,,0.0,1.0,0.0
COMP_0937,2026-04,0.0,,0.0,1.0,0.0
COMP_0937,2026-05,1.0,,0.0,1.0,0.0
COMP_0937,2026-06,0.0,,0.0,1.0,0.0
COMP_0937,2026-07,0.0,,0.0,1.0,0.0
COMP_0937,2026-08,0.0,,0.0,1.0,0.0
COMP_0938,2025-02,,,,,
COMP_0938,2025-03,,,,,
COMP_0938,2025-04,,,,,
COMP_0938,2025-05,,,,,
COMP_0938,2025-06,,,,,
COMP_0938,2025-07,,,,,
COMP_0938,2025-08,,,,,0.0
COMP_0938,2025-09,,,,,0.0
COMP_0938,2025-10,,,,,
COMP_0938,2025-11,,,,,
COMP_0938,2025-12,,,,,
COMP_0938,2026-01,,,,,
COMP_0938,2026-02,,,,,
COMP_0938,2026-03,,,,,
COMP_0938,2026-04,,,,,
COMP_0938,2026-05,,,,,
COMP_0938,2026-06,,,,,
COMP_0938,2026-07,,,,,
COMP_0938,2026-08,,,,,
COMP_0939,2026-06,,,1.0,1.0,
COMP_0939,2026-07,,,0.0,0.0,
COMP_0939,2026-08,,,0.0,0.0,
COMP_0940,2025-07,,0.0,0.0,0.0,
COMP_0940,2025-08,,0.0,0.0,0.0,
COMP_0940,2025-09,,0.0,0.0,0.0,
COMP_0940,2025-10,,0.0,0.0,0.0,
COMP_0940,2025-11,,0.0,0.0,0.0,
COMP_0940,2025-12,,0.0,0.0,0.0,
COMP_0940,2026-01,0.0,0.0,0.0,0.0,1.0
COMP_0940,2026-02,0.0,0.0,0.0,0.0,0.0
COMP_0940,2026-03,0.0,0.0,0.0,0.0,0.0
COMP_0940,2026-04,0.0,0.0,0.0,0.0,0.0
COMP_0940,2026-05,0.0,0.0,0.0,0.0,0.0
COMP_0940,2026-06,0.0,0.0,0.0,0.0,0.0
COMP_0940,2026-07,0.0,0.0,0.0,0.0,0.0
COMP_0940,2026-08,0.0,0.0,0.0,0.0,0.0
COMP_0941,2025-02,,,1.0,0.0,
COMP_0941,2025-03,,,1.0,0.0,
COMP_0941,2025-04,,,1.0,1.0,
COMP_0941,2025-05,,,1.0,1.0,
COMP_0941,2025-06,,,1.0,1.0,
COMP_0941,2025-07,,,1.0,1.0,
COMP_0941,2025-08,0.0,,1.0,1.0,0.0
COMP_0941,2025-09,0.0,,1.0,0.0,0.0
COMP_0941,2025-10,0.0,,1.0,1.0,0.0
COMP_0941,2025-11,0.0,,1.0,0.0,0.0
COMP_0941,2025-12,0.0,,1.0,0.0,0.0
COMP_0941,2026-01,1.0,,1.0,0.0,0.0
COMP_0941,2026-02,0.0,,1.0,1.0,0.0
COMP_0941,2026-03,0.0,,1.0,0.0,0.0
COMP_0941,2026-04,0.0,,1.0,1.0,0.0
COMP_0941,2026-05,0.0,,1.0,1.0,0.0
COMP_0941,2026-06,0.0,,1.0,1.0,0.0
COMP_0941,2026-07,0.0,,1.0,1.0,0.0
COMP_0941,2026-08,0.0,,1.0,0.0,0.0
COMP_0942,2025-02,,0.0,0.0,0.0,
COMP_0942,2025-03,,0.0,0.0,0.0,
COMP_0942,2025-04,,0.0,0.0,0.0,
COMP_0942,2025-05,,0.0,0.0,1.0,
COMP_0942,2025-06,,0.0,0.0,0.0,
COMP_0942,2025-07,,0.0,0.0,1.0,
COMP_0942,2025-08,0.0,0.0,0.0,1.0,0.0
COMP_0942,2025-09,0.0,0.0,0.0,1.0,0.0
COMP_0942,2025-10,0.0,0.0,0.0,0.0,0.0
COMP_0942,2025-11,0.0,0.0,0.0,0.0,0.0
COMP_0942,2025-12,0.0,0.0,0.0,0.0,0.0
COMP_0942,2026-01,0.0,0.0,0.0,1.0,0.0
COMP_0942,2026-02,0.0,0.0,0.0,1.0,0.0
COMP_0942,2026-03,0.0,0.0,0.0,1.0,0.0
COMP_0942,2026-04,0.0,0.0,0.0,0.0,0.0
COMP_0942,2026-05,0.0,0.0,0.0,0.0,0.0
COMP_0942,2026-06,0.0,0.0,0.0,1.0,0.0
COMP_0942,2026-07,0.0,0.0,0.0,1.0,0.0
COMP_0942,2026-08,1.0,0.0,0.0,1.0,0.0
COMP_0943,2026-07,,1.0,0.0,0.0,
COMP_0943,2026-08,,1.0,0.0,0.0,
COMP_0944,2026-06,,0.0,0.0,1.0,
COMP_0944,2026-07,,0.0,0.0,0.0,
COMP_0944,2026-08,,0.0,0.0,1.0,
COMP_0945,2025-02,,0.0,0.0,0.0,
COMP_0945,2025-03,,0.0,0.0,0.0,
COMP_0945,2025-04,,0.0,0.0,0.0,
COMP_0945,2025-05,,0.0,0.0,1.0,
COMP_0945,2025-06,,0.0,0.0,0.0,
COMP_0945,2025-07,,0.0,0.0,0.0,
COMP_0945,2025-08,0.0,0.0,0.0,0.0,0.0
COMP_0945,2025-09,0.0,0.0,0.0,0.0,0.0
COMP_0945,2025-10,0.0,0.0,0.0,0.0,0.0
COMP_0945,2025-11,0.0,0.0,0.0,1.0,0.0
COMP_0945,2025-12,1.0,0.0,0.0,1.0,0.0
COMP_0945,2026-01,0.0,0.0,0.0,0.0,0.0
COMP_0945,2026-02,1.0,0.0,0.0,0.0,0.0
COMP_0945,2026-03,0.0,0.0,0.0,0.0,0.0
COMP_0945,2026-04,0.0,0.0,0.0,1.0,0.0
COMP_0945,2026-05,0.0,0.0,0.0,1.0,0.0
COMP_0945,2026-06,0.0,0.0,0.0,1.0,0.0
COMP_0945,2026-07,0.0,0.0,0.0,1.0,0.0
COMP_0945,2026-08,0.0,0.0,0.0,1.0,0.0
COMP_0946,2025-12,,,0.0,1.0,
COMP_0946,2026-01,,,0.0,1.0,
COMP_0946,2026-02,,,0.0,1.0,
COMP_0946,2026-03,,,0.0,1.0,
COMP_0946,2026-04,,,0.0,1.0,
COMP_0946,2026-05,,,0.0,1.0,
COMP_0946,2026-06,0.0,,0.0,0.0,0.0
COMP_0946,2026-07,0.0,,0.0,0.0,0.0
COMP_0946,2026-08,0.0,,0.0,0.0,0.0
COMP_0947,2025-02,,,0.0,0.0,
COMP_0947,2025-03,,,1.0,1.0,
COMP_0947,2025-04,,,1.0,0.0,
COMP_0947,2025-05,,,1.0,1.0,
COMP_0947,2025-06,,,1.0,0.0,
COMP_0947,2025-07,,,1.0,1.0,
COMP_0947,2025-08,0.0,,1.0,1.0,0.0
COMP_0947,2025-09,1.0,,1.0,1.0,1.0
COMP_0947,2025-10,0.0,,1.0,0.0,0.0
COMP_0947,2025-11,0.0,,1.0,1.0,0.0
COMP_0947,2025-12,0.0,,1.0,0.0,0.0
COMP_0947,2026-01,1.0,,1.0,1.0,0.0
COMP_0947,2026-02,0.0,,1.0,0.0,0.0
COMP_0947,2026-03,0.0,,1.0,1.0,0.0
COMP_0947,2026-04,0.0,,1.0,1.0,0.0
COMP_0947,2026-05,0.0,,1.0,1.0,0.0
COMP_0947,2026-06,0.0,,1.0,1.0,0.0
COMP_0947,2026-07,0.0,,1.0,1.0,0.0
COMP_0947,2026-08,0.0,,1.0,1.0,0.0
COMP_0948,2025-02,,1.0,1.0,1.0,
COMP_0948,2025-03,,1.0,1.0,1.0,
COMP_0948,2025-04,,1.0,1.0,1.0,
COMP_0948,2025-05,,1.0,1.0,0.0,
COMP_0948,2025-06,,1.0,1.0,0.0,
COMP_0948,2025-07,,1.0,1.0,0.0,
COMP_0948,2025-08,,1.0,1.0,0.0,0.0
COMP_0948,2025-09,,1.0,1.0,0.0,0.0
COMP_0948,2025-10,,1.0,1.0,0.0,0.0
COMP_0948,2025-11,,1.0,1.0,0.0,0.0
COMP_0948,2025-12,,1.0,1.0,0.0,0.0
COMP_0948,2026-01,,1.0,1.0,0.0,0.0
COMP_0948,2026-02,,1.0,1.0,0.0,0.0
COMP_0948,2026-03,,1.0,1.0,1.0,0.0
COMP_0948,2026-04,,1.0,1.0,0.0,0.0
COMP_0948,2026-05,,1.0,1.0,0.0,0.0
COMP_0948,2026-06,,1.0,1.0,0.0,0.0
COMP_0948,2026-07,,1.0,1.0,0.0,0.0
COMP_0948,2026-08,,1.0,1.0,1.0,0.0
COMP_0949,2025-09,,,0.0,1.0,
COMP_0949,2025-10,,,0.0,1.0,
COMP_0949,2025-11,,,0.0,1.0,
COMP_0949,2025-12,,,0.0,0.0,
COMP_0949,2026-01,,,0.0,0.0,
COMP_0949,2026-02,,,0.0,0.0,
COMP_0949,2026-03,,,0.0,0.0,0.0
COMP_0949,2026-04,,,0.0,0.0,
COMP_0949,2026-05,,,0.0,0.0,0.0
COMP_0949,2026-06,,,0.0,0.0,
COMP_0949,2026-07,,,0.0,0.0,
COMP_0949,2026-08,,,0.0,0.0,0.0
COMP_0950,2025-02,,0.0,0.0,1.0,
COMP_0950,2025-03,,0.0,0.0,0.0,
COMP_0950,2025-04,,0.0,0.0,0.0,
COMP_0950,2025-05,,0.0,0.0,0.0,
COMP_0950,2025-06,,0.0,0.0,0.0,
COMP_0950,2025-07,,0.0,0.0,0.0,
COMP_0950,2025-08,0.0,0.0,0.0,1.0,0.0
COMP_0950,2025-09,0.0,0.0,0.0,1.0,0.0
COMP_0950,2025-10,0.0,0.0,0.0,0.0,0.0
COMP_0950,2025-11,0.0,0.0,0.0,0.0,0.0
COMP_0950,2025-12,0.0,0.0,0.0,0.0,0.0
COMP_0950,2026-01,0.0,0.0,0.0,0.0,0.0
COMP_0950,2026-02,0.0,0.0,0.0,1.0,0.0
COMP_0950,2026-03,0.0,0.0,0.0,0.0,0.0
COMP_0950,2026-04,0.0,0.0,0.0,0.0,0.0
COMP_0950,2026-05,0.0,0.0,0.0,0.0,0.0
COMP_0950,2026-06,0.0,0.0,0.0,0.0,0.0
COMP_0950,2026-07,0.0,0.0,0.0,0.0,0.0
COMP_0950,2026-08,0.0,0.0,0.0,0.0,0.0
COMP_0951,2025-02,,0.0,0.0,0.0,
COMP_0951,2025-03,,0.0,0.0,0.0,
COMP_0951,2025-04,,0.0,0.0,0.0,
COMP_0951,2025-05,,0.0,0.0,0.0,
COMP_0951,2025-06,,0.0,0.0,0.0,
COMP_0951,2025-07,,0.0,0.0,0.0,
COMP_0951,2025-08,,0.0,0.0,1.0,0.0
COMP_0951,2025-09,,0.0,0.0,1.0,0.0
COMP_0951,2025-10,,0.0,0.0,1.0,0.0
COMP_0951,2025-11,,0.0,0.0,0.0,0.0
COMP_0951,2025-12,,0.0,0.0,0.0,0.0
COMP_0951,2026-01,,0.0,0.0,0.0,0.0
COMP_0951,2026-02,,0.0,0.0,0.0,0.0
COMP_0951,2026-03,0.0,0.0,0.0,0.0,0.0
COMP_0951,2026-04,0.0,0.0,0.0,0.0,0.0
COMP_0951,2026-05,0.0,0.0,0.0,0.0,0.0
COMP_0951,2026-06,0.0,0.0,0.0,0.0,0.0
COMP_0951,2026-07,0.0,0.0,0.0,0.0,0.0
COMP_0951,2026-08,0.0,0.0,0.0,0.0,0.0
COMP_0952,2025-06,,,0.0,1.0,
COMP_0952,2025-07,,,0.0,1.0,
COMP_0952,2025-08,,,0.0,1.0,
COMP_0952,2025-09,,,0.0,1.0,
COMP_0952,2025-10,,,0.0,1.0,
COMP_0952,2025-11,,,0.0,1.0,
COMP_0952,2025-12,0.0,,0.0,1.0,0.0
COMP_0952,2026-01,0.0,,0.0,1.0,0.0
COMP_0952,2026-02,0.0,,0.0,1.0,0.0
COMP_0952,2026-03,1.0,,0.0,1.0,0.0
COMP_0952,2026-04,0.0,,0.0,1.0,0.0
COMP_0952,2026-05,0.0,,0.0,1.0,0.0
COMP_0952,2026-06,0.0,,0.0,1.0,0.0
COMP_0952,2026-07,0.0,,0.0,1.0,0.0
COMP_0952,2026-08,0.0,,0.0,1.0,0.0
COMP_0953,2026-08,,0.0,0.0,0.0,
COMP_0954,2026-07,,,0.0,0.0,
COMP_0954,2026-08,,,0.0,0.0,
COMP_0955,2025-02,,1.0,0.0,0.0,
COMP_0955,2025-03,,0.0,0.0,0.0,
COMP_0955,2025-04,,0.0,0.0,0.0,
COMP_0955,2025-05,,0.0,0.0,0.0,
COMP_0955,2025-06,,1.0,0.0,0.0,
COMP_0955,2025-07,,1.0,0.0,0.0,
COMP_0955,2025-08,0.0,1.0,0.0,0.0,0.0
COMP_0955,2025-09,0.0,1.0,0.0,0.0,0.0
COMP_0955,2025-10,0.0,1.0,0.0,0.0,0.0
COMP_0955,2025-11,0.0,1.0,0.0,0.0,0.0
COMP_0955,2025-12,0.0,1.0,0.0,0.0,0.0
COMP_0955,2026-01,0.0,1.0,0.0,0.0,0.0
COMP_0955,2026-02,0.0,1.0,0.0,0.0,0.0
COMP_0955,2026-03,0.0,1.0,0.0,0.0,0.0
COMP_0955,2026-04,0.0,1.0,0.0,0.0,0.0
COMP_0955,2026-05,0.0,1.0,0.0,0.0,0.0
COMP_0955,2026-06,0.0,1.0,0.0,0.0,0.0
COMP_0955,2026-07,0.0,1.0,0.0,0.0,1.0
COMP_0955,2026-08,0.0,1.0,0.0,0.0,0.0
COMP_0956,2026-07,,1.0,0.0,0.0,
COMP_0956,2026-08,,1.0,0.0,0.0,
COMP_0957,2026-08,,,0.0,0.0,
COMP_0958,2025-06,,0.0,0.0,0.0,
COMP_0958,2025-07,,0.0,0.0,0.0,
COMP_0958,2025-08,,0.0,0.0,0.0,
COMP_0958,2025-09,,0.0,0.0,0.0,
COMP_0958,2025-10,,0.0,0.0,0.0,
COMP_0958,2025-11,,0.0,0.0,0.0,
COMP_0958,2025-12,0.0,0.0,0.0,0.0,0.0
COMP_0958,2026-01,0.0,0.0,0.0,0.0,0.0
COMP_0958,2026-02,0.0,0.0,0.0,0.0,0.0
COMP_0958,2026-03,1.0,0.0,0.0,0.0,0.0
COMP_0958,2026-04,0.0,0.0,0.0,0.0,0.0
COMP_0958,2026-05,0.0,0.0,0.0,0.0,0.0
COMP_0958,2026-06,0.0,1.0,0.0,0.0,0.0
COMP_0958,2026-07,0.0,0.0,0.0,0.0,0.0
COMP_0958,2026-08,0.0,0.0,0.0,0.0,0.0
COMP_0959,2025-03,,1.0,0.0,0.0,
COMP_0959,2025-04,,1.0,0.0,0.0,
COMP_0959,2025-05,,1.0,0.0,0.0,
COMP_0959,2025-06,,,0.0,,
COMP_0959,2025-07,,,0.0,,
COMP_0959,2025-08,,,0.0,,
COMP_0959,2025-09,,1.0,0.0,0.0,0.0
COMP_0959,2025-10,,1.0,0.0,0.0,0.0
COMP_0959,2025-11,,1.0,0.0,0.0,0.0
COMP_0959,2025-12,,1.0,0.0,0.0,0.0
COMP_0959,2026-01,,1.0,0.0,1.0,0.0
COMP_0959,2026-02,,1.0,0.0,0.0,0.0
COMP_0959,2026-03,,1.0,0.0,0.0,0.0
COMP_0959,2026-04,,1.0,0.0,0.0,0.0
COMP_0959,2026-05,,1.0,0.0,0.0,0.0
COMP_0959,2026-06,0.0,1.0,0.0,1.0,0.0
COMP_0959,2026-07,0.0,1.0,0.0,0.0,0.0
COMP_0959,2026-08,0.0,1.0,0.0,0.0,0.0
COMP_0960,2025-02,,0.0,0.0,0.0,
COMP_0960,2025-03,,1.0,0.0,0.0,
COMP_0960,2025-04,,1.0,0.0,0.0,
COMP_0960,2025-05,,1.0,0.0,0.0,
COMP_0960,2025-06,,0.0,0.0,0.0,
COMP_0960,2025-07,,0.0,0.0,1.0,
COMP_0960,2025-08,,0.0,0.0,1.0,0.0
COMP_0960,2025-09,,0.0,0.0,1.0,0.0
COMP_0960,2025-10,,0.0,0.0,0.0,0.0
COMP_0960,2025-11,,0.0,0.0,1.0,0.0
COMP_0960,2025-12,,0.0,0.0,1.0,0.0
COMP_0960,2026-01,,0.0,0.0,0.0,0.0
COMP_0960,2026-02,,0.0,0.0,0.0,0.0
COMP_0960,2026-03,,0.0,0.0,0.0,0.0
COMP_0960,2026-04,,0.0,0.0,0.0,0.0
COMP_0960,2026-05,,0.0,0.0,0.0,0.0
COMP_0960,2026-06,,0.0,0.0,0.0,0.0
COMP_0960,2026-07,,0.0,0.0,0.0,0.0
COMP_0960,2026-08,,0.0,0.0,0.0,0.0
COMP_0961,2025-04,,1.0,0.0,0.0,
COMP_0961,2025-05,,0.0,0.0,0.0,
COMP_0961,2025-06,,0.0,0.0,0.0,
COMP_0961,2025-07,,0.0,0.0,0.0,
COMP_0961,2025-08,,0.0,0.0,0.0,
COMP_0961,2025-09,,0.0,0.0,0.0,
COMP_0961,2025-10,,0.0,0.0,1.0,0.0
COMP_0961,2025-11,,0.0,0.0,1.0,0.0
COMP_0961,2025-12,,0.0,0.0,0.0,0.0
COMP_0961,2026-01,,0.0,0.0,1.0,0.0
COMP_0961,2026-02,,0.0,0.0,0.0,0.0
COMP_0961,2026-03,,0.0,0.0,1.0,0.0
COMP_0961,2026-04,,0.0,0.0,0.0,0.0
COMP_0961,2026-05,,0.0,0.0,0.0,0.0
COMP_0961,2026-06,,1.0,0.0,0.0,0.0
COMP_0961,2026-07,,0.0,0.0,0.0,0.0
COMP_0961,2026-08,,0.0,0.0,0.0,0.0
COMP_0962,2026-01,,,1.0,0.0,
COMP_0962,2026-02,,,0.0,1.0,
COMP_0962,2026-03,,,1.0,1.0,
COMP_0962,2026-04,,,1.0,1.0,
COMP_0962,2026-05,,,1.0,1.0,
COMP_0962,2026-06,,,1.0,1.0,
COMP_0962,2026-07,,,1.0,,
COMP_0962,2026-08,,,1.0,,
COMP_0963,2025-02,,,0.0,0.0,
COMP_0963,2025-03,,,0.0,0.0,
COMP_0963,2025-04,,,0.0,0.0,
COMP_0963,2025-05,,,0.0,0.0,
COMP_0963,2025-06,,,0.0,0.0,
COMP_0963,2025-07,,,0.0,0.0,
COMP_0963,2025-08,,,0.0,0.0,0.0
COMP_0963,2025-09,,,0.0,0.0,0.0
COMP_0963,2025-10,,,0.0,0.0,0.0
COMP_0963,2025-11,,,0.0,0.0,0.0
COMP_0963,2025-12,,,0.0,0.0,0.0
COMP_0963,2026-01,,,0.0,0.0,0.0
COMP_0963,2026-02,,,0.0,0.0,0.0
COMP_0963,2026-03,,,0.0,0.0,0.0
COMP_0963,2026-04,,,0.0,0.0,0.0
COMP_0963,2026-05,1.0,,0.0,0.0,0.0
COMP_0963,2026-06,0.0,,0.0,0.0,0.0
COMP_0963,2026-07,0.0,,0.0,0.0,0.0
COMP_0963,2026-08,0.0,,0.0,0.0,0.0
COMP_0964,2026-07,,0.0,0.0,0.0,
COMP_0964,2026-08,,0.0,0.0,0.0,
COMP_0966,2025-06,,0.0,0.0,1.0,
COMP_0966,2025-07,,0.0,0.0,1.0,
COMP_0966,2025-08,,0.0,0.0,0.0,
COMP_0966,2025-09,,0.0,0.0,0.0,
COMP_0966,2025-10,,0.0,0.0,1.0,
COMP_0966,2025-11,,0.0,0.0,1.0,
COMP_0966,2025-12,0.0,0.0,0.0,1.0,0.0
COMP_0966,2026-01,0.0,0.0,0.0,0.0,0.0
COMP_0966,2026-02,0.0,0.0,0.0,0.0,0.0
COMP_0966,2026-03,0.0,1.0,0.0,0.0,0.0
COMP_0966,2026-04,0.0,1.0,0.0,0.0,0.0
COMP_0966,2026-05,0.0,1.0,0.0,0.0,0.0
COMP_0966,2026-06,0.0,0.0,0.0,0.0,0.0
COMP_0966,2026-07,0.0,0.0,0.0,0.0,0.0
COMP_0966,2026-08,,0.0,0.0,0.0,
COMP_0967,2025-05,,1.0,0.0,1.0,
COMP_0967,2025-06,,0.0,0.0,1.0,
COMP_0967,2025-07,,0.0,0.0,0.0,
COMP_0967,2025-08,,0.0,0.0,0.0,
COMP_0967,2025-09,,0.0,0.0,0.0,
COMP_0967,2025-10,,0.0,0.0,1.0,
COMP_0967,2025-11,0.0,0.0,0.0,1.0,0.0
COMP_0967,2025-12,0.0,0.0,0.0,1.0,0.0
COMP_0967,2026-01,0.0,0.0,0.0,0.0,0.0
COMP_0967,2026-02,0.0,0.0,0.0,0.0,0.0
COMP_0967,2026-03,0.0,0.0,0.0,1.0,0.0
COMP_0967,2026-04,0.0,0.0,0.0,0.0,0.0
COMP_0967,2026-05,0.0,0.0,0.0,1.0,0.0
COMP_0967,2026-06,0.0,0.0,0.0,0.0,0.0
COMP_0967,2026-07,0.0,0.0,0.0,1.0,0.0
COMP_0967,2026-08,0.0,0.0,0.0,1.0,0.0
COMP_0968,2025-08,,1.0,0.0,0.0,
COMP_0968,2025-09,,1.0,0.0,1.0,
COMP_0968,2025-10,,1.0,0.0,0.0,
COMP_0968,2025-11,,1.0,0.0,1.0,
COMP_0968,2025-12,,1.0,0.0,1.0,
COMP_0968,2026-01,,1.0,0.0,1.0,
COMP_0968,2026-02,,0.0,0.0,1.0,
COMP_0968,2026-03,,,0.0,,
COMP_0968,2026-04,,,0.0,,
COMP_0968,2026-05,,,0.0,,
COMP_0968,2026-06,,,0.0,,
COMP_0968,2026-07,,,0.0,,
COMP_0968,2026-08,,,0.0,,
COMP_0969,2025-02,,,1.0,0.0,
COMP_0969,2025-03,,,1.0,0.0,
COMP_0969,2025-04,,,1.0,0.0,
COMP_0969,2025-05,,,1.0,0.0,
COMP_0969,2025-06,,,1.0,0.0,
COMP_0969,2025-07,,,1.0,0.0,
COMP_0969,2025-08,0.0,,1.0,0.0,0.0
COMP_0969,2025-09,0.0,,1.0,0.0,0.0
COMP_0969,2025-10,0.0,,1.0,0.0,0.0
COMP_0969,2025-11,0.0,,1.0,0.0,0.0
COMP_0969,2025-12,0.0,,1.0,0.0,0.0
COMP_0969,2026-01,1.0,,1.0,0.0,0.0
COMP_0969,2026-02,0.0,,1.0,0.0,0.0
COMP_0969,2026-03,0.0,,1.0,1.0,0.0
COMP_0969,2026-04,0.0,,1.0,0.0,0.0
COMP_0969,2026-05,0.0,,1.0,0.0,0.0
COMP_0969,2026-06,0.0,,1.0,0.0,0.0
COMP_0969,2026-07,0.0,,0.0,1.0,0.0
COMP_0969,2026-08,1.0,,1.0,1.0,0.0
COMP_0970,2026-07,,,0.0,0.0,
COMP_0970,2026-08,,,0.0,0.0,
COMP_0971,2026-07,,,0.0,0.0,
COMP_0971,2026-08,,,0.0,0.0,
COMP_0972,2026-01,,,0.0,0.0,
COMP_0972,2026-02,,,0.0,0.0,
COMP_0972,2026-03,,,0.0,0.0,
COMP_0972,2026-04,,,0.0,0.0,
COMP_0972,2026-05,,,0.0,0.0,
COMP_0972,2026-06,,,0.0,0.0,
COMP_0972,2026-07,,,0.0,0.0,0.0
COMP_0972,2026-08,,,0.0,0.0,0.0
COMP_0973,2025-02,,1.0,0.0,0.0,
COMP_0973,2025-03,,1.0,0.0,0.0,
COMP_0973,2025-04,,1.0,0.0,0.0,
COMP_0973,2025-05,,1.0,0.0,0.0,
COMP_0973,2025-06,,1.0,0.0,0.0,
COMP_0973,2025-07,,1.0,0.0,0.0,
COMP_0973,2025-08,0.0,1.0,0.0,0.0,0.0
COMP_0973,2025-09,0.0,1.0,0.0,0.0,0.0
COMP_0973,2025-10,0.0,1.0,0.0,0.0,0.0
COMP_0973,2025-11,0.0,1.0,0.0,0.0,0.0
COMP_0973,2025-12,0.0,1.0,0.0,0.0,0.0
COMP_0973,2026-01,0.0,1.0,0.0,0.0,0.0
COMP_0973,2026-02,0.0,1.0,0.0,0.0,0.0
COMP_0973,2026-03,0.0,1.0,0.0,0.0,0.0
COMP_0973,2026-04,0.0,1.0,0.0,0.0,0.0
COMP_0973,2026-05,1.0,1.0,0.0,0.0,0.0
COMP_0973,2026-06,1.0,1.0,0.0,0.0,0.0
COMP_0973,2026-07,,1.0,0.0,0.0,0.0
COMP_0973,2026-08,,1.0,0.0,0.0,0.0
COMP_0974,2026-02,,0.0,0.0,0.0,
COMP_0974,2026-03,,0.0,0.0,0.0,
COMP_0974,2026-04,,0.0,0.0,0.0,
COMP_0974,2026-05,,0.0,0.0,0.0,
COMP_0974,2026-06,,0.0,0.0,0.0,
COMP_0974,2026-07,,0.0,0.0,0.0,
COMP_0974,2026-08,1.0,0.0,0.0,0.0,0.0
COMP_0975,2025-02,,0.0,0.0,0.0,
COMP_0975,2025-03,,0.0,0.0,1.0,
COMP_0975,2025-04,,0.0,0.0,1.0,
COMP_0975,2025-05,,0.0,0.0,0.0,
COMP_0975,2025-06,,0.0,0.0,0.0,
COMP_0975,2025-07,,0.0,0.0,0.0,
COMP_0975,2025-08,,0.0,0.0,0.0,0.0
COMP_0975,2025-09,,1.0,0.0,1.0,0.0
COMP_0975,2025-10,,1.0,0.0,0.0,0.0
COMP_0975,2025-11,,0.0,0.0,0.0,0.0
COMP_0975,2025-12,,0.0,0.0,0.0,0.0
COMP_0975,2026-01,,0.0,0.0,0.0,0.0
COMP_0975,2026-02,,0.0,0.0,1.0,0.0
COMP_0975,2026-03,,0.0,0.0,0.0,0.0
COMP_0975,2026-04,,0.0,0.0,1.0,0.0
COMP_0975,2026-05,,0.0,0.0,0.0,0.0
COMP_0975,2026-06,,0.0,0.0,0.0,0.0
COMP_0975,2026-07,,0.0,0.0,1.0,0.0
COMP_0975,2026-08,,0.0,0.0,1.0,0.0
COMP_0976,2026-05,,0.0,,,
COMP_0976,2026-06,,0.0,,,
COMP_0976,2026-07,,0.0,,,
COMP_0976,2026-08,,0.0,,,
COMP_0977,2026-04,,0.0,0.0,0.0,
COMP_0977,2026-05,,0.0,0.0,0.0,
COMP_0977,2026-06,,0.0,0.0,0.0,
COMP_0977,2026-07,,0.0,0.0,0.0,
COMP_0977,2026-08,,0.0,0.0,0.0,
COMP_0978,2025-02,,0.0,0.0,0.0,
COMP_0978,2025-03,,0.0,0.0,1.0,
COMP_0978,2025-04,,0.0,0.0,0.0,
COMP_0978,2025-05,,0.0,0.0,1.0,
COMP_0978,2025-06,,0.0,0.0,1.0,
COMP_0978,2025-07,,0.0,0.0,1.0,
COMP_0978,2025-08,,0.0,0.0,0.0,0.0
COMP_0978,2025-09,,1.0,0.0,0.0,0.0
COMP_0978,2025-10,,1.0,0.0,0.0,0.0
COMP_0978,2025-11,,0.0,0.0,0.0,0.0
COMP_0978,2025-12,,0.0,0.0,0.0,0.0
COMP_0978,2026-01,,0.0,0.0,1.0,1.0
COMP_0978,2026-02,,0.0,0.0,0.0,0.0
COMP_0978,2026-03,,0.0,0.0,0.0,0.0
COMP_0978,2026-04,,0.0,0.0,0.0,0.0
COMP_0978,2026-05,,0.0,0.0,0.0,0.0
COMP_0978,2026-06,,0.0,0.0,1.0,0.0
COMP_0978,2026-07,,0.0,0.0,0.0,1.0
COMP_0978,2026-08,,0.0,0.0,1.0,0.0
COMP_0979,2025-06,,0.0,0.0,1.0,
COMP_0979,2025-07,,0.0,0.0,1.0,
COMP_0979,2025-08,,0.0,0.0,1.0,
COMP_0979,2025-09,,0.0,0.0,1.0,
COMP_0979,2025-10,,0.0,0.0,1.0,
COMP_0979,2025-11,,0.0,0.0,0.0,
COMP_0979,2025-12,0.0,0.0,0.0,0.0,0.0
COMP_0979,2026-01,0.0,0.0,0.0,0.0,0.0
COMP_0979,2026-02,0.0,0.0,0.0,0.0,0.0
COMP_0979,2026-03,0.0,0.0,0.0,0.0,0.0
COMP_0979,2026-04,0.0,0.0,0.0,0.0,0.0
COMP_0979,2026-05,0.0,0.0,0.0,0.0,0.0
COMP_0979,2026-06,0.0,0.0,0.0,0.0,0.0
COMP_0979,2026-07,1.0,0.0,0.0,0.0,
COMP_0979,2026-08,,0.0,0.0,0.0,
COMP_0980,2025-02,,,0.0,0.0,
COMP_0980,2025-03,,,0.0,0.0,
COMP_0980,2025-04,,,0.0,0.0,
COMP_0980,2025-05,,,0.0,0.0,
COMP_0980,2025-06,,,0.0,0.0,
COMP_0980,2025-07,,,0.0,0.0,
COMP_0980,2025-08,,,0.0,0.0,0.0
COMP_0980,2025-09,,,0.0,0.0,0.0
COMP_0980,2025-10,,,0.0,1.0,0.0
COMP_0980,2025-11,,,0.0,1.0,0.0
COMP_0980,2025-12,,,0.0,0.0,0.0
COMP_0980,2026-01,,,0.0,0.0,0.0
COMP_0980,2026-02,,,0.0,0.0,0.0
COMP_0980,2026-03,,,0.0,0.0,0.0
COMP_0980,2026-04,,,0.0,0.0,0.0
COMP_0980,2026-05,,,0.0,0.0,
COMP_0980,2026-06,,,0.0,0.0,
COMP_0980,2026-07,,,0.0,,
COMP_0980,2026-08,,,0.0,,
COMP_0981,2025-02,,,0.0,0.0,
COMP_0981,2025-03,,,0.0,0.0,
COMP_0981,2025-04,,,0.0,0.0,
COMP_0981,2025-05,,,0.0,0.0,
COMP_0981,2025-06,,,0.0,0.0,
COMP_0981,2025-07,,,0.0,,
COMP_0981,2025-08,,,0.0,,
COMP_0981,2025-09,,,0.0,,
COMP_0981,2025-10,,,0.0,,
COMP_0981,2025-11,,,0.0,,
COMP_0981,2025-12,,,0.0,,
COMP_0981,2026-01,,,0.0,,
COMP_0981,2026-02,,,0.0,,
COMP_0981,2026-03,,,0.0,,
COMP_0981,2026-04,,,0.0,,
COMP_0981,2026-05,,,0.0,,
COMP_0981,2026-06,,,0.0,,
COMP_0981,2026-07,,,0.0,,
COMP_0981,2026-08,,,0.0,,
COMP_0982,2025-06,,,0.0,0.0,
COMP_0982,2025-07,,,1.0,1.0,
COMP_0982,2025-08,,,1.0,1.0,
COMP_0982,2025-09,,,1.0,1.0,
COMP_0982,2025-10,,,1.0,0.0,
COMP_0982,2025-11,,,1.0,1.0,
COMP_0982,2025-12,,,1.0,1.0,0.0
COMP_0982,2026-01,,,1.0,1.0,0.0
COMP_0982,2026-02,,,1.0,1.0,0.0
COMP_0982,2026-03,,,1.0,0.0,0.0
COMP_0982,2026-04,,,1.0,1.0,1.0
COMP_0982,2026-05,,,1.0,1.0,1.0
COMP_0982,2026-06,,,1.0,1.0,0.0
COMP_0982,2026-07,,,1.0,1.0,0.0
COMP_0982,2026-08,,,1.0,0.0,0.0
COMP_0983,2025-02,,,0.0,1.0,
COMP_0983,2025-03,,,0.0,0.0,
COMP_0983,2025-04,,,0.0,1.0,
COMP_0983,2025-05,,,0.0,0.0,
COMP_0983,2025-06,,,0.0,0.0,
COMP_0983,2025-07,,,0.0,0.0,
COMP_0983,2025-08,,,0.0,0.0,0.0
COMP_0983,2025-09,,,0.0,0.0,0.0
COMP_0983,2025-10,,,0.0,0.0,0.0
COMP_0983,2025-11,,,0.0,0.0,0.0
COMP_0983,2025-12,,,0.0,0.0,0.0
COMP_0983,2026-01,0.0,,0.0,0.0,0.0
COMP_0983,2026-02,0.0,,0.0,0.0,0.0
COMP_0983,2026-03,0.0,,0.0,0.0,0.0
COMP_0983,2026-04,0.0,,0.0,0.0,1.0
COMP_0983,2026-05,0.0,,0.0,0.0,0.0
COMP_0983,2026-06,0.0,,0.0,0.0,0.0
COMP_0983,2026-07,0.0,,0.0,0.0,0.0
COMP_0983,2026-08,1.0,,0.0,0.0,0.0
COMP_0984,2025-02,,0.0,0.0,0.0,
COMP_0984,2025-03,,0.0,0.0,0.0,
COMP_0984,2025-04,,0.0,0.0,0.0,
COMP_0984,2025-05,,0.0,0.0,0.0,
COMP_0984,2025-06,,1.0,0.0,0.0,
COMP_0984,2025-07,,1.0,0.0,0.0,
COMP_0984,2025-08,0.0,1.0,0.0,0.0,0.0
COMP_0984,2025-09,0.0,1.0,0.0,1.0,0.0
COMP_0984,2025-10,0.0,1.0,0.0,1.0,0.0
COMP_0984,2025-11,1.0,1.0,0.0,1.0,0.0
COMP_0984,2025-12,0.0,1.0,0.0,0.0,0.0
COMP_0984,2026-01,0.0,0.0,0.0,0.0,0.0
COMP_0984,2026-02,1.0,0.0,0.0,0.0,1.0
COMP_0984,2026-03,,0.0,0.0,0.0,0.0
COMP_0984,2026-04,,0.0,0.0,0.0,0.0
COMP_0984,2026-05,,0.0,0.0,0.0,0.0
COMP_0984,2026-06,,0.0,0.0,0.0,0.0
COMP_0984,2026-07,,0.0,0.0,0.0,0.0
COMP_0984,2026-08,,0.0,0.0,1.0,0.0
COMP_0985,2025-02,,0.0,0.0,0.0,
COMP_0985,2025-03,,0.0,0.0,0.0,
COMP_0985,2025-04,,0.0,0.0,0.0,
COMP_0985,2025-05,,0.0,0.0,0.0,
COMP_0985,2025-06,,0.0,0.0,1.0,
COMP_0985,2025-07,,0.0,0.0,1.0,
COMP_0985,2025-08,0.0,0.0,0.0,1.0,0.0
COMP_0985,2025-09,0.0,1.0,0.0,1.0,1.0
COMP_0985,2025-10,0.0,0.0,0.0,1.0,0.0
COMP_0985,2025-11,0.0,0.0,0.0,1.0,0.0
COMP_0985,2025-12,0.0,0.0,0.0,1.0,0.0
COMP_0985,2026-01,0.0,0.0,0.0,1.0,0.0
COMP_0985,2026-02,1.0,0.0,0.0,1.0,0.0
COMP_0985,2026-03,1.0,0.0,0.0,1.0,0.0
COMP_0985,2026-04,0.0,0.0,0.0,0.0,0.0
COMP_0985,2026-05,0.0,0.0,0.0,0.0,0.0
COMP_0985,2026-06,0.0,0.0,0.0,0.0,0.0
COMP_0985,2026-07,0.0,0.0,0.0,0.0,0.0
COMP_0985,2026-08,0.0,0.0,0.0,1.0,0.0
COMP_0986,2026-06,,1.0,0.0,1.0,
COMP_0986,2026-07,,1.0,0.0,0.0,
COMP_0986,2026-08,,1.0,0.0,0.0,
COMP_0987,2025-02,,0.0,0.0,0.0,
COMP_0987,2025-03,,0.0,0.0,0.0,
COMP_0987,2025-04,,0.0,0.0,0.0,
COMP_0987,2025-05,,0.0,0.0,0.0,
COMP_0987,2025-06,,0.0,0.0,0.0,
COMP_0987,2025-07,,1.0,0.0,1.0,
COMP_0987,2025-08,1.0,1.0,0.0,1.0,0.0
COMP_0987,2025-09,0.0,1.0,0.0,1.0,0.0
COMP_0987,2025-10,0.0,0.0,0.0,1.0,0.0
COMP_0987,2025-11,1.0,0.0,0.0,1.0,0.0
COMP_0987,2025-12,0.0,0.0,0.0,1.0,0.0
COMP_0987,2026-01,0.0,0.0,0.0,0.0,0.0
COMP_0987,2026-02,0.0,1.0,0.0,0.0,0.0
COMP_0987,2026-03,0.0,0.0,0.0,0.0,0.0
COMP_0987,2026-04,0.0,0.0,0.0,0.0,0.0
COMP_0987,2026-05,0.0,0.0,0.0,1.0,0.0
COMP_0987,2026-06,0.0,1.0,0.0,0.0,0.0
COMP_0987,2026-07,0.0,1.0,0.0,0.0,0.0
COMP_0987,2026-08,0.0,1.0,0.0,0.0,0.0
COMP_0988,2026-05,,,0.0,0.0,
COMP_0988,2026-06,,,0.0,0.0,
COMP_0988,2026-07,,,0.0,0.0,
COMP_0988,2026-08,,,0.0,0.0,
COMP_0989,2025-10,,1.0,0.0,0.0,
COMP_0989,2025-11,,1.0,0.0,0.0,
COMP_0989,2025-12,,0.0,0.0,0.0,
COMP_0989,2026-01,,0.0,0.0,0.0,
COMP_0989,2026-02,,0.0,0.0,0.0,
COMP_0989,2026-03,,1.0,0.0,0.0,
COMP_0989,2026-04,,1.0,0.0,0.0,0.0
COMP_0989,2026-05,,1.0,0.0,0.0,0.0
COMP_0989,2026-06,,1.0,0.0,0.0,0.0
COMP_0989,2026-07,,1.0,0.0,0.0,0.0
COMP_0989,2026-08,,0.0,0.0,0.0,0.0
COMP_0990,2026-04,,0.0,0.0,1.0,
COMP_0990,2026-05,,0.0,0.0,1.0,
COMP_0990,2026-06,,1.0,0.0,1.0,
COMP_0990,2026-07,,1.0,0.0,1.0,
COMP_0990,2026-08,,1.0,0.0,0.0,
COMP_0991,2026-01,,,0.0,0.0,
COMP_0991,2026-02,,,0.0,0.0,
COMP_0991,2026-03,,,0.0,0.0,
COMP_0991,2026-04,,,1.0,0.0,
COMP_0991,2026-05,,,0.0,0.0,
COMP_0991,2026-06,,,0.0,0.0,
COMP_0991,2026-07,,,1.0,0.0,0.0
COMP_0991,2026-08,,,0.0,0.0,0.0
COMP_0992,2026-03,,0.0,0.0,0.0,
COMP_0992,2026-04,,0.0,0.0,1.0,
COMP_0992,2026-05,,0.0,0.0,0.0,
COMP_0992,2026-06,,0.0,0.0,0.0,
COMP_0992,2026-07,,0.0,0.0,1.0,
COMP_0992,2026-08,,0.0,0.0,1.0,
COMP_0993,2025-06,,1.0,0.0,0.0,
COMP_0993,2025-07,,1.0,0.0,0.0,
COMP_0993,2025-08,,1.0,0.0,0.0,
COMP_0993,2025-09,,0.0,0.0,0.0,
COMP_0993,2025-10,,0.0,0.0,0.0,
COMP_0993,2025-11,,0.0,0.0,0.0,
COMP_0993,2025-12,,0.0,0.0,0.0,0.0
COMP_0993,2026-01,,0.0,0.0,0.0,0.0
COMP_0993,2026-02,,0.0,0.0,0.0,0.0
COMP_0993,2026-03,,0.0,0.0,0.0,0.0
COMP_0993,2026-04,,0.0,0.0,0.0,0.0
COMP_0993,2026-05,,0.0,0.0,0.0,0.0
COMP_0993,2026-06,,0.0,0.0,0.0,0.0
COMP_0993,2026-07,,0.0,0.0,0.0,0.0
COMP_0993,2026-08,,0.0,0.0,0.0,0.0
COMP_0994,2025-02,,0.0,0.0,0.0,
COMP_0994,2025-03,,0.0,0.0,0.0,
COMP_0994,2025-04,,0.0,0.0,0.0,
COMP_0994,2025-05,,0.0,0.0,0.0,
COMP_0994,2025-06,,0.0,0.0,0.0,
COMP_0994,2025-07,,0.0,0.0,1.0,
COMP_0994,2025-08,0.0,0.0,0.0,1.0,0.0
COMP_0994,2025-09,0.0,0.0,1.0,1.0,0.0
COMP_0994,2025-10,0.0,0.0,0.0,0.0,0.0
COMP_0994,2025-11,1.0,0.0,0.0,0.0,0.0
COMP_0994,2025-12,0.0,0.0,0.0,0.0,0.0
COMP_0994,2026-01,1.0,0.0,0.0,0.0,0.0
COMP_0994,2026-02,,0.0,0.0,0.0,0.0
COMP_0994,2026-03,,0.0,0.0,1.0,0.0
COMP_0994,2026-04,,0.0,0.0,1.0,0.0
COMP_0994,2026-05,,0.0,0.0,1.0,0.0
COMP_0994,2026-06,,0.0,0.0,0.0,0.0
COMP_0994,2026-07,,0.0,0.0,0.0,0.0
COMP_0994,2026-08,0.0,0.0,0.0,0.0,0.0
COMP_0995,2025-06,,0.0,0.0,1.0,
COMP_0995,2025-07,,0.0,0.0,1.0,
COMP_0995,2025-08,,0.0,0.0,0.0,
COMP_0995,2025-09,,0.0,0.0,0.0,
COMP_0995,2025-10,,0.0,0.0,1.0,
COMP_0995,2025-11,,0.0,0.0,1.0,
COMP_0995,2025-12,0.0,0.0,0.0,0.0,0.0
COMP_0995,2026-01,0.0,0.0,0.0,0.0,0.0
COMP_0995,2026-02,0.0,0.0,0.0,0.0,0.0
COMP_0995,2026-03,0.0,0.0,0.0,1.0,0.0
COMP_0995,2026-04,1.0,0.0,0.0,1.0,0.0
COMP_0995,2026-05,1.0,0.0,0.0,1.0,0.0
COMP_0995,2026-06,0.0,0.0,0.0,0.0,0.0
COMP_0995,2026-07,0.0,0.0,0.0,1.0,0.0
COMP_0995,2026-08,0.0,0.0,0.0,0.0,0.0
COMP_0996,2026-05,,0.0,0.0,1.0,
COMP_0996,2026-06,,0.0,0.0,1.0,
COMP_0996,2026-07,,0.0,0.0,1.0,
COMP_0996,2026-08,,0.0,0.0,1.0,
COMP_0997,2026-01,,0.0,0.0,0.0,
COMP_0997,2026-02,,0.0,0.0,0.0,
COMP_0997,2026-03,,0.0,0.0,0.0,
COMP_0997,2026-04,,0.0,0.0,0.0,
COMP_0997,2026-05,,0.0,0.0,0.0,
COMP_0997,2026-06,,0.0,0.0,0.0,
COMP_0997,2026-07,0.0,0.0,0.0,0.0,0.0
COMP_0997,2026-08,0.0,0.0,0.0,0.0,0.0
COMP_0998,2026-01,,,0.0,1.0,
COMP_0998,2026-02,,,0.0,1.0,
COMP_0998,2026-03,,,0.0,0.0,
COMP_0998,2026-04,,,0.0,0.0,
COMP_0998,2026-05,,,0.0,0.0,
COMP_0998,2026-06,,,0.0,1.0,
COMP_0998,2026-07,1.0,,0.0,1.0,0.0
COMP_0998,2026-08,1.0,,0.0,1.0,0.0
COMP_0999,2025-06,,0.0,0.0,0.0,
COMP_0999,2025-07,,0.0,0.0,0.0,
COMP_0999,2025-08,,0.0,0.0,0.0,
COMP_0999,2025-09,,0.0,0.0,0.0,
COMP_0999,2025-10,,0.0,0.0,0.0,
COMP_0999,2025-11,,0.0,0.0,0.0,
COMP_0999,2025-12,0.0,0.0,0.0,0.0,0.0
COMP_0999,2026-01,0.0,0.0,0.0,0.0,0.0
COMP_0999,2026-02,0.0,0.0,0.0,0.0,0.0
COMP_0999,2026-03,0.0,0.0,0.0,0.0,0.0
COMP_0999,2026-04,0.0,0.0,0.0,0.0,0.0
COMP_0999,2026-05,0.0,0.0,0.0,0.0,0.0
COMP_0999,2026-06,0.0,0.0,0.0,0.0,0.0
COMP_0999,2026-07,0.0,0.0,0.0,0.0,0.0
COMP_0999,2026-08,0.0,0.0,0.0,0.0,0.0
COMP_1000,2026-02,,0.0,0.0,1.0,
COMP_1000,2026-03,,0.0,0.0,1.0,
COMP_1000,2026-04,,0.0,0.0,1.0,
COMP_1000,2026-05,,0.0,0.0,0.0,
COMP_1000,2026-06,,,0.0,,
COMP_1000,2026-07,,,0.0,,
COMP_1000,2026-08,,,0.0,,
COMP_1001,2025-02,,,1.0,0.0,
COMP_1001,2025-03,,,0.0,1.0,
COMP_1001,2025-04,,,0.0,0.0,
COMP_1001,2025-05,,,1.0,1.0,
COMP_1001,2025-06,,,0.0,0.0,
COMP_1001,2025-07,,,0.0,0.0,
COMP_1001,2025-08,0.0,,0.0,0.0,0.0
COMP_1001,2025-09,0.0,,0.0,1.0,0.0
COMP_1001,2025-10,0.0,,0.0,0.0,0.0
COMP_1001,2025-11,0.0,,0.0,0.0,0.0
COMP_1001,2025-12,0.0,,0.0,0.0,0.0
COMP_1001,2026-01,0.0,,0.0,0.0,0.0
COMP_1001,2026-02,0.0,,0.0,0.0,0.0
COMP_1001,2026-03,0.0,,0.0,0.0,0.0
COMP_1001,2026-04,0.0,,0.0,0.0,0.0
COMP_1001,2026-05,0.0,,0.0,0.0,0.0
COMP_1001,2026-06,0.0,,0.0,0.0,0.0
COMP_1001,2026-07,0.0,,0.0,0.0,0.0
COMP_1001,2026-08,0.0,,0.0,0.0,0.0
COMP_1002,2026-03,,0.0,0.0,1.0,
COMP_1002,2026-04,,0.0,0.0,0.0,
COMP_1002,2026-05,,0.0,0.0,0.0,
COMP_1002,2026-06,,0.0,0.0,1.0,
COMP_1002,2026-07,,0.0,0.0,1.0,
COMP_1002,2026-08,,0.0,0.0,1.0,
COMP_1003,2025-02,,0.0,0.0,0.0,
COMP_1003,2025-03,,0.0,0.0,1.0,
COMP_1003,2025-04,,1.0,0.0,0.0,
COMP_1003,2025-05,,1.0,0.0,1.0,
COMP_1003,2025-06,,1.0,0.0,1.0,
COMP_1003,2025-07,,1.0,0.0,1.0,
COMP_1003,2025-08,0.0,1.0,0.0,0.0,0.0
COMP_1003,2025-09,0.0,1.0,0.0,0.0,0.0
COMP_1003,2025-10,0.0,1.0,0.0,0.0,0.0
COMP_1003,2025-11,0.0,1.0,0.0,0.0,0.0
COMP_1003,2025-12,0.0,1.0,0.0,1.0,0.0
COMP_1003,2026-01,0.0,1.0,0.0,1.0,0.0
COMP_1003,2026-02,0.0,1.0,0.0,1.0,0.0
COMP_1003,2026-03,0.0,0.0,0.0,1.0,0.0
COMP_1003,2026-04,1.0,0.0,0.0,1.0,0.0
COMP_1003,2026-05,0.0,0.0,1.0,1.0,0.0
COMP_1003,2026-06,0.0,0.0,0.0,0.0,0.0
COMP_1003,2026-07,0.0,1.0,0.0,0.0,0.0
COMP_1003,2026-08,0.0,1.0,0.0,0.0,0.0
COMP_1004,2025-02,,0.0,0.0,0.0,
COMP_1004,2025-03,,1.0,0.0,0.0,
COMP_1004,2025-04,,1.0,0.0,1.0,
COMP_1004,2025-05,,1.0,0.0,1.0,
COMP_1004,2025-06,,0.0,0.0,0.0,
COMP_1004,2025-07,,0.0,0.0,0.0,
COMP_1004,2025-08,0.0,0.0,0.0,0.0,0.0
COMP_1004,2025-09,1.0,1.0,0.0,0.0,0.0
COMP_1004,2025-10,1.0,1.0,0.0,0.0,0.0
COMP_1004,2025-11,,1.0,0.0,0.0,0.0
COMP_1004,2025-12,,0.0,0.0,0.0,0.0
COMP_1004,2026-01,,0.0,0.0,0.0,0.0
COMP_1004,2026-02,,0.0,0.0,0.0,
COMP_1004,2026-03,,1.0,0.0,0.0,
COMP_1004,2026-04,,,0.0,,
COMP_1004,2026-05,,,0.0,,
COMP_1004,2026-06,,,0.0,,
COMP_1004,2026-07,,,0.0,,
COMP_1004,2026-08,,,0.0,,
COMP_1005,2025-08,,,0.0,1.0,
COMP_1005,2025-09,,,0.0,1.0,
COMP_1005,2025-10,,,0.0,1.0,
COMP_1005,2025-11,,,0.0,1.0,
COMP_1005,2025-12,,,0.0,1.0,
COMP_1005,2026-01,,,0.0,1.0,
COMP_1005,2026-02,0.0,,0.0,1.0,0.0
COMP_1005,2026-03,0.0,,0.0,1.0,0.0
COMP_1005,2026-04,0.0,,0.0,1.0,0.0
COMP_1005,2026-05,0.0,,0.0,1.0,0.0
COMP_1005,2026-06,0.0,,0.0,1.0,0.0
COMP_1005,2026-07,0.0,,0.0,1.0,0.0
COMP_1005,2026-08,0.0,,0.0,1.0,0.0
COMP_1006,2025-02,,0.0,0.0,0.0,
COMP_1006,2025-03,,0.0,0.0,0.0,
COMP_1006,2025-04,,0.0,0.0,0.0,
COMP_1006,2025-05,,0.0,0.0,0.0,
COMP_1006,2025-06,,0.0,0.0,0.0,
COMP_1006,2025-07,,1.0,0.0,0.0,
COMP_1006,2025-08,0.0,1.0,0.0,0.0,0.0
COMP_1006,2025-09,0.0,0.0,0.0,0.0,0.0
COMP_1006,2025-10,0.0,0.0,0.0,0.0,0.0
COMP_1006,2025-11,0.0,0.0,0.0,0.0,0.0
COMP_1006,2025-12,0.0,0.0,0.0,0.0,0.0
COMP_1006,2026-01,0.0,0.0,0.0,0.0,0.0
COMP_1006,2026-02,0.0,0.0,0.0,0.0,0.0
COMP_1006,2026-03,0.0,0.0,0.0,0.0,0.0
COMP_1006,2026-04,0.0,0.0,0.0,0.0,0.0
COMP_1006,2026-05,0.0,0.0,0.0,0.0,0.0
COMP_1006,2026-06,0.0,0.0,0.0,0.0,0.0
COMP_1006,2026-07,0.0,0.0,0.0,0.0,0.0
COMP_1006,2026-08,0.0,0.0,0.0,0.0,0.0
COMP_1007,2025-02,,,0.0,0.0,
COMP_1007,2025-03,,,0.0,0.0,
COMP_1007,2025-04,,,0.0,0.0,
COMP_1007,2025-05,,,0.0,0.0,
COMP_1007,2025-06,,,0.0,0.0,
COMP_1007,2025-07,,,0.0,0.0,
COMP_1007,2025-08,0.0,,0.0,0.0,0.0
COMP_1007,2025-09,0.0,,0.0,0.0,0.0
COMP_1007,2025-10,0.0,,0.0,0.0,0.0
COMP_1007,2025-11,0.0,,0.0,0.0,0.0
COMP_1007,2025-12,0.0,,0.0,0.0,0.0
COMP_1007,2026-01,0.0,,0.0,0.0,0.0
COMP_1007,2026-02,0.0,,0.0,0.0,0.0
COMP_1007,2026-03,0.0,,0.0,1.0,0.0
COMP_1007,2026-04,0.0,,0.0,0.0,0.0
COMP_1007,2026-05,0.0,,0.0,0.0,0.0
COMP_1007,2026-06,0.0,,0.0,0.0,0.0
COMP_1007,2026-07,0.0,,0.0,0.0,0.0
COMP_1007,2026-08,0.0,,0.0,1.0,0.0
COMP_1008,2025-02,,0.0,0.0,0.0,
COMP_1008,2025-03,,0.0,0.0,0.0,
COMP_1008,2025-04,,0.0,0.0,0.0,
COMP_1008,2025-05,,0.0,0.0,0.0,
COMP_1008,2025-06,,0.0,0.0,0.0,
COMP_1008,2025-07,,0.0,0.0,0.0,
COMP_1008,2025-08,0.0,0.0,0.0,0.0,0.0
COMP_1008,2025-09,1.0,0.0,0.0,0.0,0.0
COMP_1008,2025-10,,0.0,0.0,0.0,0.0
COMP_1008,2025-11,,0.0,0.0,0.0,0.0
COMP_1008,2025-12,,0.0,0.0,0.0,0.0
COMP_1008,2026-01,,0.0,0.0,0.0,0.0
COMP_1008,2026-02,,0.0,0.0,0.0,0.0
COMP_1008,2026-03,,0.0,0.0,0.0,0.0
COMP_1008,2026-04,,0.0,0.0,0.0,0.0
COMP_1008,2026-05,,0.0,0.0,0.0,0.0
COMP_1008,2026-06,,0.0,0.0,0.0,0.0
COMP_1008,2026-07,,0.0,0.0,0.0,0.0
COMP_1008,2026-08,,0.0,0.0,0.0,0.0
COMP_1009,2025-07,,0.0,0.0,0.0,
COMP_1009,2025-08,,0.0,0.0,0.0,
COMP_1009,2025-09,,0.0,0.0,0.0,
COMP_1009,2025-10,,0.0,0.0,0.0,
COMP_1009,2025-11,,0.0,0.0,0.0,
COMP_1009,2025-12,,0.0,0.0,0.0,
COMP_1009,2026-01,,0.0,0.0,0.0,0.0
COMP_1009,2026-02,,0.0,0.0,0.0,0.0
COMP_1009,2026-03,,0.0,0.0,0.0,
COMP_1009,2026-04,,0.0,0.0,0.0,0.0
COMP_1009,2026-05,,0.0,0.0,0.0,
COMP_1009,2026-06,,0.0,0.0,0.0,
COMP_1009,2026-07,,0.0,0.0,0.0,0.0
COMP_1009,2026-08,,0.0,0.0,0.0,
COMP_1010,2026-07,,,0.0,1.0,
COMP_1010,2026-08,,,0.0,1.0,
COMP_1011,2025-03,,0.0,0.0,0.0,
COMP_1011,2025-04,,0.0,0.0,0.0,
COMP_1011,2025-05,,0.0,0.0,0.0,
COMP_1011,2025-06,,0.0,0.0,0.0,
COMP_1011,2025-07,,0.0,0.0,0.0,
COMP_1011,2025-08,,0.0,0.0,0.0,
COMP_1011,2025-09,0.0,0.0,0.0,0.0,0.0
COMP_1011,2025-10,0.0,0.0,0.0,0.0,0.0
COMP_1011,2025-11,0.0,0.0,0.0,0.0,0.0
COMP_1011,2025-12,0.0,0.0,0.0,0.0,0.0
COMP_1011,2026-01,1.0,0.0,0.0,1.0,0.0
COMP_1011,2026-02,0.0,1.0,0.0,1.0,0.0
COMP_1011,2026-03,1.0,1.0,0.0,1.0,0.0
COMP_1011,2026-04,,1.0,0.0,0.0,0.0
COMP_1011,2026-05,,1.0,0.0,0.0,0.0
COMP_1011,2026-06,,0.0,0.0,0.0,0.0
COMP_1011,2026-07,,0.0,0.0,1.0,0.0
COMP_1011,2026-08,1.0,0.0,0.0,0.0,0.0
COMP_1012,2026-04,,,0.0,0.0,
COMP_1012,2026-05,,,0.0,0.0,
COMP_1012,2026-06,,,0.0,0.0,
COMP_1012,2026-07,,,0.0,0.0,
COMP_1012,2026-08,,,0.0,0.0,
COMP_1013,2025-03,,0.0,0.0,0.0,
COMP_1013,2025-04,,0.0,0.0,0.0,
COMP_1013,2025-05,,0.0,0.0,0.0,
COMP_1013,2025-06,,0.0,0.0,1.0,
COMP_1013,2025-07,,0.0,0.0,0.0,
COMP_1013,2025-08,,0.0,0.0,0.0,
COMP_1013,2025-09,0.0,0.0,0.0,0.0,0.0
COMP_1013,2025-10,0.0,0.0,0.0,0.0,0.0
COMP_1013,2025-11,0.0,0.0,0.0,0.0,0.0
COMP_1013,2025-12,0.0,0.0,0.0,1.0,0.0
COMP_1013,2026-01,0.0,0.0,0.0,1.0,0.0
COMP_1013,2026-02,0.0,0.0,0.0,0.0,0.0
COMP_1013,2026-03,0.0,0.0,0.0,0.0,0.0
COMP_1013,2026-04,0.0,0.0,0.0,1.0,0.0
COMP_1013,2026-05,0.0,0.0,0.0,1.0,0.0
COMP_1013,2026-06,0.0,0.0,0.0,1.0,1.0
COMP_1013,2026-07,0.0,0.0,0.0,0.0,0.0
COMP_1013,2026-08,0.0,0.0,0.0,1.0,0.0
COMP_1014,2025-06,,,0.0,0.0,
COMP_1014,2025-07,,,0.0,0.0,
COMP_1014,2025-08,,,0.0,0.0,
COMP_1014,2025-09,,,0.0,0.0,
COMP_1014,2025-10,,,0.0,0.0,
COMP_1014,2025-11,,,0.0,0.0,
COMP_1014,2025-12,,,0.0,0.0,0.0
COMP_1014,2026-01,,,0.0,0.0,0.0
COMP_1014,2026-02,,,0.0,0.0,0.0
COMP_1014,2026-03,,,0.0,0.0,0.0
COMP_1014,2026-04,,,0.0,0.0,0.0
COMP_1014,2026-05,,,0.0,0.0,0.0
COMP_1014,2026-06,,,0.0,1.0,0.0
COMP_1014,2026-07,,,0.0,1.0,0.0
COMP_1014,2026-08,,,0.0,0.0,0.0
COMP_1015,2025-03,,,0.0,1.0,
COMP_1015,2025-04,,,0.0,1.0,
COMP_1015,2025-05,,,0.0,0.0,
COMP_1015,2025-06,,,0.0,0.0,
COMP_1015,2025-07,,,0.0,0.0,
COMP_1015,2025-08,,,0.0,0.0,
COMP_1015,2025-09,,,0.0,0.0,0.0
COMP_1015,2025-10,,,0.0,0.0,0.0
COMP_1015,2025-11,,,0.0,1.0,0.0
COMP_1015,2025-12,,,0.0,1.0,0.0
COMP_1015,2026-01,,,0.0,1.0,0.0
COMP_1015,2026-02,,,0.0,0.0,0.0
COMP_1015,2026-03,,,0.0,1.0,0.0
COMP_1015,2026-04,,,1.0,0.0,0.0
COMP_1015,2026-05,,,0.0,1.0,0.0
COMP_1015,2026-06,,,0.0,1.0,0.0
COMP_1015,2026-07,,,0.0,0.0,0.0
COMP_1015,2026-08,,,0.0,1.0,0.0
COMP_1016,2026-06,,0.0,0.0,1.0,
COMP_1016,2026-07,,0.0,0.0,1.0,
COMP_1016,2026-08,,1.0,0.0,1.0,
COMP_1017,2025-09,,0.0,0.0,0.0,
COMP_1017,2025-10,,0.0,0.0,0.0,
COMP_1017,2025-11,,0.0,0.0,0.0,
COMP_1017,2025-12,,0.0,0.0,1.0,
COMP_1017,2026-01,,0.0,0.0,1.0,
COMP_1017,2026-02,,0.0,0.0,1.0,
COMP_1017,2026-03,0.0,0.0,0.0,0.0,0.0
COMP_1017,2026-04,0.0,0.0,0.0,0.0,0.0
COMP_1017,2026-05,1.0,0.0,0.0,0.0,0.0
COMP_1017,2026-06,0.0,0.0,0.0,0.0,0.0
COMP_1017,2026-07,0.0,0.0,0.0,0.0,0.0
COMP_1017,2026-08,0.0,0.0,0.0,0.0,0.0
COMP_1018,2026-03,,1.0,1.0,1.0,
COMP_1018,2026-04,,1.0,1.0,1.0,
COMP_1018,2026-05,,1.0,1.0,1.0,
COMP_1018,2026-06,,1.0,1.0,0.0,
COMP_1018,2026-07,,1.0,1.0,1.0,
COMP_1018,2026-08,,1.0,1.0,1.0,
COMP_1019,2025-02,,0.0,0.0,0.0,
COMP_1019,2025-03,,0.0,0.0,0.0,
COMP_1019,2025-04,,0.0,0.0,0.0,
COMP_1019,2025-05,,0.0,0.0,0.0,
COMP_1019,2025-06,,0.0,0.0,0.0,
COMP_1019,2025-07,,0.0,0.0,0.0,
COMP_1019,2025-08,,0.0,0.0,0.0,0.0
COMP_1019,2025-09,,0.0,0.0,0.0,0.0
COMP_1019,2025-10,,0.0,0.0,0.0,0.0
COMP_1019,2025-11,,0.0,0.0,0.0,0.0
COMP_1019,2025-12,,0.0,0.0,0.0,0.0
COMP_1019,2026-01,,0.0,0.0,0.0,0.0
COMP_1019,2026-02,,0.0,0.0,1.0,0.0
COMP_1019,2026-03,,0.0,0.0,0.0,1.0
COMP_1019,2026-04,,0.0,0.0,0.0,0.0
COMP_1019,2026-05,,1.0,0.0,0.0,0.0
COMP_1019,2026-06,,1.0,0.0,0.0,0.0
COMP_1019,2026-07,,1.0,0.0,0.0,0.0
COMP_1019,2026-08,,0.0,0.0,0.0,0.0
COMP_1020,2026-02,,0.0,0.0,0.0,
COMP_1020,2026-03,,0.0,0.0,0.0,
COMP_1020,2026-04,,0.0,0.0,0.0,
COMP_1020,2026-05,,0.0,0.0,0.0,
COMP_1020,2026-06,,0.0,0.0,0.0,
COMP_1020,2026-07,,0.0,0.0,1.0,
COMP_1020,2026-08,0.0,0.0,0.0,1.0,0.0
COMP_1021,2026-05,,,0.0,0.0,
COMP_1021,2026-06,,,0.0,0.0,
COMP_1021,2026-07,,,0.0,1.0,
COMP_1021,2026-08,,,0.0,1.0,
COMP_1022,2025-02,,0.0,0.0,0.0,
COMP_1022,2025-03,,0.0,0.0,0.0,
COMP_1022,2025-04,,1.0,0.0,0.0,
COMP_1022,2025-05,,1.0,0.0,0.0,
COMP_1022,2025-06,,1.0,0.0,0.0,
COMP_1022,2025-07,,1.0,0.0,0.0,
COMP_1022,2025-08,0.0,1.0,0.0,0.0,0.0
COMP_1022,2025-09,0.0,1.0,0.0,0.0,0.0
COMP_1022,2025-10,0.0,1.0,0.0,0.0,0.0
COMP_1022,2025-11,0.0,1.0,0.0,0.0,0.0
COMP_1022,2025-12,0.0,1.0,0.0,0.0,0.0
COMP_1022,2026-01,0.0,1.0,0.0,0.0,0.0
COMP_1022,2026-02,0.0,1.0,0.0,0.0,0.0
COMP_1022,2026-03,0.0,1.0,0.0,0.0,0.0
COMP_1022,2026-04,0.0,1.0,0.0,0.0,0.0
COMP_1022,2026-05,0.0,1.0,0.0,0.0,0.0
COMP_1022,2026-06,0.0,1.0,0.0,0.0,0.0
COMP_1022,2026-07,0.0,1.0,0.0,0.0,0.0
COMP_1022,2026-08,0.0,1.0,0.0,0.0,0.0
COMP_1023,2026-06,,,0.0,1.0,
COMP_1023,2026-07,,,0.0,1.0,
COMP_1023,2026-08,,,0.0,1.0,
COMP_1024,2025-06,,0.0,0.0,0.0,
COMP_1024,2025-07,,0.0,0.0,0.0,
COMP_1024,2025-08,,0.0,0.0,0.0,
COMP_1024,2025-09,,0.0,0.0,0.0,
COMP_1024,2025-10,,0.0,0.0,1.0,
COMP_1024,2025-11,,0.0,0.0,1.0,
COMP_1024,2025-12,1.0,0.0,0.0,1.0,0.0
COMP_1024,2026-01,,0.0,0.0,0.0,0.0
COMP_1024,2026-02,,0.0,0.0,0.0,0.0
COMP_1024,2026-03,,0.0,0.0,0.0,0.0
COMP_1024,2026-04,,0.0,0.0,0.0,0.0
COMP_1024,2026-05,,0.0,0.0,0.0,0.0
COMP_1024,2026-06,,0.0,0.0,0.0,0.0
COMP_1024,2026-07,,0.0,0.0,0.0,0.0
COMP_1024,2026-08,,0.0,0.0,0.0,0.0
COMP_1025,2026-04,,,0.0,1.0,
COMP_1025,2026-05,,,0.0,1.0,
COMP_1025,2026-06,,,0.0,0.0,
COMP_1025,2026-07,,,0.0,0.0,
COMP_1025,2026-08,,,1.0,1.0,
COMP_1026,2026-07,,1.0,0.0,1.0,
COMP_1026,2026-08,,1.0,0.0,1.0,
COMP_1027,2025-05,,,0.0,0.0,
COMP_1027,2025-06,,,0.0,0.0,
COMP_1027,2025-07,,,0.0,0.0,
COMP_1027,2025-08,,,0.0,0.0,
COMP_1027,2025-09,,,0.0,0.0,
COMP_1027,2025-10,,,0.0,0.0,
COMP_1027,2025-11,,,0.0,1.0,0.0
COMP_1027,2025-12,,,0.0,0.0,1.0
COMP_1027,2026-01,,,0.0,0.0,0.0
COMP_1027,2026-02,,,0.0,0.0,0.0
COMP_1027,2026-03,,,0.0,0.0,1.0
COMP_1027,2026-04,,,0.0,0.0,0.0
COMP_1027,2026-05,,,0.0,0.0,0.0
COMP_1027,2026-06,,,0.0,1.0,1.0
COMP_1027,2026-07,,,0.0,0.0,0.0
COMP_1027,2026-08,,,0.0,0.0,0.0
COMP_1028,2026-06,,0.0,0.0,0.0,
COMP_1028,2026-07,,0.0,0.0,0.0,
COMP_1028,2026-08,,0.0,0.0,0.0,
COMP_1029,2025-02,,0.0,0.0,0.0,
COMP_1029,2025-03,,0.0,0.0,0.0,
COMP_1029,2025-04,,0.0,0.0,0.0,
COMP_1029,2025-05,,0.0,0.0,0.0,
COMP_1029,2025-06,,0.0,0.0,0.0,
COMP_1029,2025-07,,0.0,0.0,0.0,
COMP_1029,2025-08,,1.0,0.0,0.0,0.0
COMP_1029,2025-09,,0.0,0.0,0.0,0.0
COMP_1029,2025-10,,0.0,0.0,0.0,0.0
COMP_1029,2025-11,1.0,0.0,0.0,0.0,0.0
COMP_1029,2025-12,0.0,0.0,0.0,1.0,0.0
COMP_1029,2026-01,0.0,0.0,0.0,1.0,0.0
COMP_1029,2026-02,1.0,0.0,0.0,1.0,0.0
COMP_1029,2026-03,,0.0,0.0,1.0,0.0
COMP_1029,2026-04,,0.0,0.0,1.0,0.0
COMP_1029,2026-05,,0.0,0.0,0.0,0.0
COMP_1029,2026-06,,0.0,0.0,1.0,0.0
COMP_1029,2026-07,,0.0,0.0,1.0,0.0
COMP_1029,2026-08,,0.0,0.0,1.0,0.0
COMP_1030,2025-09,,0.0,0.0,0.0,
COMP_1030,2025-10,,0.0,0.0,0.0,
COMP_1030,2025-11,,0.0,0.0,0.0,
COMP_1030,2025-12,,0.0,0.0,0.0,
COMP_1030,2026-01,,0.0,0.0,1.0,
COMP_1030,2026-02,,0.0,0.0,1.0,
COMP_1030,2026-03,0.0,0.0,0.0,1.0,0.0
COMP_1030,2026-04,0.0,0.0,0.0,1.0,0.0
COMP_1030,2026-05,1.0,0.0,0.0,1.0,0.0
COMP_1030,2026-06,0.0,0.0,0.0,1.0,0.0
COMP_1030,2026-07,0.0,0.0,0.0,0.0,0.0
COMP_1030,2026-08,0.0,0.0,0.0,1.0,0.0
COMP_1031,2025-06,,,1.0,1.0,
COMP_1031,2025-07,,,1.0,1.0,
COMP_1031,2025-08,,,1.0,1.0,
COMP_1031,2025-09,,,1.0,0.0,
COMP_1031,2025-10,,,1.0,0.0,
COMP_1031,2025-11,,,1.0,0.0,
COMP_1031,2025-12,0.0,,0.0,0.0,0.0
COMP_1031,2026-01,0.0,,0.0,0.0,0.0
COMP_1031,2026-02,0.0,,0.0,0.0,0.0
COMP_1031,2026-03,0.0,,0.0,0.0,0.0
COMP_1031,2026-04,0.0,,0.0,0.0,0.0
COMP_1031,2026-05,0.0,,0.0,0.0,0.0
COMP_1031,2026-06,0.0,,0.0,0.0,0.0
COMP_1031,2026-07,0.0,,0.0,0.0,0.0
COMP_1031,2026-08,0.0,,0.0,0.0,0.0
COMP_1032,2025-06,,1.0,0.0,0.0,
COMP_1032,2025-07,,1.0,0.0,0.0,
COMP_1032,2025-08,,1.0,0.0,0.0,
COMP_1032,2025-09,,1.0,0.0,0.0,
COMP_1032,2025-10,,1.0,0.0,0.0,
COMP_1032,2025-11,,1.0,0.0,0.0,
COMP_1032,2025-12,,1.0,0.0,0.0,0.0
COMP_1032,2026-01,,1.0,0.0,0.0,0.0
COMP_1032,2026-02,,0.0,0.0,0.0,
COMP_1032,2026-03,,0.0,0.0,0.0,0.0
COMP_1032,2026-04,,0.0,0.0,0.0,
COMP_1032,2026-05,,0.0,0.0,0.0,0.0
COMP_1032,2026-06,,0.0,0.0,0.0,
COMP_1032,2026-07,,0.0,0.0,0.0,0.0
COMP_1032,2026-08,,0.0,0.0,0.0,
COMP_1033,2025-02,,0.0,1.0,1.0,
COMP_1033,2025-03,,0.0,0.0,1.0,
COMP_1033,2025-04,,1.0,0.0,0.0,
COMP_1033,2025-05,,1.0,0.0,0.0,
COMP_1033,2025-06,,1.0,0.0,0.0,
COMP_1033,2025-07,,1.0,0.0,1.0,
COMP_1033,2025-08,,1.0,0.0,1.0,0.0
COMP_1033,2025-09,,1.0,0.0,0.0,0.0
COMP_1033,2025-10,,0.0,0.0,1.0,0.0
COMP_1033,2025-11,,0.0,1.0,1.0,0.0
COMP_1033,2025-12,,0.0,0.0,1.0,0.0
COMP_1033,2026-01,,0.0,0.0,1.0,0.0
COMP_1033,2026-02,,0.0,0.0,0.0,0.0
COMP_1033,2026-03,,0.0,0.0,0.0,0.0
COMP_1033,2026-04,,0.0,0.0,0.0,0.0
COMP_1033,2026-05,,0.0,0.0,1.0,0.0
COMP_1033,2026-06,,0.0,0.0,1.0,0.0
COMP_1033,2026-07,,0.0,0.0,1.0,0.0
COMP_1033,2026-08,,0.0,0.0,1.0,0.0
COMP_1034,2026-06,,,0.0,1.0,
COMP_1034,2026-07,,,0.0,1.0,
COMP_1034,2026-08,,,0.0,1.0,
COMP_1035,2025-06,,0.0,0.0,0.0,
COMP_1035,2025-07,,0.0,0.0,0.0,
COMP_1035,2025-08,,0.0,0.0,0.0,
COMP_1035,2025-09,,0.0,0.0,0.0,
COMP_1035,2025-10,,0.0,0.0,1.0,
COMP_1035,2025-11,,0.0,0.0,1.0,
COMP_1035,2025-12,0.0,0.0,0.0,1.0,0.0
COMP_1035,2026-01,0.0,0.0,0.0,1.0,0.0
COMP_1035,2026-02,1.0,1.0,0.0,1.0,0.0
COMP_1035,2026-03,0.0,1.0,0.0,1.0,0.0
COMP_1035,2026-04,0.0,1.0,0.0,1.0,0.0
COMP_1035,2026-05,0.0,1.0,0.0,0.0,0.0
COMP_1035,2026-06,0.0,1.0,0.0,0.0,0.0
COMP_1035,2026-07,1.0,1.0,0.0,0.0,0.0
COMP_1035,2026-08,0.0,1.0,0.0,1.0,0.0
COMP_1037,2025-06,,0.0,0.0,0.0,
COMP_1037,2025-07,,0.0,0.0,0.0,
COMP_1037,2025-08,,0.0,0.0,0.0,
COMP_1037,2025-09,,0.0,0.0,0.0,
COMP_1037,2025-10,,0.0,0.0,0.0,
COMP_1037,2025-11,,0.0,0.0,0.0,
COMP_1037,2025-12,0.0,0.0,0.0,0.0,0.0
COMP_1037,2026-01,0.0,0.0,0.0,0.0,0.0
COMP_1037,2026-02,0.0,0.0,0.0,0.0,0.0
COMP_1037,2026-03,0.0,0.0,0.0,0.0,0.0
COMP_1037,2026-04,0.0,0.0,0.0,0.0,0.0
COMP_1037,2026-05,0.0,0.0,0.0,1.0,0.0
COMP_1037,2026-06,0.0,0.0,0.0,1.0,1.0
COMP_1037,2026-07,0.0,0.0,0.0,1.0,1.0
COMP_1037,2026-08,0.0,0.0,0.0,1.0,1.0
COMP_1038,2025-06,,0.0,0.0,0.0,
COMP_1038,2025-07,,0.0,0.0,0.0,
COMP_1038,2025-08,,0.0,0.0,0.0,
COMP_1038,2025-09,,0.0,0.0,0.0,
COMP_1038,2025-10,,0.0,0.0,0.0,
COMP_1038,2025-11,,0.0,0.0,0.0,
COMP_1038,2025-12,0.0,0.0,0.0,0.0,0.0
COMP_1038,2026-01,0.0,0.0,0.0,0.0,0.0
COMP_1038,2026-02,0.0,0.0,0.0,0.0,0.0
COMP_1038,2026-03,0.0,0.0,0.0,0.0,0.0
COMP_1038,2026-04,0.0,1.0,0.0,0.0,0.0
COMP_1038,2026-05,0.0,1.0,0.0,0.0,0.0
COMP_1038,2026-06,0.0,1.0,0.0,0.0,0.0
COMP_1038,2026-07,0.0,0.0,0.0,0.0,0.0
COMP_1038,2026-08,0.0,0.0,0.0,0.0,0.0
COMP_1039,2025-02,,,0.0,0.0,
COMP_1039,2025-03,,,0.0,0.0,
COMP_1039,2025-04,,,0.0,0.0,
COMP_1039,2025-05,,,0.0,0.0,
COMP_1039,2025-06,,,0.0,0.0,
COMP_1039,2025-07,,,0.0,1.0,
COMP_1039,2025-08,,,0.0,1.0,0.0
COMP_1039,2025-09,,,0.0,1.0,0.0
COMP_1039,2025-10,,,0.0,1.0,0.0
COMP_1039,2025-11,,,0.0,0.0,0.0
COMP_1039,2025-12,0.0,,0.0,1.0,0.0
COMP_1039,2026-01,0.0,,0.0,0.0,0.0
COMP_1039,2026-02,1.0,,0.0,0.0,0.0
COMP_1039,2026-03,0.0,,0.0,0.0,0.0
COMP_1039,2026-04,0.0,,0.0,0.0,0.0
COMP_1039,2026-05,0.0,,0.0,0.0,0.0
COMP_1039,2026-06,0.0,,0.0,1.0,0.0
COMP_1039,2026-07,0.0,,1.0,1.0,0.0
COMP_1039,2026-08,0.0,,1.0,1.0,0.0
COMP_1040,2026-02,,0.0,0.0,0.0,
COMP_1040,2026-03,,0.0,0.0,0.0,
COMP_1040,2026-04,,0.0,0.0,0.0,
COMP_1040,2026-05,,0.0,0.0,0.0,
COMP_1040,2026-06,,0.0,0.0,0.0,
COMP_1040,2026-07,,0.0,0.0,0.0,
COMP_1040,2026-08,,0.0,0.0,0.0,0.0
COMP_1041,2026-06,,,0.0,0.0,
COMP_1041,2026-07,,,0.0,0.0,
COMP_1041,2026-08,,,0.0,0.0,
COMP_1042,2025-02,,1.0,0.0,0.0,
COMP_1042,2025-03,,1.0,0.0,0.0,
COMP_1042,2025-04,,1.0,0.0,0.0,
COMP_1042,2025-05,,1.0,0.0,0.0,
COMP_1042,2025-06,,1.0,0.0,0.0,
COMP_1042,2025-07,,,0.0,,
COMP_1042,2025-08,,,0.0,,
COMP_1042,2025-09,,1.0,0.0,0.0,0.0
COMP_1042,2025-10,,1.0,0.0,0.0,0.0
COMP_1042,2025-11,,1.0,0.0,0.0,0.0
COMP_1042,2025-12,,1.0,0.0,0.0,
COMP_1042,2026-01,,1.0,0.0,0.0,
COMP_1042,2026-02,,,0.0,,
COMP_1042,2026-03,,,0.0,,
COMP_1042,2026-04,,,0.0,,
COMP_1042,2026-05,,1.0,0.0,0.0,0.0
COMP_1042,2026-06,,1.0,0.0,0.0,0.0
COMP_1042,2026-07,,1.0,0.0,0.0,
COMP_1042,2026-08,,1.0,0.0,0.0,
COMP_1043,2026-07,,0.0,1.0,1.0,
COMP_1043,2026-08,,0.0,1.0,1.0,
COMP_1044,2026-07,,,0.0,0.0,
COMP_1044,2026-08,,,0.0,0.0,
COMP_1045,2025-02,,0.0,0.0,1.0,
COMP_1045,2025-03,,0.0,0.0,1.0,
COMP_1045,2025-04,,0.0,0.0,0.0,
COMP_1045,2025-05,,0.0,0.0,1.0,
COMP_1045,2025-06,,0.0,0.0,1.0,
COMP_1045,2025-07,,0.0,0.0,1.0,
COMP_1045,2025-08,0.0,0.0,0.0,1.0,0.0
COMP_1045,2025-09,0.0,0.0,0.0,1.0,0.0
COMP_1045,2025-10,0.0,0.0,0.0,1.0,0.0
COMP_1045,2025-11,0.0,0.0,0.0,1.0,0.0
COMP_1045,2025-12,0.0,0.0,0.0,1.0,0.0
COMP_1045,2026-01,1.0,0.0,0.0,0.0,0.0
COMP_1045,2026-02,0.0,0.0,0.0,1.0,0.0
COMP_1045,2026-03,0.0,0.0,0.0,0.0,0.0
COMP_1045,2026-04,0.0,0.0,0.0,0.0,0.0
COMP_1045,2026-05,0.0,0.0,0.0,0.0,0.0
COMP_1045,2026-06,0.0,0.0,0.0,0.0,0.0
COMP_1045,2026-07,0.0,0.0,0.0,0.0,0.0
COMP_1045,2026-08,1.0,0.0,0.0,0.0,0.0
COMP_1046,2025-03,,0.0,0.0,1.0,
COMP_1046,2025-04,,0.0,0.0,1.0,
COMP_1046,2025-05,,1.0,0.0,0.0,
COMP_1046,2025-06,,0.0,0.0,0.0,
COMP_1046,2025-07,,0.0,0.0,0.0,
COMP_1046,2025-08,,1.0,0.0,1.0,
COMP_1046,2025-09,1.0,1.0,0.0,0.0,0.0
COMP_1046,2025-10,0.0,1.0,0.0,1.0,0.0
COMP_1046,2025-11,0.0,1.0,0.0,1.0,0.0
COMP_1046,2025-12,0.0,1.0,0.0,0.0,0.0
COMP_1046,2026-01,,1.0,0.0,0.0,
COMP_1046,2026-02,,0.0,0.0,0.0,
COMP_1046,2026-03,,,0.0,,
COMP_1046,2026-04,,,0.0,,
COMP_1046,2026-05,,,0.0,,
COMP_1046,2026-06,,,0.0,,
COMP_1046,2026-07,,,0.0,,
COMP_1046,2026-08,,,0.0,,
COMP_1047,2025-06,,,1.0,0.0,
COMP_1047,2025-07,,,1.0,0.0,
COMP_1047,2025-08,,,1.0,1.0,
COMP_1047,2025-09,,,1.0,1.0,
COMP_1047,2025-10,,,1.0,0.0,
COMP_1047,2025-11,,,1.0,0.0,
COMP_1047,2025-12,0.0,,1.0,0.0,0.0
COMP_1047,2026-01,0.0,,1.0,0.0,0.0
COMP_1047,2026-02,0.0,,1.0,0.0,0.0
COMP_1047,2026-03,0.0,,1.0,0.0,0.0
COMP_1047,2026-04,0.0,,1.0,0.0,0.0
COMP_1047,2026-05,0.0,,1.0,0.0,0.0
COMP_1047,2026-06,0.0,,0.0,0.0,0.0
COMP_1047,2026-07,0.0,,0.0,0.0,0.0
COMP_1047,2026-08,0.0,,0.0,0.0,0.0
COMP_1048,2025-06,,,0.0,0.0,
COMP_1048,2025-07,,,0.0,0.0,
COMP_1048,2025-08,,,0.0,0.0,
COMP_1048,2025-09,,,0.0,0.0,
COMP_1048,2025-10,,,0.0,0.0,
COMP_1048,2025-11,,,0.0,0.0,
COMP_1048,2025-12,0.0,,0.0,0.0,0.0
COMP_1048,2026-01,0.0,,0.0,0.0,0.0
COMP_1048,2026-02,0.0,,0.0,0.0,0.0
COMP_1048,2026-03,0.0,,0.0,0.0,0.0
COMP_1048,2026-04,0.0,,0.0,0.0,0.0
COMP_1048,2026-05,0.0,,0.0,0.0,0.0
COMP_1048,2026-06,0.0,,0.0,0.0,0.0
COMP_1048,2026-07,0.0,,0.0,0.0,0.0
COMP_1048,2026-08,0.0,,0.0,0.0,0.0
COMP_1049,2026-06,,1.0,0.0,1.0,
COMP_1049,2026-07,,1.0,0.0,1.0,
COMP_1049,2026-08,,1.0,0.0,0.0,
COMP_1050,2026-07,,0.0,0.0,1.0,
COMP_1050,2026-08,,0.0,0.0,1.0,
COMP_1051,2025-05,,,0.0,1.0,
COMP_1051,2025-06,,,0.0,1.0,
COMP_1051,2025-07,,,0.0,1.0,
COMP_1051,2025-08,,,0.0,0.0,
COMP_1051,2025-09,,,0.0,0.0,
COMP_1051,2025-10,,,0.0,0.0,
COMP_1051,2025-11,,,0.0,0.0,
COMP_1051,2025-12,,,0.0,0.0,0.0
COMP_1051,2026-01,,,0.0,0.0,0.0
COMP_1051,2026-02,,,0.0,0.0,
COMP_1051,2026-03,,,0.0,0.0,0.0
COMP_1051,2026-04,,,0.0,0.0,0.0
COMP_1051,2026-05,,,0.0,0.0,
COMP_1051,2026-06,,,0.0,0.0,0.0
COMP_1051,2026-07,,,0.0,0.0,0.0
COMP_1051,2026-08,,,0.0,0.0,
COMP_1052,2025-06,,0.0,1.0,0.0,
COMP_1052,2025-07,,0.0,0.0,0.0,
COMP_1052,2025-08,,0.0,0.0,1.0,
COMP_1052,2025-09,,0.0,0.0,1.0,
COMP_1052,2025-10,,0.0,0.0,1.0,
COMP_1052,2025-11,,0.0,1.0,1.0,
COMP_1052,2025-12,0.0,0.0,0.0,0.0,0.0
COMP_1052,2026-01,0.0,0.0,0.0,0.0,0.0
COMP_1052,2026-02,0.0,0.0,0.0,0.0,0.0
COMP_1052,2026-03,0.0,0.0,0.0,1.0,0.0
COMP_1052,2026-04,1.0,0.0,0.0,0.0,0.0
COMP_1052,2026-05,0.0,0.0,0.0,0.0,0.0
COMP_1052,2026-06,1.0,0.0,0.0,0.0,0.0
COMP_1052,2026-07,,0.0,0.0,0.0,0.0
COMP_1052,2026-08,,0.0,0.0,1.0,0.0
COMP_1054,2025-02,,,0.0,0.0,
COMP_1054,2025-03,,,0.0,0.0,
COMP_1054,2025-04,,,0.0,0.0,
COMP_1054,2025-05,,,0.0,0.0,
COMP_1054,2025-06,,,0.0,0.0,
COMP_1054,2025-07,,,0.0,0.0,
COMP_1054,2025-08,,,0.0,0.0,
COMP_1054,2025-09,,,0.0,0.0,
COMP_1054,2025-10,,,0.0,0.0,1.0
COMP_1054,2025-11,,,0.0,0.0,0.0
COMP_1054,2025-12,,,0.0,0.0,
COMP_1054,2026-01,,,0.0,1.0,0.0
COMP_1054,2026-02,,,0.0,1.0,
COMP_1054,2026-03,,,0.0,1.0,
COMP_1054,2026-04,,,0.0,0.0,0.0
COMP_1054,2026-05,,,0.0,0.0,
COMP_1054,2026-06,,,0.0,1.0,0.0
COMP_1054,2026-07,,,0.0,0.0,
COMP_1054,2026-08,,,0.0,0.0,
COMP_1055,2026-01,,,0.0,1.0,
COMP_1055,2026-02,,,0.0,1.0,
COMP_1055,2026-03,,,0.0,1.0,
COMP_1055,2026-04,,,0.0,1.0,
COMP_1055,2026-05,,,0.0,0.0,
COMP_1055,2026-06,,,0.0,0.0,
COMP_1055,2026-07,,,0.0,0.0,0.0
COMP_1055,2026-08,,,0.0,0.0,0.0
COMP_1056,2026-07,,,0.0,1.0,
COMP_1056,2026-08,,,0.0,1.0,
COMP_1057,2025-12,,0.0,0.0,1.0,
COMP_1057,2026-01,,0.0,0.0,1.0,
COMP_1057,2026-02,,0.0,0.0,1.0,
COMP_1057,2026-03,,0.0,0.0,0.0,
COMP_1057,2026-04,,0.0,0.0,0.0,
COMP_1057,2026-05,,0.0,0.0,1.0,
COMP_1057,2026-06,0.0,0.0,0.0,0.0,1.0
COMP_1057,2026-07,0.0,0.0,0.0,0.0,1.0
COMP_1057,2026-08,0.0,0.0,0.0,0.0,0.0
COMP_1058,2025-06,,0.0,0.0,0.0,
COMP_1058,2025-07,,0.0,0.0,1.0,
COMP_1058,2025-08,,0.0,0.0,1.0,
COMP_1058,2025-09,,0.0,0.0,1.0,
COMP_1058,2025-10,,0.0,0.0,1.0,
COMP_1058,2025-11,,0.0,0.0,1.0,
COMP_1058,2025-12,0.0,0.0,0.0,0.0,0.0
COMP_1058,2026-01,0.0,0.0,0.0,1.0,0.0
COMP_1058,2026-02,0.0,0.0,0.0,1.0,0.0
COMP_1058,2026-03,0.0,1.0,0.0,1.0,0.0
COMP_1058,2026-04,0.0,1.0,0.0,1.0,0.0
COMP_1058,2026-05,0.0,1.0,0.0,1.0,0.0
COMP_1058,2026-06,1.0,0.0,0.0,1.0,0.0
COMP_1058,2026-07,0.0,0.0,0.0,1.0,0.0
COMP_1058,2026-08,0.0,0.0,0.0,1.0,0.0
COMP_1059,2025-10,,,0.0,1.0,
COMP_1059,2025-11,,,0.0,1.0,
COMP_1059,2025-12,,,0.0,1.0,
COMP_1059,2026-01,,,0.0,1.0,
COMP_1059,2026-02,,,0.0,1.0,
COMP_1059,2026-03,,,0.0,1.0,
COMP_1059,2026-04,0.0,,0.0,1.0,0.0
COMP_1059,2026-05,0.0,,0.0,1.0,0.0
COMP_1059,2026-06,0.0,,0.0,1.0,0.0
COMP_1059,2026-07,0.0,,0.0,1.0,0.0
COMP_1059,2026-08,0.0,,0.0,1.0,0.0
COMP_1060,2026-07,,,0.0,1.0,
COMP_1060,2026-08,,,0.0,1.0,
COMP_1061,2025-02,,0.0,0.0,0.0,
COMP_1061,2025-03,,0.0,1.0,1.0,
COMP_1061,2025-04,,0.0,1.0,1.0,
COMP_1061,2025-05,,0.0,0.0,0.0,
COMP_1061,2025-06,,1.0,0.0,0.0,
COMP_1061,2025-07,,1.0,0.0,0.0,
COMP_1061,2025-08,,1.0,0.0,1.0,0.0
COMP_1061,2025-09,,1.0,0.0,1.0,0.0
COMP_1061,2025-10,,1.0,0.0,1.0,0.0
COMP_1061,2025-11,,1.0,0.0,1.0,0.0
COMP_1061,2025-12,,1.0,0.0,1.0,0.0
COMP_1061,2026-01,,1.0,0.0,0.0,0.0
COMP_1061,2026-02,,1.0,0.0,0.0,0.0
COMP_1061,2026-03,,1.0,0.0,0.0,0.0
COMP_1061,2026-04,,1.0,0.0,0.0,0.0
COMP_1061,2026-05,,1.0,0.0,0.0,0.0
COMP_1061,2026-06,,1.0,0.0,1.0,0.0
COMP_1061,2026-07,,1.0,0.0,1.0,0.0
COMP_1061,2026-08,,1.0,0.0,0.0,0.0
COMP_1062,2026-06,,0.0,0.0,0.0,
COMP_1062,2026-07,,0.0,0.0,0.0,
COMP_1062,2026-08,,1.0,0.0,1.0,
COMP_1063,2025-06,,0.0,0.0,0.0,
COMP_1063,2025-07,,0.0,0.0,0.0,
COMP_1063,2025-08,,0.0,0.0,0.0,
COMP_1063,2025-09,,0.0,0.0,0.0,
COMP_1063,2025-10,,0.0,0.0,0.0,
COMP_1063,2025-11,,0.0,0.0,0.0,
COMP_1063,2025-12,0.0,0.0,0.0,0.0,0.0
COMP_1063,2026-01,0.0,0.0,0.0,0.0,0.0
COMP_1063,2026-02,0.0,0.0,0.0,0.0,0.0
COMP_1063,2026-03,0.0,0.0,0.0,0.0,0.0
COMP_1063,2026-04,0.0,0.0,0.0,0.0,0.0
COMP_1063,2026-05,0.0,0.0,0.0,0.0,0.0
COMP_1063,2026-06,0.0,0.0,0.0,0.0,0.0
COMP_1063,2026-07,0.0,0.0,0.0,0.0,0.0
COMP_1063,2026-08,0.0,0.0,0.0,0.0,0.0
COMP_1064,2025-08,,0.0,0.0,0.0,
COMP_1064,2025-09,,0.0,0.0,0.0,
COMP_1064,2025-10,,0.0,0.0,0.0,
COMP_1064,2025-11,,0.0,0.0,0.0,
COMP_1064,2025-12,,0.0,0.0,0.0,
COMP_1064,2026-01,,0.0,0.0,0.0,
COMP_1064,2026-02,0.0,0.0,0.0,0.0,0.0
COMP_1064,2026-03,0.0,0.0,0.0,1.0,0.0
COMP_1064,2026-04,0.0,0.0,0.0,0.0,0.0
COMP_1064,2026-05,0.0,0.0,0.0,0.0,0.0
COMP_1064,2026-06,0.0,0.0,0.0,0.0,0.0
COMP_1064,2026-07,0.0,0.0,0.0,0.0,0.0
COMP_1064,2026-08,0.0,0.0,0.0,0.0,0.0
COMP_1065,2025-08,,0.0,0.0,0.0,
COMP_1065,2025-09,,,0.0,,
COMP_1065,2025-10,,,0.0,,
COMP_1065,2025-11,,,0.0,,
COMP_1065,2025-12,,,0.0,,
COMP_1065,2026-01,,,0.0,,
COMP_1065,2026-02,,,0.0,,
COMP_1065,2026-03,,0.0,0.0,0.0,0.0
COMP_1065,2026-04,,0.0,0.0,0.0,0.0
COMP_1065,2026-05,,0.0,0.0,0.0,0.0
COMP_1065,2026-06,,1.0,0.0,0.0,
COMP_1065,2026-07,,1.0,0.0,0.0,
COMP_1065,2026-08,,,0.0,,
COMP_1066,2025-12,,,0.0,0.0,
COMP_1066,2026-01,,,0.0,1.0,
COMP_1066,2026-02,,,0.0,1.0,
COMP_1066,2026-03,,,0.0,1.0,
COMP_1066,2026-04,,,0.0,1.0,
COMP_1066,2026-05,,,0.0,1.0,
COMP_1066,2026-06,0.0,,0.0,1.0,0.0
COMP_1066,2026-07,0.0,,0.0,0.0,0.0
COMP_1066,2026-08,0.0,,0.0,0.0,0.0
COMP_1067,2025-11,,0.0,0.0,0.0,
COMP_1067,2025-12,,0.0,0.0,0.0,
COMP_1067,2026-01,,0.0,0.0,1.0,
COMP_1067,2026-02,,0.0,0.0,0.0,
COMP_1067,2026-03,,0.0,0.0,1.0,
COMP_1067,2026-04,,0.0,0.0,1.0,
COMP_1067,2026-05,0.0,0.0,0.0,1.0,0.0
COMP_1067,2026-06,0.0,1.0,0.0,0.0,0.0
COMP_1067,2026-07,1.0,1.0,0.0,0.0,0.0
COMP_1067,2026-08,0.0,0.0,0.0,0.0,0.0
COMP_1068,2026-07,,,0.0,,
COMP_1068,2026-08,,,0.0,,
COMP_1069,2025-02,,0.0,0.0,1.0,
COMP_1069,2025-03,,0.0,0.0,0.0,
COMP_1069,2025-04,,0.0,0.0,0.0,
COMP_1069,2025-05,,0.0,0.0,0.0,
COMP_1069,2025-06,,0.0,0.0,0.0,
COMP_1069,2025-07,,1.0,0.0,0.0,
COMP_1069,2025-08,,1.0,0.0,0.0,0.0
COMP_1069,2025-09,,1.0,0.0,0.0,0.0
COMP_1069,2025-10,,1.0,0.0,1.0,0.0
COMP_1069,2025-11,,1.0,0.0,1.0,0.0
COMP_1069,2025-12,,1.0,0.0,0.0,0.0
COMP_1069,2026-01,,0.0,0.0,0.0,0.0
COMP_1069,2026-02,,1.0,0.0,1.0,0.0
COMP_1069,2026-03,,1.0,0.0,0.0,0.0
COMP_1069,2026-04,,1.0,0.0,1.0,0.0
COMP_1069,2026-05,,1.0,0.0,0.0,0.0
COMP_1069,2026-06,,1.0,0.0,0.0,0.0
COMP_1069,2026-07,,1.0,0.0,0.0,0.0
COMP_1069,2026-08,,1.0,0.0,0.0,0.0
COMP_1070,2025-08,,0.0,0.0,0.0,
COMP_1070,2025-09,,0.0,0.0,0.0,
COMP_1070,2025-10,,0.0,0.0,0.0,
COMP_1070,2025-11,,0.0,0.0,0.0,
COMP_1070,2025-12,,0.0,0.0,0.0,
COMP_1070,2026-01,,0.0,0.0,0.0,
COMP_1070,2026-02,0.0,0.0,0.0,0.0,0.0
COMP_1070,2026-03,0.0,0.0,0.0,0.0,0.0
COMP_1070,2026-04,1.0,0.0,0.0,1.0,0.0
COMP_1070,2026-05,0.0,0.0,0.0,0.0,0.0
COMP_1070,2026-06,1.0,0.0,0.0,0.0,0.0
COMP_1070,2026-07,0.0,0.0,0.0,0.0,0.0
COMP_1070,2026-08,0.0,0.0,0.0,0.0,0.0
COMP_1071,2026-05,,1.0,0.0,1.0,
COMP_1071,2026-06,,0.0,0.0,1.0,
COMP_1071,2026-07,,0.0,0.0,1.0,
COMP_1071,2026-08,,0.0,0.0,1.0,
COMP_1072,2025-06,,0.0,1.0,0.0,
COMP_1072,2025-07,,0.0,1.0,0.0,
COMP_1072,2025-08,,0.0,0.0,0.0,
COMP_1072,2025-09,,0.0,0.0,1.0,
COMP_1072,2025-10,,0.0,0.0,1.0,
COMP_1072,2025-11,,0.0,0.0,1.0,
COMP_1072,2025-12,0.0,0.0,1.0,0.0,0.0
COMP_1072,2026-01,0.0,0.0,1.0,0.0,0.0
COMP_1072,2026-02,0.0,0.0,1.0,0.0,0.0
COMP_1072,2026-03,0.0,0.0,0.0,0.0,0.0
COMP_1072,2026-04,0.0,0.0,0.0,0.0,0.0
COMP_1072,2026-05,0.0,0.0,0.0,0.0,0.0
COMP_1072,2026-06,0.0,0.0,0.0,0.0,1.0
COMP_1072,2026-07,0.0,0.0,0.0,1.0,1.0
COMP_1072,2026-08,0.0,0.0,0.0,1.0,0.0
COMP_1073,2025-02,,0.0,0.0,0.0,
COMP_1073,2025-03,,0.0,0.0,0.0,
COMP_1073,2025-04,,0.0,0.0,0.0,
COMP_1073,2025-05,,1.0,0.0,0.0,
COMP_1073,2025-06,,1.0,0.0,0.0,
COMP_1073,2025-07,,1.0,0.0,0.0,
COMP_1073,2025-08,,1.0,0.0,0.0,0.0
COMP_1073,2025-09,,1.0,0.0,0.0,0.0
COMP_1073,2025-10,,1.0,0.0,0.0,0.0
COMP_1073,2025-11,,0.0,0.0,0.0,
COMP_1073,2025-12,,0.0,0.0,0.0,0.0
COMP_1073,2026-01,,0.0,0.0,0.0,0.0
COMP_1073,2026-02,,0.0,0.0,0.0,
COMP_1073,2026-03,,0.0,0.0,0.0,0.0
COMP_1073,2026-04,,0.0,0.0,0.0,
COMP_1073,2026-05,,0.0,0.0,0.0,
COMP_1073,2026-06,,0.0,0.0,0.0,0.0
COMP_1073,2026-07,,0.0,0.0,0.0,0.0
COMP_1073,2026-08,,0.0,0.0,0.0,0.0
COMP_1074,2025-09,,0.0,0.0,1.0,
COMP_1074,2025-10,,0.0,0.0,1.0,
COMP_1074,2025-11,,0.0,0.0,1.0,
COMP_1074,2025-12,,0.0,0.0,1.0,
COMP_1074,2026-01,,0.0,0.0,1.0,
COMP_1074,2026-02,,0.0,0.0,1.0,
COMP_1074,2026-03,0.0,0.0,0.0,1.0,0.0
COMP_1074,2026-04,0.0,1.0,0.0,1.0,0.0
COMP_1074,2026-05,0.0,1.0,0.0,1.0,0.0
COMP_1074,2026-06,0.0,1.0,0.0,1.0,0.0
COMP_1074,2026-07,0.0,1.0,0.0,1.0,1.0
COMP_1074,2026-08,0.0,1.0,0.0,1.0,0.0
COMP_1075,2026-03,,,0.0,1.0,
COMP_1075,2026-04,,,0.0,1.0,
COMP_1075,2026-05,,,0.0,1.0,
COMP_1075,2026-06,,,0.0,1.0,
COMP_1075,2026-07,,,0.0,1.0,
COMP_1075,2026-08,,,0.0,1.0,
COMP_1076,2025-10,,,1.0,1.0,
COMP_1076,2025-11,,,1.0,1.0,
COMP_1076,2025-12,,,1.0,1.0,
COMP_1076,2026-01,,,1.0,1.0,
COMP_1076,2026-02,,,1.0,1.0,
COMP_1076,2026-03,,,1.0,1.0,
COMP_1076,2026-04,0.0,,1.0,1.0,0.0
COMP_1076,2026-05,0.0,,1.0,1.0,0.0
COMP_1076,2026-06,0.0,,1.0,1.0,0.0
COMP_1076,2026-07,0.0,,1.0,1.0,0.0
COMP_1076,2026-08,0.0,,1.0,1.0,0.0
COMP_1077,2025-06,,0.0,0.0,1.0,
COMP_1077,2025-07,,0.0,0.0,1.0,
COMP_1077,2025-08,,0.0,0.0,1.0,
COMP_1077,2025-09,,0.0,0.0,1.0,
COMP_1077,2025-10,,0.0,0.0,1.0,
COMP_1077,2025-11,,0.0,0.0,1.0,
COMP_1077,2025-12,0.0,0.0,0.0,1.0,0.0
COMP_1077,2026-01,0.0,0.0,0.0,1.0,0.0
COMP_1077,2026-02,0.0,0.0,0.0,1.0,0.0
COMP_1077,2026-03,0.0,0.0,0.0,1.0,0.0
COMP_1077,2026-04,0.0,0.0,0.0,1.0,0.0
COMP_1077,2026-05,0.0,0.0,0.0,1.0,0.0
COMP_1077,2026-06,0.0,0.0,0.0,1.0,1.0
COMP_1077,2026-07,0.0,0.0,0.0,1.0,1.0
COMP_1077,2026-08,0.0,0.0,0.0,1.0,1.0
COMP_1078,2025-02,,0.0,0.0,0.0,
COMP_1078,2025-03,,0.0,0.0,0.0,
COMP_1078,2025-04,,1.0,0.0,0.0,
COMP_1078,2025-05,,0.0,0.0,0.0,
COMP_1078,2025-06,,1.0,0.0,0.0,
COMP_1078,2025-07,,1.0,0.0,0.0,
COMP_1078,2025-08,0.0,1.0,0.0,0.0,0.0
COMP_1078,2025-09,0.0,1.0,0.0,0.0,0.0
COMP_1078,2025-10,0.0,0.0,0.0,0.0,0.0
COMP_1078,2025-11,0.0,0.0,0.0,0.0,0.0
COMP_1078,2025-12,0.0,0.0,0.0,0.0,0.0
COMP_1078,2026-01,0.0,0.0,0.0,1.0,0.0
COMP_1078,2026-02,0.0,0.0,0.0,0.0,0.0
COMP_1078,2026-03,0.0,1.0,0.0,0.0,0.0
COMP_1078,2026-04,0.0,1.0,0.0,0.0,0.0
COMP_1078,2026-05,1.0,1.0,0.0,0.0,0.0
COMP_1078,2026-06,1.0,1.0,0.0,0.0,0.0
COMP_1078,2026-07,,1.0,0.0,0.0,0.0
COMP_1078,2026-08,,1.0,0.0,0.0,0.0
COMP_1079,2025-03,,0.0,0.0,0.0,
COMP_1079,2025-04,,0.0,0.0,1.0,
COMP_1079,2025-05,,0.0,0.0,0.0,
COMP_1079,2025-06,,0.0,0.0,0.0,
COMP_1079,2025-07,,0.0,0.0,0.0,
COMP_1079,2025-08,,0.0,0.0,0.0,
COMP_1079,2025-09,,0.0,0.0,1.0,0.0
COMP_1079,2025-10,,0.0,0.0,1.0,0.0
COMP_1079,2025-11,,0.0,0.0,1.0,0.0
COMP_1079,2025-12,,0.0,0.0,1.0,0.0
COMP_1079,2026-01,,0.0,0.0,0.0,0.0
COMP_1079,2026-02,,0.0,0.0,0.0,
COMP_1079,2026-03,,0.0,0.0,0.0,0.0
COMP_1079,2026-04,,0.0,0.0,1.0,0.0
COMP_1079,2026-05,,0.0,0.0,0.0,
COMP_1079,2026-06,,0.0,0.0,0.0,0.0
COMP_1079,2026-07,,0.0,0.0,0.0,0.0
COMP_1079,2026-08,,1.0,0.0,1.0,0.0
COMP_1080,2026-06,,,0.0,1.0,
COMP_1080,2026-07,,,0.0,1.0,
COMP_1080,2026-08,,,0.0,0.0,
COMP_1081,2025-03,,0.0,1.0,1.0,
COMP_1081,2025-04,,0.0,1.0,1.0,
COMP_1081,2025-05,,0.0,1.0,1.0,
COMP_1081,2025-06,,0.0,1.0,0.0,
COMP_1081,2025-07,,0.0,0.0,0.0,
COMP_1081,2025-08,,0.0,0.0,0.0,
COMP_1081,2025-09,0.0,0.0,1.0,0.0,0.0
COMP_1081,2025-10,0.0,0.0,1.0,1.0,0.0
COMP_1081,2025-11,1.0,0.0,1.0,1.0,0.0
COMP_1081,2025-12,1.0,0.0,1.0,1.0,0.0
COMP_1081,2026-01,0.0,0.0,1.0,1.0,0.0
COMP_1081,2026-02,0.0,0.0,1.0,1.0,0.0
COMP_1081,2026-03,0.0,0.0,1.0,1.0,0.0
COMP_1081,2026-04,0.0,0.0,1.0,0.0,0.0
COMP_1081,2026-05,0.0,0.0,1.0,1.0,1.0
COMP_1081,2026-06,0.0,0.0,1.0,0.0,0.0
COMP_1081,2026-07,0.0,0.0,1.0,0.0,0.0
COMP_1081,2026-08,0.0,0.0,1.0,1.0,0.0
COMP_1082,2025-02,,0.0,0.0,0.0,
COMP_1082,2025-03,,0.0,0.0,1.0,
COMP_1082,2025-04,,0.0,0.0,1.0,
COMP_1082,2025-05,,0.0,0.0,0.0,
COMP_1082,2025-06,,0.0,0.0,0.0,
COMP_1082,2025-07,,0.0,0.0,1.0,
COMP_1082,2025-08,1.0,0.0,0.0,1.0,0.0
COMP_1082,2025-09,0.0,0.0,0.0,0.0,0.0
COMP_1082,2025-10,0.0,0.0,0.0,0.0,0.0
COMP_1082,2025-11,0.0,0.0,0.0,0.0,0.0
COMP_1082,2025-12,0.0,0.0,0.0,0.0,0.0
COMP_1082,2026-01,0.0,0.0,0.0,0.0,0.0
COMP_1082,2026-02,0.0,0.0,0.0,0.0,0.0
COMP_1082,2026-03,0.0,0.0,0.0,0.0,0.0
COMP_1082,2026-04,0.0,0.0,0.0,0.0,0.0
COMP_1082,2026-05,0.0,0.0,0.0,0.0,0.0
COMP_1082,2026-06,0.0,0.0,0.0,0.0,0.0
COMP_1082,2026-07,0.0,0.0,0.0,0.0,0.0
COMP_1082,2026-08,0.0,0.0,0.0,0.0,0.0
COMP_1083,2026-03,,,0.0,0.0,
COMP_1083,2026-04,,,0.0,0.0,
COMP_1083,2026-05,,,0.0,0.0,
COMP_1083,2026-06,,,0.0,0.0,
COMP_1083,2026-07,,,0.0,0.0,
COMP_1083,2026-08,,,0.0,0.0,
COMP_1084,2025-08,,,1.0,1.0,
COMP_1084,2025-09,,,1.0,1.0,
COMP_1084,2025-10,,,1.0,1.0,
COMP_1084,2025-11,,,1.0,1.0,
COMP_1084,2025-12,,,1.0,1.0,
COMP_1084,2026-01,,,1.0,1.0,
COMP_1084,2026-02,,,1.0,1.0,0.0
COMP_1084,2026-03,,,1.0,1.0,0.0
COMP_1084,2026-04,,,1.0,1.0,0.0
COMP_1084,2026-05,,,1.0,1.0,0.0
COMP_1084,2026-06,,,1.0,1.0,0.0
COMP_1084,2026-07,,,1.0,1.0,0.0
COMP_1084,2026-08,,,1.0,1.0,0.0
COMP_1085,2025-08,,1.0,0.0,0.0,
COMP_1085,2025-09,,1.0,0.0,0.0,
COMP_1085,2025-10,,1.0,0.0,0.0,
COMP_1085,2025-11,,1.0,0.0,0.0,
COMP_1085,2025-12,,1.0,0.0,0.0,
COMP_1085,2026-01,,1.0,0.0,0.0,
COMP_1085,2026-02,,1.0,0.0,0.0,0.0
COMP_1085,2026-03,,1.0,0.0,0.0,0.0
COMP_1085,2026-04,,0.0,0.0,0.0,0.0
COMP_1085,2026-05,,1.0,0.0,0.0,0.0
COMP_1085,2026-06,,1.0,0.0,0.0,0.0
COMP_1085,2026-07,,1.0,0.0,0.0,0.0
COMP_1085,2026-08,,1.0,0.0,0.0,0.0
COMP_1086,2025-02,,,0.0,0.0,
COMP_1086,2025-03,,,0.0,0.0,
COMP_1086,2025-04,,,0.0,0.0,
COMP_1086,2025-05,,,0.0,0.0,
COMP_1086,2025-06,,,0.0,0.0,
COMP_1086,2025-07,,,0.0,0.0,
COMP_1086,2025-08,,,0.0,0.0,0.0
COMP_1086,2025-09,,,0.0,0.0,0.0
COMP_1086,2025-10,,,0.0,0.0,0.0
COMP_1086,2025-11,,,0.0,0.0,0.0
COMP_1086,2025-12,,,0.0,0.0,0.0
COMP_1086,2026-01,,,0.0,0.0,0.0
COMP_1086,2026-02,,,0.0,0.0,0.0
COMP_1086,2026-03,,,0.0,0.0,0.0
COMP_1086,2026-04,,,0.0,0.0,0.0
COMP_1086,2026-05,,,0.0,0.0,0.0
COMP_1086,2026-06,,,0.0,0.0,0.0
COMP_1086,2026-07,,,0.0,0.0,0.0
COMP_1086,2026-08,,,0.0,0.0,0.0
COMP_1087,2026-03,,,0.0,1.0,
COMP_1087,2026-04,,,0.0,1.0,
COMP_1087,2026-05,,,0.0,0.0,
COMP_1087,2026-06,,,0.0,1.0,
COMP_1087,2026-07,,,0.0,0.0,
COMP_1087,2026-08,,,1.0,1.0,
COMP_1088,2026-04,,,0.0,1.0,
COMP_1088,2026-05,,,0.0,1.0,
COMP_1088,2026-06,,,0.0,1.0,
COMP_1088,2026-07,,,0.0,1.0,
COMP_1088,2026-08,,,0.0,1.0,
COMP_1089,2025-06,,0.0,0.0,0.0,
COMP_1089,2025-07,,0.0,1.0,1.0,
COMP_1089,2025-08,,0.0,1.0,1.0,
COMP_1089,2025-09,,0.0,1.0,0.0,
COMP_1089,2025-10,,0.0,0.0,0.0,
COMP_1089,2025-11,,0.0,0.0,0.0,
COMP_1089,2025-12,,0.0,0.0,0.0,0.0
COMP_1089,2026-01,,0.0,0.0,0.0,0.0
COMP_1089,2026-02,,0.0,0.0,0.0,0.0
COMP_1089,2026-03,,0.0,0.0,0.0,0.0
COMP_1089,2026-04,,0.0,0.0,0.0,0.0
COMP_1089,2026-05,,0.0,0.0,0.0,0.0
COMP_1089,2026-06,,0.0,0.0,1.0,0.0
COMP_1089,2026-07,,0.0,0.0,0.0,0.0
COMP_1089,2026-08,,0.0,0.0,1.0,0.0
COMP_1090,2025-02,,,0.0,0.0,
COMP_1090,2025-03,,,0.0,0.0,
COMP_1090,2025-04,,,0.0,0.0,
COMP_1090,2025-05,,,0.0,0.0,
COMP_1090,2025-06,,,0.0,0.0,
COMP_1090,2025-07,,,0.0,0.0,
COMP_1090,2025-08,0.0,,0.0,0.0,0.0
COMP_1090,2025-09,0.0,,0.0,0.0,0.0
COMP_1090,2025-10,0.0,,0.0,0.0,0.0
COMP_1090,2025-11,0.0,,0.0,0.0,0.0
COMP_1090,2025-12,0.0,,0.0,0.0,0.0
COMP_1090,2026-01,0.0,,0.0,0.0,0.0
COMP_1090,2026-02,0.0,,0.0,0.0,0.0
COMP_1090,2026-03,0.0,,0.0,0.0,0.0
COMP_1090,2026-04,1.0,,0.0,0.0,0.0
COMP_1090,2026-05,1.0,,0.0,0.0,0.0
COMP_1090,2026-06,0.0,,0.0,0.0,0.0
COMP_1090,2026-07,0.0,,0.0,0.0,0.0
COMP_1090,2026-08,0.0,,0.0,0.0,0.0
COMP_1091,2025-06,,,0.0,1.0,
COMP_1091,2025-07,,,0.0,1.0,
COMP_1091,2025-08,,,0.0,1.0,
COMP_1091,2025-09,,,0.0,1.0,
COMP_1091,2025-10,,,0.0,1.0,
COMP_1091,2025-11,,,0.0,1.0,
COMP_1091,2025-12,0.0,,0.0,1.0,0.0
COMP_1091,2026-01,0.0,,0.0,1.0,0.0
COMP_1091,2026-02,0.0,,0.0,1.0,0.0
COMP_1091,2026-03,0.0,,0.0,1.0,0.0
COMP_1091,2026-04,0.0,,0.0,1.0,0.0
COMP_1091,2026-05,0.0,,0.0,1.0,0.0
COMP_1091,2026-06,0.0,,0.0,1.0,0.0
COMP_1091,2026-07,0.0,,0.0,1.0,0.0
COMP_1091,2026-08,0.0,,0.0,1.0,0.0
COMP_1092,2026-06,,,0.0,1.0,
COMP_1092,2026-07,,,0.0,1.0,
COMP_1092,2026-08,,,0.0,1.0,
COMP_1093,2025-06,,0.0,0.0,0.0,
COMP_1093,2025-07,,0.0,0.0,1.0,
COMP_1093,2025-08,,0.0,0.0,0.0,
COMP_1093,2025-09,,0.0,0.0,0.0,
COMP_1093,2025-10,,0.0,0.0,1.0,
COMP_1093,2025-11,,0.0,0.0,1.0,
COMP_1093,2025-12,0.0,0.0,0.0,1.0,0.0
COMP_1093,2026-01,0.0,0.0,0.0,1.0,0.0
COMP_1093,2026-02,0.0,0.0,0.0,0.0,0.0
COMP_1093,2026-03,0.0,1.0,0.0,0.0,0.0
COMP_1093,2026-04,0.0,1.0,0.0,0.0,0.0
COMP_1093,2026-05,0.0,1.0,0.0,1.0,0.0
COMP_1093,2026-06,0.0,1.0,0.0,1.0,0.0
COMP_1093,2026-07,0.0,0.0,0.0,1.0,0.0
COMP_1093,2026-08,0.0,0.0,0.0,1.0,0.0
COMP_1094,2025-02,,,0.0,0.0,
COMP_1094,2025-03,,,0.0,0.0,
COMP_1094,2025-04,,,0.0,1.0,
COMP_1094,2025-05,,,0.0,1.0,
COMP_1094,2025-06,,,0.0,0.0,
COMP_1094,2025-07,,,0.0,0.0,
COMP_1094,2025-08,0.0,,0.0,0.0,0.0
COMP_1094,2025-09,0.0,,0.0,1.0,0.0
COMP_1094,2025-10,0.0,,0.0,1.0,0.0
COMP_1094,2025-11,0.0,,0.0,1.0,0.0
COMP_1094,2025-12,0.0,,0.0,0.0,0.0
COMP_1094,2026-01,0.0,,0.0,0.0,0.0
COMP_1094,2026-02,0.0,,0.0,0.0,0.0
COMP_1094,2026-03,0.0,,0.0,1.0,0.0
COMP_1094,2026-04,0.0,,0.0,1.0,0.0
COMP_1094,2026-05,0.0,,0.0,0.0,0.0
COMP_1094,2026-06,0.0,,0.0,0.0,0.0
COMP_1094,2026-07,0.0,,0.0,0.0,0.0
COMP_1094,2026-08,0.0,,0.0,1.0,0.0
COMP_1095,2025-08,,0.0,0.0,0.0,
COMP_1095,2025-09,,0.0,0.0,0.0,
COMP_1095,2025-10,,0.0,0.0,0.0,
COMP_1095,2025-11,,0.0,0.0,0.0,
COMP_1095,2025-12,,0.0,0.0,0.0,
COMP_1095,2026-01,,0.0,0.0,0.0,
COMP_1095,2026-02,0.0,0.0,0.0,0.0,0.0
COMP_1095,2026-03,0.0,1.0,0.0,0.0,0.0
COMP_1095,2026-04,0.0,1.0,0.0,0.0,0.0
COMP_1095,2026-05,0.0,1.0,0.0,0.0,0.0
COMP_1095,2026-06,0.0,0.0,0.0,0.0,0.0
COMP_1095,2026-07,0.0,0.0,0.0,0.0,0.0
COMP_1095,2026-08,0.0,0.0,0.0,0.0,0.0
COMP_1096,2025-02,,,0.0,0.0,
COMP_1096,2025-03,,,0.0,0.0,
COMP_1096,2025-04,,,0.0,0.0,
COMP_1096,2025-05,,,0.0,0.0,
COMP_1096,2025-06,,,0.0,0.0,
COMP_1096,2025-07,,,0.0,0.0,
COMP_1096,2025-08,0.0,,0.0,0.0,0.0
COMP_1096,2025-09,1.0,,0.0,0.0,0.0
COMP_1096,2025-10,1.0,,0.0,0.0,0.0
COMP_1096,2025-11,,,0.0,0.0,0.0
COMP_1096,2025-12,,,0.0,0.0,0.0
COMP_1096,2026-01,,,0.0,0.0,0.0
COMP_1096,2026-02,,,0.0,0.0,0.0
COMP_1096,2026-03,,,0.0,0.0,0.0
COMP_1096,2026-04,,,0.0,0.0,0.0
COMP_1096,2026-05,,,0.0,0.0,0.0
COMP_1096,2026-06,,,0.0,0.0,0.0
COMP_1096,2026-07,,,0.0,0.0,0.0
COMP_1096,2026-08,,,0.0,0.0,0.0
COMP_1097,2026-06,,0.0,0.0,0.0,
COMP_1097,2026-07,,0.0,0.0,0.0,
COMP_1097,2026-08,,0.0,0.0,0.0,
COMP_1098,2025-06,,,1.0,1.0,
COMP_1098,2025-07,,,0.0,1.0,
COMP_1098,2025-08,,,0.0,1.0,
COMP_1098,2025-09,,,1.0,1.0,
COMP_1098,2025-10,,,1.0,1.0,
COMP_1098,2025-11,,,0.0,0.0,
COMP_1098,2025-12,0.0,,0.0,0.0,0.0
COMP_1098,2026-01,0.0,,1.0,0.0,0.0
COMP_1098,2026-02,0.0,,1.0,1.0,0.0
COMP_1098,2026-03,0.0,,1.0,1.0,0.0
COMP_1098,2026-04,0.0,,1.0,0.0,0.0
COMP_1098,2026-05,0.0,,0.0,1.0,0.0
COMP_1098,2026-06,0.0,,0.0,0.0,0.0
COMP_1098,2026-07,,,0.0,0.0,
COMP_1098,2026-08,,,0.0,0.0,
COMP_1099,2025-02,,,0.0,0.0,
COMP_1099,2025-03,,,0.0,0.0,
COMP_1099,2025-04,,,0.0,0.0,
COMP_1099,2025-05,,,0.0,0.0,
COMP_1099,2025-06,,,0.0,0.0,
COMP_1099,2025-07,,,0.0,,
COMP_1099,2025-08,,,0.0,,
COMP_1099,2025-09,,,0.0,,
COMP_1099,2025-10,,,0.0,,
COMP_1099,2025-11,,,0.0,,
COMP_1099,2025-12,,,0.0,,
COMP_1099,2026-01,,,0.0,,
COMP_1099,2026-02,,,0.0,,
COMP_1099,2026-03,,,0.0,,
COMP_1099,2026-04,,,0.0,,
COMP_1099,2026-05,,,0.0,,
COMP_1099,2026-06,,,0.0,,
COMP_1099,2026-07,,,0.0,,
COMP_1099,2026-08,,,0.0,,
COMP_1100,2025-11,,0.0,0.0,0.0,
COMP_1100,2025-12,,0.0,0.0,0.0,
COMP_1100,2026-01,,0.0,0.0,1.0,
COMP_1100,2026-02,,0.0,0.0,1.0,
COMP_1100,2026-03,,0.0,0.0,1.0,
COMP_1100,2026-04,,0.0,0.0,1.0,
COMP_1100,2026-05,,0.0,0.0,1.0,
COMP_1100,2026-06,,0.0,0.0,1.0,0.0
COMP_1100,2026-07,,0.0,0.0,1.0,0.0
COMP_1100,2026-08,,0.0,0.0,1.0,
COMP_1101,2026-06,,,0.0,0.0,
COMP_1101,2026-07,,,0.0,0.0,
COMP_1101,2026-08,,,0.0,0.0,
COMP_1102,2026-01,,,0.0,1.0,
COMP_1102,2026-02,,,0.0,1.0,
COMP_1102,2026-03,,,0.0,1.0,
COMP_1102,2026-04,,,0.0,1.0,
COMP_1102,2026-05,,,0.0,1.0,
COMP_1102,2026-06,,,0.0,1.0,
COMP_1102,2026-07,,,0.0,0.0,0.0
COMP_1102,2026-08,,,0.0,0.0,0.0
COMP_1103,2026-06,,,0.0,0.0,
COMP_1103,2026-07,,,0.0,0.0,
COMP_1103,2026-08,,,0.0,1.0,
COMP_1104,2026-07,,0.0,0.0,0.0,
COMP_1104,2026-08,,0.0,0.0,0.0,
COMP_1105,2025-05,,0.0,,,
COMP_1105,2025-06,,0.0,,,
COMP_1105,2025-07,,0.0,,,
COMP_1105,2025-08,,0.0,,,
COMP_1105,2025-09,,0.0,,,
COMP_1105,2025-10,,0.0,,,
COMP_1105,2025-11,,0.0,,,0.0
COMP_1105,2025-12,,0.0,,,0.0
COMP_1105,2026-01,,0.0,,,0.0
COMP_1105,2026-02,,0.0,,,0.0
COMP_1105,2026-03,,1.0,,,0.0
COMP_1105,2026-04,,1.0,,,0.0
COMP_1105,2026-05,,1.0,,,0.0
COMP_1105,2026-06,,0.0,,,0.0
COMP_1105,2026-07,,0.0,,,0.0
COMP_1105,2026-08,,0.0,,,0.0
COMP_1106,2025-08,,0.0,1.0,0.0,
COMP_1106,2025-09,,0.0,0.0,0.0,
COMP_1106,2025-10,,0.0,0.0,0.0,
COMP_1106,2025-11,,0.0,0.0,1.0,
COMP_1106,2025-12,,0.0,0.0,1.0,
COMP_1106,2026-01,,0.0,0.0,1.0,
COMP_1106,2026-02,0.0,0.0,0.0,1.0,0.0
COMP_1106,2026-03,0.0,0.0,0.0,1.0,0.0
COMP_1106,2026-04,0.0,0.0,0.0,1.0,0.0
COMP_1106,2026-05,0.0,0.0,0.0,1.0,0.0
COMP_1106,2026-06,0.0,0.0,0.0,1.0,0.0
COMP_1106,2026-07,0.0,1.0,0.0,1.0,0.0
COMP_1106,2026-08,0.0,1.0,0.0,1.0,0.0
COMP_1107,2025-06,,,0.0,0.0,
COMP_1107,2025-07,,,0.0,0.0,
COMP_1107,2025-08,,,0.0,0.0,
COMP_1107,2025-09,,,0.0,0.0,
COMP_1107,2025-10,,,0.0,0.0,
COMP_1107,2025-11,,,0.0,0.0,
COMP_1107,2025-12,0.0,,0.0,0.0,0.0
COMP_1107,2026-01,0.0,,0.0,0.0,0.0
COMP_1107,2026-02,0.0,,0.0,0.0,0.0
COMP_1107,2026-03,0.0,,0.0,0.0,0.0
COMP_1107,2026-04,0.0,,0.0,0.0,0.0
COMP_1107,2026-05,0.0,,0.0,0.0,0.0
COMP_1107,2026-06,0.0,,0.0,0.0,0.0
COMP_1107,2026-07,1.0,,0.0,0.0,0.0
COMP_1107,2026-08,1.0,,0.0,0.0,0.0
COMP_1108,2026-06,,0.0,0.0,1.0,
COMP_1108,2026-07,,0.0,0.0,1.0,
COMP_1108,2026-08,,0.0,0.0,1.0,
COMP_1109,2025-02,,0.0,0.0,0.0,
COMP_1109,2025-03,,0.0,0.0,0.0,
COMP_1109,2025-04,,0.0,0.0,0.0,
COMP_1109,2025-05,,0.0,0.0,0.0,
COMP_1109,2025-06,,0.0,0.0,0.0,
COMP_1109,2025-07,,0.0,0.0,0.0,
COMP_1109,2025-08,0.0,0.0,0.0,0.0,0.0
COMP_1109,2025-09,0.0,0.0,0.0,0.0,0.0
COMP_1109,2025-10,0.0,0.0,0.0,0.0,0.0
COMP_1109,2025-11,1.0,0.0,0.0,0.0,0.0
COMP_1109,2025-12,,0.0,0.0,0.0,
COMP_1109,2026-01,,0.0,0.0,0.0,
COMP_1109,2026-02,,,0.0,,
COMP_1109,2026-03,,1.0,0.0,0.0,0.0
COMP_1109,2026-04,,1.0,0.0,0.0,0.0
COMP_1109,2026-05,,1.0,0.0,0.0,0.0
COMP_1109,2026-06,,1.0,0.0,0.0,0.0
COMP_1109,2026-07,,1.0,0.0,0.0,0.0
COMP_1109,2026-08,,1.0,0.0,0.0,
COMP_1110,2026-03,,0.0,1.0,1.0,
COMP_1110,2026-04,,0.0,0.0,1.0,
COMP_1110,2026-05,,1.0,0.0,1.0,
COMP_1110,2026-06,,1.0,0.0,0.0,
COMP_1110,2026-07,,1.0,0.0,1.0,
COMP_1110,2026-08,,1.0,0.0,1.0,
COMP_1111,2026-04,,,0.0,1.0,
COMP_1111,2026-05,,,0.0,0.0,
COMP_1111,2026-06,,,0.0,1.0,
COMP_1111,2026-07,,,0.0,0.0,
COMP_1111,2026-08,,,0.0,1.0,
COMP_1112,2025-11,,,0.0,1.0,
COMP_1112,2025-12,,,1.0,1.0,
COMP_1112,2026-01,,,0.0,0.0,
COMP_1112,2026-02,,,0.0,0.0,
COMP_1112,2026-03,,,0.0,0.0,
COMP_1112,2026-04,,,0.0,1.0,
COMP_1112,2026-05,,,0.0,1.0,0.0
COMP_1112,2026-06,,,0.0,0.0,0.0
COMP_1112,2026-07,,,0.0,0.0,0.0
COMP_1112,2026-08,,,0.0,0.0,0.0
COMP_1113,2025-12,,0.0,0.0,0.0,
COMP_1113,2026-01,,0.0,0.0,0.0,
COMP_1113,2026-02,,0.0,0.0,0.0,
COMP_1113,2026-03,,0.0,0.0,0.0,
COMP_1113,2026-04,,0.0,0.0,0.0,
COMP_1113,2026-05,,0.0,0.0,0.0,
COMP_1113,2026-06,,0.0,0.0,0.0,0.0
COMP_1113,2026-07,,0.0,0.0,0.0,0.0
COMP_1113,2026-08,,0.0,0.0,0.0,0.0
COMP_1114,2026-06,,,0.0,0.0,
COMP_1114,2026-07,,,0.0,0.0,
COMP_1114,2026-08,,,0.0,0.0,
COMP_1115,2025-06,,,1.0,0.0,
COMP_1115,2025-07,,,0.0,0.0,
COMP_1115,2025-08,,,0.0,0.0,
COMP_1115,2025-09,,,0.0,0.0,
COMP_1115,2025-10,,,0.0,0.0,
COMP_1115,2025-11,,,0.0,0.0,
COMP_1115,2025-12,,,0.0,0.0,0.0
COMP_1115,2026-01,,,0.0,0.0,0.0
COMP_1115,2026-02,,,0.0,0.0,0.0
COMP_1115,2026-03,,,0.0,0.0,0.0
COMP_1115,2026-04,,,0.0,0.0,0.0
COMP_1115,2026-05,,,0.0,1.0,0.0
COMP_1115,2026-06,1.0,,0.0,1.0,0.0
COMP_1115,2026-07,1.0,,0.0,1.0,0.0
COMP_1115,2026-08,,,0.0,1.0,0.0
COMP_1116,2026-04,,,0.0,0.0,
COMP_1116,2026-05,,,0.0,0.0,
COMP_1116,2026-06,,,0.0,1.0,
COMP_1116,2026-07,,,0.0,1.0,
COMP_1116,2026-08,,,0.0,1.0,
COMP_1117,2026-02,,,0.0,,
COMP_1117,2026-03,,,0.0,,
COMP_1117,2026-04,,,0.0,,
COMP_1117,2026-05,,,0.0,,
COMP_1117,2026-06,,,0.0,,
COMP_1117,2026-07,,,0.0,,
COMP_1117,2026-08,,,0.0,,
COMP_1118,2026-07,,0.0,0.0,0.0,
COMP_1118,2026-08,,0.0,0.0,1.0,
COMP_1119,2025-02,,,0.0,0.0,
COMP_1119,2025-03,,,0.0,0.0,
COMP_1119,2025-04,,,0.0,0.0,
COMP_1119,2025-05,,,0.0,0.0,
COMP_1119,2025-06,,,0.0,0.0,
COMP_1119,2025-07,,,0.0,0.0,
COMP_1119,2025-08,,,0.0,0.0,0.0
COMP_1119,2025-09,0.0,,0.0,0.0,0.0
COMP_1119,2025-10,0.0,,0.0,1.0,0.0
COMP_1119,2025-11,0.0,,0.0,0.0,0.0
COMP_1119,2025-12,0.0,,0.0,0.0,0.0
COMP_1119,2026-01,0.0,,0.0,0.0,0.0
COMP_1119,2026-02,0.0,,0.0,1.0,0.0
COMP_1119,2026-03,0.0,,0.0,1.0,0.0
COMP_1119,2026-04,0.0,,0.0,1.0,0.0
COMP_1119,2026-05,0.0,,0.0,0.0,0.0
COMP_1119,2026-06,0.0,,0.0,1.0,0.0
COMP_1119,2026-07,0.0,,0.0,0.0,0.0
COMP_1119,2026-08,0.0,,0.0,0.0,0.0
COMP_1120,2025-02,,1.0,0.0,0.0,
COMP_1120,2025-03,,0.0,0.0,0.0,
COMP_1120,2025-04,,0.0,0.0,0.0,
COMP_1120,2025-05,,0.0,0.0,0.0,
COMP_1120,2025-06,,1.0,0.0,0.0,
COMP_1120,2025-07,,1.0,0.0,0.0,
COMP_1120,2025-08,0.0,1.0,0.0,0.0,0.0
COMP_1120,2025-09,0.0,0.0,0.0,0.0,0.0
COMP_1120,2025-10,0.0,0.0,0.0,0.0,0.0
COMP_1120,2025-11,0.0,0.0,0.0,0.0,0.0
COMP_1120,2025-12,0.0,0.0,0.0,0.0,0.0
COMP_1120,2026-01,0.0,0.0,0.0,0.0,0.0
COMP_1120,2026-02,0.0,0.0,0.0,0.0,0.0
COMP_1120,2026-03,0.0,0.0,0.0,0.0,0.0
COMP_1120,2026-04,0.0,0.0,0.0,0.0,0.0
COMP_1120,2026-05,0.0,1.0,0.0,0.0,0.0
COMP_1120,2026-06,0.0,1.0,0.0,0.0,0.0
COMP_1120,2026-07,0.0,1.0,0.0,0.0,0.0
COMP_1120,2026-08,0.0,0.0,0.0,0.0,0.0
COMP_1121,2026-03,,,,,
COMP_1121,2026-04,,,,,
COMP_1121,2026-05,,,,,
COMP_1121,2026-06,,,,,
COMP_1121,2026-07,,,,,
COMP_1121,2026-08,,,,,
COMP_1122,2025-02,,0.0,0.0,0.0,
COMP_1122,2025-03,,1.0,0.0,1.0,
COMP_1122,2025-04,,1.0,0.0,0.0,
COMP_1122,2025-05,,1.0,0.0,0.0,
COMP_1122,2025-06,,1.0,0.0,0.0,
COMP_1122,2025-07,,0.0,0.0,0.0,
COMP_1122,2025-08,,0.0,0.0,0.0,0.0
COMP_1122,2025-09,,0.0,0.0,0.0,0.0
COMP_1122,2025-10,,0.0,0.0,0.0,0.0
COMP_1122,2025-11,,0.0,0.0,1.0,0.0
COMP_1122,2025-12,,0.0,0.0,0.0,0.0
COMP_1122,2026-01,,0.0,0.0,0.0,0.0
COMP_1122,2026-02,,0.0,0.0,0.0,0.0
COMP_1122,2026-03,,0.0,0.0,1.0,0.0
COMP_1122,2026-04,,0.0,0.0,0.0,0.0
COMP_1122,2026-05,,0.0,0.0,1.0,0.0
COMP_1122,2026-06,,1.0,0.0,0.0,0.0
COMP_1122,2026-07,,1.0,0.0,1.0,0.0
COMP_1122,2026-08,,0.0,0.0,0.0,0.0
COMP_1123,2025-02,,1.0,0.0,1.0,
COMP_1123,2025-03,,1.0,0.0,1.0,
COMP_1123,2025-04,,1.0,0.0,1.0,
COMP_1123,2025-05,,1.0,0.0,0.0,
COMP_1123,2025-06,,1.0,0.0,0.0,
COMP_1123,2025-07,,1.0,0.0,0.0,
COMP_1123,2025-08,,1.0,0.0,0.0,0.0
COMP_1123,2025-09,,1.0,0.0,0.0,0.0
COMP_1123,2025-10,,1.0,0.0,0.0,0.0
COMP_1123,2025-11,,1.0,0.0,0.0,0.0
COMP_1123,2025-12,,1.0,0.0,0.0,0.0
COMP_1123,2026-01,,1.0,0.0,0.0,0.0
COMP_1123,2026-02,,1.0,0.0,0.0,1.0
COMP_1123,2026-03,,1.0,0.0,0.0,0.0
COMP_1123,2026-04,,1.0,0.0,0.0,0.0
COMP_1123,2026-05,,1.0,0.0,1.0,0.0
COMP_1123,2026-06,,0.0,0.0,1.0,0.0
COMP_1123,2026-07,,1.0,0.0,0.0,0.0
COMP_1123,2026-08,,1.0,0.0,0.0,0.0
COMP_1124,2025-06,,0.0,0.0,1.0,
COMP_1124,2025-07,,0.0,0.0,1.0,
COMP_1124,2025-08,,0.0,0.0,1.0,
COMP_1124,2025-09,,0.0,0.0,0.0,
COMP_1124,2025-10,,0.0,0.0,0.0,
COMP_1124,2025-11,,0.0,0.0,0.0,
COMP_1124,2025-12,0.0,0.0,0.0,1.0,0.0
COMP_1124,2026-01,1.0,0.0,0.0,0.0,0.0
COMP_1124,2026-02,0.0,0.0,0.0,1.0,0.0
COMP_1124,2026-03,0.0,1.0,0.0,0.0,0.0
COMP_1124,2026-04,0.0,1.0,0.0,0.0,0.0
COMP_1124,2026-05,0.0,1.0,0.0,0.0,0.0
COMP_1124,2026-06,0.0,0.0,0.0,1.0,0.0
COMP_1124,2026-07,1.0,1.0,0.0,1.0,0.0
COMP_1124,2026-08,0.0,1.0,1.0,1.0,0.0
COMP_1125,2025-07,,,1.0,1.0,
COMP_1125,2025-08,,,1.0,0.0,
COMP_1125,2025-09,,,1.0,0.0,
COMP_1125,2025-10,,,1.0,1.0,
COMP_1125,2025-11,,,1.0,1.0,
COMP_1125,2025-12,,,0.0,1.0,
COMP_1125,2026-01,1.0,,0.0,0.0,0.0
COMP_1125,2026-02,,,0.0,1.0,
COMP_1125,2026-03,,,0.0,1.0,0.0
COMP_1125,2026-04,,,0.0,0.0,1.0
COMP_1125,2026-05,,,0.0,0.0,0.0
COMP_1125,2026-06,,,0.0,0.0,0.0
COMP_1125,2026-07,,,0.0,0.0,0.0
COMP_1125,2026-08,0.0,,0.0,0.0,0.0
COMP_1126,2026-05,,0.0,0.0,0.0,
COMP_1126,2026-06,,0.0,0.0,0.0,
COMP_1126,2026-07,,0.0,0.0,0.0,
COMP_1126,2026-08,,0.0,0.0,0.0,
COMP_1127,2025-03,,0.0,0.0,0.0,
COMP_1127,2025-04,,0.0,0.0,0.0,
COMP_1127,2025-05,,0.0,0.0,0.0,
COMP_1127,2025-06,,0.0,0.0,0.0,
COMP_1127,2025-07,,0.0,0.0,0.0,
COMP_1127,2025-08,,0.0,0.0,0.0,
COMP_1127,2025-09,0.0,0.0,0.0,0.0,0.0
COMP_1127,2025-10,0.0,0.0,0.0,0.0,0.0
COMP_1127,2025-11,0.0,0.0,0.0,0.0,1.0
COMP_1127,2025-12,0.0,0.0,0.0,0.0,0.0
COMP_1127,2026-01,0.0,0.0,0.0,0.0,0.0
COMP_1127,2026-02,0.0,0.0,0.0,0.0,0.0
COMP_1127,2026-03,0.0,0.0,0.0,0.0,0.0
COMP_1127,2026-04,0.0,0.0,0.0,0.0,0.0
COMP_1127,2026-05,0.0,0.0,0.0,0.0,0.0
COMP_1127,2026-06,0.0,0.0,0.0,0.0,0.0
COMP_1127,2026-07,0.0,0.0,0.0,0.0,0.0
COMP_1127,2026-08,0.0,0.0,0.0,0.0,0.0
COMP_1128,2025-02,,,0.0,0.0,
COMP_1128,2025-03,,,0.0,0.0,
COMP_1128,2025-04,,,0.0,0.0,
COMP_1128,2025-05,,,0.0,0.0,
COMP_1128,2025-06,,,0.0,0.0,
COMP_1128,2025-07,,,0.0,0.0,
COMP_1128,2025-08,,,0.0,0.0,1.0
COMP_1128,2025-09,,,0.0,0.0,0.0
COMP_1128,2025-10,,,0.0,0.0,0.0
COMP_1128,2025-11,,,0.0,0.0,
COMP_1128,2025-12,,,0.0,0.0,0.0
COMP_1128,2026-01,,,0.0,0.0,0.0
COMP_1128,2026-02,,,0.0,1.0,0.0
COMP_1128,2026-03,,,0.0,1.0,0.0
COMP_1128,2026-04,,,0.0,1.0,0.0
COMP_1128,2026-05,,,0.0,0.0,0.0
COMP_1128,2026-06,,,0.0,0.0,0.0
COMP_1128,2026-07,,,0.0,0.0,0.0
COMP_1128,2026-08,,,0.0,0.0,0.0
COMP_1129,2026-05,,,0.0,0.0,
COMP_1129,2026-06,,,0.0,1.0,
COMP_1129,2026-07,,,0.0,1.0,
COMP_1129,2026-08,,,0.0,1.0,
COMP_1130,2025-02,,,0.0,0.0,
COMP_1130,2025-03,,,0.0,0.0,
COMP_1130,2025-04,,,0.0,0.0,
COMP_1130,2025-05,,,0.0,0.0,
COMP_1130,2025-06,,,0.0,1.0,
COMP_1130,2025-07,,,0.0,1.0,
COMP_1130,2025-08,1.0,,0.0,1.0,0.0
COMP_1130,2025-09,0.0,,0.0,1.0,0.0
COMP_1130,2025-10,0.0,,0.0,1.0,0.0
COMP_1130,2025-11,0.0,,0.0,1.0,0.0
COMP_1130,2025-12,0.0,,0.0,1.0,1.0
COMP_1130,2026-01,0.0,,0.0,1.0,0.0
COMP_1130,2026-02,0.0,,0.0,1.0,0.0
COMP_1130,2026-03,0.0,,0.0,1.0,0.0
COMP_1130,2026-04,0.0,,0.0,1.0,0.0
COMP_1130,2026-05,0.0,,0.0,1.0,0.0
COMP_1130,2026-06,0.0,,0.0,1.0,0.0
COMP_1130,2026-07,0.0,,0.0,1.0,0.0
COMP_1130,2026-08,0.0,,0.0,1.0,0.0
COMP_1131,2026-05,,,0.0,1.0,
COMP_1131,2026-06,,,0.0,1.0,
COMP_1131,2026-07,,,0.0,1.0,
COMP_1131,2026-08,,,0.0,1.0,
COMP_1132,2026-06,,,0.0,0.0,
COMP_1132,2026-07,,,0.0,0.0,
COMP_1132,2026-08,,,0.0,1.0,
COMP_1133,2025-02,,,0.0,0.0,
COMP_1133,2025-03,,,0.0,0.0,
COMP_1133,2025-04,,,0.0,0.0,
COMP_1133,2025-05,,,0.0,0.0,
COMP_1133,2025-06,,,0.0,0.0,
COMP_1133,2025-07,,,0.0,0.0,
COMP_1133,2025-08,0.0,,0.0,0.0,0.0
COMP_1133,2025-09,0.0,,0.0,0.0,0.0
COMP_1133,2025-10,0.0,,0.0,0.0,0.0
COMP_1133,2025-11,0.0,,0.0,1.0,0.0
COMP_1133,2025-12,0.0,,0.0,1.0,0.0
COMP_1133,2026-01,0.0,,0.0,0.0,0.0
COMP_1133,2026-02,0.0,,0.0,0.0,0.0
COMP_1133,2026-03,0.0,,0.0,0.0,0.0
COMP_1133,2026-04,1.0,,0.0,0.0,0.0
COMP_1133,2026-05,1.0,,0.0,0.0,0.0
COMP_1133,2026-06,0.0,,0.0,0.0,0.0
COMP_1133,2026-07,0.0,,0.0,0.0,0.0
COMP_1133,2026-08,1.0,,0.0,1.0,0.0
COMP_1134,2025-02,,1.0,0.0,0.0,
COMP_1134,2025-03,,1.0,0.0,0.0,
COMP_1134,2025-04,,1.0,0.0,0.0,
COMP_1134,2025-05,,1.0,0.0,0.0,
COMP_1134,2025-06,,1.0,0.0,0.0,
COMP_1134,2025-07,,1.0,0.0,0.0,
COMP_1134,2025-08,1.0,0.0,0.0,0.0,0.0
COMP_1134,2025-09,0.0,0.0,0.0,0.0,0.0
COMP_1134,2025-10,0.0,1.0,0.0,0.0,0.0
COMP_1134,2025-11,0.0,1.0,0.0,0.0,0.0
COMP_1134,2025-12,0.0,0.0,0.0,0.0,0.0
COMP_1134,2026-01,0.0,0.0,0.0,0.0,0.0
COMP_1134,2026-02,0.0,0.0,0.0,0.0,0.0
COMP_1134,2026-03,0.0,0.0,0.0,1.0,0.0
COMP_1134,2026-04,0.0,0.0,0.0,1.0,0.0
COMP_1134,2026-05,0.0,0.0,0.0,0.0,0.0
COMP_1134,2026-06,0.0,1.0,0.0,0.0,0.0
COMP_1134,2026-07,0.0,1.0,0.0,0.0,0.0
COMP_1134,2026-08,0.0,1.0,0.0,0.0,0.0
COMP_1135,2025-06,,0.0,0.0,0.0,
COMP_1135,2025-07,,0.0,0.0,0.0,
COMP_1135,2025-08,,0.0,0.0,0.0,
COMP_1135,2025-09,,0.0,0.0,1.0,
COMP_1135,2025-10,,0.0,0.0,1.0,
COMP_1135,2025-11,,0.0,0.0,1.0,
COMP_1135,2025-12,0.0,0.0,0.0,1.0,0.0
COMP_1135,2026-01,0.0,0.0,1.0,1.0,0.0
COMP_1135,2026-02,0.0,0.0,0.0,0.0,0.0
COMP_1135,2026-03,0.0,0.0,0.0,0.0,0.0
COMP_1135,2026-04,0.0,0.0,0.0,0.0,0.0
COMP_1135,2026-05,0.0,0.0,0.0,0.0,0.0
COMP_1135,2026-06,0.0,0.0,0.0,0.0,1.0
COMP_1135,2026-07,0.0,0.0,0.0,1.0,1.0
COMP_1135,2026-08,0.0,0.0,0.0,0.0,0.0
COMP_1136,2025-06,,0.0,0.0,1.0,
COMP_1136,2025-07,,0.0,0.0,0.0,
COMP_1136,2025-08,,0.0,0.0,0.0,
COMP_1136,2025-09,,0.0,0.0,0.0,
COMP_1136,2025-10,,0.0,0.0,0.0,
COMP_1136,2025-11,,0.0,0.0,0.0,
COMP_1136,2025-12,0.0,0.0,0.0,0.0,0.0
COMP_1136,2026-01,0.0,0.0,0.0,0.0,0.0
COMP_1136,2026-02,0.0,0.0,0.0,0.0,0.0
COMP_1136,2026-03,1.0,0.0,0.0,0.0,0.0
COMP_1136,2026-04,0.0,0.0,0.0,0.0,0.0
COMP_1136,2026-05,0.0,0.0,0.0,0.0,0.0
COMP_1136,2026-06,1.0,0.0,0.0,0.0,0.0
COMP_1136,2026-07,0.0,0.0,0.0,0.0,0.0
COMP_1136,2026-08,0.0,0.0,0.0,0.0,0.0
COMP_1137,2025-02,,,0.0,0.0,
COMP_1137,2025-03,,,0.0,0.0,
COMP_1137,2025-04,,,0.0,0.0,
COMP_1137,2025-05,,,0.0,0.0,
COMP_1137,2025-06,,,0.0,0.0,
COMP_1137,2025-07,,,0.0,0.0,
COMP_1137,2025-08,,,0.0,0.0,0.0
COMP_1137,2025-09,,,0.0,0.0,0.0
COMP_1137,2025-10,,,0.0,0.0,0.0
COMP_1137,2025-11,,,0.0,0.0,0.0
COMP_1137,2025-12,,,0.0,1.0,0.0
COMP_1137,2026-01,,,0.0,1.0,0.0
COMP_1137,2026-02,,,0.0,1.0,0.0
COMP_1137,2026-03,,,0.0,0.0,0.0
COMP_1137,2026-04,,,0.0,0.0,0.0
COMP_1137,2026-05,,,0.0,0.0,0.0
COMP_1137,2026-06,,,0.0,1.0,0.0
COMP_1137,2026-07,0.0,,0.0,0.0,0.0
COMP_1137,2026-08,0.0,,0.0,0.0,0.0
COMP_1138,2025-02,,0.0,0.0,0.0,
COMP_1138,2025-03,,1.0,0.0,0.0,
COMP_1138,2025-04,,1.0,0.0,0.0,
COMP_1138,2025-05,,1.0,0.0,0.0,
COMP_1138,2025-06,,1.0,0.0,1.0,
COMP_1138,2025-07,,1.0,0.0,1.0,
COMP_1138,2025-08,,1.0,0.0,1.0,0.0
COMP_1138,2025-09,,0.0,0.0,0.0,0.0
COMP_1138,2025-10,,0.0,0.0,0.0,0.0
COMP_1138,2025-11,,0.0,0.0,0.0,0.0
COMP_1138,2025-12,,0.0,0.0,0.0,0.0
COMP_1138,2026-01,,0.0,0.0,1.0,0.0
COMP_1138,2026-02,,1.0,0.0,1.0,0.0
COMP_1138,2026-03,,1.0,0.0,1.0,0.0
COMP_1138,2026-04,,1.0,0.0,1.0,0.0
COMP_1138,2026-05,,1.0,0.0,0.0,0.0
COMP_1138,2026-06,,1.0,0.0,0.0,0.0
COMP_1138,2026-07,,1.0,0.0,0.0,0.0
COMP_1138,2026-08,,1.0,0.0,1.0,0.0
COMP_1139,2025-02,,1.0,0.0,0.0,
COMP_1139,2025-03,,1.0,0.0,0.0,
COMP_1139,2025-04,,1.0,0.0,0.0,
COMP_1139,2025-05,,1.0,0.0,0.0,
COMP_1139,2025-06,,1.0,0.0,0.0,
COMP_1139,2025-07,,0.0,0.0,0.0,
COMP_1139,2025-08,0.0,0.0,0.0,0.0,0.0
COMP_1139,2025-09,0.0,0.0,0.0,0.0,0.0
COMP_1139,2025-10,0.0,0.0,0.0,1.0,0.0
COMP_1139,2025-11,0.0,0.0,0.0,1.0,0.0
COMP_1139,2025-12,0.0,0.0,0.0,0.0,0.0
COMP_1139,2026-01,0.0,0.0,0.0,0.0,0.0
COMP_1139,2026-02,0.0,0.0,0.0,0.0,0.0
COMP_1139,2026-03,0.0,0.0,0.0,0.0,0.0
COMP_1139,2026-04,0.0,0.0,0.0,0.0,1.0
COMP_1139,2026-05,0.0,0.0,0.0,0.0,0.0
COMP_1139,2026-06,0.0,0.0,0.0,0.0,0.0
COMP_1139,2026-07,0.0,0.0,0.0,0.0,0.0
COMP_1139,2026-08,1.0,0.0,0.0,0.0,0.0
COMP_1140,2026-07,,,0.0,0.0,
COMP_1140,2026-08,,,0.0,0.0,
COMP_1141,2026-03,,,0.0,0.0,
COMP_1141,2026-04,,,0.0,0.0,
COMP_1141,2026-05,,,0.0,0.0,
COMP_1141,2026-06,,,0.0,0.0,
COMP_1141,2026-07,,,0.0,0.0,
COMP_1141,2026-08,,,0.0,0.0,
COMP_1142,2025-02,,0.0,1.0,0.0,
COMP_1142,2025-03,,0.0,1.0,1.0,
COMP_1142,2025-04,,0.0,1.0,1.0,
COMP_1142,2025-05,,0.0,1.0,0.0,
COMP_1142,2025-06,,0.0,1.0,0.0,
COMP_1142,2025-07,,0.0,1.0,0.0,
COMP_1142,2025-08,,0.0,1.0,1.0,
COMP_1142,2025-09,,1.0,1.0,1.0,0.0
COMP_1142,2025-10,,1.0,1.0,1.0,0.0
COMP_1142,2025-11,,0.0,1.0,0.0,0.0
COMP_1142,2025-12,,0.0,1.0,0.0,
COMP_1142,2026-01,,0.0,1.0,0.0,
COMP_1142,2026-02,,0.0,1.0,1.0,0.0
COMP_1142,2026-03,,0.0,1.0,1.0,0.0
COMP_1142,2026-04,,0.0,1.0,1.0,0.0
COMP_1142,2026-05,,0.0,1.0,1.0,0.0
COMP_1142,2026-06,,1.0,1.0,0.0,0.0
COMP_1142,2026-07,,0.0,1.0,0.0,0.0
COMP_1142,2026-08,,0.0,1.0,0.0,0.0
COMP_1143,2025-03,,0.0,0.0,1.0,
COMP_1143,2025-04,,0.0,0.0,1.0,
COMP_1143,2025-05,,1.0,0.0,1.0,
COMP_1143,2025-06,,0.0,0.0,0.0,
COMP_1143,2025-07,,0.0,0.0,0.0,
COMP_1143,2025-08,,0.0,0.0,0.0,
COMP_1143,2025-09,1.0,1.0,0.0,1.0,0.0
COMP_1143,2025-10,1.0,1.0,0.0,1.0,0.0
COMP_1143,2025-11,1.0,1.0,0.0,1.0,0.0
COMP_1143,2025-12,1.0,1.0,0.0,1.0,0.0
COMP_1143,2026-01,,1.0,0.0,1.0,
COMP_1143,2026-02,,0.0,0.0,1.0,
COMP_1143,2026-03,,,0.0,,
COMP_1143,2026-04,,,0.0,,
COMP_1143,2026-05,,,0.0,,
COMP_1143,2026-06,,,0.0,,
COMP_1143,2026-07,,,0.0,,
COMP_1143,2026-08,,,0.0,,
COMP_1144,2025-06,,,0.0,0.0,
COMP_1144,2025-07,,,0.0,0.0,
COMP_1144,2025-08,,,0.0,0.0,
COMP_1144,2025-09,,,0.0,0.0,
COMP_1144,2025-10,,,0.0,0.0,
COMP_1144,2025-11,,,0.0,0.0,
COMP_1144,2025-12,,,0.0,0.0,
COMP_1144,2026-01,,,0.0,0.0,0.0
COMP_1144,2026-02,,,0.0,0.0,0.0
COMP_1144,2026-03,,,0.0,0.0,0.0
COMP_1144,2026-04,,,0.0,0.0,0.0
COMP_1144,2026-05,,,0.0,0.0,0.0
COMP_1144,2026-06,,,0.0,0.0,
COMP_1144,2026-07,,,0.0,0.0,
COMP_1144,2026-08,,,0.0,0.0,0.0
COMP_1145,2025-06,,,1.0,1.0,
COMP_1145,2025-07,,,0.0,1.0,
COMP_1145,2025-08,,,0.0,0.0,
COMP_1145,2025-09,,,0.0,1.0,
COMP_1145,2025-10,,,0.0,0.0,
COMP_1145,2025-11,,,0.0,1.0,
COMP_1145,2025-12,,,0.0,1.0,0.0
COMP_1145,2026-01,,,1.0,1.0,0.0
COMP_1145,2026-02,,,0.0,1.0,0.0
COMP_1145,2026-03,,,1.0,0.0,0.0
COMP_1145,2026-04,0.0,,0.0,0.0,0.0
COMP_1145,2026-05,0.0,,0.0,0.0,0.0
COMP_1145,2026-06,0.0,,0.0,0.0,0.0
COMP_1145,2026-07,0.0,,0.0,0.0,0.0
COMP_1145,2026-08,1.0,,0.0,0.0,0.0
COMP_1146,2026-05,,,0.0,1.0,
COMP_1146,2026-06,,,0.0,1.0,
COMP_1146,2026-07,,,0.0,1.0,
COMP_1146,2026-08,,,0.0,0.0,
COMP_1147,2025-06,,,0.0,0.0,
COMP_1147,2025-07,,,0.0,0.0,
COMP_1147,2025-08,,,0.0,0.0,
COMP_1147,2025-09,,,0.0,0.0,
COMP_1147,2025-10,,,0.0,0.0,
COMP_1147,2025-11,,,0.0,0.0,
COMP_1147,2025-12,0.0,,0.0,0.0,0.0
COMP_1147,2026-01,0.0,,0.0,1.0,0.0
COMP_1147,2026-02,0.0,,0.0,0.0,0.0
COMP_1147,2026-03,0.0,,0.0,0.0,0.0
COMP_1147,2026-04,0.0,,0.0,0.0,0.0
COMP_1147,2026-05,0.0,,0.0,0.0,0.0
COMP_1147,2026-06,0.0,,0.0,0.0,0.0
COMP_1147,2026-07,0.0,,0.0,0.0,0.0
COMP_1147,2026-08,0.0,,0.0,0.0,0.0
COMP_1148,2026-03,,,0.0,1.0,
COMP_1148,2026-04,,,0.0,1.0,
COMP_1148,2026-05,,,0.0,0.0,
COMP_1148,2026-06,,,0.0,0.0,
COMP_1148,2026-07,,,0.0,,
COMP_1148,2026-08,,,0.0,,
COMP_1149,2025-02,,0.0,0.0,0.0,
COMP_1149,2025-03,,0.0,0.0,0.0,
COMP_1149,2025-04,,0.0,0.0,0.0,
COMP_1149,2025-05,,0.0,0.0,0.0,
COMP_1149,2025-06,,0.0,0.0,0.0,
COMP_1149,2025-07,,0.0,0.0,0.0,
COMP_1149,2025-08,0.0,0.0,0.0,0.0,0.0
COMP_1149,2025-09,0.0,0.0,0.0,0.0,0.0
COMP_1149,2025-10,1.0,0.0,0.0,0.0,0.0
COMP_1149,2025-11,1.0,0.0,0.0,0.0,0.0
COMP_1149,2025-12,0.0,0.0,0.0,0.0,0.0
COMP_1149,2026-01,0.0,0.0,0.0,0.0,0.0
COMP_1149,2026-02,1.0,0.0,0.0,0.0,0.0
COMP_1149,2026-03,0.0,0.0,0.0,0.0,0.0
COMP_1149,2026-04,0.0,0.0,0.0,0.0,0.0
COMP_1149,2026-05,1.0,0.0,0.0,0.0,0.0
COMP_1149,2026-06,1.0,0.0,0.0,0.0,0.0
COMP_1149,2026-07,0.0,0.0,0.0,0.0,0.0
COMP_1149,2026-08,0.0,0.0,0.0,0.0,0.0
COMP_1150,2025-02,,,0.0,0.0,
COMP_1150,2025-03,,,0.0,0.0,
COMP_1150,2025-04,,,0.0,0.0,
COMP_1150,2025-05,,,0.0,0.0,
COMP_1150,2025-06,,,0.0,0.0,
COMP_1150,2025-07,,,0.0,0.0,
COMP_1150,2025-08,0.0,,0.0,0.0,0.0
COMP_1150,2025-09,0.0,,0.0,0.0,0.0
COMP_1150,2025-10,0.0,,0.0,0.0,0.0
COMP_1150,2025-11,0.0,,0.0,0.0,0.0
COMP_1150,2025-12,0.0,,0.0,0.0,0.0
COMP_1150,2026-01,0.0,,0.0,0.0,0.0
COMP_1150,2026-02,0.0,,0.0,0.0,0.0
COMP_1150,2026-03,0.0,,0.0,0.0,0.0
COMP_1150,2026-04,0.0,,0.0,0.0,0.0
COMP_1150,2026-05,0.0,,0.0,0.0,0.0
COMP_1150,2026-06,0.0,,0.0,0.0,0.0
COMP_1150,2026-07,0.0,,0.0,0.0,0.0
COMP_1150,2026-08,1.0,,0.0,0.0,0.0
COMP_1151,2026-03,,,0.0,0.0,
COMP_1151,2026-04,,,0.0,0.0,
COMP_1151,2026-05,,,0.0,0.0,
COMP_1151,2026-06,,,0.0,1.0,
COMP_1151,2026-07,,,0.0,0.0,
COMP_1151,2026-08,,,0.0,0.0,
COMP_1152,2025-06,,,0.0,0.0,
COMP_1152,2025-07,,,0.0,1.0,
COMP_1152,2025-08,,,0.0,1.0,
COMP_1152,2025-09,,,0.0,1.0,
COMP_1152,2025-10,,,0.0,1.0,
COMP_1152,2025-11,,,0.0,1.0,
COMP_1152,2025-12,,,0.0,0.0,0.0
COMP_1152,2026-01,,,0.0,0.0,0.0
COMP_1152,2026-02,,,0.0,0.0,0.0
COMP_1152,2026-03,1.0,,0.0,0.0,
COMP_1152,2026-04,,,0.0,1.0,
COMP_1152,2026-05,,,0.0,,
COMP_1152,2026-06,,,0.0,,
COMP_1152,2026-07,,,0.0,,
COMP_1152,2026-08,,,0.0,,
COMP_1153,2025-02,,,1.0,0.0,
COMP_1153,2025-03,,,1.0,0.0,
COMP_1153,2025-04,,,1.0,1.0,
COMP_1153,2025-05,,,1.0,1.0,
COMP_1153,2025-06,,,1.0,1.0,
COMP_1153,2025-07,,,1.0,1.0,
COMP_1153,2025-08,,,1.0,0.0,0.0
COMP_1153,2025-09,,,0.0,0.0,0.0
COMP_1153,2025-10,,,0.0,0.0,0.0
COMP_1153,2025-11,,,0.0,0.0,
COMP_1153,2025-12,,,0.0,0.0,
COMP_1153,2026-01,,,0.0,,
COMP_1153,2026-02,,,0.0,,
COMP_1153,2026-03,,,0.0,,
COMP_1153,2026-04,,,0.0,,
COMP_1153,2026-05,,,0.0,,
COMP_1153,2026-06,,,0.0,,
COMP_1153,2026-07,,,0.0,,
COMP_1153,2026-08,,,0.0,0.0,0.0
COMP_1154,2025-10,,,0.0,0.0,
COMP_1154,2025-11,,,0.0,0.0,
COMP_1154,2025-12,,,0.0,0.0,
COMP_1154,2026-01,,,0.0,0.0,
COMP_1154,2026-02,,,0.0,0.0,
COMP_1154,2026-03,,,0.0,0.0,
COMP_1154,2026-04,,,0.0,0.0,0.0
COMP_1154,2026-05,,,0.0,0.0,0.0
COMP_1154,2026-06,,,0.0,0.0,0.0
COMP_1154,2026-07,,,0.0,0.0,0.0
COMP_1154,2026-08,,,0.0,0.0,0.0
COMP_1155,2025-02,,0.0,0.0,0.0,
COMP_1155,2025-03,,0.0,0.0,0.0,
COMP_1155,2025-04,,0.0,0.0,0.0,
COMP_1155,2025-05,,0.0,0.0,0.0,
COMP_1155,2025-06,,0.0,0.0,0.0,
COMP_1155,2025-07,,0.0,0.0,0.0,
COMP_1155,2025-08,,0.0,0.0,0.0,0.0
COMP_1155,2025-09,,0.0,0.0,0.0,0.0
COMP_1155,2025-10,,0.0,0.0,0.0,0.0
COMP_1155,2025-11,,0.0,0.0,0.0,0.0
COMP_1155,2025-12,,0.0,0.0,0.0,0.0
COMP_1155,2026-01,,0.0,0.0,1.0,0.0
COMP_1155,2026-02,,0.0,0.0,1.0,0.0
COMP_1155,2026-03,,0.0,0.0,1.0,0.0
COMP_1155,2026-04,,0.0,0.0,1.0,0.0
COMP_1155,2026-05,,0.0,0.0,1.0,0.0
COMP_1155,2026-06,,0.0,0.0,1.0,0.0
COMP_1155,2026-07,0.0,0.0,0.0,1.0,0.0
COMP_1155,2026-08,0.0,1.0,0.0,1.0,0.0
COMP_1156,2025-02,,1.0,0.0,0.0,
COMP_1156,2025-03,,0.0,0.0,0.0,
COMP_1156,2025-04,,0.0,0.0,0.0,
COMP_1156,2025-05,,0.0,0.0,0.0,
COMP_1156,2025-06,,1.0,0.0,0.0,
COMP_1156,2025-07,,1.0,0.0,0.0,
COMP_1156,2025-08,0.0,1.0,0.0,0.0,1.0
COMP_1156,2025-09,0.0,0.0,0.0,0.0,0.0
COMP_1156,2025-10,0.0,0.0,0.0,1.0,0.0
COMP_1156,2025-11,0.0,0.0,0.0,1.0,0.0
COMP_1156,2025-12,0.0,1.0,0.0,1.0,0.0
COMP_1156,2026-01,0.0,1.0,0.0,0.0,0.0
COMP_1156,2026-02,0.0,1.0,0.0,0.0,0.0
COMP_1156,2026-03,0.0,1.0,0.0,0.0,0.0
COMP_1156,2026-04,0.0,1.0,0.0,0.0,0.0
COMP_1156,2026-05,0.0,1.0,0.0,0.0,0.0
COMP_1156,2026-06,0.0,0.0,0.0,0.0,0.0
COMP_1156,2026-07,0.0,0.0,0.0,0.0,0.0
COMP_1156,2026-08,0.0,1.0,0.0,0.0,0.0
COMP_1157,2026-03,,,0.0,1.0,
COMP_1157,2026-04,,,0.0,1.0,
COMP_1157,2026-05,,,0.0,1.0,
COMP_1157,2026-06,,,0.0,1.0,
COMP_1157,2026-07,,,0.0,1.0,
COMP_1157,2026-08,,,0.0,1.0,
COMP_1158,2025-06,,0.0,0.0,0.0,
COMP_1158,2025-07,,0.0,0.0,0.0,
COMP_1158,2025-08,,0.0,0.0,0.0,
COMP_1158,2025-09,,0.0,0.0,0.0,
COMP_1158,2025-10,,0.0,0.0,0.0,
COMP_1158,2025-11,,0.0,0.0,0.0,
COMP_1158,2025-12,0.0,0.0,0.0,0.0,0.0
COMP_1158,2026-01,0.0,0.0,0.0,0.0,0.0
COMP_1158,2026-02,0.0,0.0,0.0,0.0,0.0
COMP_1158,2026-03,0.0,0.0,0.0,0.0,0.0
COMP_1158,2026-04,0.0,0.0,0.0,0.0,0.0
COMP_1158,2026-05,0.0,0.0,0.0,1.0,0.0
COMP_1158,2026-06,0.0,0.0,0.0,1.0,0.0
COMP_1158,2026-07,0.0,0.0,0.0,1.0,0.0
COMP_1158,2026-08,0.0,0.0,0.0,1.0,0.0
COMP_1159,2025-12,,0.0,0.0,0.0,
COMP_1159,2026-01,,0.0,0.0,0.0,
COMP_1159,2026-02,,0.0,0.0,0.0,
COMP_1159,2026-03,,0.0,0.0,0.0,
COMP_1159,2026-04,,1.0,0.0,0.0,
COMP_1159,2026-05,,,0.0,,
COMP_1159,2026-06,,,0.0,,
COMP_1159,2026-07,,,0.0,,
COMP_1159,2026-08,,,0.0,,
COMP_1160,2025-02,,,0.0,0.0,
COMP_1160,2025-03,,,0.0,1.0,
COMP_1160,2025-04,,,0.0,1.0,
COMP_1160,2025-05,,,0.0,1.0,
COMP_1160,2025-06,,,0.0,1.0,
COMP_1160,2025-07,,,0.0,1.0,
COMP_1160,2025-08,0.0,,0.0,1.0,0.0
COMP_1160,2025-09,1.0,,0.0,1.0,0.0
COMP_1160,2025-10,0.0,,0.0,1.0,0.0
COMP_1160,2025-11,0.0,,0.0,1.0,0.0
COMP_1160,2025-12,0.0,,0.0,1.0,0.0
COMP_1160,2026-01,0.0,,1.0,1.0,0.0
COMP_1160,2026-02,0.0,,0.0,1.0,0.0
COMP_1160,2026-03,0.0,,0.0,1.0,0.0
COMP_1160,2026-04,0.0,,1.0,1.0,0.0
COMP_1160,2026-05,0.0,,0.0,1.0,0.0
COMP_1160,2026-06,0.0,,0.0,1.0,0.0
COMP_1160,2026-07,0.0,,0.0,1.0,0.0
COMP_1160,2026-08,0.0,,0.0,1.0,0.0
COMP_1161,2026-07,,0.0,0.0,0.0,
COMP_1161,2026-08,,0.0,0.0,0.0,
COMP_1162,2025-02,,0.0,0.0,0.0,
COMP_1162,2025-03,,1.0,0.0,0.0,
COMP_1162,2025-04,,1.0,0.0,0.0,
COMP_1162,2025-05,,0.0,0.0,0.0,
COMP_1162,2025-06,,0.0,0.0,0.0,
COMP_1162,2025-07,,0.0,0.0,0.0,
COMP_1162,2025-08,,0.0,0.0,0.0,0.0
COMP_1162,2025-09,,0.0,0.0,0.0,0.0
COMP_1162,2025-10,,0.0,0.0,0.0,1.0
COMP_1162,2025-11,,0.0,0.0,0.0,1.0
COMP_1162,2025-12,,1.0,0.0,0.0,1.0
COMP_1162,2026-01,,1.0,0.0,0.0,0.0
COMP_1162,2026-02,,0.0,0.0,1.0,0.0
COMP_1162,2026-03,,0.0,0.0,1.0,
COMP_1162,2026-04,,0.0,0.0,1.0,
COMP_1162,2026-05,,1.0,0.0,0.0,0.0
COMP_1162,2026-06,,0.0,0.0,0.0,
COMP_1162,2026-07,,0.0,0.0,1.0,0.0
COMP_1162,2026-08,,0.0,0.0,1.0,
COMP_1163,2025-03,,1.0,0.0,0.0,
COMP_1163,2025-04,,1.0,0.0,0.0,
COMP_1163,2025-05,,1.0,0.0,0.0,
COMP_1163,2025-06,,1.0,0.0,0.0,
COMP_1163,2025-07,,0.0,0.0,0.0,
COMP_1163,2025-08,,1.0,0.0,0.0,
COMP_1163,2025-09,0.0,0.0,0.0,0.0,0.0
COMP_1163,2025-10,1.0,0.0,0.0,0.0,0.0
COMP_1163,2025-11,0.0,0.0,0.0,0.0,0.0
COMP_1163,2025-12,1.0,1.0,0.0,0.0,0.0
COMP_1163,2026-01,,1.0,0.0,0.0,0.0
COMP_1163,2026-02,,1.0,0.0,0.0,0.0
COMP_1163,2026-03,,0.0,0.0,0.0,0.0
COMP_1163,2026-04,,0.0,0.0,0.0,0.0
COMP_1163,2026-05,,0.0,0.0,0.0,0.0
COMP_1163,2026-06,,1.0,0.0,0.0,0.0
COMP_1163,2026-07,,0.0,0.0,0.0,0.0
COMP_1163,2026-08,,0.0,0.0,0.0,0.0
COMP_1164,2025-05,,,0.0,0.0,
COMP_1164,2025-06,,,0.0,0.0,
COMP_1164,2025-07,,,0.0,0.0,
COMP_1164,2025-08,,,0.0,0.0,
COMP_1164,2025-09,,,0.0,0.0,
COMP_1164,2025-10,,,0.0,1.0,
COMP_1164,2025-11,0.0,,0.0,1.0,0.0
COMP_1164,2025-12,0.0,,0.0,0.0,0.0
COMP_1164,2026-01,0.0,,0.0,0.0,0.0
COMP_1164,2026-02,0.0,,0.0,0.0,0.0
COMP_1164,2026-03,0.0,,0.0,1.0,0.0
COMP_1164,2026-04,0.0,,0.0,1.0,0.0
COMP_1164,2026-05,1.0,,0.0,0.0,0.0
COMP_1164,2026-06,0.0,,0.0,0.0,0.0
COMP_1164,2026-07,0.0,,0.0,0.0,0.0
COMP_1164,2026-08,0.0,,0.0,1.0,0.0
COMP_1165,2025-03,,0.0,0.0,0.0,
COMP_1165,2025-04,,0.0,0.0,0.0,
COMP_1165,2025-05,,0.0,0.0,0.0,
COMP_1165,2025-06,,0.0,0.0,0.0,
COMP_1165,2025-07,,0.0,0.0,0.0,
COMP_1165,2025-08,,0.0,0.0,0.0,
COMP_1165,2025-09,0.0,0.0,0.0,0.0,0.0
COMP_1165,2025-10,0.0,0.0,0.0,0.0,0.0
COMP_1165,2025-11,0.0,0.0,0.0,1.0,0.0
COMP_1165,2025-12,0.0,0.0,0.0,1.0,0.0
COMP_1165,2026-01,0.0,0.0,0.0,0.0,0.0
COMP_1165,2026-02,0.0,0.0,0.0,0.0,0.0
COMP_1165,2026-03,0.0,0.0,0.0,0.0,0.0
COMP_1165,2026-04,0.0,0.0,0.0,1.0,0.0
COMP_1165,2026-05,0.0,0.0,0.0,0.0,0.0
COMP_1165,2026-06,0.0,0.0,0.0,1.0,0.0
COMP_1165,2026-07,0.0,0.0,0.0,0.0,0.0
COMP_1165,2026-08,0.0,0.0,0.0,1.0,0.0
COMP_1166,2025-05,,,0.0,1.0,
COMP_1166,2025-06,,,1.0,1.0,
COMP_1166,2025-07,,,1.0,1.0,
COMP_1166,2025-08,,,0.0,0.0,
COMP_1166,2025-09,,,0.0,0.0,
COMP_1166,2025-10,,,0.0,0.0,
COMP_1166,2025-11,0.0,,0.0,0.0,0.0
COMP_1166,2025-12,0.0,,0.0,0.0,0.0
COMP_1166,2026-01,0.0,,0.0,0.0,0.0
COMP_1166,2026-02,0.0,,0.0,0.0,0.0
COMP_1166,2026-03,0.0,,0.0,0.0,0.0
COMP_1166,2026-04,1.0,,0.0,0.0,0.0
COMP_1166,2026-05,1.0,,0.0,0.0,0.0
COMP_1166,2026-06,,,0.0,0.0,1.0
COMP_1166,2026-07,,,0.0,0.0,0.0
COMP_1166,2026-08,,,0.0,1.0,0.0
COMP_1167,2025-02,,,0.0,1.0,
COMP_1167,2025-03,,,0.0,1.0,
COMP_1167,2025-04,,,0.0,1.0,
COMP_1167,2025-05,,,0.0,1.0,
COMP_1167,2025-06,,,0.0,0.0,
COMP_1167,2025-07,,,0.0,0.0,
COMP_1167,2025-08,,,0.0,0.0,0.0
COMP_1167,2025-09,,,0.0,0.0,0.0
COMP_1167,2025-10,,,0.0,0.0,0.0
COMP_1167,2025-11,,,0.0,0.0,0.0
COMP_1167,2025-12,,,0.0,0.0,0.0
COMP_1167,2026-01,,,0.0,0.0,0.0
COMP_1167,2026-02,,,0.0,0.0,0.0
COMP_1167,2026-03,,,0.0,0.0,0.0
COMP_1167,2026-04,,,0.0,0.0,0.0
COMP_1167,2026-05,,,0.0,0.0,0.0
COMP_1167,2026-06,,,0.0,0.0,0.0
COMP_1167,2026-07,,,0.0,0.0,0.0
COMP_1167,2026-08,,,0.0,0.0,0.0
COMP_1168,2025-02,,0.0,0.0,1.0,
COMP_1168,2025-03,,0.0,0.0,1.0,
COMP_1168,2025-04,,0.0,0.0,1.0,
COMP_1168,2025-05,,0.0,0.0,1.0,
COMP_1168,2025-06,,0.0,0.0,0.0,
COMP_1168,2025-07,,0.0,0.0,0.0,
COMP_1168,2025-08,0.0,0.0,0.0,0.0,0.0
COMP_1168,2025-09,0.0,0.0,0.0,1.0,0.0
COMP_1168,2025-10,0.0,0.0,0.0,1.0,0.0
COMP_1168,2025-11,0.0,0.0,0.0,1.0,0.0
COMP_1168,2025-12,0.0,0.0,0.0,1.0,0.0
COMP_1168,2026-01,0.0,0.0,0.0,1.0,0.0
COMP_1168,2026-02,0.0,0.0,0.0,1.0,0.0
COMP_1168,2026-03,0.0,0.0,0.0,1.0,0.0
COMP_1168,2026-04,0.0,0.0,0.0,1.0,0.0
COMP_1168,2026-05,0.0,0.0,0.0,1.0,0.0
COMP_1168,2026-06,0.0,0.0,0.0,1.0,0.0
COMP_1168,2026-07,0.0,0.0,0.0,1.0,0.0
COMP_1168,2026-08,0.0,0.0,0.0,1.0,0.0
COMP_1169,2025-05,,0.0,1.0,1.0,
COMP_1169,2025-06,,0.0,1.0,1.0,
COMP_1169,2025-07,,0.0,1.0,1.0,
COMP_1169,2025-08,,0.0,1.0,0.0,
COMP_1169,2025-09,,0.0,0.0,0.0,
COMP_1169,2025-10,,0.0,0.0,0.0,
COMP_1169,2025-11,0.0,0.0,1.0,0.0,0.0
COMP_1169,2025-12,0.0,0.0,1.0,0.0,0.0
COMP_1169,2026-01,0.0,0.0,1.0,0.0,0.0
COMP_1169,2026-02,1.0,0.0,0.0,0.0,0.0
COMP_1169,2026-03,0.0,0.0,0.0,0.0,0.0
COMP_1169,2026-04,0.0,0.0,0.0,1.0,0.0
COMP_1169,2026-05,0.0,1.0,0.0,1.0,0.0
COMP_1169,2026-06,1.0,1.0,0.0,1.0,0.0
COMP_1169,2026-07,0.0,1.0,0.0,1.0,0.0
COMP_1169,2026-08,0.0,0.0,0.0,1.0,0.0
COMP_1170,2025-02,,0.0,0.0,0.0,
COMP_1170,2025-03,,0.0,0.0,0.0,
COMP_1170,2025-04,,0.0,0.0,1.0,
COMP_1170,2025-05,,0.0,0.0,1.0,
COMP_1170,2025-06,,0.0,0.0,0.0,
COMP_1170,2025-07,,0.0,0.0,0.0,
COMP_1170,2025-08,0.0,0.0,0.0,0.0,0.0
COMP_1170,2025-09,0.0,0.0,0.0,1.0,0.0
COMP_1170,2025-10,0.0,0.0,0.0,1.0,0.0
COMP_1170,2025-11,0.0,0.0,0.0,1.0,0.0
COMP_1170,2025-12,0.0,0.0,0.0,1.0,0.0
COMP_1170,2026-01,0.0,0.0,0.0,1.0,0.0
COMP_1170,2026-02,0.0,0.0,0.0,1.0,0.0
COMP_1170,2026-03,0.0,0.0,0.0,1.0,0.0
COMP_1170,2026-04,0.0,0.0,0.0,1.0,0.0
COMP_1170,2026-05,0.0,0.0,0.0,1.0,0.0
COMP_1170,2026-06,0.0,1.0,0.0,1.0,0.0
COMP_1170,2026-07,0.0,0.0,0.0,1.0,0.0
COMP_1170,2026-08,0.0,0.0,0.0,1.0,0.0
COMP_1171,2025-02,,1.0,0.0,0.0,
COMP_1171,2025-03,,1.0,0.0,0.0,
COMP_1171,2025-04,,1.0,0.0,0.0,
COMP_1171,2025-05,,0.0,0.0,0.0,
COMP_1171,2025-06,,0.0,0.0,0.0,
COMP_1171,2025-07,,0.0,0.0,0.0,
COMP_1171,2025-08,,0.0,0.0,0.0,0.0
COMP_1171,2025-09,,0.0,0.0,1.0,0.0
COMP_1171,2025-10,,0.0,0.0,1.0,0.0
COMP_1171,2025-11,,0.0,0.0,1.0,0.0
COMP_1171,2025-12,0.0,0.0,0.0,1.0,0.0
COMP_1171,2026-01,1.0,0.0,0.0,1.0,0.0
COMP_1171,2026-02,1.0,0.0,0.0,1.0,0.0
COMP_1171,2026-03,0.0,0.0,0.0,1.0,0.0
COMP_1171,2026-04,0.0,0.0,0.0,1.0,1.0
COMP_1171,2026-05,1.0,0.0,0.0,1.0,0.0
COMP_1171,2026-06,,0.0,1.0,1.0,1.0
COMP_1171,2026-07,,0.0,0.0,0.0,1.0
COMP_1171,2026-08,,0.0,0.0,0.0,1.0
COMP_1172,2025-12,,0.0,0.0,1.0,
COMP_1172,2026-01,,0.0,0.0,1.0,
COMP_1172,2026-02,,0.0,0.0,0.0,
COMP_1172,2026-03,,0.0,0.0,0.0,
COMP_1172,2026-04,,0.0,0.0,0.0,
COMP_1172,2026-05,,0.0,0.0,1.0,
COMP_1172,2026-06,0.0,0.0,0.0,1.0,0.0
COMP_1172,2026-07,0.0,0.0,0.0,1.0,0.0
COMP_1172,2026-08,0.0,0.0,0.0,0.0,0.0
COMP_1173,2025-02,,0.0,0.0,0.0,
COMP_1173,2025-03,,0.0,0.0,0.0,
COMP_1173,2025-04,,0.0,0.0,0.0,
COMP_1173,2025-05,,0.0,0.0,0.0,
COMP_1173,2025-06,,0.0,0.0,0.0,
COMP_1173,2025-07,,0.0,0.0,1.0,
COMP_1173,2025-08,0.0,0.0,0.0,0.0,0.0
COMP_1173,2025-09,0.0,0.0,0.0,0.0,0.0
COMP_1173,2025-10,1.0,0.0,0.0,1.0,0.0
COMP_1173,2025-11,1.0,0.0,0.0,0.0,0.0
COMP_1173,2025-12,,0.0,0.0,0.0,0.0
COMP_1173,2026-01,,0.0,0.0,0.0,0.0
COMP_1173,2026-02,,0.0,0.0,0.0,0.0
COMP_1173,2026-03,,0.0,0.0,1.0,0.0
COMP_1173,2026-04,,0.0,0.0,0.0,0.0
COMP_1173,2026-05,,0.0,0.0,0.0,0.0
COMP_1173,2026-06,0.0,0.0,0.0,0.0,0.0
COMP_1173,2026-07,0.0,0.0,0.0,0.0,0.0
COMP_1173,2026-08,0.0,0.0,0.0,0.0,0.0
COMP_1174,2025-07,,0.0,0.0,1.0,
COMP_1174,2025-08,,0.0,0.0,1.0,
COMP_1174,2025-09,,0.0,0.0,1.0,
COMP_1174,2025-10,,0.0,0.0,1.0,
COMP_1174,2025-11,,0.0,0.0,0.0,
COMP_1174,2025-12,,0.0,0.0,0.0,
COMP_1174,2026-01,0.0,0.0,0.0,0.0,0.0
COMP_1174,2026-02,0.0,0.0,0.0,1.0,0.0
COMP_1174,2026-03,0.0,0.0,0.0,1.0,0.0
COMP_1174,2026-04,0.0,0.0,0.0,1.0,0.0
COMP_1174,2026-05,0.0,1.0,0.0,1.0,0.0
COMP_1174,2026-06,1.0,1.0,0.0,1.0,0.0
COMP_1174,2026-07,1.0,1.0,0.0,1.0,0.0
COMP_1174,2026-08,1.0,1.0,0.0,1.0,0.0
COMP_1175,2026-06,,0.0,0.0,0.0,
COMP_1175,2026-07,,0.0,0.0,0.0,
COMP_1175,2026-08,,0.0,0.0,0.0,
COMP_1176,2026-04,,0.0,0.0,1.0,
COMP_1176,2026-05,,0.0,0.0,1.0,
COMP_1176,2026-06,,0.0,0.0,1.0,
COMP_1176,2026-07,,0.0,0.0,1.0,
COMP_1176,2026-08,,1.0,0.0,1.0,
COMP_1177,2025-02,,1.0,1.0,0.0,
COMP_1177,2025-03,,1.0,1.0,0.0,
COMP_1177,2025-04,,1.0,1.0,0.0,
COMP_1177,2025-05,,1.0,1.0,0.0,
COMP_1177,2025-06,,1.0,1.0,0.0,
COMP_1177,2025-07,,1.0,1.0,0.0,
COMP_1177,2025-08,1.0,1.0,1.0,1.0,0.0
COMP_1177,2025-09,0.0,1.0,1.0,0.0,0.0
COMP_1177,2025-10,0.0,1.0,1.0,0.0,0.0
COMP_1177,2025-11,0.0,1.0,1.0,0.0,0.0
COMP_1177,2025-12,0.0,1.0,1.0,0.0,0.0
COMP_1177,2026-01,0.0,1.0,1.0,0.0,0.0
COMP_1177,2026-02,1.0,1.0,1.0,0.0,0.0
COMP_1177,2026-03,0.0,1.0,1.0,0.0,0.0
COMP_1177,2026-04,0.0,1.0,1.0,0.0,0.0
COMP_1177,2026-05,0.0,1.0,1.0,0.0,0.0
COMP_1177,2026-06,0.0,1.0,1.0,0.0,0.0
COMP_1177,2026-07,0.0,1.0,1.0,0.0,0.0
COMP_1177,2026-08,1.0,1.0,1.0,1.0,0.0
COMP_1178,2025-02,,,0.0,0.0,
COMP_1178,2025-03,,,0.0,0.0,
COMP_1178,2025-04,,,0.0,0.0,
COMP_1178,2025-05,,,0.0,0.0,
COMP_1178,2025-06,,,0.0,0.0,
COMP_1178,2025-07,,,0.0,0.0,
COMP_1178,2025-08,0.0,,0.0,0.0,0.0
COMP_1178,2025-09,0.0,,0.0,0.0,0.0
COMP_1178,2025-10,1.0,,0.0,1.0,0.0
COMP_1178,2025-11,0.0,,0.0,1.0,0.0
COMP_1178,2025-12,1.0,,0.0,1.0,0.0
COMP_1178,2026-01,0.0,,0.0,1.0,0.0
COMP_1178,2026-02,0.0,,0.0,1.0,0.0
COMP_1178,2026-03,0.0,,0.0,1.0,0.0
COMP_1178,2026-04,0.0,,0.0,1.0,0.0
COMP_1178,2026-05,0.0,,1.0,1.0,0.0
COMP_1178,2026-06,0.0,,0.0,1.0,0.0
COMP_1178,2026-07,0.0,,0.0,1.0,0.0
COMP_1178,2026-08,0.0,,0.0,1.0,0.0
COMP_1179,2026-06,,,0.0,0.0,
COMP_1179,2026-07,,,0.0,0.0,
COMP_1179,2026-08,,,0.0,0.0,
COMP_1180,2025-06,,,0.0,0.0,
COMP_1180,2025-07,,,0.0,0.0,
COMP_1180,2025-08,,,0.0,0.0,
COMP_1180,2025-09,,,0.0,0.0,
COMP_1180,2025-10,,,0.0,0.0,
COMP_1180,2025-11,,,0.0,0.0,
COMP_1180,2025-12,0.0,,0.0,0.0,0.0
COMP_1180,2026-01,0.0,,0.0,0.0,0.0
COMP_1180,2026-02,0.0,,0.0,1.0,0.0
COMP_1180,2026-03,0.0,,0.0,1.0,0.0
COMP_1180,2026-04,0.0,,0.0,1.0,0.0
COMP_1180,2026-05,0.0,,0.0,1.0,0.0
COMP_1180,2026-06,0.0,,0.0,0.0,0.0
COMP_1180,2026-07,0.0,,0.0,1.0,0.0
COMP_1180,2026-08,0.0,,0.0,0.0,0.0
COMP_1181,2026-03,,,0.0,0.0,
COMP_1181,2026-04,,,0.0,0.0,
COMP_1181,2026-05,,,0.0,0.0,
COMP_1181,2026-06,,,0.0,0.0,
COMP_1181,2026-07,,,0.0,0.0,
COMP_1181,2026-08,,,0.0,0.0,
COMP_1182,2025-02,,0.0,0.0,0.0,
COMP_1182,2025-03,,0.0,0.0,0.0,
COMP_1182,2025-04,,0.0,0.0,0.0,
COMP_1182,2025-05,,0.0,0.0,0.0,
COMP_1182,2025-06,,0.0,0.0,0.0,
COMP_1182,2025-07,,0.0,0.0,0.0,
COMP_1182,2025-08,0.0,0.0,0.0,0.0,0.0
COMP_1182,2025-09,0.0,1.0,0.0,0.0,0.0
COMP_1182,2025-10,0.0,1.0,0.0,0.0,0.0
COMP_1182,2025-11,0.0,1.0,0.0,0.0,0.0
COMP_1182,2025-12,0.0,0.0,0.0,0.0,0.0
COMP_1182,2026-01,0.0,0.0,0.0,0.0,0.0
COMP_1182,2026-02,0.0,0.0,0.0,0.0,0.0
COMP_1182,2026-03,0.0,1.0,0.0,0.0,0.0
COMP_1182,2026-04,0.0,1.0,0.0,0.0,0.0
COMP_1182,2026-05,0.0,1.0,0.0,0.0,0.0
COMP_1182,2026-06,0.0,1.0,0.0,0.0,0.0
COMP_1182,2026-07,0.0,1.0,0.0,0.0,0.0
COMP_1182,2026-08,0.0,1.0,0.0,0.0,0.0
COMP_1183,2025-06,,0.0,0.0,0.0,
COMP_1183,2025-07,,0.0,0.0,0.0,
COMP_1183,2025-08,,0.0,0.0,0.0,
COMP_1183,2025-09,,0.0,0.0,0.0,
COMP_1183,2025-10,,0.0,0.0,0.0,
COMP_1183,2025-11,,0.0,0.0,0.0,
COMP_1183,2025-12,,0.0,0.0,0.0,0.0
COMP_1183,2026-01,,0.0,0.0,0.0,0.0
COMP_1183,2026-02,,1.0,0.0,0.0,0.0
COMP_1183,2026-03,,1.0,0.0,0.0,0.0
COMP_1183,2026-04,,0.0,0.0,0.0,0.0
COMP_1183,2026-05,,0.0,0.0,0.0,0.0
COMP_1183,2026-06,,0.0,0.0,0.0,0.0
COMP_1183,2026-07,,0.0,0.0,0.0,
COMP_1183,2026-08,,0.0,0.0,0.0,
COMP_1184,2025-11,,0.0,0.0,0.0,
COMP_1184,2025-12,,0.0,0.0,0.0,
COMP_1184,2026-01,,0.0,0.0,0.0,
COMP_1184,2026-02,,0.0,0.0,0.0,
COMP_1184,2026-03,,0.0,0.0,0.0,
COMP_1184,2026-04,,0.0,0.0,1.0,
COMP_1184,2026-05,,0.0,0.0,1.0,0.0
COMP_1184,2026-06,1.0,0.0,0.0,1.0,0.0
COMP_1184,2026-07,,0.0,0.0,1.0,0.0
COMP_1184,2026-08,,0.0,0.0,0.0,0.0
COMP_1185,2025-02,,0.0,0.0,0.0,
COMP_1185,2025-03,,0.0,0.0,0.0,
COMP_1185,2025-04,,0.0,0.0,0.0,
COMP_1185,2025-05,,0.0,0.0,0.0,
COMP_1185,2025-06,,0.0,0.0,0.0,
COMP_1185,2025-07,,0.0,0.0,0.0,
COMP_1185,2025-08,0.0,0.0,0.0,0.0,0.0
COMP_1185,2025-09,0.0,0.0,0.0,1.0,0.0
COMP_1185,2025-10,0.0,0.0,0.0,1.0,0.0
COMP_1185,2025-11,0.0,0.0,0.0,1.0,0.0
COMP_1185,2025-12,0.0,0.0,0.0,1.0,0.0
COMP_1185,2026-01,0.0,0.0,0.0,1.0,0.0
COMP_1185,2026-02,0.0,0.0,0.0,1.0,0.0
COMP_1185,2026-03,0.0,0.0,0.0,1.0,0.0
COMP_1185,2026-04,0.0,0.0,0.0,1.0,0.0
COMP_1185,2026-05,0.0,0.0,0.0,1.0,0.0
COMP_1185,2026-06,0.0,0.0,0.0,1.0,0.0
COMP_1185,2026-07,0.0,0.0,0.0,1.0,0.0
COMP_1185,2026-08,0.0,0.0,0.0,1.0,0.0
COMP_1186,2025-12,,,0.0,1.0,
COMP_1186,2026-01,,,0.0,1.0,
COMP_1186,2026-02,,,0.0,0.0,
COMP_1186,2026-03,,,0.0,0.0,
COMP_1186,2026-04,,,0.0,0.0,
COMP_1186,2026-05,,,0.0,0.0,
COMP_1186,2026-06,,,0.0,0.0,0.0
COMP_1186,2026-07,,,0.0,0.0,0.0
COMP_1186,2026-08,,,0.0,0.0,0.0
COMP_1187,2026-03,,,0.0,1.0,
COMP_1187,2026-04,,,0.0,0.0,
COMP_1187,2026-05,,,0.0,1.0,
COMP_1187,2026-06,,,0.0,1.0,
COMP_1187,2026-07,,,0.0,1.0,
COMP_1187,2026-08,,,0.0,1.0,
COMP_1188,2025-02,,0.0,0.0,1.0,
COMP_1188,2025-03,,0.0,1.0,1.0,
COMP_1188,2025-04,,0.0,0.0,1.0,
COMP_1188,2025-05,,0.0,0.0,0.0,
COMP_1188,2025-06,,0.0,0.0,1.0,
COMP_1188,2025-07,,0.0,0.0,0.0,
COMP_1188,2025-08,0.0,0.0,0.0,1.0,0.0
COMP_1188,2025-09,0.0,0.0,0.0,0.0,0.0
COMP_1188,2025-10,0.0,0.0,0.0,0.0,0.0
COMP_1188,2025-11,0.0,0.0,0.0,0.0,0.0
COMP_1188,2025-12,0.0,0.0,0.0,0.0,0.0
COMP_1188,2026-01,0.0,0.0,0.0,1.0,0.0
COMP_1188,2026-02,0.0,0.0,0.0,1.0,0.0
COMP_1188,2026-03,1.0,0.0,0.0,1.0,1.0
COMP_1188,2026-04,1.0,0.0,0.0,0.0,0.0
COMP_1188,2026-05,0.0,1.0,0.0,0.0,0.0
COMP_1188,2026-06,0.0,0.0,1.0,1.0,0.0
COMP_1188,2026-07,0.0,0.0,1.0,1.0,1.0
COMP_1188,2026-08,1.0,0.0,0.0,1.0,0.0
COMP_1189,2025-02,,,0.0,0.0,
COMP_1189,2025-03,,,0.0,0.0,
COMP_1189,2025-04,,,0.0,0.0,
COMP_1189,2025-05,,,0.0,0.0,
COMP_1189,2025-06,,,0.0,0.0,
COMP_1189,2025-07,,,0.0,1.0,
COMP_1189,2025-08,1.0,,0.0,0.0,0.0
COMP_1189,2025-09,1.0,,0.0,0.0,0.0
COMP_1189,2025-10,,,0.0,0.0,0.0
COMP_1189,2025-11,,,0.0,0.0,0.0
COMP_1189,2025-12,,,0.0,0.0,0.0
COMP_1189,2026-01,,,0.0,0.0,0.0
COMP_1189,2026-02,,,0.0,0.0,0.0
COMP_1189,2026-03,,,0.0,0.0,0.0
COMP_1189,2026-04,,,0.0,0.0,0.0
COMP_1189,2026-05,,,0.0,0.0,0.0
COMP_1189,2026-06,,,0.0,0.0,0.0
COMP_1189,2026-07,,,0.0,0.0,1.0
COMP_1189,2026-08,,,0.0,0.0,0.0
COMP_1190,2026-06,,0.0,0.0,1.0,
COMP_1190,2026-07,,0.0,0.0,1.0,
COMP_1190,2026-08,,0.0,0.0,1.0,
COMP_1191,2025-03,,0.0,1.0,1.0,
COMP_1191,2025-04,,0.0,1.0,0.0,
COMP_1191,2025-05,,0.0,1.0,0.0,
COMP_1191,2025-06,,0.0,1.0,0.0,
COMP_1191,2025-07,,0.0,1.0,1.0,
COMP_1191,2025-08,,0.0,1.0,1.0,
COMP_1191,2025-09,,0.0,1.0,0.0,0.0
COMP_1191,2025-10,,0.0,1.0,0.0,0.0
COMP_1191,2025-11,,0.0,1.0,0.0,0.0
COMP_1191,2025-12,0.0,0.0,1.0,0.0,0.0
COMP_1191,2026-01,0.0,1.0,1.0,0.0,0.0
COMP_1191,2026-02,0.0,1.0,0.0,0.0,0.0
COMP_1191,2026-03,0.0,0.0,0.0,1.0,0.0
COMP_1191,2026-04,0.0,0.0,0.0,1.0,1.0
COMP_1191,2026-05,0.0,1.0,0.0,1.0,1.0
COMP_1191,2026-06,0.0,1.0,0.0,1.0,1.0
COMP_1191,2026-07,1.0,1.0,0.0,1.0,0.0
COMP_1191,2026-08,1.0,0.0,0.0,0.0,0.0
COMP_1192,2025-05,,0.0,,,
COMP_1192,2025-06,,0.0,,,
COMP_1192,2025-07,,0.0,,,
COMP_1192,2025-08,,0.0,,,
COMP_1192,2025-09,,0.0,,,
COMP_1192,2025-10,,0.0,,,
COMP_1192,2025-11,,0.0,,,0.0
COMP_1192,2025-12,1.0,0.0,,,0.0
COMP_1192,2026-01,0.0,0.0,,,0.0
COMP_1192,2026-02,1.0,0.0,,,0.0
COMP_1192,2026-03,,0.0,,,0.0
COMP_1192,2026-04,,0.0,,,0.0
COMP_1192,2026-05,,0.0,,,0.0
COMP_1192,2026-06,,0.0,,,0.0
COMP_1192,2026-07,,0.0,,,0.0
COMP_1192,2026-08,,0.0,,,0.0
COMP_1193,2025-06,,0.0,0.0,0.0,
COMP_1193,2025-07,,0.0,0.0,0.0,
COMP_1193,2025-08,,0.0,0.0,0.0,
COMP_1193,2025-09,,0.0,0.0,0.0,
COMP_1193,2025-10,,0.0,0.0,0.0,
COMP_1193,2025-11,,0.0,0.0,0.0,
COMP_1193,2025-12,,0.0,0.0,0.0,0.0
COMP_1193,2026-01,,0.0,0.0,0.0,0.0
COMP_1193,2026-02,,0.0,0.0,0.0,0.0
COMP_1193,2026-03,,0.0,0.0,0.0,0.0
COMP_1193,2026-04,0.0,0.0,0.0,0.0,0.0
COMP_1193,2026-05,0.0,0.0,0.0,0.0,0.0
COMP_1193,2026-06,0.0,0.0,0.0,0.0,0.0
COMP_1193,2026-07,0.0,0.0,0.0,0.0,0.0
COMP_1193,2026-08,0.0,0.0,0.0,0.0,0.0
COMP_1194,2026-02,,0.0,1.0,0.0,
COMP_1194,2026-03,,0.0,1.0,0.0,
COMP_1194,2026-04,,0.0,1.0,0.0,
COMP_1194,2026-05,,0.0,1.0,0.0,
COMP_1194,2026-06,,0.0,1.0,1.0,
COMP_1194,2026-07,,0.0,1.0,1.0,
COMP_1194,2026-08,,0.0,1.0,1.0,
COMP_1195,2026-04,,1.0,0.0,0.0,
COMP_1195,2026-05,,1.0,0.0,0.0,
COMP_1195,2026-06,,1.0,0.0,0.0,
COMP_1195,2026-07,,1.0,0.0,0.0,
COMP_1195,2026-08,,1.0,0.0,0.0,
COMP_1196,2025-06,,0.0,0.0,0.0,
COMP_1196,2025-07,,0.0,0.0,0.0,
COMP_1196,2025-08,,0.0,0.0,0.0,
COMP_1196,2025-09,,0.0,0.0,0.0,
COMP_1196,2025-10,,0.0,0.0,0.0,
COMP_1196,2025-11,,0.0,0.0,0.0,
COMP_1196,2025-12,0.0,0.0,0.0,0.0,0.0
COMP_1196,2026-01,0.0,0.0,0.0,0.0,0.0
COMP_1196,2026-02,0.0,0.0,0.0,0.0,0.0
COMP_1196,2026-03,0.0,0.0,0.0,0.0,0.0
COMP_1196,2026-04,0.0,0.0,0.0,0.0,0.0
COMP_1196,2026-05,0.0,0.0,0.0,0.0,0.0
COMP_1196,2026-06,0.0,0.0,0.0,0.0,0.0
COMP_1196,2026-07,0.0,0.0,0.0,0.0,0.0
COMP_1196,2026-08,0.0,0.0,0.0,0.0,0.0
COMP_1197,2025-07,,0.0,0.0,0.0,
COMP_1197,2025-08,,0.0,0.0,0.0,
COMP_1197,2025-09,,0.0,0.0,0.0,
COMP_1197,2025-10,,0.0,0.0,0.0,
COMP_1197,2025-11,,0.0,0.0,0.0,
COMP_1197,2025-12,,0.0,0.0,1.0,
COMP_1197,2026-01,0.0,0.0,0.0,1.0,0.0
COMP_1197,2026-02,0.0,0.0,0.0,0.0,0.0
COMP_1197,2026-03,0.0,0.0,0.0,1.0,0.0
COMP_1197,2026-04,0.0,0.0,0.0,0.0,0.0
COMP_1197,2026-05,1.0,0.0,0.0,0.0,0.0
COMP_1197,2026-06,0.0,0.0,0.0,0.0,0.0
COMP_1197,2026-07,0.0,0.0,0.0,0.0,0.0
COMP_1197,2026-08,0.0,0.0,0.0,0.0,0.0
COMP_1198,2025-02,,0.0,0.0,0.0,
COMP_1198,2025-03,,0.0,0.0,0.0,
COMP_1198,2025-04,,0.0,0.0,1.0,
COMP_1198,2025-05,,0.0,0.0,1.0,
COMP_1198,2025-06,,0.0,0.0,1.0,
COMP_1198,2025-07,,0.0,0.0,1.0,
COMP_1198,2025-08,0.0,0.0,0.0,1.0,0.0
COMP_1198,2025-09,0.0,0.0,0.0,1.0,0.0
COMP_1198,2025-10,0.0,0.0,0.0,0.0,0.0
COMP_1198,2025-11,0.0,0.0,0.0,0.0,0.0
COMP_1198,2025-12,0.0,1.0,0.0,0.0,0.0
COMP_1198,2026-01,0.0,1.0,0.0,0.0,0.0
COMP_1198,2026-02,0.0,1.0,0.0,0.0,0.0
COMP_1198,2026-03,0.0,0.0,0.0,0.0,0.0
COMP_1198,2026-04,0.0,0.0,0.0,1.0,0.0
COMP_1198,2026-05,0.0,0.0,0.0,0.0,0.0
COMP_1198,2026-06,0.0,0.0,0.0,0.0,0.0
COMP_1198,2026-07,0.0,0.0,0.0,0.0,0.0
COMP_1198,2026-08,0.0,0.0,0.0,0.0,0.0
COMP_1199,2025-02,,0.0,0.0,1.0,
COMP_1199,2025-03,,0.0,0.0,1.0,
COMP_1199,2025-04,,0.0,0.0,1.0,
COMP_1199,2025-05,,0.0,0.0,1.0,
COMP_1199,2025-06,,0.0,0.0,1.0,
COMP_1199,2025-07,,0.0,0.0,1.0,
COMP_1199,2025-08,,0.0,0.0,1.0,0.0
COMP_1199,2025-09,,0.0,0.0,1.0,0.0
COMP_1199,2025-10,0.0,0.0,0.0,1.0,0.0
COMP_1199,2025-11,1.0,0.0,0.0,1.0,1.0
COMP_1199,2025-12,,0.0,0.0,1.0,1.0
COMP_1199,2026-01,,0.0,0.0,1.0,0.0
COMP_1199,2026-02,,0.0,0.0,1.0,0.0
COMP_1199,2026-03,,0.0,0.0,1.0,0.0
COMP_1199,2026-04,,0.0,0.0,1.0,0.0
COMP_1199,2026-05,,0.0,0.0,1.0,0.0
COMP_1199,2026-06,0.0,0.0,0.0,1.0,0.0
COMP_1199,2026-07,0.0,0.0,0.0,1.0,0.0
COMP_1199,2026-08,0.0,0.0,0.0,1.0,0.0
COMP_1200,2026-07,,,0.0,0.0,
COMP_1200,2026-08,,,0.0,1.0,
COMP_1201,2025-11,,,0.0,0.0,
COMP_1201,2025-12,,,0.0,0.0,
COMP_1201,2026-01,,,0.0,0.0,
COMP_1201,2026-02,,,0.0,0.0,
COMP_1201,2026-03,,,0.0,0.0,
COMP_1201,2026-04,,,0.0,0.0,
COMP_1201,2026-05,,,0.0,0.0,0.0
COMP_1201,2026-06,,,0.0,0.0,0.0
COMP_1201,2026-07,,,0.0,0.0,0.0
COMP_1201,2026-08,,,0.0,0.0,0.0
COMP_1202,2025-02,,,0.0,1.0,
COMP_1202,2025-03,,,0.0,1.0,
COMP_1202,2025-04,,,0.0,1.0,
COMP_1202,2025-05,,,0.0,1.0,
COMP_1202,2025-06,,,0.0,0.0,
COMP_1202,2025-07,,,0.0,0.0,
COMP_1202,2025-08,0.0,,0.0,0.0,0.0
COMP_1202,2025-09,0.0,,0.0,1.0,0.0
COMP_1202,2025-10,0.0,,0.0,1.0,0.0
COMP_1202,2025-11,0.0,,0.0,1.0,0.0
COMP_1202,2025-12,1.0,,0.0,1.0,0.0
COMP_1202,2026-01,0.0,,0.0,1.0,0.0
COMP_1202,2026-02,0.0,,0.0,1.0,0.0
COMP_1202,2026-03,1.0,,0.0,1.0,0.0
COMP_1202,2026-04,0.0,,0.0,1.0,0.0
COMP_1202,2026-05,0.0,,0.0,1.0,0.0
COMP_1202,2026-06,0.0,,0.0,1.0,0.0
COMP_1202,2026-07,0.0,,0.0,1.0,0.0
COMP_1202,2026-08,1.0,,0.0,1.0,0.0
COMP_1203,2026-06,,,1.0,1.0,
COMP_1203,2026-07,,,1.0,1.0,
COMP_1203,2026-08,,,1.0,1.0,
COMP_1204,2026-05,,0.0,0.0,0.0,
COMP_1204,2026-06,,0.0,0.0,0.0,
COMP_1204,2026-07,,0.0,0.0,0.0,
COMP_1204,2026-08,,0.0,0.0,0.0,
COMP_1205,2026-07,,,0.0,1.0,
COMP_1205,2026-08,,,1.0,1.0,
COMP_1206,2025-07,,1.0,0.0,1.0,
COMP_1206,2025-08,,1.0,0.0,0.0,
COMP_1206,2025-09,,1.0,0.0,0.0,
COMP_1206,2025-10,,1.0,0.0,0.0,
COMP_1206,2025-11,,0.0,0.0,1.0,
COMP_1206,2025-12,,0.0,0.0,1.0,
COMP_1206,2026-01,1.0,1.0,0.0,1.0,0.0
COMP_1206,2026-02,,1.0,0.0,0.0,0.0
COMP_1206,2026-03,,1.0,0.0,0.0,0.0
COMP_1206,2026-04,,1.0,0.0,0.0,0.0
COMP_1206,2026-05,,1.0,0.0,0.0,0.0
COMP_1206,2026-06,,1.0,0.0,0.0,0.0
COMP_1206,2026-07,,1.0,0.0,0.0,0.0
COMP_1206,2026-08,,1.0,0.0,0.0,0.0
COMP_1207,2025-02,,0.0,0.0,0.0,
COMP_1207,2025-03,,0.0,0.0,1.0,
COMP_1207,2025-04,,0.0,0.0,1.0,
COMP_1207,2025-05,,0.0,0.0,1.0,
COMP_1207,2025-06,,0.0,0.0,0.0,
COMP_1207,2025-07,,0.0,0.0,0.0,
COMP_1207,2025-08,0.0,0.0,0.0,0.0,0.0
COMP_1207,2025-09,0.0,0.0,0.0,0.0,0.0
COMP_1207,2025-10,0.0,0.0,0.0,0.0,0.0
COMP_1207,2025-11,0.0,0.0,1.0,1.0,0.0
COMP_1207,2025-12,0.0,0.0,0.0,1.0,0.0
COMP_1207,2026-01,0.0,0.0,0.0,1.0,0.0
COMP_1207,2026-02,0.0,0.0,0.0,0.0,0.0
COMP_1207,2026-03,0.0,0.0,0.0,0.0,0.0
COMP_1207,2026-04,0.0,0.0,0.0,0.0,0.0
COMP_1207,2026-05,0.0,0.0,0.0,1.0,0.0
COMP_1207,2026-06,0.0,0.0,1.0,1.0,0.0
COMP_1207,2026-07,0.0,0.0,1.0,1.0,0.0
COMP_1207,2026-08,0.0,0.0,1.0,1.0,0.0
COMP_1208,2026-07,,1.0,0.0,1.0,
COMP_1208,2026-08,,0.0,0.0,1.0,
COMP_1209,2025-03,,1.0,0.0,1.0,
COMP_1209,2025-04,,1.0,0.0,1.0,
COMP_1209,2025-05,,1.0,0.0,0.0,
COMP_1209,2025-06,,1.0,0.0,1.0,
COMP_1209,2025-07,,1.0,0.0,1.0,
COMP_1209,2025-08,,1.0,0.0,1.0,
COMP_1209,2025-09,0.0,1.0,0.0,1.0,0.0
COMP_1209,2025-10,0.0,1.0,0.0,0.0,0.0
COMP_1209,2025-11,0.0,1.0,0.0,1.0,0.0
COMP_1209,2025-12,0.0,1.0,0.0,1.0,0.0
COMP_1209,2026-01,0.0,1.0,0.0,1.0,0.0
COMP_1209,2026-02,0.0,1.0,0.0,1.0,0.0
COMP_1209,2026-03,0.0,1.0,0.0,1.0,0.0
COMP_1209,2026-04,0.0,1.0,0.0,1.0,0.0
COMP_1209,2026-05,0.0,1.0,0.0,1.0,0.0
COMP_1209,2026-06,1.0,1.0,0.0,1.0,0.0
COMP_1209,2026-07,1.0,1.0,0.0,1.0,0.0
COMP_1209,2026-08,0.0,1.0,0.0,1.0,0.0
COMP_1210,2025-02,,0.0,0.0,0.0,
COMP_1210,2025-03,,0.0,0.0,0.0,
COMP_1210,2025-04,,0.0,0.0,0.0,
COMP_1210,2025-05,,0.0,0.0,0.0,
COMP_1210,2025-06,,0.0,0.0,0.0,
COMP_1210,2025-07,,0.0,0.0,0.0,
COMP_1210,2025-08,,0.0,0.0,0.0,0.0
COMP_1210,2025-09,,0.0,0.0,0.0,0.0
COMP_1210,2025-10,,0.0,0.0,0.0,0.0
COMP_1210,2025-11,,1.0,0.0,0.0,0.0
COMP_1210,2025-12,,1.0,0.0,0.0,0.0
COMP_1210,2026-01,,0.0,0.0,0.0,0.0
COMP_1210,2026-02,,0.0,0.0,0.0,0.0
COMP_1210,2026-03,,0.0,0.0,0.0,0.0
COMP_1210,2026-04,,0.0,0.0,0.0,0.0
COMP_1210,2026-05,,0.0,0.0,0.0,0.0
COMP_1210,2026-06,,0.0,0.0,0.0,0.0
COMP_1210,2026-07,,0.0,0.0,0.0,0.0
COMP_1210,2026-08,,0.0,0.0,0.0,0.0
COMP_1211,2025-06,,,0.0,0.0,
COMP_1211,2025-07,,,0.0,0.0,
COMP_1211,2025-08,,,0.0,0.0,
COMP_1211,2025-09,,,0.0,0.0,
COMP_1211,2025-10,,,0.0,0.0,
COMP_1211,2025-11,,,0.0,0.0,
COMP_1211,2025-12,1.0,,0.0,0.0,0.0
COMP_1211,2026-01,,,0.0,0.0,0.0
COMP_1211,2026-02,,,0.0,0.0,0.0
COMP_1211,2026-03,,,0.0,0.0,0.0
COMP_1211,2026-04,,,0.0,0.0,0.0
COMP_1211,2026-05,,,0.0,0.0,0.0
COMP_1211,2026-06,0.0,,0.0,0.0,0.0
COMP_1211,2026-07,0.0,,0.0,0.0,0.0
COMP_1211,2026-08,0.0,,0.0,0.0,0.0
COMP_1212,2025-02,,0.0,0.0,0.0,
COMP_1212,2025-03,,1.0,0.0,1.0,
COMP_1212,2025-04,,1.0,0.0,1.0,
COMP_1212,2025-05,,1.0,0.0,0.0,
COMP_1212,2025-06,,0.0,0.0,0.0,
COMP_1212,2025-07,,0.0,0.0,1.0,
COMP_1212,2025-08,0.0,0.0,0.0,0.0,0.0
COMP_1212,2025-09,0.0,0.0,0.0,0.0,0.0
COMP_1212,2025-10,0.0,0.0,0.0,1.0,0.0
COMP_1212,2025-11,0.0,0.0,0.0,1.0,0.0
COMP_1212,2025-12,0.0,0.0,0.0,1.0,0.0
COMP_1212,2026-01,0.0,0.0,0.0,0.0,0.0
COMP_1212,2026-02,0.0,0.0,0.0,1.0,0.0
COMP_1212,2026-03,0.0,1.0,0.0,0.0,0.0
COMP_1212,2026-04,0.0,1.0,0.0,0.0,0.0
COMP_1212,2026-05,0.0,1.0,0.0,0.0,0.0
COMP_1212,2026-06,0.0,1.0,0.0,0.0,0.0
COMP_1212,2026-07,0.0,0.0,0.0,0.0,0.0
COMP_1212,2026-08,0.0,0.0,0.0,0.0,0.0
COMP_1213,2025-02,,,1.0,0.0,
COMP_1213,2025-03,,,1.0,0.0,
COMP_1213,2025-04,,,1.0,0.0,
COMP_1213,2025-05,,,1.0,0.0,
COMP_1213,2025-06,,,1.0,0.0,
COMP_1213,2025-07,,,0.0,1.0,
COMP_1213,2025-08,0.0,,0.0,0.0,0.0
COMP_1213,2025-09,1.0,,0.0,1.0,0.0
COMP_1213,2025-10,0.0,,0.0,0.0,0.0
COMP_1213,2025-11,0.0,,0.0,0.0,0.0
COMP_1213,2025-12,0.0,,0.0,0.0,0.0
COMP_1213,2026-01,1.0,,0.0,0.0,0.0
COMP_1213,2026-02,0.0,,0.0,0.0,0.0
COMP_1213,2026-03,0.0,,0.0,0.0,0.0
COMP_1213,2026-04,0.0,,0.0,0.0,0.0
COMP_1213,2026-05,0.0,,0.0,1.0,0.0
COMP_1213,2026-06,0.0,,0.0,0.0,0.0
COMP_1213,2026-07,0.0,,0.0,0.0,0.0
COMP_1213,2026-08,0.0,,0.0,0.0,0.0
COMP_1214,2026-05,,0.0,0.0,0.0,
COMP_1214,2026-06,,0.0,0.0,0.0,
COMP_1214,2026-07,,0.0,0.0,1.0,
COMP_1214,2026-08,,0.0,0.0,1.0,
COMP_1215,2026-02,,,0.0,0.0,
COMP_1215,2026-03,,,0.0,0.0,
COMP_1215,2026-04,,,0.0,0.0,
COMP_1215,2026-05,,,0.0,0.0,
COMP_1215,2026-06,,,0.0,0.0,
COMP_1215,2026-07,,,0.0,1.0,
COMP_1215,2026-08,0.0,,0.0,1.0,0.0
COMP_1216,2025-12,,,0.0,1.0,
COMP_1216,2026-01,,,0.0,0.0,
COMP_1216,2026-02,,,0.0,1.0,
COMP_1216,2026-03,,,0.0,0.0,
COMP_1216,2026-04,,,0.0,0.0,
COMP_1216,2026-05,,,0.0,0.0,
COMP_1216,2026-06,0.0,,0.0,0.0,0.0
COMP_1216,2026-07,0.0,,0.0,0.0,0.0
COMP_1216,2026-08,0.0,,0.0,0.0,0.0
COMP_1217,2026-05,,0.0,0.0,0.0,
COMP_1217,2026-06,,0.0,0.0,1.0,
COMP_1217,2026-07,,0.0,0.0,1.0,
COMP_1217,2026-08,,0.0,0.0,1.0,
COMP_1218,2026-05,,0.0,0.0,0.0,
COMP_1218,2026-06,,0.0,0.0,0.0,
COMP_1218,2026-07,,1.0,0.0,0.0,
COMP_1218,2026-08,,1.0,0.0,0.0,
COMP_1219,2025-02,,0.0,0.0,1.0,
COMP_1219,2025-03,,0.0,0.0,0.0,
COMP_1219,2025-04,,0.0,0.0,0.0,
COMP_1219,2025-05,,0.0,0.0,1.0,
COMP_1219,2025-06,,0.0,0.0,0.0,
COMP_1219,2025-07,,1.0,0.0,0.0,
COMP_1219,2025-08,0.0,1.0,0.0,0.0,0.0
COMP_1219,2025-09,1.0,1.0,0.0,0.0,0.0
COMP_1219,2025-10,0.0,0.0,0.0,0.0,0.0
COMP_1219,2025-11,1.0,0.0,0.0,0.0,0.0
COMP_1219,2025-12,0.0,0.0,0.0,1.0,0.0
COMP_1219,2026-01,0.0,0.0,0.0,0.0,0.0
COMP_1219,2026-02,0.0,0.0,0.0,0.0,0.0
COMP_1219,2026-03,0.0,0.0,0.0,0.0,0.0
COMP_1219,2026-04,0.0,0.0,0.0,0.0,0.0
COMP_1219,2026-05,0.0,0.0,0.0,0.0,0.0
COMP_1219,2026-06,0.0,0.0,0.0,0.0,0.0
COMP_1219,2026-07,0.0,0.0,0.0,1.0,0.0
COMP_1219,2026-08,0.0,0.0,0.0,1.0,0.0
COMP_1220,2025-12,,,0.0,1.0,
COMP_1220,2026-01,,,0.0,1.0,
COMP_1220,2026-02,,,0.0,0.0,
COMP_1220,2026-03,,,0.0,0.0,
COMP_1220,2026-04,,,0.0,0.0,
COMP_1220,2026-05,,,0.0,1.0,
COMP_1220,2026-06,,,0.0,1.0,0.0
COMP_1220,2026-07,,,0.0,1.0,0.0
COMP_1220,2026-08,,,0.0,1.0,0.0
COMP_1221,2025-12,,,0.0,0.0,
COMP_1221,2026-01,,,0.0,0.0,
COMP_1221,2026-02,,,0.0,0.0,
COMP_1221,2026-03,,,0.0,0.0,
COMP_1221,2026-04,,,0.0,0.0,
COMP_1221,2026-05,,,0.0,0.0,
COMP_1221,2026-06,,,0.0,0.0,0.0
COMP_1221,2026-07,,,0.0,0.0,0.0
COMP_1221,2026-08,,,0.0,0.0,0.0
COMP_1222,2025-09,,0.0,1.0,0.0,
COMP_1222,2025-10,,0.0,1.0,0.0,
COMP_1222,2025-11,,1.0,1.0,0.0,
COMP_1222,2025-12,,1.0,1.0,0.0,
COMP_1222,2026-01,,1.0,1.0,0.0,
COMP_1222,2026-02,,1.0,1.0,0.0,
COMP_1222,2026-03,0.0,0.0,1.0,0.0,1.0
COMP_1222,2026-04,0.0,0.0,1.0,0.0,0.0
COMP_1222,2026-05,0.0,0.0,0.0,0.0,0.0
COMP_1222,2026-06,0.0,0.0,0.0,0.0,0.0
COMP_1222,2026-07,0.0,0.0,0.0,0.0,0.0
COMP_1222,2026-08,0.0,0.0,0.0,0.0,0.0
COMP_1223,2025-02,,0.0,0.0,0.0,
COMP_1223,2025-03,,0.0,0.0,0.0,
COMP_1223,2025-04,,0.0,0.0,0.0,
COMP_1223,2025-05,,0.0,0.0,1.0,
COMP_1223,2025-06,,0.0,0.0,0.0,
COMP_1223,2025-07,,0.0,0.0,1.0,
COMP_1223,2025-08,0.0,0.0,0.0,1.0,0.0
COMP_1223,2025-09,0.0,0.0,0.0,1.0,0.0
COMP_1223,2025-10,0.0,0.0,0.0,1.0,0.0
COMP_1223,2025-11,0.0,0.0,0.0,0.0,0.0
COMP_1223,2025-12,0.0,0.0,0.0,0.0,0.0
COMP_1223,2026-01,0.0,0.0,0.0,0.0,0.0
COMP_1223,2026-02,0.0,0.0,0.0,1.0,0.0
COMP_1223,2026-03,0.0,0.0,0.0,1.0,0.0
COMP_1223,2026-04,0.0,0.0,0.0,1.0,0.0
COMP_1223,2026-05,0.0,0.0,0.0,1.0,0.0
COMP_1223,2026-06,0.0,0.0,0.0,0.0,0.0
COMP_1223,2026-07,0.0,0.0,0.0,0.0,0.0
COMP_1223,2026-08,0.0,0.0,0.0,0.0,0.0
COMP_1224,2025-02,,0.0,0.0,0.0,
COMP_1224,2025-03,,0.0,0.0,1.0,
COMP_1224,2025-04,,0.0,0.0,1.0,
COMP_1224,2025-05,,0.0,0.0,0.0,
COMP_1224,2025-06,,0.0,0.0,1.0,
COMP_1224,2025-07,,0.0,0.0,1.0,
COMP_1224,2025-08,0.0,0.0,1.0,1.0,0.0
COMP_1224,2025-09,0.0,0.0,0.0,1.0,0.0
COMP_1224,2025-10,0.0,0.0,1.0,1.0,0.0
COMP_1224,2025-11,0.0,0.0,0.0,1.0,0.0
COMP_1224,2025-12,0.0,0.0,1.0,0.0,0.0
COMP_1224,2026-01,0.0,0.0,0.0,1.0,0.0
COMP_1224,2026-02,0.0,0.0,0.0,1.0,0.0
COMP_1224,2026-03,0.0,0.0,0.0,1.0,0.0
COMP_1224,2026-04,0.0,0.0,0.0,1.0,0.0
COMP_1224,2026-05,0.0,0.0,0.0,1.0,0.0
COMP_1224,2026-06,0.0,0.0,0.0,1.0,0.0
COMP_1224,2026-07,0.0,0.0,0.0,1.0,0.0
COMP_1224,2026-08,0.0,0.0,0.0,1.0,0.0
COMP_1225,2026-06,,0.0,1.0,1.0,
COMP_1225,2026-07,,0.0,1.0,1.0,
COMP_1225,2026-08,,0.0,1.0,1.0,
COMP_1226,2025-03,,0.0,0.0,0.0,
COMP_1226,2025-04,,0.0,0.0,0.0,
COMP_1226,2025-05,,0.0,0.0,0.0,
COMP_1226,2025-06,,0.0,0.0,0.0,
COMP_1226,2025-07,,0.0,0.0,0.0,
COMP_1226,2025-08,,0.0,0.0,0.0,
COMP_1226,2025-09,,0.0,0.0,0.0,
COMP_1226,2025-10,,0.0,0.0,0.0,0.0
COMP_1226,2025-11,,0.0,0.0,0.0,
COMP_1226,2025-12,,0.0,0.0,0.0,
COMP_1226,2026-01,,0.0,0.0,0.0,0.0
COMP_1226,2026-02,,0.0,0.0,0.0,0.0
COMP_1226,2026-03,,0.0,0.0,0.0,0.0
COMP_1226,2026-04,,0.0,0.0,0.0,0.0
COMP_1226,2026-05,,0.0,0.0,0.0,
COMP_1226,2026-06,,0.0,0.0,0.0,
COMP_1226,2026-07,,0.0,0.0,0.0,0.0
COMP_1226,2026-08,,0.0,0.0,0.0,
COMP_1227,2025-07,,0.0,1.0,0.0,
COMP_1227,2025-08,,0.0,1.0,0.0,
COMP_1227,2025-09,,0.0,1.0,0.0,
COMP_1227,2025-10,,0.0,1.0,1.0,
COMP_1227,2025-11,,0.0,1.0,0.0,
COMP_1227,2025-12,,0.0,1.0,0.0,
COMP_1227,2026-01,,0.0,1.0,0.0,0.0
COMP_1227,2026-02,,0.0,1.0,0.0,0.0
COMP_1227,2026-03,,0.0,1.0,1.0,0.0
COMP_1227,2026-04,1.0,0.0,1.0,0.0,0.0
COMP_1227,2026-05,,0.0,1.0,0.0,0.0
COMP_1227,2026-06,,0.0,1.0,1.0,0.0
COMP_1227,2026-07,,0.0,1.0,1.0,0.0
COMP_1227,2026-08,,0.0,1.0,1.0,0.0
COMP_1228,2026-06,,,0.0,0.0,
COMP_1228,2026-07,,,0.0,0.0,
COMP_1228,2026-08,,,0.0,0.0,
COMP_1229,2026-04,,,0.0,1.0,
COMP_1229,2026-05,,,0.0,1.0,
COMP_1229,2026-06,,,0.0,0.0,
COMP_1229,2026-07,,,0.0,1.0,
COMP_1229,2026-08,,,0.0,1.0,
COMP_1230,2025-06,,0.0,0.0,0.0,
COMP_1230,2025-07,,0.0,0.0,1.0,
COMP_1230,2025-08,,0.0,0.0,1.0,
COMP_1230,2025-09,,0.0,0.0,0.0,
COMP_1230,2025-10,,0.0,0.0,1.0,
COMP_1230,2025-11,,0.0,0.0,0.0,
COMP_1230,2025-12,,0.0,0.0,1.0,0.0
COMP_1230,2026-01,,0.0,0.0,1.0,
COMP_1230,2026-02,,0.0,0.0,1.0,
COMP_1230,2026-03,,,0.0,,
COMP_1230,2026-04,,,0.0,,
COMP_1230,2026-05,,0.0,0.0,0.0,0.0
COMP_1230,2026-06,,0.0,0.0,0.0,
COMP_1230,2026-07,,0.0,0.0,0.0,0.0
COMP_1230,2026-08,,0.0,0.0,0.0,
COMP_1231,2026-04,,,0.0,1.0,
COMP_1231,2026-05,,,0.0,0.0,
COMP_1231,2026-06,,,0.0,0.0,
COMP_1231,2026-07,,,0.0,0.0,
COMP_1231,2026-08,,,0.0,0.0,
COMP_1232,2025-09,,0.0,0.0,0.0,
COMP_1232,2025-10,,0.0,0.0,0.0,
COMP_1232,2025-11,,0.0,0.0,0.0,
COMP_1232,2025-12,,0.0,0.0,0.0,
COMP_1232,2026-01,,0.0,0.0,0.0,
COMP_1232,2026-02,,0.0,0.0,0.0,
COMP_1232,2026-03,,0.0,0.0,1.0,0.0
COMP_1232,2026-04,,0.0,0.0,1.0,0.0
COMP_1232,2026-05,,0.0,0.0,1.0,0.0
COMP_1232,2026-06,,0.0,0.0,0.0,0.0
COMP_1232,2026-07,,0.0,0.0,0.0,0.0
COMP_1232,2026-08,,0.0,0.0,0.0,0.0
COMP_1233,2025-05,,,0.0,1.0,
COMP_1233,2025-06,,,0.0,1.0,
COMP_1233,2025-07,,,0.0,1.0,
COMP_1233,2025-08,,,0.0,1.0,
COMP_1233,2025-09,,,0.0,1.0,
COMP_1233,2025-10,,,0.0,1.0,
COMP_1233,2025-11,,,0.0,1.0,0.0
COMP_1233,2025-12,,,0.0,1.0,0.0
COMP_1233,2026-01,,,0.0,1.0,0.0
COMP_1233,2026-02,,,0.0,1.0,0.0
COMP_1233,2026-03,,,0.0,0.0,0.0
COMP_1233,2026-04,,,0.0,0.0,0.0
COMP_1233,2026-05,,,0.0,0.0,0.0
COMP_1233,2026-06,,,0.0,1.0,0.0
COMP_1233,2026-07,,,0.0,0.0,0.0
COMP_1233,2026-08,,,0.0,1.0,0.0
COMP_1234,2025-02,,0.0,0.0,0.0,
COMP_1234,2025-03,,0.0,0.0,0.0,
COMP_1234,2025-04,,0.0,0.0,0.0,
COMP_1234,2025-05,,0.0,0.0,0.0,
COMP_1234,2025-06,,0.0,0.0,0.0,
COMP_1234,2025-07,,1.0,0.0,0.0,
COMP_1234,2025-08,0.0,1.0,0.0,0.0,0.0
COMP_1234,2025-09,0.0,1.0,0.0,0.0,0.0
COMP_1234,2025-10,0.0,0.0,0.0,0.0,0.0
COMP_1234,2025-11,0.0,0.0,0.0,0.0,0.0
COMP_1234,2025-12,0.0,0.0,0.0,1.0,0.0
COMP_1234,2026-01,0.0,0.0,0.0,1.0,0.0
COMP_1234,2026-02,1.0,0.0,0.0,0.0,0.0
COMP_1234,2026-03,0.0,0.0,0.0,0.0,0.0
COMP_1234,2026-04,0.0,0.0,0.0,0.0,0.0
COMP_1234,2026-05,0.0,0.0,0.0,0.0,0.0
COMP_1234,2026-06,0.0,0.0,0.0,0.0,0.0
COMP_1234,2026-07,0.0,0.0,0.0,1.0,0.0
COMP_1234,2026-08,0.0,0.0,0.0,1.0,0.0
COMP_1235,2026-03,,1.0,0.0,0.0,
COMP_1235,2026-04,,1.0,0.0,0.0,
COMP_1235,2026-05,,1.0,0.0,0.0,
COMP_1235,2026-06,,1.0,0.0,1.0,
COMP_1235,2026-07,,1.0,0.0,0.0,
COMP_1235,2026-08,,1.0,0.0,1.0,
COMP_1236,2025-02,,0.0,0.0,0.0,
COMP_1236,2025-03,,0.0,0.0,1.0,
COMP_1236,2025-04,,0.0,0.0,1.0,
COMP_1236,2025-05,,0.0,0.0,1.0,
COMP_1236,2025-06,,0.0,0.0,1.0,
COMP_1236,2025-07,,0.0,0.0,0.0,
COMP_1236,2025-08,0.0,0.0,0.0,0.0,0.0
COMP_1236,2025-09,0.0,0.0,1.0,1.0,0.0
COMP_1236,2025-10,0.0,0.0,1.0,1.0,0.0
COMP_1236,2025-11,0.0,0.0,1.0,0.0,0.0
COMP_1236,2025-12,0.0,0.0,0.0,0.0,0.0
COMP_1236,2026-01,0.0,0.0,0.0,0.0,0.0
COMP_1236,2026-02,0.0,0.0,0.0,0.0,0.0
COMP_1236,2026-03,0.0,0.0,0.0,1.0,0.0
COMP_1236,2026-04,0.0,0.0,0.0,0.0,0.0
COMP_1236,2026-05,0.0,0.0,0.0,0.0,0.0
COMP_1236,2026-06,0.0,0.0,0.0,0.0,0.0
COMP_1236,2026-07,0.0,0.0,0.0,1.0,0.0
COMP_1236,2026-08,0.0,0.0,0.0,0.0,1.0
COMP_1237,2026-01,,0.0,1.0,1.0,
COMP_1237,2026-02,,1.0,1.0,1.0,
COMP_1237,2026-03,,1.0,1.0,1.0,
COMP_1237,2026-04,,1.0,0.0,0.0,
COMP_1237,2026-05,,1.0,0.0,0.0,
COMP_1237,2026-06,,1.0,0.0,0.0,
COMP_1237,2026-07,,,0.0,,
COMP_1237,2026-08,,,0.0,,
COMP_1238,2025-02,,0.0,0.0,0.0,
COMP_1238,2025-03,,0.0,0.0,1.0,
COMP_1238,2025-04,,0.0,0.0,0.0,
COMP_1238,2025-05,,1.0,0.0,1.0,
COMP_1238,2025-06,,1.0,0.0,1.0,
COMP_1238,2025-07,,1.0,0.0,0.0,
COMP_1238,2025-08,0.0,1.0,0.0,0.0,0.0
COMP_1238,2025-09,0.0,1.0,0.0,0.0,0.0
COMP_1238,2025-10,0.0,0.0,0.0,0.0,0.0
COMP_1238,2025-11,0.0,0.0,0.0,0.0,0.0
COMP_1238,2025-12,0.0,0.0,0.0,1.0,0.0
COMP_1238,2026-01,0.0,0.0,0.0,0.0,0.0
COMP_1238,2026-02,0.0,0.0,0.0,0.0,0.0
COMP_1238,2026-03,0.0,0.0,0.0,0.0,0.0
COMP_1238,2026-04,0.0,0.0,0.0,1.0,0.0
COMP_1238,2026-05,0.0,0.0,0.0,0.0,0.0
COMP_1238,2026-06,0.0,0.0,0.0,0.0,0.0
COMP_1238,2026-07,0.0,0.0,0.0,0.0,0.0
COMP_1238,2026-08,0.0,0.0,0.0,0.0,0.0
COMP_1239,2025-02,,1.0,0.0,0.0,
COMP_1239,2025-03,,0.0,0.0,0.0,
COMP_1239,2025-04,,0.0,0.0,0.0,
COMP_1239,2025-05,,0.0,0.0,0.0,
COMP_1239,2025-06,,1.0,0.0,0.0,
COMP_1239,2025-07,,1.0,0.0,0.0,
COMP_1239,2025-08,0.0,1.0,0.0,0.0,0.0
COMP_1239,2025-09,0.0,1.0,0.0,0.0,0.0
COMP_1239,2025-10,0.0,1.0,0.0,0.0,0.0
COMP_1239,2025-11,0.0,1.0,0.0,0.0,0.0
COMP_1239,2025-12,0.0,1.0,0.0,0.0,0.0
COMP_1239,2026-01,0.0,1.0,0.0,0.0,0.0
COMP_1239,2026-02,0.0,1.0,0.0,0.0,0.0
COMP_1239,2026-03,0.0,1.0,0.0,0.0,0.0
COMP_1239,2026-04,0.0,1.0,0.0,0.0,0.0
COMP_1239,2026-05,0.0,1.0,0.0,0.0,0.0
COMP_1239,2026-06,0.0,1.0,0.0,0.0,0.0
COMP_1239,2026-07,0.0,1.0,0.0,0.0,0.0
COMP_1239,2026-08,0.0,1.0,0.0,0.0,0.0
COMP_1240,2025-02,,1.0,0.0,0.0,
COMP_1240,2025-03,,0.0,0.0,0.0,
COMP_1240,2025-04,,0.0,0.0,0.0,
COMP_1240,2025-05,,0.0,0.0,0.0,
COMP_1240,2025-06,,1.0,0.0,0.0,
COMP_1240,2025-07,,1.0,0.0,0.0,
COMP_1240,2025-08,0.0,1.0,0.0,0.0,0.0
COMP_1240,2025-09,0.0,1.0,0.0,0.0,0.0
COMP_1240,2025-10,0.0,1.0,0.0,0.0,0.0
COMP_1240,2025-11,0.0,1.0,0.0,0.0,0.0
COMP_1240,2025-12,0.0,1.0,0.0,0.0,0.0
COMP_1240,2026-01,0.0,1.0,0.0,0.0,0.0
COMP_1240,2026-02,0.0,1.0,0.0,0.0,0.0
COMP_1240,2026-03,0.0,1.0,0.0,0.0,0.0
COMP_1240,2026-04,0.0,1.0,0.0,0.0,0.0
COMP_1240,2026-05,0.0,1.0,0.0,0.0,0.0
COMP_1240,2026-06,0.0,1.0,0.0,0.0,0.0
COMP_1240,2026-07,0.0,1.0,0.0,0.0,0.0
COMP_1240,2026-08,0.0,1.0,0.0,0.0,0.0
COMP_1241,2025-02,,1.0,0.0,0.0,
COMP_1241,2025-03,,0.0,0.0,0.0,
COMP_1241,2025-04,,0.0,0.0,0.0,
COMP_1241,2025-05,,0.0,0.0,0.0,
COMP_1241,2025-06,,1.0,0.0,0.0,
COMP_1241,2025-07,,1.0,0.0,0.0,
COMP_1241,2025-08,0.0,1.0,0.0,0.0,0.0
COMP_1241,2025-09,0.0,1.0,0.0,0.0,0.0
COMP_1241,2025-10,0.0,1.0,0.0,0.0,0.0
COMP_1241,2025-11,0.0,1.0,0.0,0.0,0.0
COMP_1241,2025-12,0.0,1.0,0.0,0.0,0.0
COMP_1241,2026-01,0.0,1.0,0.0,0.0,0.0
COMP_1241,2026-02,0.0,1.0,0.0,0.0,0.0
COMP_1241,2026-03,0.0,1.0,0.0,0.0,0.0
COMP_1241,2026-04,0.0,1.0,0.0,0.0,0.0
COMP_1241,2026-05,0.0,1.0,0.0,0.0,0.0
COMP_1241,2026-06,0.0,1.0,0.0,0.0,0.0
COMP_1241,2026-07,0.0,1.0,0.0,0.0,0.0
COMP_1241,2026-08,0.0,1.0,0.0,0.0,0.0
COMP_1242,2026-06,,1.0,0.0,0.0,
COMP_1242,2026-07,,1.0,0.0,0.0,
COMP_1242,2026-08,,0.0,0.0,0.0,
COMP_1243,2026-06,,0.0,0.0,1.0,
COMP_1243,2026-07,,0.0,0.0,1.0,
COMP_1243,2026-08,,0.0,0.0,1.0,
COMP_1244,2026-03,,1.0,0.0,0.0,
COMP_1244,2026-04,,1.0,0.0,1.0,
COMP_1244,2026-05,,1.0,0.0,0.0,
COMP_1244,2026-06,,1.0,0.0,0.0,
COMP_1244,2026-07,,1.0,0.0,0.0,
COMP_1244,2026-08,,1.0,0.0,1.0,
COMP_1245,2025-02,,1.0,0.0,0.0,
COMP_1245,2025-03,,1.0,0.0,0.0,
COMP_1245,2025-04,,0.0,0.0,0.0,
COMP_1245,2025-05,,0.0,0.0,0.0,
COMP_1245,2025-06,,0.0,0.0,0.0,
COMP_1245,2025-07,,1.0,0.0,0.0,
COMP_1245,2025-08,,1.0,0.0,0.0,1.0
COMP_1245,2025-09,,1.0,0.0,0.0,0.0
COMP_1245,2025-10,,0.0,0.0,0.0,0.0
COMP_1245,2025-11,,0.0,0.0,0.0,0.0
COMP_1245,2025-12,,0.0,0.0,0.0,0.0
COMP_1245,2026-01,,0.0,0.0,0.0,0.0
COMP_1245,2026-02,,0.0,0.0,0.0,
COMP_1245,2026-03,,0.0,0.0,0.0,
COMP_1245,2026-04,,0.0,0.0,0.0,0.0
COMP_1245,2026-05,,0.0,0.0,0.0,
COMP_1245,2026-06,,0.0,0.0,0.0,
COMP_1245,2026-07,,,0.0,,
COMP_1245,2026-08,,,0.0,,
COMP_1246,2026-07,,,0.0,1.0,
COMP_1246,2026-08,,,0.0,1.0,
COMP_1247,2025-07,,0.0,0.0,0.0,
COMP_1247,2025-08,,0.0,0.0,0.0,
COMP_1247,2025-09,,0.0,0.0,1.0,
COMP_1247,2025-10,,0.0,0.0,1.0,
COMP_1247,2025-11,,0.0,0.0,1.0,
COMP_1247,2025-12,,0.0,0.0,1.0,
COMP_1247,2026-01,,0.0,0.0,1.0,0.0
COMP_1247,2026-02,,0.0,0.0,1.0,0.0
COMP_1247,2026-03,,0.0,0.0,1.0,0.0
COMP_1247,2026-04,,0.0,0.0,1.0,
COMP_1247,2026-05,,0.0,0.0,1.0,
COMP_1247,2026-06,,0.0,0.0,1.0,0.0
COMP_1247,2026-07,,0.0,0.0,1.0,0.0
COMP_1247,2026-08,,0.0,0.0,1.0,0.0
COMP_1248,2025-07,,,0.0,1.0,
COMP_1248,2025-08,,,0.0,1.0,
COMP_1248,2025-09,,,0.0,1.0,
COMP_1248,2025-10,,,0.0,0.0,
COMP_1248,2025-11,,,0.0,1.0,
COMP_1248,2025-12,,,0.0,0.0,
COMP_1248,2026-01,0.0,,0.0,0.0,0.0
COMP_1248,2026-02,1.0,,0.0,0.0,0.0
COMP_1248,2026-03,1.0,,0.0,1.0,0.0
COMP_1248,2026-04,0.0,,0.0,1.0,0.0
COMP_1248,2026-05,1.0,,0.0,0.0,0.0
COMP_1248,2026-06,0.0,,0.0,0.0,0.0
COMP_1248,2026-07,0.0,,0.0,0.0,0.0
COMP_1248,2026-08,1.0,,0.0,0.0,0.0
COMP_1249,2025-02,,0.0,0.0,1.0,
COMP_1249,2025-03,,0.0,0.0,1.0,
COMP_1249,2025-04,,0.0,0.0,1.0,
COMP_1249,2025-05,,0.0,0.0,1.0,
COMP_1249,2025-06,,0.0,0.0,1.0,
COMP_1249,2025-07,,0.0,0.0,1.0,
COMP_1249,2025-08,0.0,0.0,0.0,1.0,0.0
COMP_1249,2025-09,0.0,0.0,0.0,1.0,0.0
COMP_1249,2025-10,0.0,0.0,0.0,1.0,0.0
COMP_1249,2025-11,0.0,0.0,0.0,1.0,0.0
COMP_1249,2025-12,0.0,0.0,0.0,1.0,0.0
COMP_1249,2026-01,0.0,0.0,0.0,1.0,0.0
COMP_1249,2026-02,0.0,0.0,0.0,0.0,0.0
COMP_1249,2026-03,0.0,0.0,0.0,0.0,0.0
COMP_1249,2026-04,0.0,0.0,0.0,0.0,0.0
COMP_1249,2026-05,0.0,1.0,0.0,1.0,0.0
COMP_1249,2026-06,0.0,1.0,0.0,1.0,0.0
COMP_1249,2026-07,0.0,0.0,0.0,1.0,0.0
COMP_1249,2026-08,1.0,0.0,0.0,0.0,0.0
COMP_1250,2025-02,,0.0,0.0,0.0,
COMP_1250,2025-03,,0.0,0.0,0.0,
COMP_1250,2025-04,,0.0,0.0,0.0,
COMP_1250,2025-05,,0.0,0.0,0.0,
COMP_1250,2025-06,,0.0,0.0,1.0,
COMP_1250,2025-07,,0.0,0.0,1.0,
COMP_1250,2025-08,0.0,0.0,0.0,1.0,0.0
COMP_1250,2025-09,0.0,0.0,0.0,1.0,0.0
COMP_1250,2025-10,0.0,0.0,0.0,1.0,0.0
COMP_1250,2025-11,0.0,0.0,0.0,1.0,0.0
COMP_1250,2025-12,0.0,0.0,0.0,1.0,0.0
COMP_1250,2026-01,1.0,0.0,0.0,0.0,0.0
COMP_1250,2026-02,0.0,0.0,0.0,1.0,0.0
COMP_1250,2026-03,0.0,1.0,0.0,1.0,0.0
COMP_1250,2026-04,0.0,1.0,0.0,1.0,0.0
COMP_1250,2026-05,0.0,0.0,0.0,0.0,0.0
COMP_1250,2026-06,0.0,0.0,0.0,0.0,0.0
COMP_1250,2026-07,0.0,0.0,0.0,0.0,0.0
COMP_1250,2026-08,0.0,0.0,0.0,0.0,0.0
COMP_1251,2025-08,,1.0,0.0,0.0,
COMP_1251,2025-09,,0.0,0.0,0.0,
COMP_1251,2025-10,,1.0,0.0,0.0,
COMP_1251,2025-11,,1.0,0.0,0.0,
COMP_1251,2025-12,,1.0,0.0,0.0,
COMP_1251,2026-01,,1.0,0.0,0.0,
COMP_1251,2026-02,,1.0,0.0,0.0,
COMP_1251,2026-03,,1.0,0.0,0.0,
COMP_1251,2026-04,,,0.0,,
COMP_1251,2026-05,,,0.0,,
COMP_1251,2026-06,,,0.0,,
COMP_1251,2026-07,,1.0,0.0,0.0,0.0
COMP_1251,2026-08,,1.0,0.0,0.0,
COMP_1252,2025-02,,0.0,0.0,0.0,
COMP_1252,2025-03,,0.0,0.0,0.0,
COMP_1252,2025-04,,0.0,0.0,0.0,
COMP_1252,2025-05,,0.0,0.0,0.0,
COMP_1252,2025-06,,0.0,0.0,0.0,
COMP_1252,2025-07,,0.0,0.0,0.0,
COMP_1252,2025-08,,0.0,0.0,0.0,0.0
COMP_1252,2025-09,,0.0,0.0,0.0,0.0
COMP_1252,2025-10,,0.0,0.0,0.0,0.0
COMP_1252,2025-11,,0.0,0.0,0.0,0.0
COMP_1252,2025-12,,0.0,0.0,0.0,0.0
COMP_1252,2026-01,,0.0,0.0,1.0,0.0
COMP_1252,2026-02,,0.0,0.0,0.0,0.0
COMP_1252,2026-03,,0.0,0.0,0.0,0.0
COMP_1252,2026-04,,0.0,0.0,1.0,0.0
COMP_1252,2026-05,,0.0,0.0,0.0,0.0
COMP_1252,2026-06,,0.0,0.0,0.0,0.0
COMP_1252,2026-07,,0.0,0.0,0.0,0.0
COMP_1252,2026-08,,0.0,0.0,0.0,0.0
COMP_1253,2025-11,,0.0,0.0,0.0,
COMP_1253,2025-12,,0.0,0.0,0.0,
COMP_1253,2026-01,,0.0,0.0,1.0,
COMP_1253,2026-02,,0.0,0.0,0.0,
COMP_1253,2026-03,,0.0,0.0,1.0,
COMP_1253,2026-04,,0.0,0.0,1.0,
COMP_1253,2026-05,0.0,0.0,0.0,0.0,0.0
COMP_1253,2026-06,0.0,0.0,0.0,0.0,0.0
COMP_1253,2026-07,0.0,0.0,0.0,1.0,0.0
COMP_1253,2026-08,0.0,0.0,0.0,0.0,0.0
COMP_1254,2026-06,,,0.0,1.0,
COMP_1254,2026-07,,,0.0,1.0,
COMP_1254,2026-08,,,0.0,1.0,
COMP_1255,2025-02,,,0.0,0.0,
COMP_1255,2025-03,,,0.0,0.0,
COMP_1255,2025-04,,,0.0,0.0,
COMP_1255,2025-05,,,0.0,0.0,
COMP_1255,2025-06,,,0.0,1.0,
COMP_1255,2025-07,,,1.0,1.0,
COMP_1255,2025-08,,,1.0,1.0,
COMP_1255,2025-09,,,1.0,1.0,
COMP_1255,2025-10,,,1.0,,
COMP_1255,2025-11,,,1.0,,
COMP_1255,2025-12,,,1.0,,
COMP_1255,2026-01,,,1.0,,
COMP_1255,2026-02,,,1.0,,
COMP_1255,2026-03,,,1.0,,
COMP_1255,2026-04,,,1.0,,
COMP_1255,2026-05,,,1.0,,
COMP_1255,2026-06,,,1.0,,
COMP_1255,2026-07,,,1.0,,
COMP_1255,2026-08,,,1.0,,
COMP_1256,2025-03,,0.0,0.0,0.0,
COMP_1256,2025-04,,0.0,0.0,0.0,
COMP_1256,2025-05,,1.0,0.0,0.0,
COMP_1256,2025-06,,1.0,0.0,0.0,
COMP_1256,2025-07,,1.0,0.0,0.0,
COMP_1256,2025-08,,1.0,0.0,0.0,
COMP_1256,2025-09,0.0,1.0,0.0,0.0,0.0
COMP_1256,2025-10,0.0,1.0,0.0,0.0,0.0
COMP_1256,2025-11,1.0,1.0,0.0,0.0,0.0
COMP_1256,2025-12,0.0,1.0,0.0,0.0,0.0
COMP_1256,2026-01,0.0,1.0,0.0,0.0,0.0
COMP_1256,2026-02,0.0,1.0,0.0,0.0,0.0
COMP_1256,2026-03,0.0,1.0,0.0,0.0,0.0
COMP_1256,2026-04,0.0,1.0,0.0,0.0,0.0
COMP_1256,2026-05,0.0,1.0,0.0,0.0,0.0
COMP_1256,2026-06,0.0,1.0,0.0,0.0,0.0
COMP_1256,2026-07,0.0,1.0,0.0,0.0,0.0
COMP_1256,2026-08,0.0,1.0,0.0,0.0,0.0
COMP_1257,2025-05,,0.0,0.0,0.0,
COMP_1257,2025-06,,0.0,0.0,0.0,
COMP_1257,2025-07,,0.0,0.0,0.0,
COMP_1257,2025-08,,0.0,0.0,0.0,
COMP_1257,2025-09,,0.0,0.0,0.0,
COMP_1257,2025-10,,0.0,0.0,0.0,
COMP_1257,2025-11,0.0,0.0,0.0,0.0,0.0
COMP_1257,2025-12,0.0,0.0,0.0,0.0,0.0
COMP_1257,2026-01,0.0,0.0,0.0,0.0,0.0
COMP_1257,2026-02,0.0,0.0,0.0,0.0,0.0
COMP_1257,2026-03,0.0,0.0,0.0,0.0,0.0
COMP_1257,2026-04,0.0,0.0,0.0,0.0,0.0
COMP_1257,2026-05,0.0,0.0,0.0,0.0,0.0
COMP_1257,2026-06,0.0,0.0,0.0,0.0,0.0
COMP_1257,2026-07,0.0,0.0,0.0,0.0,0.0
COMP_1257,2026-08,0.0,0.0,0.0,0.0,0.0
COMP_1258,2026-02,,0.0,0.0,1.0,
COMP_1258,2026-03,,0.0,0.0,0.0,
COMP_1258,2026-04,,0.0,0.0,0.0,
COMP_1258,2026-05,,1.0,0.0,1.0,
COMP_1258,2026-06,,1.0,1.0,1.0,
COMP_1258,2026-07,,1.0,0.0,1.0,
COMP_1258,2026-08,0.0,1.0,1.0,0.0,0.0
COMP_1259,2026-05,,,0.0,1.0,
COMP_1259,2026-06,,,0.0,0.0,
COMP_1259,2026-07,,,0.0,1.0,
COMP_1259,2026-08,,,0.0,1.0,
COMP_1260,2026-07,,,0.0,0.0,
COMP_1260,2026-08,,,0.0,1.0,
COMP_1261,2026-07,,,0.0,1.0,
COMP_1261,2026-08,,,0.0,1.0,
COMP_1262,2026-07,,0.0,0.0,1.0,
COMP_1262,2026-08,,0.0,0.0,1.0,
COMP_1263,2025-03,,,0.0,0.0,
COMP_1263,2025-04,,,0.0,0.0,
COMP_1263,2025-05,,,0.0,0.0,
COMP_1263,2025-06,,,0.0,0.0,
COMP_1263,2025-07,,,0.0,0.0,
COMP_1263,2025-08,,,0.0,0.0,
COMP_1263,2025-09,0.0,,0.0,0.0,0.0
COMP_1263,2025-10,0.0,,0.0,0.0,0.0
COMP_1263,2025-11,0.0,,0.0,0.0,0.0
COMP_1263,2025-12,0.0,,0.0,0.0,0.0
COMP_1263,2026-01,0.0,,0.0,0.0,0.0
COMP_1263,2026-02,0.0,,0.0,0.0,0.0
COMP_1263,2026-03,0.0,,0.0,0.0,0.0
COMP_1263,2026-04,0.0,,0.0,0.0,0.0
COMP_1263,2026-05,0.0,,0.0,0.0,0.0
COMP_1263,2026-06,0.0,,0.0,0.0,0.0
COMP_1263,2026-07,0.0,,0.0,0.0,0.0
COMP_1263,2026-08,0.0,,0.0,1.0,0.0
COMP_1264,2025-02,,0.0,0.0,1.0,
COMP_1264,2025-03,,0.0,0.0,1.0,
COMP_1264,2025-04,,0.0,0.0,1.0,
COMP_1264,2025-05,,0.0,0.0,1.0,
COMP_1264,2025-06,,0.0,0.0,1.0,
COMP_1264,2025-07,,1.0,0.0,1.0,
COMP_1264,2025-08,,1.0,0.0,1.0,0.0
COMP_1264,2025-09,,1.0,0.0,1.0,0.0
COMP_1264,2025-10,,1.0,0.0,1.0,0.0
COMP_1264,2025-11,,1.0,1.0,1.0,0.0
COMP_1264,2025-12,,1.0,1.0,1.0,0.0
COMP_1264,2026-01,,1.0,1.0,1.0,0.0
COMP_1264,2026-02,,1.0,0.0,1.0,0.0
COMP_1264,2026-03,,1.0,0.0,0.0,0.0
COMP_1264,2026-04,,1.0,0.0,1.0,0.0
COMP_1264,2026-05,,1.0,1.0,1.0,0.0
COMP_1264,2026-06,,1.0,0.0,1.0,0.0
COMP_1264,2026-07,,1.0,0.0,0.0,0.0
COMP_1264,2026-08,,1.0,0.0,0.0,0.0
COMP_1265,2025-03,,,0.0,0.0,
COMP_1265,2025-04,,,0.0,0.0,
COMP_1265,2025-05,,,0.0,0.0,
COMP_1265,2025-06,,,0.0,0.0,
COMP_1265,2025-07,,,0.0,0.0,
COMP_1265,2025-08,,,0.0,0.0,
COMP_1265,2025-09,,,0.0,0.0,
COMP_1265,2025-10,,,0.0,0.0,0.0
COMP_1265,2025-11,,,0.0,0.0,
COMP_1265,2025-12,,,0.0,1.0,0.0
COMP_1265,2026-01,,,0.0,1.0,
COMP_1265,2026-02,,,0.0,1.0,
COMP_1265,2026-03,,,0.0,,
COMP_1265,2026-04,,,0.0,,
COMP_1265,2026-05,,,0.0,,
COMP_1265,2026-06,,,0.0,,
COMP_1265,2026-07,,,0.0,,
COMP_1265,2026-08,,,0.0,,
COMP_1266,2026-03,,,0.0,0.0,
COMP_1266,2026-04,,,0.0,1.0,
COMP_1266,2026-05,,,0.0,0.0,
COMP_1266,2026-06,,,0.0,0.0,
COMP_1266,2026-07,,,0.0,0.0,
COMP_1266,2026-08,,,0.0,1.0,
COMP_1267,2025-06,,0.0,0.0,0.0,
COMP_1267,2025-07,,0.0,0.0,0.0,
COMP_1267,2025-08,,0.0,0.0,0.0,
COMP_1267,2025-09,,0.0,0.0,0.0,
COMP_1267,2025-10,,0.0,0.0,0.0,
COMP_1267,2025-11,,0.0,0.0,0.0,
COMP_1267,2025-12,0.0,0.0,0.0,0.0,0.0
COMP_1267,2026-01,0.0,0.0,0.0,0.0,0.0
COMP_1267,2026-02,0.0,0.0,0.0,0.0,0.0
COMP_1267,2026-03,0.0,0.0,0.0,0.0,0.0
COMP_1267,2026-04,0.0,0.0,0.0,0.0,0.0
COMP_1267,2026-05,0.0,0.0,0.0,0.0,0.0
COMP_1267,2026-06,0.0,0.0,0.0,0.0,0.0
COMP_1267,2026-07,0.0,0.0,0.0,0.0,0.0
COMP_1267,2026-08,0.0,1.0,0.0,1.0,0.0
COMP_1268,2026-07,,,0.0,0.0,
COMP_1268,2026-08,,,0.0,0.0,
COMP_1269,2025-06,,0.0,0.0,1.0,
COMP_1269,2025-07,,0.0,0.0,1.0,
COMP_1269,2025-08,,0.0,0.0,1.0,
COMP_1269,2025-09,,0.0,0.0,1.0,
COMP_1269,2025-10,,0.0,0.0,1.0,
COMP_1269,2025-11,,0.0,0.0,1.0,
COMP_1269,2025-12,0.0,0.0,0.0,1.0,0.0
COMP_1269,2026-01,0.0,0.0,0.0,1.0,0.0
COMP_1269,2026-02,0.0,0.0,0.0,1.0,0.0
COMP_1269,2026-03,1.0,0.0,0.0,1.0,0.0
COMP_1269,2026-04,0.0,0.0,0.0,1.0,0.0
COMP_1269,2026-05,0.0,0.0,0.0,1.0,0.0
COMP_1269,2026-06,1.0,0.0,0.0,1.0,0.0
COMP_1269,2026-07,0.0,0.0,0.0,1.0,0.0
COMP_1269,2026-08,0.0,0.0,0.0,1.0,0.0
COMP_1270,2025-12,,,0.0,0.0,
COMP_1270,2026-01,,,0.0,0.0,
COMP_1270,2026-02,,,0.0,0.0,
COMP_1270,2026-03,,,0.0,0.0,
COMP_1270,2026-04,,,0.0,0.0,
COMP_1270,2026-05,,,0.0,0.0,
COMP_1270,2026-06,,,0.0,1.0,0.0
COMP_1270,2026-07,,,0.0,0.0,0.0
COMP_1270,2026-08,,,0.0,0.0,0.0
COMP_1271,2025-08,,,0.0,1.0,
COMP_1271,2025-09,,,0.0,1.0,
COMP_1271,2025-10,,,0.0,1.0,
COMP_1271,2025-11,,,0.0,1.0,
COMP_1271,2025-12,,,0.0,1.0,
COMP_1271,2026-01,,,0.0,1.0,
COMP_1271,2026-02,0.0,,0.0,1.0,0.0
COMP_1271,2026-03,0.0,,0.0,1.0,0.0
COMP_1271,2026-04,0.0,,0.0,1.0,0.0
COMP_1271,2026-05,0.0,,0.0,1.0,0.0
COMP_1271,2026-06,0.0,,0.0,1.0,0.0
COMP_1271,2026-07,0.0,,0.0,1.0,0.0
COMP_1271,2026-08,0.0,,0.0,1.0,0.0
COMP_1272,2026-06,,,0.0,0.0,
COMP_1272,2026-07,,,0.0,0.0,
COMP_1272,2026-08,,,0.0,0.0,
COMP_1273,2026-06,,0.0,1.0,1.0,
COMP_1273,2026-07,,0.0,1.0,1.0,
COMP_1273,2026-08,,0.0,0.0,1.0,
COMP_1274,2025-07,,0.0,0.0,0.0,
COMP_1274,2025-08,,0.0,0.0,0.0,
COMP_1274,2025-09,,0.0,0.0,0.0,
COMP_1274,2025-10,,0.0,0.0,0.0,
COMP_1274,2025-11,,0.0,0.0,0.0,
COMP_1274,2025-12,,0.0,0.0,0.0,
COMP_1274,2026-01,1.0,0.0,0.0,0.0,0.0
COMP_1274,2026-02,1.0,0.0,0.0,0.0,
COMP_1274,2026-03,,0.0,0.0,0.0,0.0
COMP_1274,2026-04,,1.0,0.0,0.0,0.0
COMP_1274,2026-05,,1.0,0.0,0.0,0.0
COMP_1274,2026-06,,1.0,0.0,0.0,
COMP_1274,2026-07,,0.0,0.0,1.0,0.0
COMP_1274,2026-08,,0.0,0.0,1.0,
COMP_1275,2025-06,,,0.0,0.0,
COMP_1275,2025-07,,,0.0,0.0,
COMP_1275,2025-08,,,0.0,0.0,
COMP_1275,2025-09,,,0.0,0.0,
COMP_1275,2025-10,,,0.0,0.0,
COMP_1275,2025-11,,,0.0,0.0,
COMP_1275,2025-12,0.0,,0.0,0.0,0.0
COMP_1275,2026-01,0.0,,0.0,0.0,0.0
COMP_1275,2026-02,0.0,,0.0,0.0,0.0
COMP_1275,2026-03,0.0,,0.0,0.0,0.0
COMP_1275,2026-04,0.0,,0.0,0.0,0.0
COMP_1275,2026-05,0.0,,0.0,0.0,0.0
COMP_1275,2026-06,0.0,,0.0,0.0,0.0
COMP_1275,2026-07,0.0,,0.0,0.0,0.0
COMP_1275,2026-08,0.0,,0.0,0.0,0.0
COMP_1276,2025-06,,,0.0,1.0,
COMP_1276,2025-07,,,0.0,1.0,
COMP_1276,2025-08,,,0.0,1.0,
COMP_1276,2025-09,,,0.0,1.0,
COMP_1276,2025-10,,,0.0,0.0,
COMP_1276,2025-11,,,0.0,1.0,
COMP_1276,2025-12,1.0,,0.0,1.0,0.0
COMP_1276,2026-01,0.0,,0.0,1.0,0.0
COMP_1276,2026-02,0.0,,0.0,1.0,0.0
COMP_1276,2026-03,0.0,,0.0,1.0,0.0
COMP_1276,2026-04,0.0,,0.0,1.0,0.0
COMP_1276,2026-05,0.0,,0.0,1.0,0.0
COMP_1276,2026-06,0.0,,0.0,1.0,0.0
COMP_1276,2026-07,0.0,,0.0,1.0,0.0
COMP_1276,2026-08,0.0,,0.0,1.0,0.0
COMP_1277,2025-06,,0.0,0.0,0.0,
COMP_1277,2025-07,,0.0,0.0,0.0,
COMP_1277,2025-08,,0.0,0.0,0.0,
COMP_1277,2025-09,,0.0,0.0,0.0,
COMP_1277,2025-10,,0.0,0.0,0.0,
COMP_1277,2025-11,,0.0,0.0,0.0,
COMP_1277,2025-12,0.0,0.0,0.0,0.0,0.0
COMP_1277,2026-01,0.0,0.0,0.0,0.0,0.0
COMP_1277,2026-02,0.0,0.0,0.0,0.0,0.0
COMP_1277,2026-03,0.0,0.0,0.0,0.0,0.0
COMP_1277,2026-04,0.0,0.0,0.0,0.0,0.0
COMP_1277,2026-05,0.0,0.0,0.0,0.0,0.0
COMP_1277,2026-06,0.0,0.0,0.0,0.0,0.0
COMP_1277,2026-07,0.0,0.0,0.0,0.0,0.0
COMP_1277,2026-08,0.0,0.0,0.0,0.0,0.0
COMP_1278,2025-10,,0.0,1.0,1.0,
COMP_1278,2025-11,,0.0,0.0,1.0,
COMP_1278,2025-12,,0.0,0.0,1.0,
COMP_1278,2026-01,,0.0,0.0,1.0,
COMP_1278,2026-02,,0.0,0.0,1.0,
COMP_1278,2026-03,,0.0,0.0,0.0,
COMP_1278,2026-04,0.0,0.0,0.0,0.0,0.0
COMP_1278,2026-05,0.0,0.0,0.0,0.0,0.0
COMP_1278,2026-06,0.0,0.0,0.0,0.0,0.0
COMP_1278,2026-07,0.0,0.0,0.0,0.0,0.0
COMP_1278,2026-08,0.0,0.0,0.0,0.0,0.0
COMP_1279,2025-02,,1.0,0.0,0.0,
COMP_1279,2025-03,,1.0,0.0,0.0,
COMP_1279,2025-04,,1.0,0.0,0.0,
COMP_1279,2025-05,,1.0,1.0,0.0,
COMP_1279,2025-06,,1.0,1.0,0.0,
COMP_1279,2025-07,,1.0,1.0,0.0,
COMP_1279,2025-08,,1.0,1.0,0.0,0.0
COMP_1279,2025-09,,1.0,1.0,0.0,0.0
COMP_1279,2025-10,0.0,1.0,1.0,0.0,0.0
COMP_1279,2025-11,0.0,1.0,1.0,0.0,0.0
COMP_1279,2025-12,0.0,1.0,1.0,0.0,0.0
COMP_1279,2026-01,0.0,1.0,1.0,0.0,0.0
COMP_1279,2026-02,1.0,1.0,1.0,1.0,0.0
COMP_1279,2026-03,1.0,1.0,1.0,0.0,0.0
COMP_1279,2026-04,0.0,1.0,1.0,0.0,0.0
COMP_1279,2026-05,0.0,1.0,1.0,0.0,0.0
COMP_1279,2026-06,0.0,1.0,1.0,0.0,0.0
COMP_1279,2026-07,0.0,1.0,1.0,0.0,0.0
COMP_1279,2026-08,0.0,1.0,1.0,0.0,0.0
COMP_1280,2025-12,,,0.0,1.0,
COMP_1280,2026-01,,,0.0,0.0,
COMP_1280,2026-02,,,0.0,1.0,
COMP_1280,2026-03,,,0.0,0.0,
COMP_1280,2026-04,,,0.0,1.0,
COMP_1280,2026-05,,,0.0,0.0,
COMP_1280,2026-06,0.0,,0.0,0.0,0.0
COMP_1280,2026-07,0.0,,0.0,0.0,0.0
COMP_1280,2026-08,0.0,,0.0,0.0,0.0
COMP_1281,2025-09,,0.0,1.0,0.0,
COMP_1281,2025-10,,1.0,1.0,1.0,
COMP_1281,2025-11,,1.0,1.0,0.0,
COMP_1281,2025-12,,1.0,1.0,0.0,
COMP_1281,2026-01,,0.0,1.0,1.0,
COMP_1281,2026-02,,0.0,1.0,1.0,
COMP_1281,2026-03,1.0,0.0,1.0,1.0,0.0
COMP_1281,2026-04,,0.0,1.0,0.0,0.0
COMP_1281,2026-05,,0.0,0.0,0.0,0.0
COMP_1281,2026-06,,0.0,0.0,0.0,0.0
COMP_1281,2026-07,,0.0,0.0,1.0,0.0
COMP_1281,2026-08,,0.0,0.0,1.0,0.0
COMP_1282,2025-02,,0.0,0.0,1.0,
COMP_1282,2025-03,,0.0,0.0,1.0,
COMP_1282,2025-04,,0.0,0.0,1.0,
COMP_1282,2025-05,,1.0,0.0,1.0,
COMP_1282,2025-06,,1.0,0.0,1.0,
COMP_1282,2025-07,,0.0,0.0,0.0,
COMP_1282,2025-08,1.0,0.0,0.0,1.0,0.0
COMP_1282,2025-09,0.0,0.0,0.0,0.0,0.0
COMP_1282,2025-10,0.0,0.0,0.0,1.0,0.0
COMP_1282,2025-11,0.0,0.0,0.0,1.0,0.0
COMP_1282,2025-12,0.0,0.0,0.0,1.0,0.0
COMP_1282,2026-01,0.0,0.0,0.0,0.0,0.0
COMP_1282,2026-02,0.0,0.0,0.0,0.0,0.0
COMP_1282,2026-03,0.0,0.0,0.0,0.0,0.0
COMP_1282,2026-04,0.0,0.0,0.0,1.0,0.0
COMP_1282,2026-05,0.0,0.0,0.0,1.0,0.0
COMP_1282,2026-06,0.0,0.0,0.0,0.0,0.0
COMP_1282,2026-07,0.0,0.0,0.0,0.0,0.0
COMP_1282,2026-08,0.0,0.0,0.0,1.0,0.0
COMP_1283,2025-12,,,0.0,0.0,
COMP_1283,2026-01,,,0.0,0.0,
COMP_1283,2026-02,,,0.0,0.0,
COMP_1283,2026-03,,,0.0,0.0,
COMP_1283,2026-04,,,0.0,0.0,
COMP_1283,2026-05,,,0.0,0.0,
COMP_1283,2026-06,0.0,,0.0,0.0,0.0
COMP_1283,2026-07,0.0,,0.0,0.0,0.0
COMP_1283,2026-08,0.0,,0.0,0.0,0.0
COMP_1284,2026-05,,0.0,0.0,0.0,
COMP_1284,2026-06,,0.0,0.0,0.0,
COMP_1284,2026-07,,0.0,0.0,0.0,
COMP_1284,2026-08,,0.0,0.0,0.0,
COMP_1285,2026-05,,0.0,,,
COMP_1285,2026-06,,0.0,,,
COMP_1285,2026-07,,0.0,,,
COMP_1285,2026-08,,0.0,,,
COMP_1286,2025-02,,,0.0,0.0,
COMP_1286,2025-03,,,0.0,0.0,
COMP_1286,2025-04,,,0.0,0.0,
COMP_1286,2025-05,,,0.0,1.0,
COMP_1286,2025-06,,,0.0,1.0,
COMP_1286,2025-07,,,0.0,1.0,
COMP_1286,2025-08,1.0,,0.0,1.0,0.0
COMP_1286,2025-09,,,0.0,1.0,0.0
COMP_1286,2025-10,,,0.0,1.0,0.0
COMP_1286,2025-11,,,0.0,1.0,0.0
COMP_1286,2025-12,1.0,,0.0,0.0,0.0
COMP_1286,2026-01,,,0.0,1.0,0.0
COMP_1286,2026-02,,,0.0,0.0,0.0
COMP_1286,2026-03,,,0.0,0.0,0.0
COMP_1286,2026-04,,,0.0,0.0,0.0
COMP_1286,2026-05,,,0.0,0.0,0.0
COMP_1286,2026-06,,,0.0,0.0,0.0
COMP_1286,2026-07,,,0.0,1.0,0.0
COMP_1286,2026-08,,,0.0,0.0,0.0
