product_id,company_id,date,balance,available,granted,liquidity,countable
PRODUCT_03496,COMP_0001,2026-09-01 00:00:00,31795.29,,,,
PRODUCT_04955,COMP_0001,2026-09-01 00:00:00,681.97,,,,
PRODUCT_02455,COMP_0002,2026-09-01 00:00:00,926103.68,,,926103.68,926103.68
PRODUCT_03252,COMP_0002,2026-09-01 00:00:00,135177.36,,,135177.36,135177.36
PRODUCT_03244,COMP_0003,2026-09-01 00:00:00,1052.77,,,,
PRODUCT_08018,COMP_0003,2026-09-01 00:00:00,0,,,,
PRODUCT_00591,COMP_0004,2026-09-01 00:00:00,-131735.94,,,,
PRODUCT_01562,COMP_0004,2026-09-01 00:00:00,-436.32,,-2000,1563.68,
PRODUCT_02113,COMP_0004,2026-09-01 00:00:00,0,,-200000,200000,
PRODUCT_02215,COMP_0004,2026-09-01 00:00:00,0,,-6000,6000,
PRODUCT_02336,COMP_0004,2026-09-01 00:00:00,-107.38,,-1000,892.62,
PRODUCT_02374,COMP_0004,2026-09-01 00:00:00,-44723.22,,-48475.48,,
PRODUCT_02925,COMP_0004,2026-09-01 00:00:00,108939.62,,,,
PRODUCT_02931,COMP_0004,2026-09-01 00:00:00,0,,-3000,3000,
PRODUCT_03473,COMP_0004,2026-09-01 00:00:00,-226395.99,,-246049.27,,
PRODUCT_03643,COMP_0004,2026-09-01 00:00:00,0,,-200000,200000,
PRODUCT_03888,COMP_0004,2026-09-01 00:00:00,-132843.48,,-200000,67156.52,
PRODUCT_03993,COMP_0004,2026-09-01 00:00:00,-70095.62,,-229904.38,,
PRODUCT_04334,COMP_0004,2026-09-01 00:00:00,0,,-3000,3000,
PRODUCT_04795,COMP_0004,2026-09-01 00:00:00,0,,-3000,3000,
PRODUCT_05373,COMP_0004,2026-09-01 00:00:00,-203872.46,,-400000,,
PRODUCT_06018,COMP_0004,2026-09-01 00:00:00,9839.59,,,,
PRODUCT_06280,COMP_0004,2026-09-01 00:00:00,0,,-50000,50000,
PRODUCT_06361,COMP_0004,2026-09-01 00:00:00,-111533.89,,-154912.88,,
PRODUCT_06557,COMP_0004,2026-09-01 00:00:00,184425.46,,-1000000,1184425.46,184425.46
PRODUCT_06794,COMP_0004,2026-09-01 00:00:00,1706.97,,,,
PRODUCT_07333,COMP_0004,2026-09-01 00:00:00,-67292.43,,-150000,82707.57,
PRODUCT_07547,COMP_0004,2026-09-01 00:00:00,-422.24,,-1000,577.76,
PRODUCT_07713,COMP_0004,2026-09-01 00:00:00,-26919.2,,-46669.3,,
PRODUCT_07753,COMP_0004,2026-09-01 00:00:00,-190.28,,-1000,809.72,
PRODUCT_07870,COMP_0004,2026-09-01 00:00:00,-11003.92,,-218494.56,,
PRODUCT_07932,COMP_0004,2026-09-01 00:00:00,2071.5,,,,
PRODUCT_03116,COMP_0005,2026-09-01 00:00:00,98189.8,,,,
PRODUCT_03933,COMP_0006,2026-09-01 00:00:00,15564.58,,,,
PRODUCT_05337,COMP_0006,2026-09-01 00:00:00,0,,,,
PRODUCT_00077,COMP_0007,2026-09-01 00:00:00,-953872.52,,-1000000,,
PRODUCT_00252,COMP_0007,2026-09-01 00:00:00,0,,-1000000,1000000,
PRODUCT_00280,COMP_0007,2026-09-01 00:00:00,-419787.55,,-486626.07,,
PRODUCT_00354,COMP_0007,2026-09-01 00:00:00,54001.97,,,,
PRODUCT_00480,COMP_0007,2026-09-01 00:00:00,0,,-2102.44,,
PRODUCT_00635,COMP_0007,2026-09-01 00:00:00,-14715.96,,-21831.84,,
PRODUCT_00636,COMP_0007,2026-09-01 00:00:00,63806.66,,,,
PRODUCT_00801,COMP_0007,2026-09-01 00:00:00,-509315.5,,-593298.86,,
PRODUCT_00846,COMP_0007,2026-09-01 00:00:00,0,,-6000,6000,
PRODUCT_00923,COMP_0007,2026-09-01 00:00:00,-5120.26,,-43300.72,,
PRODUCT_01073,COMP_0007,2026-09-01 00:00:00,-680444.74,,-742302.74,,
PRODUCT_01181,COMP_0007,2026-09-01 00:00:00,132.09,,,,
PRODUCT_01183,COMP_0007,2026-09-01 00:00:00,0,,-600,600,
PRODUCT_01217,COMP_0007,2026-09-01 00:00:00,0,,-300000,300000,
PRODUCT_01353,COMP_0007,2026-09-01 00:00:00,-4736.24,,-28417.44,,
PRODUCT_01359,COMP_0007,2026-09-01 00:00:00,-201690.79,,-226040.16,,
PRODUCT_01389,COMP_0007,2026-09-01 00:00:00,94654.18,,,,
PRODUCT_01469,COMP_0007,2026-09-01 00:00:00,0,,-3000,3000,
PRODUCT_01486,COMP_0007,2026-09-01 00:00:00,-510152.11,,-683238.89,,
PRODUCT_01499,COMP_0007,2026-09-01 00:00:00,-36.75,,-500000,499963.25,
PRODUCT_01743,COMP_0007,2026-09-01 00:00:00,-651570.89,,-787230.38,,
PRODUCT_01853,COMP_0007,2026-09-01 00:00:00,-27839.68,,-507102.32,,
PRODUCT_01970,COMP_0007,2026-09-01 00:00:00,7457.17,,,,
PRODUCT_01972,COMP_0007,2026-09-01 00:00:00,329490,,,329490,410609.18
PRODUCT_02060,COMP_0007,2026-09-01 00:00:00,-333637.6,,-333637.6,,
PRODUCT_02420,COMP_0007,2026-09-01 00:00:00,0,,-42843.34,,
PRODUCT_02560,COMP_0007,2026-09-01 00:00:00,0,,-600,600,
PRODUCT_02824,COMP_0007,2026-09-01 00:00:00,0,,-3000,3000,
PRODUCT_02884,COMP_0007,2026-09-01 00:00:00,-11895.4,,-30580.32,,
PRODUCT_02947,COMP_0007,2026-09-01 00:00:00,-678246.15,,-813678.13,,
PRODUCT_03042,COMP_0007,2026-09-01 00:00:00,1600.7,,,,
PRODUCT_03058,COMP_0007,2026-09-01 00:00:00,0,,,,
PRODUCT_03178,COMP_0007,2026-09-01 00:00:00,-392879.89,,-460089.66,,
PRODUCT_03476,COMP_0007,2026-09-01 00:00:00,0,,-2000000,2000000,
PRODUCT_03494,COMP_0007,2026-09-01 00:00:00,-17505.57,,-18544.8,,
PRODUCT_03746,COMP_0007,2026-09-01 00:00:00,0,,-800,800,
PRODUCT_03835,COMP_0007,2026-09-01 00:00:00,0,,-9000000,9000000,
PRODUCT_03988,COMP_0007,2026-09-01 00:00:00,11542.45,,,,
PRODUCT_03998,COMP_0007,2026-09-01 00:00:00,-251812.88,,-291965.8,,
PRODUCT_04042,COMP_0007,2026-09-01 00:00:00,-1.2,,-350000,349998.8,
PRODUCT_04105,COMP_0007,2026-09-01 00:00:00,-59190.56,,,,
PRODUCT_04136,COMP_0007,2026-09-01 00:00:00,-308971.59,,-1250000,941028.41,
PRODUCT_04392,COMP_0007,2026-09-01 00:00:00,-5169.1,,-21764.64,,
PRODUCT_04433,COMP_0007,2026-09-01 00:00:00,-324.18,,-300000,299675.82,-324.18
PRODUCT_04644,COMP_0007,2026-09-01 00:00:00,1569.98,,,,
PRODUCT_04650,COMP_0007,2026-09-01 00:00:00,-136162,,-638280,,
PRODUCT_04658,COMP_0007,2026-09-01 00:00:00,-365461.32,,-460078.36,,
PRODUCT_04929,COMP_0007,2026-09-01 00:00:00,0,,,,
PRODUCT_04945,COMP_0007,2026-09-01 00:00:00,1962.12,,,,
PRODUCT_04946,COMP_0007,2026-09-01 00:00:00,-451170.4,,-1369623.7,,
PRODUCT_04972,COMP_0007,2026-09-01 00:00:00,-315955.1,,-1250000,934044.9,
PRODUCT_05405,COMP_0007,2026-09-01 00:00:00,-499519.63,,-608343.89,,
PRODUCT_05420,COMP_0007,2026-09-01 00:00:00,2028.67,,,,
PRODUCT_05427,COMP_0007,2026-09-01 00:00:00,2.17,,,,
PRODUCT_05604,COMP_0007,2026-09-01 00:00:00,-47724.91,,-200000,,
PRODUCT_05736,COMP_0007,2026-09-01 00:00:00,50930.15,,,,
PRODUCT_05766,COMP_0007,2026-09-01 00:00:00,0,,,,
PRODUCT_08258,COMP_0007,2026-09-01 00:00:00,-100000,,,,
PRODUCT_05782,COMP_0007,2026-09-01 00:00:00,3578.15,,,,
PRODUCT_05848,COMP_0007,2026-09-01 00:00:00,-609.84,,-3000,2390.16,2390.16
PRODUCT_05951,COMP_0007,2026-09-01 00:00:00,0,,-201946.31,,
PRODUCT_05989,COMP_0007,2026-09-01 00:00:00,-528.44,,-500000,499471.56,-528.44
PRODUCT_06075,COMP_0007,2026-09-01 00:00:00,-138632.65,,-344842.76,,
PRODUCT_06080,COMP_0007,2026-09-01 00:00:00,-11.65,,-1,-10.65,
PRODUCT_06156,COMP_0007,2026-09-01 00:00:00,-189768.82,,-259910.43,,
PRODUCT_06168,COMP_0007,2026-09-01 00:00:00,1446.34,,,1446.34,1446.34
PRODUCT_06212,COMP_0007,2026-09-01 00:00:00,43177.26,,,,
PRODUCT_06671,COMP_0007,2026-09-01 00:00:00,-473671.03,,-500000,,
PRODUCT_06707,COMP_0007,2026-09-01 00:00:00,-366501.49,,-500000,,
PRODUCT_06785,COMP_0007,2026-09-01 00:00:00,2129.43,,,,
PRODUCT_06802,COMP_0007,2026-09-01 00:00:00,-3595856.5,,,,
PRODUCT_06814,COMP_0007,2026-09-01 00:00:00,-29520.66,,-442772.66,,
PRODUCT_07021,COMP_0007,2026-09-01 00:00:00,-2701.14,,-4155.6,,
PRODUCT_07069,COMP_0007,2026-09-01 00:00:00,0,,-3000,3000,
PRODUCT_07111,COMP_0007,2026-09-01 00:00:00,0,,,,
PRODUCT_07167,COMP_0007,2026-09-01 00:00:00,522531.77,,,,
PRODUCT_07202,COMP_0007,2026-09-01 00:00:00,-18.47,,-1700000,1699981.53,599981.53
PRODUCT_07297,COMP_0007,2026-09-01 00:00:00,0,,-3000,3000,
PRODUCT_07335,COMP_0007,2026-09-01 00:00:00,0,,-6000,6000,
PRODUCT_07369,COMP_0007,2026-09-01 00:00:00,-431975.94,,-571286.39,,
PRODUCT_07372,COMP_0007,2026-09-01 00:00:00,1491.29,,,,
PRODUCT_07467,COMP_0007,2026-09-01 00:00:00,5098.6,,,,
PRODUCT_07481,COMP_0007,2026-09-01 00:00:00,2764697.41,,,,
PRODUCT_07759,COMP_0007,2026-09-01 00:00:00,0,,-3000,3000,
PRODUCT_07769,COMP_0007,2026-09-01 00:00:00,-920056.85,,-1000000,,
PRODUCT_07777,COMP_0007,2026-09-01 00:00:00,39008.4,,,,
PRODUCT_08082,COMP_0007,2026-09-01 00:00:00,-917.15,,-3000,2082.85,2082.85
PRODUCT_08084,COMP_0007,2026-09-01 00:00:00,0,,-250000,250000,250000
PRODUCT_08159,COMP_0007,2026-09-01 00:00:00,-76.7,,-800000,799923.3,
PRODUCT_08182,COMP_0007,2026-09-01 00:00:00,-11949.15,,-19377,,
PRODUCT_00138,COMP_0008,2026-09-01 00:00:00,0,,,,
PRODUCT_01258,COMP_0008,2026-09-01 00:00:00,1474.14,,,,
PRODUCT_03241,COMP_0008,2026-09-01 00:00:00,0,,,,
PRODUCT_04543,COMP_0008,2026-09-01 00:00:00,2169.72,,,,
PRODUCT_05290,COMP_0008,2026-09-01 00:00:00,0,,,,
PRODUCT_05739,COMP_0008,2026-09-01 00:00:00,18688.48,,,,
PRODUCT_05881,COMP_0008,2026-09-01 00:00:00,0,,,,
PRODUCT_05888,COMP_0008,2026-09-01 00:00:00,0,,-1200,1200,
PRODUCT_07850,COMP_0008,2026-09-01 00:00:00,0,,,,
PRODUCT_00102,COMP_0009,2026-09-01 00:00:00,156290.61,,,,
PRODUCT_01166,COMP_0009,2026-09-01 00:00:00,0,,-2400,2400,2360.2
PRODUCT_02195,COMP_0009,2026-09-01 00:00:00,-27.43,,-1500,1472.57,1493.75
PRODUCT_03218,COMP_0009,2026-09-01 00:00:00,-129.95,,-5400,5270.05,5400
PRODUCT_03545,COMP_0009,2026-09-01 00:00:00,-113.28,,-2400,2286.72,2300.01
PRODUCT_03647,COMP_0009,2026-09-01 00:00:00,-13500000,,-38791666.68,,
PRODUCT_05486,COMP_0009,2026-09-01 00:00:00,0,,-2400,2400,2400
PRODUCT_05588,COMP_0009,2026-09-01 00:00:00,-7000000,,,,
PRODUCT_06517,COMP_0009,2026-09-01 00:00:00,0,,,,
PRODUCT_08085,COMP_0009,2026-09-01 00:00:00,-10000000,,,,
PRODUCT_08183,COMP_0009,2026-09-01 00:00:00,-93110.08,,,,
PRODUCT_05638,COMP_0010,2026-09-01 00:00:00,52068.51,,,,
PRODUCT_02349,COMP_0011,2026-09-01 00:00:00,4141.67,,,,
PRODUCT_04068,COMP_0011,2026-09-01 00:00:00,38355.61,,,,
PRODUCT_06076,COMP_0011,2026-09-01 00:00:00,0,,,,
PRODUCT_07121,COMP_0011,2026-09-01 00:00:00,0,,,,
PRODUCT_03137,COMP_0012,2026-09-01 00:00:00,846.9,,,,
PRODUCT_06291,COMP_0012,2026-09-01 00:00:00,57776.14,,,,
PRODUCT_02005,COMP_0013,2026-09-01 00:00:00,9398.66,,,,
PRODUCT_02842,COMP_0013,2026-09-01 00:00:00,0,,,,
PRODUCT_03970,COMP_0013,2026-09-01 00:00:00,-31679.11,,-50000,,
PRODUCT_06727,COMP_0013,2026-09-01 00:00:00,7256.78,,,,
PRODUCT_06982,COMP_0013,2026-09-01 00:00:00,-73638.69,,-100000,,
PRODUCT_07259,COMP_0013,2026-09-01 00:00:00,0,,-1000,1000,
PRODUCT_04371,COMP_0014,2026-09-01 00:00:00,-212.15,,,,
PRODUCT_08101,COMP_0015,2026-09-01 00:00:00,37541.65,,,,
PRODUCT_00314,COMP_0016,2026-09-01 00:00:00,1007384.84,,,,
PRODUCT_01404,COMP_0016,2026-09-01 00:00:00,666.96,,,,
PRODUCT_02718,COMP_0016,2026-09-01 00:00:00,753.72,,,,
PRODUCT_02945,COMP_0016,2026-09-01 00:00:00,0,,,,
PRODUCT_02995,COMP_0016,2026-09-01 00:00:00,0,,,,
PRODUCT_03917,COMP_0016,2026-09-01 00:00:00,0,,,,
PRODUCT_04357,COMP_0016,2026-09-01 00:00:00,0,,,,
PRODUCT_04679,COMP_0016,2026-09-01 00:00:00,108925.19,,,,
PRODUCT_06123,COMP_0016,2026-09-01 00:00:00,2990797.95,,,,
PRODUCT_06767,COMP_0016,2026-09-01 00:00:00,0,,,,
PRODUCT_07293,COMP_0016,2026-09-01 00:00:00,3784156.07,,,,
PRODUCT_03232,COMP_0017,2026-09-01 00:00:00,17976.39,,,,
PRODUCT_08223,COMP_0018,2026-09-01 00:00:00,16865.51,,,,
PRODUCT_00372,COMP_0019,2026-09-01 00:00:00,13600.68,,,,
PRODUCT_00964,COMP_0019,2026-09-01 00:00:00,6764.14,,,,
PRODUCT_06524,COMP_0019,2026-09-01 00:00:00,5000,,,,
PRODUCT_00498,COMP_0020,2026-09-01 00:00:00,12238.73,,,,
PRODUCT_00772,COMP_0020,2026-09-01 00:00:00,4000000,,,,
PRODUCT_01343,COMP_0020,2026-09-01 00:00:00,0,,,,
PRODUCT_01690,COMP_0020,2026-09-01 00:00:00,-450000,,-450000,,
PRODUCT_01792,COMP_0020,2026-09-01 00:00:00,19000000,,,,
PRODUCT_03510,COMP_0020,2026-09-01 00:00:00,24.2,,,,
PRODUCT_04199,COMP_0020,2026-09-01 00:00:00,1249205.28,,-5000000,6249205.28,1053246.69
PRODUCT_05281,COMP_0020,2026-09-01 00:00:00,0,,,,
PRODUCT_05322,COMP_0021,2026-09-01 00:00:00,302506.1,,,,
PRODUCT_01488,COMP_0022,2026-09-01 00:00:00,0,,-3000,3000,2500
PRODUCT_03076,COMP_0022,2026-09-01 00:00:00,134125.61,,,,
PRODUCT_03654,COMP_0022,2026-09-01 00:00:00,-500,,-3000,2500,2500
PRODUCT_03937,COMP_0022,2026-09-01 00:00:00,110138.58,,,,
PRODUCT_02552,COMP_0023,2026-09-01 00:00:00,0,,,,
PRODUCT_03851,COMP_0023,2026-09-01 00:00:00,0,,,,
PRODUCT_04340,COMP_0023,2026-09-01 00:00:00,5003.83,,,5003.83,5003.83
PRODUCT_04947,COMP_0023,2026-09-01 00:00:00,3196.78,,,,
PRODUCT_04954,COMP_0023,2026-09-01 00:00:00,171828.52,,,171828.52,107684.66
PRODUCT_06780,COMP_0023,2026-09-01 00:00:00,0,,,,
PRODUCT_06860,COMP_0023,2026-09-01 00:00:00,0,,,,
PRODUCT_02108,COMP_0024,2026-09-01 00:00:00,25301.11,,,,
PRODUCT_05410,COMP_0024,2026-09-01 00:00:00,1198186.78,,,,
PRODUCT_03011,COMP_0025,2026-09-01 00:00:00,31272.71,,,,
PRODUCT_03161,COMP_0025,2026-09-01 00:00:00,10345.99,,,,
PRODUCT_07131,COMP_0025,2026-09-01 00:00:00,433777.03,,,,
PRODUCT_07180,COMP_0025,2026-09-01 00:00:00,476.39,,,,
PRODUCT_00727,COMP_0026,2026-09-01 00:00:00,260837.44,,,260837.44,261569.6
PRODUCT_03761,COMP_0026,2026-09-01 00:00:00,13574.52,,,,
PRODUCT_01938,COMP_0027,2026-09-01 00:00:00,0,,,0,0
PRODUCT_04422,COMP_0027,2026-09-01 00:00:00,0,,-3000,3000,2670
PRODUCT_04873,COMP_0027,2026-09-01 00:00:00,4636.14,,,4636.14,4636.14
PRODUCT_04976,COMP_0027,2026-09-01 00:00:00,0,,,,
PRODUCT_05622,COMP_0027,2026-09-01 00:00:00,159977.8,,,159977.8,159977.8
PRODUCT_06532,COMP_0027,2026-09-01 00:00:00,0,,-3000,3000,3000
PRODUCT_06620,COMP_0027,2026-09-01 00:00:00,-24.88,,-3000,2975.12,2989.11
PRODUCT_07292,COMP_0027,2026-09-01 00:00:00,0,,,,
PRODUCT_04020,COMP_0028,2026-09-01 00:00:00,11572.88,,,,
PRODUCT_04343,COMP_0028,2026-09-01 00:00:00,0,,,,
PRODUCT_00253,COMP_0029,2026-09-01 00:00:00,2899.86,,,,
PRODUCT_00330,COMP_0029,2026-09-01 00:00:00,35603.88,,,,
PRODUCT_00333,COMP_0029,2026-09-01 00:00:00,1044410.93,,,,
PRODUCT_00621,COMP_0029,2026-09-01 00:00:00,12212,,,,
PRODUCT_05038,COMP_0029,2026-09-01 00:00:00,27919.84,,,,
PRODUCT_07235,COMP_0029,2026-09-01 00:00:00,40409.48,,,,
PRODUCT_03806,COMP_0030,2026-09-01 00:00:00,4644029.52,,,,
PRODUCT_05386,COMP_0030,2026-09-01 00:00:00,13914.26,,,,
PRODUCT_08109,COMP_0030,2026-09-01 00:00:00,19000000,,,,
PRODUCT_01288,COMP_0031,2026-09-01 00:00:00,3892.96,,,,
PRODUCT_03078,COMP_0031,2026-09-01 00:00:00,3892.96,,,,
PRODUCT_07887,COMP_0031,2026-09-01 00:00:00,25.8,,,,
PRODUCT_07682,COMP_0032,2026-09-01 00:00:00,22440.47,,,,
PRODUCT_00008,COMP_0034,2026-09-01 00:00:00,0,,,,
PRODUCT_00329,COMP_0034,2026-09-01 00:00:00,6163.94,,,,
PRODUCT_01168,COMP_0034,2026-09-01 00:00:00,0,,,,
PRODUCT_01184,COMP_0034,2026-09-01 00:00:00,-724817.59,,-933923.42,,
PRODUCT_01439,COMP_0034,2026-09-01 00:00:00,80401.17,,,,
PRODUCT_02313,COMP_0034,2026-09-01 00:00:00,231213.81,,,,
PRODUCT_02619,COMP_0034,2026-09-01 00:00:00,0,,,,
PRODUCT_02991,COMP_0034,2026-09-01 00:00:00,11045.14,,,,
PRODUCT_02996,COMP_0034,2026-09-01 00:00:00,-465.4,,-4300,3834.6,
PRODUCT_03879,COMP_0034,2026-09-01 00:00:00,13921.78,,,,
PRODUCT_04832,COMP_0034,2026-09-01 00:00:00,8096.18,,,,
PRODUCT_07324,COMP_0034,2026-09-01 00:00:00,0,,,,
PRODUCT_00234,COMP_0035,2026-09-01 00:00:00,229062.55,,,,
PRODUCT_04740,COMP_0035,2026-09-01 00:00:00,106782.66,,,,
PRODUCT_05086,COMP_0035,2026-09-01 00:00:00,21604.77,,,,
PRODUCT_05099,COMP_0035,2026-09-01 00:00:00,107133.84,,,,
PRODUCT_05162,COMP_0035,2026-09-01 00:00:00,0,,,,
PRODUCT_05729,COMP_0035,2026-09-01 00:00:00,136785.12,,,,
PRODUCT_06549,COMP_0035,2026-09-01 00:00:00,6408.35,,,,
PRODUCT_06782,COMP_0035,2026-09-01 00:00:00,0,,,,
PRODUCT_04951,COMP_0036,2026-09-01 00:00:00,776489.35,,,,
PRODUCT_01666,COMP_0037,2026-09-01 00:00:00,9769.13,,,,
PRODUCT_07437,COMP_0037,2026-09-01 00:00:00,41565.56,,,,
PRODUCT_00149,COMP_0038,2026-09-01 00:00:00,26405.21,,,,
PRODUCT_00478,COMP_0038,2026-09-01 00:00:00,2554.04,,,,
PRODUCT_00698,COMP_0038,2026-09-01 00:00:00,16908.55,,,,
PRODUCT_00723,COMP_0038,2026-09-01 00:00:00,-66,,-100,34,59.7
PRODUCT_00768,COMP_0038,2026-09-01 00:00:00,-689.18,,-1800,1110.82,1717.08
PRODUCT_02082,COMP_0038,2026-09-01 00:00:00,1198.14,,,1198.14,1198.14
PRODUCT_02532,COMP_0038,2026-09-01 00:00:00,324.27,,,,
PRODUCT_02541,COMP_0038,2026-09-01 00:00:00,-2865104.62,,-3500000,,
PRODUCT_02678,COMP_0038,2026-09-01 00:00:00,8942.94,,,,
PRODUCT_02787,COMP_0038,2026-09-01 00:00:00,-5343.69,,-9000,3656.31,5564.52
PRODUCT_02823,COMP_0038,2026-09-01 00:00:00,0,,-500,500,500
PRODUCT_03019,COMP_0038,2026-09-01 00:00:00,138485.76,,,,
PRODUCT_03497,COMP_0038,2026-09-01 00:00:00,-1547368.5,,-1711767.59,,
PRODUCT_03789,COMP_0038,2026-09-01 00:00:00,-116.47,,-500,383.53,500
PRODUCT_04341,COMP_0038,2026-09-01 00:00:00,0,,,,
PRODUCT_05324,COMP_0038,2026-09-01 00:00:00,-128.75,,-300,171.25,216.35
PRODUCT_05356,COMP_0038,2026-09-01 00:00:00,-119.85,,-100,-19.85,38.15
PRODUCT_05377,COMP_0038,2026-09-01 00:00:00,0,,-9000,9000,9000
PRODUCT_05534,COMP_0038,2026-09-01 00:00:00,-59.7,,-100,40.3,23.6
PRODUCT_05968,COMP_0038,2026-09-01 00:00:00,-53.5,,-100,46.5,72.9
PRODUCT_06091,COMP_0038,2026-09-01 00:00:00,5623.93,,,,
PRODUCT_06645,COMP_0038,2026-09-01 00:00:00,-1122.14,,-9000,7877.86,7098.7
PRODUCT_07655,COMP_0038,2026-09-01 00:00:00,7312.34,,,,
PRODUCT_07783,COMP_0038,2026-09-01 00:00:00,-76.31,,-1200,1123.69,963.75
PRODUCT_07978,COMP_0038,2026-09-01 00:00:00,350.89,,,,
PRODUCT_00492,COMP_0039,2026-09-01 00:00:00,16163.65,,,,
PRODUCT_02116,COMP_0039,2026-09-01 00:00:00,-531.77,,-3000,2468.23,-531.77
PRODUCT_00740,COMP_0040,2026-09-01 00:00:00,0,,,,
PRODUCT_01929,COMP_0040,2026-09-01 00:00:00,0,,,,
PRODUCT_02486,COMP_0040,2026-09-01 00:00:00,0,,,,
PRODUCT_02577,COMP_0040,2026-09-01 00:00:00,0,,,,
PRODUCT_03109,COMP_0040,2026-09-01 00:00:00,0,,,,
PRODUCT_03511,COMP_0040,2026-09-01 00:00:00,-791453.76,,-791453.76,0,
PRODUCT_04325,COMP_0040,2026-09-01 00:00:00,133910.62,,,133910.62,133910.62
PRODUCT_05845,COMP_0040,2026-09-01 00:00:00,0,,,,
PRODUCT_06098,COMP_0040,2026-09-01 00:00:00,-21741282.47,,-22615225.39,,
PRODUCT_07643,COMP_0040,2026-09-01 00:00:00,0,,,,
PRODUCT_01462,COMP_0041,2026-09-01 00:00:00,818.05,,,,
PRODUCT_01529,COMP_0041,2026-09-01 00:00:00,-490788.23,,-532134.75,,
PRODUCT_03016,COMP_0041,2026-09-01 00:00:00,24026.69,,,,
PRODUCT_05675,COMP_0041,2026-09-01 00:00:00,917.36,,,,
PRODUCT_05860,COMP_0041,2026-09-01 00:00:00,125.72,,,,
PRODUCT_07894,COMP_0041,2026-09-01 00:00:00,-43581.68,,-44216.95,,
PRODUCT_00860,COMP_0042,2026-09-01 00:00:00,1414.89,,,,
PRODUCT_02170,COMP_0042,2026-09-01 00:00:00,1512.99,,,1512.99,
PRODUCT_03017,COMP_0042,2026-09-01 00:00:00,0,,,,
PRODUCT_03160,COMP_0042,2026-09-01 00:00:00,104223.66,,,,
PRODUCT_03925,COMP_0042,2026-09-01 00:00:00,3095.13,,,3095.13,
PRODUCT_05082,COMP_0042,2026-09-01 00:00:00,185631.88,,,185631.88,185647.88
PRODUCT_05147,COMP_0042,2026-09-01 00:00:00,1719.52,,,,
PRODUCT_05177,COMP_0042,2026-09-01 00:00:00,0,,,,
PRODUCT_05196,COMP_0042,2026-09-01 00:00:00,510.54,,,,
PRODUCT_05320,COMP_0042,2026-09-01 00:00:00,38808.38,,,,
PRODUCT_05528,COMP_0042,2026-09-01 00:00:00,367046.92,,,367046.92,475143.41
PRODUCT_07300,COMP_0042,2026-09-01 00:00:00,8502.63,,,,
PRODUCT_07707,COMP_0042,2026-09-01 00:00:00,3593.43,,,,
PRODUCT_08198,COMP_0042,2026-09-01 00:00:00,132.96,,,,
PRODUCT_08200,COMP_0042,2026-09-01 00:00:00,0,,,,
PRODUCT_08204,COMP_0042,2026-09-01 00:00:00,0,,,,
PRODUCT_08206,COMP_0042,2026-09-01 00:00:00,134449.17,,,,
PRODUCT_08211,COMP_0042,2026-09-01 00:00:00,2574.22,,,,
PRODUCT_08213,COMP_0042,2026-09-01 00:00:00,0,,-65089.46,,
PRODUCT_04086,COMP_0043,2026-09-01 00:00:00,249709.66,,,,
PRODUCT_07618,COMP_0043,2026-09-01 00:00:00,12604.4,,,,
PRODUCT_07910,COMP_0043,2026-09-01 00:00:00,0,,,,
PRODUCT_00907,COMP_0044,2026-09-01 00:00:00,0,,,,
PRODUCT_06527,COMP_0045,2026-09-01 00:00:00,218634.14,,,,
PRODUCT_08259,COMP_0046,2026-09-01 00:00:00,-476658.35,,-488000,,
PRODUCT_01501,COMP_0046,2026-09-01 00:00:00,333025.39,,,,
PRODUCT_08230,COMP_0046,2026-09-01 00:00:00,382758.36,,,,
PRODUCT_00147,COMP_0047,2026-09-01 00:00:00,-100636.88,,,,
PRODUCT_00209,COMP_0047,2026-09-01 00:00:00,0,,-8780.52,,
PRODUCT_00811,COMP_0047,2026-09-01 00:00:00,0,,,,
PRODUCT_00879,COMP_0047,2026-09-01 00:00:00,0,,-42496.87,,
PRODUCT_00886,COMP_0047,2026-09-01 00:00:00,0,,-256287.28,,
PRODUCT_00946,COMP_0047,2026-09-01 00:00:00,0,,,,
PRODUCT_01029,COMP_0047,2026-09-01 00:00:00,0,,-3922,,
PRODUCT_01055,COMP_0047,2026-09-01 00:00:00,0,,-70000,,
PRODUCT_01536,COMP_0047,2026-09-01 00:00:00,0,,-44117.69,,
PRODUCT_01919,COMP_0047,2026-09-01 00:00:00,75.48,,,,
PRODUCT_02267,COMP_0047,2026-09-01 00:00:00,0,,-61010.14,,
PRODUCT_02485,COMP_0047,2026-09-01 00:00:00,0,,-112195.69,,
PRODUCT_03220,COMP_0047,2026-09-01 00:00:00,-2280000,,-2660000,,
PRODUCT_03422,COMP_0047,2026-09-01 00:00:00,305,,,,
PRODUCT_03501,COMP_0047,2026-09-01 00:00:00,14464.22,,,,
PRODUCT_03870,COMP_0047,2026-09-01 00:00:00,0,,-1950.09,,
PRODUCT_04059,COMP_0047,2026-09-01 00:00:00,0,,,,
PRODUCT_04103,COMP_0047,2026-09-01 00:00:00,0,,-200000,,
PRODUCT_04149,COMP_0047,2026-09-01 00:00:00,0,,,,0
PRODUCT_04219,COMP_0047,2026-09-01 00:00:00,115.78,,,,
PRODUCT_04351,COMP_0047,2026-09-01 00:00:00,0,,,,
PRODUCT_04517,COMP_0047,2026-09-01 00:00:00,0,,-12000,12000,11950
PRODUCT_04531,COMP_0047,2026-09-01 00:00:00,0,,-1,1,
PRODUCT_04532,COMP_0047,2026-09-01 00:00:00,-76616.68,,-400000,,
PRODUCT_04535,COMP_0047,2026-09-01 00:00:00,-7.75,,,,
PRODUCT_04888,COMP_0047,2026-09-01 00:00:00,-4,,,,
PRODUCT_04890,COMP_0047,2026-09-01 00:00:00,740876.32,,,,
PRODUCT_05070,COMP_0047,2026-09-01 00:00:00,-26074.61,,-200000,173925.39,0
PRODUCT_05198,COMP_0047,2026-09-01 00:00:00,0,,-500000,,
PRODUCT_05271,COMP_0047,2026-09-01 00:00:00,0,,-151666.65,,
PRODUCT_05372,COMP_0047,2026-09-01 00:00:00,0,,,,
PRODUCT_05437,COMP_0047,2026-09-01 00:00:00,-1.46,,-2.43,,
PRODUCT_06207,COMP_0047,2026-09-01 00:00:00,0,,,,0
PRODUCT_06303,COMP_0047,2026-09-01 00:00:00,-96,,-6000,5904,
PRODUCT_06347,COMP_0047,2026-09-01 00:00:00,0,,-5930,,
PRODUCT_06604,COMP_0047,2026-09-01 00:00:00,27.58,,,,
PRODUCT_06719,COMP_0047,2026-09-01 00:00:00,-109755.11,,-154978.58,,
PRODUCT_07060,COMP_0047,2026-09-01 00:00:00,0,,-17787.36,,
PRODUCT_07062,COMP_0047,2026-09-01 00:00:00,65.77,,,,
PRODUCT_07937,COMP_0047,2026-09-01 00:00:00,100.2,,,,
PRODUCT_08048,COMP_0047,2026-09-01 00:00:00,0,,-7853.24,,
PRODUCT_00632,COMP_0048,2026-09-01 00:00:00,0,,,,0
PRODUCT_02772,COMP_0048,2026-09-01 00:00:00,0,,,,
PRODUCT_03418,COMP_0048,2026-09-01 00:00:00,-40316.16,,-40316.16,,
PRODUCT_04213,COMP_0048,2026-09-01 00:00:00,0,,,,
PRODUCT_02059,COMP_0049,2026-09-01 00:00:00,-135000,,,,
PRODUCT_02160,COMP_0049,2026-09-01 00:00:00,-424199.91,,-500000,75800.09,-653543.57
PRODUCT_02551,COMP_0049,2026-09-01 00:00:00,-19.6,,-2000,1980.4,
PRODUCT_02736,COMP_0049,2026-09-01 00:00:00,0,,,,
PRODUCT_03515,COMP_0049,2026-09-01 00:00:00,-734.35,,-15000,14265.65,
PRODUCT_03661,COMP_0049,2026-09-01 00:00:00,-4367.06,,-15000,10632.94,
PRODUCT_04828,COMP_0049,2026-09-01 00:00:00,0,,-2000,2000,
PRODUCT_04957,COMP_0049,2026-09-01 00:00:00,0,,-5000,5000,
PRODUCT_05474,COMP_0049,2026-09-01 00:00:00,-734.35,,-15000,14265.65,
PRODUCT_06261,COMP_0049,2026-09-01 00:00:00,478.92,,,,
PRODUCT_06449,COMP_0049,2026-09-01 00:00:00,-2569.68,,-15000,12430.32,
PRODUCT_06609,COMP_0049,2026-09-01 00:00:00,-159.5,,-2000,1840.5,
PRODUCT_06876,COMP_0049,2026-09-01 00:00:00,-734.35,,-15000,14265.65,
PRODUCT_07265,COMP_0049,2026-09-01 00:00:00,-43333.32,,-130000,,
PRODUCT_07878,COMP_0049,2026-09-01 00:00:00,-734.35,,-15000,14265.65,
PRODUCT_08080,COMP_0049,2026-09-01 00:00:00,-4367.06,,-15000,10632.94,
PRODUCT_03298,COMP_0050,2026-09-01 00:00:00,115188.63,,,115188.63,
PRODUCT_03958,COMP_0050,2026-09-01 00:00:00,104544.93,,,104544.93,
PRODUCT_00912,COMP_0051,2026-09-01 00:00:00,-1976356.21,,-2000000,23643.79,-1976356.21
PRODUCT_03197,COMP_0051,2026-09-01 00:00:00,0,,,,
PRODUCT_03960,COMP_0051,2026-09-01 00:00:00,5705.86,,,,
PRODUCT_05222,COMP_0051,2026-09-01 00:00:00,25.28,,,,
PRODUCT_05698,COMP_0051,2026-09-01 00:00:00,-895360.79,,-2000000,1104639.21,-895360.79
PRODUCT_06371,COMP_0051,2026-09-01 00:00:00,0,,,,
PRODUCT_07080,COMP_0051,2026-09-01 00:00:00,-832716.37,,-1000000,167283.63,
PRODUCT_07846,COMP_0051,2026-09-01 00:00:00,-3610098.62,,-5000000,,
PRODUCT_08146,COMP_0051,2026-09-01 00:00:00,148592.42,,,,
PRODUCT_02093,COMP_0052,2026-09-01 00:00:00,8191.15,,,,
PRODUCT_06899,COMP_0052,2026-09-01 00:00:00,24806.52,,,,
PRODUCT_03328,COMP_0053,2026-09-01 00:00:00,34324.38,,,,
PRODUCT_00120,COMP_0054,2026-09-01 00:00:00,0,,,,
PRODUCT_00158,COMP_0054,2026-09-01 00:00:00,14792.78,,,,
PRODUCT_01696,COMP_0054,2026-09-01 00:00:00,0,,,,
PRODUCT_02045,COMP_0054,2026-09-01 00:00:00,0,,,,
PRODUCT_02425,COMP_0054,2026-09-01 00:00:00,0,,,,
PRODUCT_05727,COMP_0054,2026-09-01 00:00:00,600716.37,,,,
PRODUCT_06610,COMP_0054,2026-09-01 00:00:00,0,,,,
PRODUCT_06915,COMP_0054,2026-09-01 00:00:00,3774200.14,,,,
PRODUCT_07635,COMP_0054,2026-09-01 00:00:00,10774755.69,,,,
PRODUCT_00976,COMP_0055,2026-09-01 00:00:00,-2471.38,,,,
PRODUCT_06377,COMP_0055,2026-09-01 00:00:00,-13826.5,,,,
PRODUCT_07661,COMP_0055,2026-09-01 00:00:00,59259.05,,,,
PRODUCT_00894,COMP_0056,2026-09-01 00:00:00,3800.23,,,,
PRODUCT_05497,COMP_0056,2026-09-01 00:00:00,22851.87,,,,
PRODUCT_03005,COMP_0057,2026-09-01 00:00:00,755882.56,,,755882.56,
PRODUCT_07877,COMP_0057,2026-09-01 00:00:00,5,,,,
PRODUCT_00110,COMP_0058,2026-09-01 00:00:00,-888280.08,,-900000,11719.92,
PRODUCT_00227,COMP_0058,2026-09-01 00:00:00,-126414.21,,-160510.72,,
PRODUCT_00717,COMP_0058,2026-09-01 00:00:00,15565.51,,,,
PRODUCT_00720,COMP_0058,2026-09-01 00:00:00,-1738354.43,,-1804140.55,,
PRODUCT_00782,COMP_0058,2026-09-01 00:00:00,0,,,,
PRODUCT_00940,COMP_0058,2026-09-01 00:00:00,-16218.85,,-18921.98,,
PRODUCT_01180,COMP_0058,2026-09-01 00:00:00,-450682.76,,-500000,49317.24,
PRODUCT_01506,COMP_0058,2026-09-01 00:00:00,67392.41,,,,
PRODUCT_01850,COMP_0058,2026-09-01 00:00:00,7984791.79,,-6000000,13984791.79,
PRODUCT_01879,COMP_0058,2026-09-01 00:00:00,-493718.32,,-500000,6281.68,
PRODUCT_01884,COMP_0058,2026-09-01 00:00:00,13917.51,,,13917.51,
PRODUCT_02090,COMP_0058,2026-09-01 00:00:00,-178839.12,,-193184.34,,
PRODUCT_02167,COMP_0058,2026-09-01 00:00:00,31437.19,,,,
PRODUCT_02201,COMP_0058,2026-09-01 00:00:00,-231355.62,,-253334.37,,
PRODUCT_02407,COMP_0058,2026-09-01 00:00:00,3050,,,,
PRODUCT_02458,COMP_0058,2026-09-01 00:00:00,-293876.58,,-313822.21,,
PRODUCT_02484,COMP_0058,2026-09-01 00:00:00,-27629.76,,-28781,,
PRODUCT_02521,COMP_0058,2026-09-01 00:00:00,0,,,,
PRODUCT_02645,COMP_0058,2026-09-01 00:00:00,-689377.44,,-700000,,
PRODUCT_02652,COMP_0058,2026-09-01 00:00:00,-881567.59,,-900000,18432.41,
PRODUCT_02788,COMP_0058,2026-09-01 00:00:00,-221449.55,,-239250.24,,
PRODUCT_02805,COMP_0058,2026-09-01 00:00:00,-169826.81,,-185665.56,,
PRODUCT_03090,COMP_0058,2026-09-01 00:00:00,-5916855.25,,-7000000,1083144.75,
PRODUCT_03502,COMP_0058,2026-09-01 00:00:00,-128.38,,-3000,2871.62,2229.82
PRODUCT_03538,COMP_0058,2026-09-01 00:00:00,-430638.61,,-467529.94,,
PRODUCT_03752,COMP_0058,2026-09-01 00:00:00,27314.52,,,,
PRODUCT_03822,COMP_0058,2026-09-01 00:00:00,-1332154.52,,-3500000,2167845.48,
PRODUCT_04008,COMP_0058,2026-09-01 00:00:00,11954.76,,,,
PRODUCT_04014,COMP_0058,2026-09-01 00:00:00,-680256.63,,-797486.18,,
PRODUCT_04107,COMP_0058,2026-09-01 00:00:00,0,,-21140.99,,
PRODUCT_04153,COMP_0058,2026-09-01 00:00:00,-67.63,,-1800,1732.37,1625.74
PRODUCT_04218,COMP_0058,2026-09-01 00:00:00,-1235500,,-1235500,,
PRODUCT_04366,COMP_0058,2026-09-01 00:00:00,-45257.53,,-70883.1,,
PRODUCT_04501,COMP_0058,2026-09-01 00:00:00,30,,,,
PRODUCT_04590,COMP_0058,2026-09-01 00:00:00,-499.43,,-1800,1300.57,552.34
PRODUCT_04706,COMP_0058,2026-09-01 00:00:00,-115.75,,-1200,1084.25,671.05
PRODUCT_04822,COMP_0058,2026-09-01 00:00:00,-412471.76,,-1000000,587528.24,
PRODUCT_05610,COMP_0058,2026-09-01 00:00:00,-507600,,,,
PRODUCT_05651,COMP_0058,2026-09-01 00:00:00,-954410.09,,-1000000,,
PRODUCT_05692,COMP_0058,2026-09-01 00:00:00,16719.39,,,,
PRODUCT_05703,COMP_0058,2026-09-01 00:00:00,-2118349.74,,-3500000,1381650.26,
PRODUCT_05724,COMP_0058,2026-09-01 00:00:00,-2000000,,-2000000,,
PRODUCT_05817,COMP_0058,2026-09-01 00:00:00,-3015600,,-3015600,,
PRODUCT_05998,COMP_0058,2026-09-01 00:00:00,13452.84,,,13452.84,13452.84
PRODUCT_06108,COMP_0058,2026-09-01 00:00:00,0,,-1200,1200,1050.27
PRODUCT_06130,COMP_0058,2026-09-01 00:00:00,9874.74,,,,
PRODUCT_06252,COMP_0058,2026-09-01 00:00:00,-942856.37,,-2500000,1557143.63,
PRODUCT_06325,COMP_0058,2026-09-01 00:00:00,-497000,,-500000,3000,
PRODUCT_06749,COMP_0058,2026-09-01 00:00:00,88731.77,,,,
PRODUCT_06865,COMP_0058,2026-09-01 00:00:00,-386.69,,-1200,813.31,525.25
PRODUCT_06973,COMP_0058,2026-09-01 00:00:00,333279.04,,,,
PRODUCT_07174,COMP_0058,2026-09-01 00:00:00,-3613619.04,,-3700000,86380.96,0
PRODUCT_07209,COMP_0058,2026-09-01 00:00:00,-860510.83,,-1075000,214489.17,
PRODUCT_07519,COMP_0058,2026-09-01 00:00:00,-101744.97,,-122997.87,,
PRODUCT_07680,COMP_0058,2026-09-01 00:00:00,-158.93,,-100,-58.93,76.47
PRODUCT_07739,COMP_0058,2026-09-01 00:00:00,-833.65,,-9000,8166.35,2384.78
PRODUCT_07936,COMP_0058,2026-09-01 00:00:00,200590.61,,,,
PRODUCT_02046,COMP_0059,2026-09-01 00:00:00,8657.18,,,8657.18,
PRODUCT_02089,COMP_0059,2026-09-01 00:00:00,0,,,0,
PRODUCT_02692,COMP_0059,2026-09-01 00:00:00,36650.16,,,,
PRODUCT_03596,COMP_0059,2026-09-01 00:00:00,9522.07,,,9522.07,
PRODUCT_04156,COMP_0059,2026-09-01 00:00:00,3143.53,,,3143.53,
PRODUCT_04561,COMP_0059,2026-09-01 00:00:00,0,,,0,
PRODUCT_06258,COMP_0059,2026-09-01 00:00:00,68701.22,,,68701.22,
PRODUCT_02264,COMP_0060,2026-09-01 00:00:00,440027.76,,,,
PRODUCT_00145,COMP_0061,2026-09-01 00:00:00,113791.07,,,113791.07,113791.07
PRODUCT_05960,COMP_0061,2026-09-01 00:00:00,0,,,0,0
PRODUCT_06394,COMP_0061,2026-09-01 00:00:00,0,,,0,0
PRODUCT_03924,COMP_0062,2026-09-01 00:00:00,26104.03,,,,
PRODUCT_04091,COMP_0062,2026-09-01 00:00:00,9062.95,,,9062.95,9062.95
PRODUCT_04157,COMP_0063,2026-09-01 00:00:00,118878.17,,,,
PRODUCT_06324,COMP_0064,2026-09-01 00:00:00,530560.8,,,,
PRODUCT_00933,COMP_0065,2026-09-01 00:00:00,0,,-50000,50000,
PRODUCT_01542,COMP_0065,2026-09-01 00:00:00,0,,-50000,50000,
PRODUCT_01818,COMP_0065,2026-09-01 00:00:00,0,,,,
PRODUCT_02440,COMP_0065,2026-09-01 00:00:00,1202.14,,,,
PRODUCT_03150,COMP_0065,2026-09-01 00:00:00,0,,-1010000,1010000,
PRODUCT_03935,COMP_0065,2026-09-01 00:00:00,0,,-50000,50000,
PRODUCT_04242,COMP_0065,2026-09-01 00:00:00,0,,-1010000,1010000,
PRODUCT_04347,COMP_0065,2026-09-01 00:00:00,2026.67,,,,
PRODUCT_04837,COMP_0065,2026-09-01 00:00:00,0,,,,
PRODUCT_04896,COMP_0065,2026-09-01 00:00:00,0,,-50000,50000,
PRODUCT_05280,COMP_0065,2026-09-01 00:00:00,5.8,,,,
PRODUCT_05636,COMP_0065,2026-09-01 00:00:00,2.67,,,,
PRODUCT_05971,COMP_0065,2026-09-01 00:00:00,0,,-800000,800000,
PRODUCT_07468,COMP_0065,2026-09-01 00:00:00,0,,-1010000,1010000,
PRODUCT_07694,COMP_0065,2026-09-01 00:00:00,0,,-1010000,1010000,
PRODUCT_01472,COMP_0066,2026-09-01 00:00:00,0,,,,
PRODUCT_01496,COMP_0066,2026-09-01 00:00:00,0,,,,
PRODUCT_05726,COMP_0066,2026-09-01 00:00:00,0,,,,
PRODUCT_06618,COMP_0066,2026-09-01 00:00:00,1000,,,,
PRODUCT_00514,COMP_0067,2026-09-01 00:00:00,48.28,,,,
PRODUCT_06318,COMP_0067,2026-09-01 00:00:00,992.1,,,,
PRODUCT_00754,COMP_0068,2026-09-01 00:00:00,10287.45,,,,
PRODUCT_02322,COMP_0069,2026-09-01 00:00:00,21470567.83,,,,
PRODUCT_01115,COMP_0070,2026-09-01 00:00:00,2310.93,,,,
PRODUCT_01390,COMP_0070,2026-09-01 00:00:00,-276000,,-586500,,
PRODUCT_01829,COMP_0070,2026-09-01 00:00:00,-406672.58,,-500000,,
PRODUCT_03907,COMP_0070,2026-09-01 00:00:00,137454.91,,,137454.91,137454.91
PRODUCT_04203,COMP_0070,2026-09-01 00:00:00,4089.12,,,,
PRODUCT_06837,COMP_0070,2026-09-01 00:00:00,-348879.1,,-499979.99,,
PRODUCT_00792,COMP_0071,2026-09-01 00:00:00,12504.78,,,,
PRODUCT_02907,COMP_0071,2026-09-01 00:00:00,-600000,,,,
PRODUCT_03658,COMP_0071,2026-09-01 00:00:00,-250000,,,,
PRODUCT_04723,COMP_0071,2026-09-01 00:00:00,-600000,,,,
PRODUCT_05707,COMP_0071,2026-09-01 00:00:00,0,,-3000,3000,3000
PRODUCT_06401,COMP_0071,2026-09-01 00:00:00,218538.14,,-250000,468538.14,-31461.86
PRODUCT_07281,COMP_0071,2026-09-01 00:00:00,32534.59,,,,
PRODUCT_04032,COMP_0072,2026-09-01 00:00:00,336.24,,,,
PRODUCT_07117,COMP_0072,2026-09-01 00:00:00,100362.76,,,,
PRODUCT_05076,COMP_0073,2026-09-01 00:00:00,841.95,,,,
PRODUCT_05423,COMP_0073,2026-09-01 00:00:00,22134.32,,,22134.32,
PRODUCT_06584,COMP_0073,2026-09-01 00:00:00,42482.87,,,42482.87,
PRODUCT_06790,COMP_0073,2026-09-01 00:00:00,20316.11,,,20316.11,
PRODUCT_07092,COMP_0073,2026-09-01 00:00:00,32816.47,,,32816.47,
PRODUCT_07768,COMP_0073,2026-09-01 00:00:00,0,,,,
PRODUCT_08160,COMP_0073,2026-09-01 00:00:00,0,,,,
PRODUCT_00936,COMP_0074,2026-09-01 00:00:00,0,,,,
PRODUCT_01128,COMP_0074,2026-09-01 00:00:00,-311960.05,,-439604.62,,
PRODUCT_01471,COMP_0074,2026-09-01 00:00:00,0,,,,
PRODUCT_02602,COMP_0074,2026-09-01 00:00:00,-715844.38,,-1500000,784155.62,698958.37
PRODUCT_03843,COMP_0074,2026-09-01 00:00:00,-418423.43,,-933285.43,,
PRODUCT_03898,COMP_0074,2026-09-01 00:00:00,1000,,,,
PRODUCT_04605,COMP_0074,2026-09-01 00:00:00,-678698.83,,-1700000,1021301.17,
PRODUCT_04614,COMP_0074,2026-09-01 00:00:00,-801697.67,,-900000,,
PRODUCT_04683,COMP_0074,2026-09-01 00:00:00,163894.05,,,,
PRODUCT_04842,COMP_0074,2026-09-01 00:00:00,-167225.59,,-500000,332774.41,-167225.59
PRODUCT_05470,COMP_0074,2026-09-01 00:00:00,-1135531.47,,-1242477.11,,
PRODUCT_05603,COMP_0074,2026-09-01 00:00:00,15968.3,,,,
PRODUCT_05722,COMP_0074,2026-09-01 00:00:00,0,,-161703.67,,
PRODUCT_05836,COMP_0074,2026-09-01 00:00:00,-122966.4,,-500000,377033.6,-122966.4
PRODUCT_05967,COMP_0074,2026-09-01 00:00:00,1376036.36,,,,
PRODUCT_06112,COMP_0074,2026-09-01 00:00:00,-318167.07,,-393866.17,,
PRODUCT_06933,COMP_0074,2026-09-01 00:00:00,-630.98,,-12000,11369.02,11843.21
PRODUCT_07096,COMP_0074,2026-09-01 00:00:00,-844303.65,,-900000,,
PRODUCT_07266,COMP_0074,2026-09-01 00:00:00,86.09,,,,
PRODUCT_07332,COMP_0074,2026-09-01 00:00:00,-444663.73,,-777911.79,,
PRODUCT_07617,COMP_0074,2026-09-01 00:00:00,307.66,,,,
PRODUCT_07634,COMP_0074,2026-09-01 00:00:00,0,,,,
PRODUCT_00269,COMP_0075,2026-09-01 00:00:00,61013.77,,,,
PRODUCT_00913,COMP_0075,2026-09-01 00:00:00,956468.6,,,,
PRODUCT_01964,COMP_0075,2026-09-01 00:00:00,721.7,,,,
PRODUCT_02358,COMP_0075,2026-09-01 00:00:00,0,,,,
PRODUCT_02574,COMP_0075,2026-09-01 00:00:00,0,,,,
PRODUCT_02614,COMP_0075,2026-09-01 00:00:00,349431.7,,,,
PRODUCT_03604,COMP_0075,2026-09-01 00:00:00,36848.96,,,,
PRODUCT_03628,COMP_0075,2026-09-01 00:00:00,0,,,,
PRODUCT_05129,COMP_0075,2026-09-01 00:00:00,0,,-500000,500000,
PRODUCT_05155,COMP_0075,2026-09-01 00:00:00,2529.93,,,,
PRODUCT_05169,COMP_0075,2026-09-01 00:00:00,2523.67,,,,
PRODUCT_05572,COMP_0075,2026-09-01 00:00:00,4096.57,,,,
PRODUCT_06378,COMP_0075,2026-09-01 00:00:00,0,,,,
PRODUCT_07048,COMP_0075,2026-09-01 00:00:00,27431.6,,,27431.6,22034.11
PRODUCT_07701,COMP_0075,2026-09-01 00:00:00,1313157.26,,,,
PRODUCT_07761,COMP_0075,2026-09-01 00:00:00,-7200.28,,,0,-7200.28
PRODUCT_00899,COMP_0076,2026-09-01 00:00:00,-7433.94,,-15439.59,,
PRODUCT_01703,COMP_0076,2026-09-01 00:00:00,5.25,,,,
PRODUCT_03020,COMP_0076,2026-09-01 00:00:00,-10691.28,,,,
PRODUCT_08102,COMP_0076,2026-09-01 00:00:00,0,,,,
PRODUCT_04319,COMP_0077,2026-09-01 00:00:00,372670.65,,,,
PRODUCT_07500,COMP_0077,2026-09-01 00:00:00,2072.36,,,,
PRODUCT_01837,COMP_0078,2026-09-01 00:00:00,83000,,-83000,166000,
PRODUCT_04941,COMP_0078,2026-09-01 00:00:00,-570000,,-570000,0,
PRODUCT_04970,COMP_0078,2026-09-01 00:00:00,83000,,-83000,166000,
PRODUCT_07148,COMP_0078,2026-09-01 00:00:00,346003.09,,,346003.09,
PRODUCT_00259,COMP_0079,2026-09-01 00:00:00,46151.09,,,,
PRODUCT_00357,COMP_0079,2026-09-01 00:00:00,-6291.75,,-86190,79898.25,-6291.75
PRODUCT_01883,COMP_0079,2026-09-01 00:00:00,-53882.07,,,,
PRODUCT_02213,COMP_0079,2026-09-01 00:00:00,17493.06,,,,
PRODUCT_02831,COMP_0079,2026-09-01 00:00:00,-21870.1,,-40000,18129.9,-21870.1
PRODUCT_04547,COMP_0079,2026-09-01 00:00:00,-26636.44,,-90920.62,,
PRODUCT_04599,COMP_0079,2026-09-01 00:00:00,2550.3,,,,
PRODUCT_07090,COMP_0079,2026-09-01 00:00:00,8825,,-40000,48825,8825
PRODUCT_07610,COMP_0079,2026-09-01 00:00:00,4689.54,,,,
PRODUCT_08136,COMP_0079,2026-09-01 00:00:00,0,,-86190,86190,14379.82
PRODUCT_05939,COMP_0080,2026-09-01 00:00:00,86039.3,,,,
PRODUCT_05616,COMP_0081,2026-09-01 00:00:00,1081935.8,,,,
PRODUCT_00666,COMP_0082,2026-09-01 00:00:00,25530.8,,,,
PRODUCT_01527,COMP_0082,2026-09-01 00:00:00,0,,,,
PRODUCT_02020,COMP_0082,2026-09-01 00:00:00,-10048.7,,-25000,14951.3,
PRODUCT_02803,COMP_0082,2026-09-01 00:00:00,0,,,,
PRODUCT_02891,COMP_0082,2026-09-01 00:00:00,0,,,,
PRODUCT_03281,COMP_0082,2026-09-01 00:00:00,0,,,,
PRODUCT_04367,COMP_0082,2026-09-01 00:00:00,6036.95,,,,
PRODUCT_04807,COMP_0082,2026-09-01 00:00:00,-686425.41,,-923358.68,,
PRODUCT_05332,COMP_0082,2026-09-01 00:00:00,10508.6,,,,
PRODUCT_07255,COMP_0082,2026-09-01 00:00:00,-4408.65,,,,
PRODUCT_08104,COMP_0082,2026-09-01 00:00:00,-175.14,,-3000,2824.86,
PRODUCT_00069,COMP_0083,2026-09-01 00:00:00,4.54,,,4.54,4.54
PRODUCT_01440,COMP_0083,2026-09-01 00:00:00,324136.34,,,324136.34,324136.34
PRODUCT_02240,COMP_0083,2026-09-01 00:00:00,1853.23,,,,
PRODUCT_04182,COMP_0083,2026-09-01 00:00:00,-1,,,,
PRODUCT_06194,COMP_0083,2026-09-01 00:00:00,4881.27,,,,
PRODUCT_05734,COMP_0084,2026-09-01 00:00:00,9206.9,,,9206.9,9206.9
PRODUCT_06430,COMP_0085,2026-09-01 00:00:00,9284.76,,,,
PRODUCT_01160,COMP_0086,2026-09-01 00:00:00,0,,,,
PRODUCT_01750,COMP_0086,2026-09-01 00:00:00,-72.29,,-4000,3927.71,
PRODUCT_02014,COMP_0086,2026-09-01 00:00:00,0,,,,
PRODUCT_00083,COMP_0087,2026-09-01 00:00:00,0,,-103697.48,,
PRODUCT_00191,COMP_0087,2026-09-01 00:00:00,0,,-318000,,
PRODUCT_00353,COMP_0087,2026-09-01 00:00:00,0,,-25200,25200,25200
PRODUCT_00577,COMP_0087,2026-09-01 00:00:00,0,,-3000,3000,3000
PRODUCT_00707,COMP_0087,2026-09-01 00:00:00,0,,-307331,,
PRODUCT_00710,COMP_0087,2026-09-01 00:00:00,-3351.15,,,,
PRODUCT_00713,COMP_0087,2026-09-01 00:00:00,0,,-600000,,
PRODUCT_00937,COMP_0087,2026-09-01 00:00:00,-413.57,,-6000,5586.43,5586.43
PRODUCT_01346,COMP_0087,2026-09-01 00:00:00,50020,,,,
PRODUCT_01678,COMP_0087,2026-09-01 00:00:00,-3800000,,-3800000,,
PRODUCT_02154,COMP_0087,2026-09-01 00:00:00,0,,,,
PRODUCT_02285,COMP_0087,2026-09-01 00:00:00,0,,-1500000,,
PRODUCT_02298,COMP_0087,2026-09-01 00:00:00,-833333.36,,-2500000,,
PRODUCT_02537,COMP_0087,2026-09-01 00:00:00,0,,-112571.48,,
PRODUCT_02642,COMP_0087,2026-09-01 00:00:00,-149.31,,-3000,2850.69,2850.69
PRODUCT_02659,COMP_0087,2026-09-01 00:00:00,0,,-5000000,,
PRODUCT_02848,COMP_0087,2026-09-01 00:00:00,2289.32,,-3000,5289.32,
PRODUCT_02881,COMP_0087,2026-09-01 00:00:00,683298.39,,,,
PRODUCT_03093,COMP_0087,2026-09-01 00:00:00,7303.18,,,,
PRODUCT_03442,COMP_0087,2026-09-01 00:00:00,0,,-1800000,,
PRODUCT_03498,COMP_0087,2026-09-01 00:00:00,0,,-153664.73,,
PRODUCT_03549,COMP_0087,2026-09-01 00:00:00,-49285.73,,,,
PRODUCT_03577,COMP_0087,2026-09-01 00:00:00,0,,-232000,,
PRODUCT_03766,COMP_0087,2026-09-01 00:00:00,-2755.85,,-3000,244.15,244.15
PRODUCT_03889,COMP_0087,2026-09-01 00:00:00,29754.45,,,,
PRODUCT_03943,COMP_0087,2026-09-01 00:00:00,0,,-1500000,,
PRODUCT_04016,COMP_0087,2026-09-01 00:00:00,1653846.12,,,,
PRODUCT_04108,COMP_0087,2026-09-01 00:00:00,-225.75,,-3000,2774.25,2774.25
PRODUCT_04117,COMP_0087,2026-09-01 00:00:00,-5000000,,-5000000,,
PRODUCT_04758,COMP_0087,2026-09-01 00:00:00,0,,-1771000,,
PRODUCT_04790,COMP_0087,2026-09-01 00:00:00,-3000,,-2999998,2996998,
PRODUCT_04796,COMP_0087,2026-09-01 00:00:00,0,,-12000,12000,
PRODUCT_04884,COMP_0087,2026-09-01 00:00:00,0,,-2500000,,
PRODUCT_04977,COMP_0087,2026-09-01 00:00:00,0,,-25200,25200,25200
PRODUCT_05311,COMP_0087,2026-09-01 00:00:00,-49291.47,,-54659.81,,
PRODUCT_05354,COMP_0087,2026-09-01 00:00:00,0,,-3000,3000,3000
PRODUCT_05536,COMP_0087,2026-09-01 00:00:00,0,,-299682,,
PRODUCT_05737,COMP_0087,2026-09-01 00:00:00,-2755.85,,-3000,244.15,244.15
PRODUCT_05808,COMP_0087,2026-09-01 00:00:00,-10000000,,-10000000,,
PRODUCT_06150,COMP_0087,2026-09-01 00:00:00,-134.17,,-6000,5865.83,
PRODUCT_06262,COMP_0087,2026-09-01 00:00:00,-2500000,,-5000000,,
PRODUCT_06408,COMP_0087,2026-09-01 00:00:00,0,,-839025,,
PRODUCT_06464,COMP_0087,2026-09-01 00:00:00,6898.66,,,,
PRODUCT_06484,COMP_0087,2026-09-01 00:00:00,2887.08,,,,
PRODUCT_06498,COMP_0087,2026-09-01 00:00:00,0,,-1000000,,
PRODUCT_06652,COMP_0087,2026-09-01 00:00:00,0,,-4000000,,
PRODUCT_07660,COMP_0087,2026-09-01 00:00:00,0,,-1320000,,
PRODUCT_07924,COMP_0087,2026-09-01 00:00:00,0,,,,
PRODUCT_07946,COMP_0087,2026-09-01 00:00:00,-5000000,,-10000000,,
PRODUCT_07967,COMP_0087,2026-09-01 00:00:00,47715.2,,,,
PRODUCT_08093,COMP_0087,2026-09-01 00:00:00,0,,-350000,,
PRODUCT_01416,COMP_0088,2026-09-01 00:00:00,-144602.25,,-285827.16,,
PRODUCT_05681,COMP_0088,2026-09-01 00:00:00,8775.81,,,,
PRODUCT_07606,COMP_0088,2026-09-01 00:00:00,19472.9,,,,
PRODUCT_07822,COMP_0088,2026-09-01 00:00:00,0,,,,
PRODUCT_02845,COMP_0089,2026-09-01 00:00:00,29129.18,,,,
PRODUCT_03775,COMP_0089,2026-09-01 00:00:00,793.99,,,,
PRODUCT_05143,COMP_0089,2026-09-01 00:00:00,0,,,0,
PRODUCT_00596,COMP_0090,2026-09-01 00:00:00,15419,,,,
PRODUCT_03395,COMP_0090,2026-09-01 00:00:00,22016.54,,,,
PRODUCT_06273,COMP_0090,2026-09-01 00:00:00,0,,,,
PRODUCT_01629,COMP_0091,2026-09-01 00:00:00,0,,,,
PRODUCT_01771,COMP_0091,2026-09-01 00:00:00,102779.29,,,,
PRODUCT_05835,COMP_0092,2026-09-01 00:00:00,253456.47,,,,
PRODUCT_00194,COMP_0094,2026-09-01 00:00:00,223.52,,,,
PRODUCT_00281,COMP_0094,2026-09-01 00:00:00,0,,,,
PRODUCT_00882,COMP_0094,2026-09-01 00:00:00,0,,-300,300,
PRODUCT_01062,COMP_0094,2026-09-01 00:00:00,1904.52,,,,
PRODUCT_01863,COMP_0094,2026-09-01 00:00:00,0,,,,
PRODUCT_01986,COMP_0094,2026-09-01 00:00:00,69.83,,,,
PRODUCT_02785,COMP_0094,2026-09-01 00:00:00,-11774.44,,-25000,13225.56,-11774.44
PRODUCT_02892,COMP_0094,2026-09-01 00:00:00,223.52,,-150000,150223.52,
PRODUCT_03077,COMP_0094,2026-09-01 00:00:00,-299.92,,-100000,99700.08,
PRODUCT_03465,COMP_0094,2026-09-01 00:00:00,223.52,,,,
PRODUCT_04148,COMP_0094,2026-09-01 00:00:00,-65629.02,,-100000,34370.98,-65629.02
PRODUCT_04419,COMP_0094,2026-09-01 00:00:00,-25000,,-25000,,
PRODUCT_04448,COMP_0094,2026-09-01 00:00:00,0,,,,
PRODUCT_04757,COMP_0094,2026-09-01 00:00:00,508442.1,,,,
PRODUCT_05348,COMP_0094,2026-09-01 00:00:00,0,,,,
PRODUCT_06281,COMP_0094,2026-09-01 00:00:00,223.52,,,,
PRODUCT_06587,COMP_0094,2026-09-01 00:00:00,0,,,,
PRODUCT_06638,COMP_0094,2026-09-01 00:00:00,-5187.74,,-240000,,
PRODUCT_06821,COMP_0094,2026-09-01 00:00:00,-35000,,-50000,,
PRODUCT_06870,COMP_0094,2026-09-01 00:00:00,-15000,,-45000,,
PRODUCT_08134,COMP_0094,2026-09-01 00:00:00,223.52,,-300000,300223.52,
PRODUCT_04656,COMP_0095,2026-09-01 00:00:00,56494.72,,,56494.72,56494.72
PRODUCT_02905,COMP_0096,2026-09-01 00:00:00,40.64,,,,
PRODUCT_03111,COMP_0096,2026-09-01 00:00:00,139496.16,,,,
PRODUCT_04986,COMP_0096,2026-09-01 00:00:00,752.77,,,,
PRODUCT_01464,COMP_0097,2026-09-01 00:00:00,1703563.75,,,,
PRODUCT_02400,COMP_0098,2026-09-01 00:00:00,-30525.11,,,,
PRODUCT_00409,COMP_0099,2026-09-01 00:00:00,1032.02,,,,
PRODUCT_01479,COMP_0099,2026-09-01 00:00:00,-86057.69,,-219354.92,,
PRODUCT_02813,COMP_0099,2026-09-01 00:00:00,-496272.58,,-590664.06,,
PRODUCT_03564,COMP_0099,2026-09-01 00:00:00,0,,-12519.15,,
PRODUCT_04519,COMP_0099,2026-09-01 00:00:00,0,,-387756.61,,
PRODUCT_04769,COMP_0099,2026-09-01 00:00:00,92232.59,,,92232.59,92232.59
PRODUCT_04817,COMP_0099,2026-09-01 00:00:00,0,,-6495.6,,
PRODUCT_05915,COMP_0099,2026-09-01 00:00:00,33197.25,,,,
PRODUCT_08090,COMP_0099,2026-09-01 00:00:00,-10848.31,,-17228.72,,
PRODUCT_01173,COMP_0100,2026-09-01 00:00:00,2470.28,,,,
PRODUCT_01188,COMP_0100,2026-09-01 00:00:00,-10531553.69,,-11200000,,
PRODUCT_01415,COMP_0100,2026-09-01 00:00:00,25540.76,,,,
PRODUCT_01426,COMP_0100,2026-09-01 00:00:00,43829.02,,,,
PRODUCT_03053,COMP_0100,2026-09-01 00:00:00,1911021.59,,,,
PRODUCT_03287,COMP_0100,2026-09-01 00:00:00,-3750000,,-3750000,,
PRODUCT_04876,COMP_0100,2026-09-01 00:00:00,-15840000,,-19332500,,
PRODUCT_04898,COMP_0100,2026-09-01 00:00:00,13061.61,,,,
PRODUCT_05677,COMP_0100,2026-09-01 00:00:00,44929.75,,,,
PRODUCT_05961,COMP_0100,2026-09-01 00:00:00,3954.45,,,,
PRODUCT_06100,COMP_0100,2026-09-01 00:00:00,645863.89,,,,
PRODUCT_06276,COMP_0100,2026-09-01 00:00:00,-3750000,,-3750000,,
PRODUCT_06699,COMP_0100,2026-09-01 00:00:00,-15662475.62,,-15662475.62,,
PRODUCT_06929,COMP_0100,2026-09-01 00:00:00,5000,,,,
PRODUCT_07147,COMP_0100,2026-09-01 00:00:00,-212672.33,,-246408.18,,
PRODUCT_07362,COMP_0100,2026-09-01 00:00:00,0,,-203517.88,,
PRODUCT_07483,COMP_0100,2026-09-01 00:00:00,2930.16,,,,
PRODUCT_07602,COMP_0100,2026-09-01 00:00:00,30205.88,,,,
PRODUCT_00038,COMP_0101,2026-09-01 00:00:00,3666.57,,,,
PRODUCT_00696,COMP_0101,2026-09-01 00:00:00,0,,,,
PRODUCT_00701,COMP_0101,2026-09-01 00:00:00,0,,-133461.4,,
PRODUCT_00881,COMP_0101,2026-09-01 00:00:00,4158.17,,,,
PRODUCT_01817,COMP_0101,2026-09-01 00:00:00,-320864.82,,-600000,279135.18,
PRODUCT_02612,COMP_0101,2026-09-01 00:00:00,16473.05,,,,
PRODUCT_03192,COMP_0101,2026-09-01 00:00:00,30.41,,,,
PRODUCT_03239,COMP_0101,2026-09-01 00:00:00,0,,-11000,11000,
PRODUCT_03405,COMP_0101,2026-09-01 00:00:00,98.41,,,,
PRODUCT_03447,COMP_0101,2026-09-01 00:00:00,0,,-125344,,
PRODUCT_04113,COMP_0101,2026-09-01 00:00:00,0,,-1200,1200,
PRODUCT_04273,COMP_0101,2026-09-01 00:00:00,0,,,,
PRODUCT_04659,COMP_0101,2026-09-01 00:00:00,18.58,,,,
PRODUCT_04665,COMP_0101,2026-09-01 00:00:00,-186960.63,,-400000,213039.37,
PRODUCT_05233,COMP_0101,2026-09-01 00:00:00,-293853.26,,-407820.16,,
PRODUCT_05663,COMP_0101,2026-09-01 00:00:00,-217431.56,,-302396.63,,
PRODUCT_05699,COMP_0101,2026-09-01 00:00:00,-54000,,-54000,,
PRODUCT_05735,COMP_0101,2026-09-01 00:00:00,0,,,,
PRODUCT_05802,COMP_0101,2026-09-01 00:00:00,27000,,,,
PRODUCT_05891,COMP_0101,2026-09-01 00:00:00,10068.89,,,,
PRODUCT_05934,COMP_0101,2026-09-01 00:00:00,-241312.73,,-331479.92,,
PRODUCT_06436,COMP_0101,2026-09-01 00:00:00,13043.23,,,,
PRODUCT_06591,COMP_0101,2026-09-01 00:00:00,12.68,,,,
PRODUCT_06960,COMP_0101,2026-09-01 00:00:00,-201163.3,,-765889.02,,
PRODUCT_06988,COMP_0101,2026-09-01 00:00:00,0,,-167231.71,,
PRODUCT_07014,COMP_0101,2026-09-01 00:00:00,35.06,,,,
PRODUCT_08099,COMP_0101,2026-09-01 00:00:00,0,,-250000,250000,
PRODUCT_04887,COMP_0102,2026-09-01 00:00:00,0,,,,
PRODUCT_08015,COMP_0102,2026-09-01 00:00:00,0,,,,
PRODUCT_00347,COMP_0103,2026-09-01 00:00:00,262335.12,,,,
PRODUCT_01068,COMP_0104,2026-09-01 00:00:00,0,,,,
PRODUCT_07435,COMP_0104,2026-09-01 00:00:00,-38.81,,,,
PRODUCT_02580,COMP_0105,2026-09-01 00:00:00,-36210.04,,-36210.04,,
PRODUCT_03839,COMP_0105,2026-09-01 00:00:00,1952.15,,,,
PRODUCT_06450,COMP_0105,2026-09-01 00:00:00,22636.79,,,22636.79,22636.79
PRODUCT_01710,COMP_0106,2026-09-01 00:00:00,24244.83,,,,
PRODUCT_08163,COMP_0106,2026-09-01 00:00:00,174.36,,,,
PRODUCT_02522,COMP_0107,2026-09-01 00:00:00,191514.81,,,,
PRODUCT_05821,COMP_0107,2026-09-01 00:00:00,199267.15,,,,
PRODUCT_07911,COMP_0107,2026-09-01 00:00:00,40879.12,,,,
PRODUCT_06352,COMP_0108,2026-09-01 00:00:00,187418.06,,,,
PRODUCT_02110,COMP_0109,2026-09-01 00:00:00,31.36,,,,
PRODUCT_02229,COMP_0109,2026-09-01 00:00:00,0,,,,
PRODUCT_03990,COMP_0109,2026-09-01 00:00:00,257963.98,,,,
PRODUCT_05482,COMP_0109,2026-09-01 00:00:00,300024.69,,,,
PRODUCT_08091,COMP_0109,2026-09-01 00:00:00,123903.84,,,,
PRODUCT_00550,COMP_0110,2026-09-01 00:00:00,81886594.38,,,,
PRODUCT_06547,COMP_0110,2026-09-01 00:00:00,268479.9,,,,
PRODUCT_07275,COMP_0110,2026-09-01 00:00:00,34645000,,,34645000,0
PRODUCT_07073,COMP_0111,2026-09-01 00:00:00,19901.37,,,,
PRODUCT_00164,COMP_0112,2026-09-01 00:00:00,267338.54,,,,
PRODUCT_07348,COMP_0112,2026-09-01 00:00:00,3498.39,,,,
PRODUCT_02651,COMP_0113,2026-09-01 00:00:00,410717.3,,,,
PRODUCT_04130,COMP_0113,2026-09-01 00:00:00,296578.86,,,,
PRODUCT_04685,COMP_0113,2026-09-01 00:00:00,2376944.59,,,,
PRODUCT_05523,COMP_0113,2026-09-01 00:00:00,500000,,,,
PRODUCT_08075,COMP_0113,2026-09-01 00:00:00,1650830.8,,,,
PRODUCT_00974,COMP_0114,2026-09-01 00:00:00,12995.44,,,,
PRODUCT_00826,COMP_0115,2026-09-01 00:00:00,3028.27,,,,
PRODUCT_00670,COMP_0116,2026-09-01 00:00:00,0,,,,
PRODUCT_02175,COMP_0116,2026-09-01 00:00:00,49601.7,,,,
PRODUCT_01403,COMP_0117,2026-09-01 00:00:00,7435.39,,,,
PRODUCT_02135,COMP_0117,2026-09-01 00:00:00,4368.1,,,,
PRODUCT_02794,COMP_0117,2026-09-01 00:00:00,0.9,,,,
PRODUCT_02889,COMP_0117,2026-09-01 00:00:00,2566.38,,,2566.38,
PRODUCT_02898,COMP_0117,2026-09-01 00:00:00,9188.63,,,9188.63,
PRODUCT_06317,COMP_0117,2026-09-01 00:00:00,53747.95,,,53747.95,
PRODUCT_02079,COMP_0118,2026-09-01 00:00:00,29304.31,,,,
PRODUCT_06641,COMP_0118,2026-09-01 00:00:00,4808.8,,,4808.8,4808.8
PRODUCT_00307,COMP_0119,2026-09-01 00:00:00,0,,-3000,3000,
PRODUCT_01317,COMP_0119,2026-09-01 00:00:00,0,,-5000,5000,
PRODUCT_01548,COMP_0119,2026-09-01 00:00:00,103760.07,,,,
PRODUCT_01592,COMP_0119,2026-09-01 00:00:00,-65.54,,-25000,24934.46,
PRODUCT_03580,COMP_0119,2026-09-01 00:00:00,0,,-3000,3000,
PRODUCT_05213,COMP_0119,2026-09-01 00:00:00,-16.15,,-5000,4983.85,
PRODUCT_05520,COMP_0119,2026-09-01 00:00:00,-372916.41,,-519493.67,,
PRODUCT_05704,COMP_0119,2026-09-01 00:00:00,128689.93,,,,
PRODUCT_02729,COMP_0120,2026-09-01 00:00:00,243732.06,,,,
PRODUCT_03823,COMP_0120,2026-09-01 00:00:00,912254.5,,,,
PRODUCT_06183,COMP_0120,2026-09-01 00:00:00,0,,,,
PRODUCT_07952,COMP_0120,2026-09-01 00:00:00,7028.52,,,,
PRODUCT_00184,COMP_0121,2026-09-01 00:00:00,0,,,,
PRODUCT_05094,COMP_0121,2026-09-01 00:00:00,0,,,,
PRODUCT_06238,COMP_0122,2026-09-01 00:00:00,1555516.45,,,1555516.45,
PRODUCT_00619,COMP_0123,2026-09-01 00:00:00,11737.5,,,,
PRODUCT_02777,COMP_0123,2026-09-01 00:00:00,0,,,,
PRODUCT_03065,COMP_0123,2026-09-01 00:00:00,190.37,,,,
PRODUCT_03638,COMP_0123,2026-09-01 00:00:00,0,,-164498.66,,
PRODUCT_04316,COMP_0123,2026-09-01 00:00:00,0,,-182739.48,,
PRODUCT_05926,COMP_0123,2026-09-01 00:00:00,0,,-1444786.12,,
PRODUCT_07022,COMP_0123,2026-09-01 00:00:00,-211510.24,,-370956.15,,
PRODUCT_07572,COMP_0123,2026-09-01 00:00:00,0,,-229638.46,,
PRODUCT_08111,COMP_0123,2026-09-01 00:00:00,122819.55,,,,
PRODUCT_00065,COMP_0124,2026-09-01 00:00:00,0,,-3000,3000,
PRODUCT_00318,COMP_0124,2026-09-01 00:00:00,8532.36,,,,
PRODUCT_02194,COMP_0124,2026-09-01 00:00:00,0,,,0,
PRODUCT_04271,COMP_0124,2026-09-01 00:00:00,0,,-4000,4000,
PRODUCT_04401,COMP_0124,2026-09-01 00:00:00,0,,,0,
PRODUCT_05840,COMP_0124,2026-09-01 00:00:00,-430,,-3000,2570,
PRODUCT_08016,COMP_0125,2026-09-01 00:00:00,80241.34,,,,
PRODUCT_00610,COMP_0126,2026-09-01 00:00:00,210007.69,,0,210007.69,
PRODUCT_00803,COMP_0126,2026-09-01 00:00:00,-603.82,,,,
PRODUCT_00877,COMP_0126,2026-09-01 00:00:00,0,,-3000,3000,
PRODUCT_01216,COMP_0126,2026-09-01 00:00:00,-120.29,,-3000,2879.71,
PRODUCT_03184,COMP_0126,2026-09-01 00:00:00,0,,-3000,3000,
PRODUCT_04572,COMP_0126,2026-09-01 00:00:00,0,,,,
PRODUCT_06304,COMP_0126,2026-09-01 00:00:00,-29.04,,,,
PRODUCT_06983,COMP_0126,2026-09-01 00:00:00,0,,,,
PRODUCT_07550,COMP_0126,2026-09-01 00:00:00,0,,,,
PRODUCT_07802,COMP_0126,2026-09-01 00:00:00,223.52,,0,223.52,
PRODUCT_04299,COMP_0127,2026-09-01 00:00:00,2988.02,,,,
PRODUCT_00661,COMP_0128,2026-09-01 00:00:00,-40789.26,,-60000,19210.74,-19414.23
PRODUCT_03805,COMP_0128,2026-09-01 00:00:00,0,,-30000,30000,
PRODUCT_06688,COMP_0128,2026-09-01 00:00:00,-643.52,,-30000,,
PRODUCT_06927,COMP_0128,2026-09-01 00:00:00,204.07,,,,
PRODUCT_00174,COMP_0129,2026-09-01 00:00:00,39958.19,,,,
PRODUCT_01533,COMP_0129,2026-09-01 00:00:00,0,,,,
PRODUCT_05530,COMP_0129,2026-09-01 00:00:00,1001.36,,,,
PRODUCT_06948,COMP_0129,2026-09-01 00:00:00,3095.31,,,,
PRODUCT_00022,COMP_0130,2026-09-01 00:00:00,187.24,,,,
PRODUCT_02721,COMP_0130,2026-09-01 00:00:00,155312.15,,,,
PRODUCT_03977,COMP_0130,2026-09-01 00:00:00,47111.92,,,,
PRODUCT_07480,COMP_0130,2026-09-01 00:00:00,10429.16,,,,
PRODUCT_01503,COMP_0131,2026-09-01 00:00:00,172579.16,,,,
PRODUCT_06726,COMP_0131,2026-09-01 00:00:00,350243.12,,,,
PRODUCT_00910,COMP_0132,2026-09-01 00:00:00,5441.55,,,,
PRODUCT_03379,COMP_0132,2026-09-01 00:00:00,-880.78,,-1200,319.22,467.44
PRODUCT_03571,COMP_0132,2026-09-01 00:00:00,144749.6,,,,
PRODUCT_04394,COMP_0132,2026-09-01 00:00:00,956.37,,,,
PRODUCT_05721,COMP_0132,2026-09-01 00:00:00,-185663.25,,-198657.26,,
PRODUCT_07893,COMP_0132,2026-09-01 00:00:00,6249.74,,,,
PRODUCT_04761,COMP_0133,2026-09-01 00:00:00,3235.72,,,,
PRODUCT_06856,COMP_0133,2026-09-01 00:00:00,1269.03,,,,
PRODUCT_03484,COMP_0134,2026-09-01 00:00:00,38599.31,,,,
PRODUCT_03322,COMP_0135,2026-09-01 00:00:00,19245.81,,,19245.81,63341.67
PRODUCT_03492,COMP_0135,2026-09-01 00:00:00,226934.5,,,226934.5,
PRODUCT_04902,COMP_0135,2026-09-01 00:00:00,1205983.03,,,1205983.03,
PRODUCT_00040,COMP_0136,2026-09-01 00:00:00,-222.01,,-4000,3777.99,
PRODUCT_03049,COMP_0136,2026-09-01 00:00:00,13617.01,,,,
PRODUCT_04500,COMP_0136,2026-09-01 00:00:00,9372.74,,,,
PRODUCT_04917,COMP_0136,2026-09-01 00:00:00,-787.33,,-3000,2212.67,
PRODUCT_04960,COMP_0136,2026-09-01 00:00:00,7498.64,,,,
PRODUCT_05078,COMP_0136,2026-09-01 00:00:00,-840348.99,,-1020000,,
PRODUCT_05533,COMP_0136,2026-09-01 00:00:00,0,,-300,300,
PRODUCT_06477,COMP_0136,2026-09-01 00:00:00,0,,-4000,4000,
PRODUCT_06536,COMP_0136,2026-09-01 00:00:00,-4132.23,,-5000,867.77,
PRODUCT_06581,COMP_0136,2026-09-01 00:00:00,-426578.65,,-500000,,
PRODUCT_07411,COMP_0136,2026-09-01 00:00:00,-464.1,,-5000,4535.9,
PRODUCT_07650,COMP_0136,2026-09-01 00:00:00,-543.63,,-3000,2456.37,
PRODUCT_07805,COMP_0136,2026-09-01 00:00:00,19371.78,,,,
PRODUCT_08094,COMP_0136,2026-09-01 00:00:00,15678.42,,,,
PRODUCT_00757,COMP_0137,2026-09-01 00:00:00,97.17,,,,
PRODUCT_01262,COMP_0137,2026-09-01 00:00:00,0,,,,
PRODUCT_04135,COMP_0137,2026-09-01 00:00:00,755.56,,,,
PRODUCT_04238,COMP_0137,2026-09-01 00:00:00,116902.99,,,,
PRODUCT_04310,COMP_0137,2026-09-01 00:00:00,0,,,,
PRODUCT_01179,COMP_0138,2026-09-01 00:00:00,-469.94,,-1200,730.06,730.06
PRODUCT_01431,COMP_0138,2026-09-01 00:00:00,0,,-132608.93,,
PRODUCT_01489,COMP_0138,2026-09-01 00:00:00,-189972.98,,,,
PRODUCT_03279,COMP_0138,2026-09-01 00:00:00,-1634.14,,-2000,365.86,365.86
PRODUCT_03335,COMP_0138,2026-09-01 00:00:00,6.11,,,,
PRODUCT_04508,COMP_0138,2026-09-01 00:00:00,0,,-56579.28,,
PRODUCT_05298,COMP_0138,2026-09-01 00:00:00,-49986.48,,-50000,13.52,
PRODUCT_05507,COMP_0138,2026-09-01 00:00:00,223.52,,-90000,,223.52
PRODUCT_05690,COMP_0138,2026-09-01 00:00:00,2.9,,,,
PRODUCT_05896,COMP_0138,2026-09-01 00:00:00,-49976.84,,-78019.55,,
PRODUCT_07496,COMP_0138,2026-09-01 00:00:00,26.98,,,,
PRODUCT_07786,COMP_0138,2026-09-01 00:00:00,2394.36,,,,
PRODUCT_00178,COMP_0139,2026-09-01 00:00:00,0,,,,
PRODUCT_01525,COMP_0139,2026-09-01 00:00:00,0,,,,
PRODUCT_01574,COMP_0139,2026-09-01 00:00:00,0,,,,
PRODUCT_03519,COMP_0139,2026-09-01 00:00:00,0,,,,
PRODUCT_03797,COMP_0139,2026-09-01 00:00:00,2000000,,,,
PRODUCT_04780,COMP_0139,2026-09-01 00:00:00,0,,,,
PRODUCT_05527,COMP_0139,2026-09-01 00:00:00,0,,,,
PRODUCT_06957,COMP_0139,2026-09-01 00:00:00,0,,,,
PRODUCT_07135,COMP_0139,2026-09-01 00:00:00,0,,,,
PRODUCT_07205,COMP_0139,2026-09-01 00:00:00,0,,,,
PRODUCT_07403,COMP_0139,2026-09-01 00:00:00,0,,,,
PRODUCT_07906,COMP_0139,2026-09-01 00:00:00,0,,,,
PRODUCT_08009,COMP_0139,2026-09-01 00:00:00,8071222.01,,,,
PRODUCT_02133,COMP_0140,2026-09-01 00:00:00,249901.38,,,,
PRODUCT_02985,COMP_0140,2026-09-01 00:00:00,-30375,,-30375,,
PRODUCT_03179,COMP_0140,2026-09-01 00:00:00,-720959.74,,-1382792.3,,
PRODUCT_05266,COMP_0140,2026-09-01 00:00:00,265805.37,,,,
PRODUCT_06153,COMP_0140,2026-09-01 00:00:00,-520.99,,-8335.84,,
PRODUCT_01070,COMP_0141,2026-09-01 00:00:00,1325.37,,,,
PRODUCT_02975,COMP_0141,2026-09-01 00:00:00,7994325.9,,,,
PRODUCT_04578,COMP_0142,2026-09-01 00:00:00,1146484.15,,,,
PRODUCT_01826,COMP_0143,2026-09-01 00:00:00,2558.88,,,,
PRODUCT_05851,COMP_0143,2026-09-01 00:00:00,0,,,,
PRODUCT_06613,COMP_0143,2026-09-01 00:00:00,-971.57,,-20500,19528.43,
PRODUCT_07030,COMP_0143,2026-09-01 00:00:00,-226.8,,6000,5773.2,
PRODUCT_07036,COMP_0144,2026-09-01 00:00:00,649720.68,,,649720.68,649720.65
PRODUCT_00165,COMP_0145,2026-09-01 00:00:00,0,,,,
PRODUCT_00748,COMP_0145,2026-09-01 00:00:00,33.87,,,,
PRODUCT_02019,COMP_0145,2026-09-01 00:00:00,6451.16,,,,
PRODUCT_03646,COMP_0145,2026-09-01 00:00:00,21795.8,,,,
PRODUCT_04730,COMP_0145,2026-09-01 00:00:00,23601.43,,,,
PRODUCT_01753,COMP_0146,2026-09-01 00:00:00,497.26,,,,
PRODUCT_02938,COMP_0147,2026-09-01 00:00:00,12971.76,,,,
PRODUCT_04784,COMP_0148,2026-09-01 00:00:00,86390.02,,,,
PRODUCT_00406,COMP_0149,2026-09-01 00:00:00,20802177.12,,,,
PRODUCT_02675,COMP_0149,2026-09-01 00:00:00,482863.29,,,,
PRODUCT_00320,COMP_0150,2026-09-01 00:00:00,7268.07,,,,
PRODUCT_00587,COMP_0150,2026-09-01 00:00:00,0,,,0,
PRODUCT_01526,COMP_0150,2026-09-01 00:00:00,8534.8,,,,
PRODUCT_03696,COMP_0150,2026-09-01 00:00:00,5505.3,,,,
PRODUCT_04215,COMP_0150,2026-09-01 00:00:00,-19229.64,,-100000,,
PRODUCT_05922,COMP_0150,2026-09-01 00:00:00,62654.21,,,,
PRODUCT_08052,COMP_0150,2026-09-01 00:00:00,-82731.18,,-84000,,
PRODUCT_03594,COMP_0151,2026-09-01 00:00:00,3579.32,,,,
PRODUCT_04286,COMP_0151,2026-09-01 00:00:00,28210.32,,,,
PRODUCT_07914,COMP_0151,2026-09-01 00:00:00,3370.44,,,,
PRODUCT_04168,COMP_0152,2026-09-01 00:00:00,1146.51,,,,
PRODUCT_07028,COMP_0152,2026-09-01 00:00:00,77011.49,,,,
PRODUCT_07862,COMP_0152,2026-09-01 00:00:00,9944.57,,,,
PRODUCT_03729,COMP_0153,2026-09-01 00:00:00,794032.52,,,,
PRODUCT_05854,COMP_0154,2026-09-01 00:00:00,9530,,,,
PRODUCT_05265,COMP_0155,2026-09-01 00:00:00,529.19,,,,
PRODUCT_05455,COMP_0156,2026-09-01 00:00:00,69890.34,,,,
PRODUCT_08116,COMP_0156,2026-09-01 00:00:00,306375.08,,,,
PRODUCT_00742,COMP_0157,2026-09-01 00:00:00,29135.46,,,,
PRODUCT_01987,COMP_0157,2026-09-01 00:00:00,112.56,,,,
PRODUCT_06792,COMP_0157,2026-09-01 00:00:00,0,,-2000,2000,2000
PRODUCT_00225,COMP_0158,2026-09-01 00:00:00,163.98,,,163.98,
PRODUCT_03976,COMP_0158,2026-09-01 00:00:00,60399.27,,,60399.27,
PRODUCT_05440,COMP_0158,2026-09-01 00:00:00,304521.27,,,304521.27,
PRODUCT_02687,COMP_0159,2026-09-01 00:00:00,49863.3,,,,
PRODUCT_05700,COMP_0159,2026-09-01 00:00:00,120203.54,,,,
PRODUCT_00606,COMP_0160,2026-09-01 00:00:00,382.6,,,,
PRODUCT_01546,COMP_0160,2026-09-01 00:00:00,-109375,,-375000,,
PRODUCT_02993,COMP_0160,2026-09-01 00:00:00,-63410.97,,-36589.03,,
PRODUCT_03138,COMP_0160,2026-09-01 00:00:00,-892,,-6000,5108,
PRODUCT_06210,COMP_0160,2026-09-01 00:00:00,260506.21,,,,
PRODUCT_06882,COMP_0160,2026-09-01 00:00:00,102386.1,,,,
PRODUCT_07353,COMP_0160,2026-09-01 00:00:00,0,,-165855.48,,
PRODUCT_07919,COMP_0160,2026-09-01 00:00:00,55477.61,,,,
PRODUCT_01909,COMP_0161,2026-09-01 00:00:00,8238.3,,,,
PRODUCT_03460,COMP_0161,2026-09-01 00:00:00,0,,,,
PRODUCT_01003,COMP_0162,2026-09-01 00:00:00,23.65,,,,
PRODUCT_02525,COMP_0162,2026-09-01 00:00:00,4863.47,,,,
PRODUCT_07676,COMP_0162,2026-09-01 00:00:00,312.87,,,,
PRODUCT_06266,COMP_0163,2026-09-01 00:00:00,1535565.82,,,,
PRODUCT_06605,COMP_0163,2026-09-01 00:00:00,29052.71,,,,
PRODUCT_00212,COMP_0164,2026-09-01 00:00:00,9196.84,,,,
PRODUCT_04915,COMP_0164,2026-09-01 00:00:00,1483.68,,,,
PRODUCT_05171,COMP_0164,2026-09-01 00:00:00,158849.28,,,,
PRODUCT_07977,COMP_0164,2026-09-01 00:00:00,59963.47,,,,
PRODUCT_07542,COMP_0165,2026-09-01 00:00:00,0,,-70338.16,,
PRODUCT_07992,COMP_0165,2026-09-01 00:00:00,2847.7,,,,
PRODUCT_00848,COMP_0167,2026-09-01 00:00:00,50730.01,,,,
PRODUCT_01484,COMP_0167,2026-09-01 00:00:00,0,,,,
PRODUCT_06388,COMP_0167,2026-09-01 00:00:00,-162,,-1000,838,806.3
PRODUCT_07546,COMP_0167,2026-09-01 00:00:00,0,,,,
PRODUCT_07721,COMP_0167,2026-09-01 00:00:00,0,,,,
PRODUCT_03274,COMP_0168,2026-09-01 00:00:00,582739.01,,,582739.01,
PRODUCT_03546,COMP_0168,2026-09-01 00:00:00,-442,,,,
PRODUCT_00418,COMP_0169,2026-09-01 00:00:00,0,,,,
PRODUCT_00609,COMP_0169,2026-09-01 00:00:00,-26495.68,,-38249.15,,
PRODUCT_01273,COMP_0169,2026-09-01 00:00:00,33032.07,,,,
PRODUCT_02408,COMP_0169,2026-09-01 00:00:00,0,,,,
PRODUCT_03099,COMP_0169,2026-09-01 00:00:00,-64320.49,,-106516.78,,
PRODUCT_03123,COMP_0169,2026-09-01 00:00:00,7478.26,,,,
PRODUCT_03185,COMP_0169,2026-09-01 00:00:00,70599.1,,,,
PRODUCT_05457,COMP_0169,2026-09-01 00:00:00,0,,,,
PRODUCT_06526,COMP_0169,2026-09-01 00:00:00,-73333.46,,-96666.77,,
PRODUCT_06577,COMP_0169,2026-09-01 00:00:00,52330.56,,,,
PRODUCT_07106,COMP_0169,2026-09-01 00:00:00,11145.38,,,,
PRODUCT_07627,COMP_0169,2026-09-01 00:00:00,-164876.71,,-231543.08,,
PRODUCT_07734,COMP_0169,2026-09-01 00:00:00,146711.13,,,,
PRODUCT_08132,COMP_0169,2026-09-01 00:00:00,-151005.47,,-169421.89,,
PRODUCT_05081,COMP_0170,2026-09-01 00:00:00,64809.17,,,,
PRODUCT_07116,COMP_0171,2026-09-01 00:00:00,45416.78,,,,
PRODUCT_02087,COMP_0172,2026-09-01 00:00:00,4898609.44,,,,
PRODUCT_02126,COMP_0172,2026-09-01 00:00:00,2489.97,,,,
PRODUCT_03276,COMP_0172,2026-09-01 00:00:00,782.36,,,,
PRODUCT_00327,COMP_0173,2026-09-01 00:00:00,91317.78,,,,
PRODUCT_00364,COMP_0173,2026-09-01 00:00:00,31103.88,,,,
PRODUCT_01089,COMP_0173,2026-09-01 00:00:00,-396238.87,,-1000000,,
PRODUCT_01189,COMP_0173,2026-09-01 00:00:00,-12024.38,,,,
PRODUCT_01521,COMP_0173,2026-09-01 00:00:00,-1118.2,,-12000,10881.8,
PRODUCT_03417,COMP_0173,2026-09-01 00:00:00,-48628.22,,-171628,,
PRODUCT_05430,COMP_0173,2026-09-01 00:00:00,-79666.92,,,,
PRODUCT_06657,COMP_0173,2026-09-01 00:00:00,0,,-362007.47,,
PRODUCT_06692,COMP_0173,2026-09-01 00:00:00,-157526.19,,-1500000,,
PRODUCT_06759,COMP_0173,2026-09-01 00:00:00,-63930.19,,-137992.53,,
PRODUCT_06938,COMP_0173,2026-09-01 00:00:00,-348513.19,,-499963.19,,
PRODUCT_07639,COMP_0173,2026-09-01 00:00:00,0,,-1000000.01,,
PRODUCT_07939,COMP_0173,2026-09-01 00:00:00,48476.14,,,,
PRODUCT_00171,COMP_0174,2026-09-01 00:00:00,0,,-5000,5000,
PRODUCT_00869,COMP_0174,2026-09-01 00:00:00,36845.26,,,,
PRODUCT_05627,COMP_0174,2026-09-01 00:00:00,12529.77,,,,
PRODUCT_07216,COMP_0174,2026-09-01 00:00:00,0,,-6000,6000,
PRODUCT_06185,COMP_0175,2026-09-01 00:00:00,268415.15,,,,
PRODUCT_06718,COMP_0175,2026-09-01 00:00:00,672146.57,,,672146.57,821967.57
PRODUCT_02018,COMP_0176,2026-09-01 00:00:00,0,,,,
PRODUCT_02843,COMP_0176,2026-09-01 00:00:00,103759.03,,,,
PRODUCT_00959,COMP_0177,2026-09-01 00:00:00,0,,,,
PRODUCT_03530,COMP_0177,2026-09-01 00:00:00,78742.44,,,,
PRODUCT_04849,COMP_0177,2026-09-01 00:00:00,24566.35,,,,
PRODUCT_02604,COMP_0178,2026-09-01 00:00:00,25844.3,,,,
PRODUCT_02623,COMP_0178,2026-09-01 00:00:00,81434.52,,,81434.52,
PRODUCT_04562,COMP_0178,2026-09-01 00:00:00,0,,,,
PRODUCT_07526,COMP_0178,2026-09-01 00:00:00,7339.44,,0,7339.44,
PRODUCT_08049,COMP_0178,2026-09-01 00:00:00,919.67,,,,
PRODUCT_00834,COMP_0179,2026-09-01 00:00:00,0,,-11000,11000,
PRODUCT_02583,COMP_0179,2026-09-01 00:00:00,8122.38,,,,
PRODUCT_03120,COMP_0179,2026-09-01 00:00:00,31329,,,,
PRODUCT_00296,COMP_0180,2026-09-01 00:00:00,-145666.14,,-436000,,
PRODUCT_01455,COMP_0180,2026-09-01 00:00:00,0,,-138973.01,,
PRODUCT_01633,COMP_0180,2026-09-01 00:00:00,0,,-360000,,
PRODUCT_01736,COMP_0180,2026-09-01 00:00:00,4571.37,,,,
PRODUCT_02004,COMP_0180,2026-09-01 00:00:00,0,,-500000,,
PRODUCT_02228,COMP_0180,2026-09-01 00:00:00,0,,-9242.8,,
PRODUCT_02846,COMP_0180,2026-09-01 00:00:00,0,,-300000,,
PRODUCT_02900,COMP_0180,2026-09-01 00:00:00,-814974.03,,-1590109.61,,
PRODUCT_03542,COMP_0180,2026-09-01 00:00:00,-51511.87,,-60599.03,,
PRODUCT_03623,COMP_0180,2026-09-01 00:00:00,0,,-9244.18,,
PRODUCT_03641,COMP_0180,2026-09-01 00:00:00,10254.74,,,,
PRODUCT_04682,COMP_0180,2026-09-01 00:00:00,-509509.56,,-577688.11,,
PRODUCT_05345,COMP_0180,2026-09-01 00:00:00,0,,-250000,,
PRODUCT_05676,COMP_0180,2026-09-01 00:00:00,-415836.7,,-702787.58,,
PRODUCT_06092,COMP_0180,2026-09-01 00:00:00,8942.68,,,,
PRODUCT_06336,COMP_0180,2026-09-01 00:00:00,0,,-7810.99,,
PRODUCT_06444,COMP_0180,2026-09-01 00:00:00,6927.55,,,,
PRODUCT_06462,COMP_0180,2026-09-01 00:00:00,52568.58,,,,
PRODUCT_06542,COMP_0180,2026-09-01 00:00:00,0,,-450000,,
PRODUCT_06917,COMP_0180,2026-09-01 00:00:00,0,,-9242.8,,
PRODUCT_07789,COMP_0180,2026-09-01 00:00:00,9344.99,,,,
PRODUCT_02091,COMP_0181,2026-09-01 00:00:00,0,,-449000,449000,
PRODUCT_02292,COMP_0181,2026-09-01 00:00:00,-254.81,,,,
PRODUCT_03660,COMP_0181,2026-09-01 00:00:00,101239.21,,,,
PRODUCT_04931,COMP_0181,2026-09-01 00:00:00,0,,,,
PRODUCT_06761,COMP_0181,2026-09-01 00:00:00,-163300,,-475000,,
PRODUCT_00125,COMP_0182,2026-09-01 00:00:00,2166.98,,,,
PRODUCT_02273,COMP_0182,2026-09-01 00:00:00,12834.87,,,,
PRODUCT_02355,COMP_0182,2026-09-01 00:00:00,0,,,,
PRODUCT_04447,COMP_0182,2026-09-01 00:00:00,1965390.93,,,,
PRODUCT_05287,COMP_0182,2026-09-01 00:00:00,2400000,,,,
PRODUCT_06712,COMP_0182,2026-09-01 00:00:00,141394.38,,,,
PRODUCT_07438,COMP_0182,2026-09-01 00:00:00,-34.82,,,,
PRODUCT_07598,COMP_0182,2026-09-01 00:00:00,5000000,,,,
PRODUCT_01033,COMP_0183,2026-09-01 00:00:00,0,,,,
PRODUCT_01037,COMP_0183,2026-09-01 00:00:00,0,,,,
PRODUCT_01421,COMP_0183,2026-09-01 00:00:00,0,,,,
PRODUCT_02216,COMP_0183,2026-09-01 00:00:00,0,,,,
PRODUCT_03067,COMP_0183,2026-09-01 00:00:00,2382.9,,,,
PRODUCT_03430,COMP_0183,2026-09-01 00:00:00,146634.96,,,,
PRODUCT_04468,COMP_0183,2026-09-01 00:00:00,0,,,,
PRODUCT_04777,COMP_0183,2026-09-01 00:00:00,13901.83,,,,
PRODUCT_05516,COMP_0183,2026-09-01 00:00:00,626.3,,-300000,300626.3,626.3
PRODUCT_06696,COMP_0183,2026-09-01 00:00:00,0,,,,
PRODUCT_07681,COMP_0183,2026-09-01 00:00:00,0,,,,
PRODUCT_08174,COMP_0183,2026-09-01 00:00:00,0,,,,
PRODUCT_04737,COMP_0184,2026-09-01 00:00:00,844676.18,,,,
PRODUCT_00154,COMP_0185,2026-09-01 00:00:00,-2618570.01,,-4000000,1381429.99,
PRODUCT_00257,COMP_0185,2026-09-01 00:00:00,3179.53,,,,
PRODUCT_01502,COMP_0185,2026-09-01 00:00:00,13493.13,,,,
PRODUCT_01752,COMP_0185,2026-09-01 00:00:00,0,,,,
PRODUCT_01830,COMP_0185,2026-09-01 00:00:00,0,,,,
PRODUCT_02837,COMP_0185,2026-09-01 00:00:00,5594.98,,,,
PRODUCT_03677,COMP_0185,2026-09-01 00:00:00,7459.81,,,,
PRODUCT_04258,COMP_0185,2026-09-01 00:00:00,0,,,,
PRODUCT_05775,COMP_0185,2026-09-01 00:00:00,0,,,,
PRODUCT_08260,COMP_0185,2026-08-28 00:00:00,0,,-2000000,2000000,
PRODUCT_06568,COMP_0185,2026-09-01 00:00:00,7324.49,,,,
PRODUCT_08068,COMP_0185,2026-09-01 00:00:00,-908576.83,,-999997,91420.17,
PRODUCT_08118,COMP_0185,2026-09-01 00:00:00,1803.17,,,,
PRODUCT_00866,COMP_0186,2026-09-01 00:00:00,4571.83,,,,
PRODUCT_06562,COMP_0186,2026-09-01 00:00:00,-163812.82,,,,
PRODUCT_07125,COMP_0186,2026-09-01 00:00:00,4.6,,,,
PRODUCT_06668,COMP_0187,2026-09-01 00:00:00,12648.02,,,,
PRODUCT_02239,COMP_0188,2026-09-01 00:00:00,-969712.75,,,0,1403635.35
PRODUCT_03850,COMP_0188,2026-09-01 00:00:00,31.47,,,,
PRODUCT_01659,COMP_0189,2026-09-01 00:00:00,36209.29,,,,
PRODUCT_03819,COMP_0189,2026-09-01 00:00:00,0,,,,
PRODUCT_04667,COMP_0189,2026-09-01 00:00:00,0,,,,
PRODUCT_04989,COMP_0189,2026-09-01 00:00:00,20546.73,,,,
PRODUCT_05664,COMP_0189,2026-09-01 00:00:00,0,,,,
PRODUCT_06776,COMP_0189,2026-09-01 00:00:00,66938.39,,,,
PRODUCT_00226,COMP_0190,2026-09-01 00:00:00,-6145.27,,,,
PRODUCT_02131,COMP_0190,2026-09-01 00:00:00,9969.92,,,,
PRODUCT_04004,COMP_0190,2026-09-01 00:00:00,205.38,,,,
PRODUCT_05842,COMP_0190,2026-09-01 00:00:00,251.92,,,,
PRODUCT_04403,COMP_0191,2026-09-01 00:00:00,0,,,,
PRODUCT_06580,COMP_0191,2026-09-01 00:00:00,480949.49,,,,
PRODUCT_01244,COMP_0192,2026-09-01 00:00:00,19996.05,,,,
PRODUCT_01550,COMP_0192,2026-09-01 00:00:00,5481.95,,,,
PRODUCT_03225,COMP_0192,2026-09-01 00:00:00,0,,,,
PRODUCT_06079,COMP_0192,2026-09-01 00:00:00,55241.8,,,55241.8,55241.8
PRODUCT_07399,COMP_0192,2026-09-01 00:00:00,169279.54,,,,
PRODUCT_00299,COMP_0193,2026-09-01 00:00:00,0,,-74797.1,,
PRODUCT_00380,COMP_0193,2026-09-01 00:00:00,5362.41,,,,
PRODUCT_01269,COMP_0193,2026-09-01 00:00:00,1136858.61,,,,
PRODUCT_01388,COMP_0193,2026-09-01 00:00:00,9613.51,,,,
PRODUCT_01460,COMP_0193,2026-09-01 00:00:00,1862.08,,,,
PRODUCT_05574,COMP_0193,2026-09-01 00:00:00,5217.53,,,,
PRODUCT_06930,COMP_0193,2026-09-01 00:00:00,182782.23,,,,
PRODUCT_00121,COMP_0194,2026-09-01 00:00:00,14455.01,,,,
PRODUCT_00654,COMP_0195,2026-09-01 00:00:00,45678.46,,,,
PRODUCT_01330,COMP_0195,2026-09-01 00:00:00,-36266.63,,,,
PRODUCT_01339,COMP_0195,2026-09-01 00:00:00,0,,,,
PRODUCT_02385,COMP_0195,2026-09-01 00:00:00,156928.91,,,,
PRODUCT_03614,COMP_0195,2026-09-01 00:00:00,2135,,,,
PRODUCT_05241,COMP_0195,2026-09-01 00:00:00,243435.03,,,,
PRODUCT_05565,COMP_0195,2026-09-01 00:00:00,556616.64,,,,
PRODUCT_05938,COMP_0195,2026-09-01 00:00:00,4817003.06,,,,
PRODUCT_06037,COMP_0195,2026-09-01 00:00:00,0,,-3000000,3000000,
PRODUCT_06213,COMP_0195,2026-09-01 00:00:00,0,,,,
PRODUCT_06214,COMP_0195,2026-09-01 00:00:00,387.84,,,,
PRODUCT_07640,COMP_0195,2026-09-01 00:00:00,0,,,,
PRODUCT_01468,COMP_0196,2026-09-01 00:00:00,24554.34,,,,
PRODUCT_05353,COMP_0196,2026-09-01 00:00:00,27907.28,,,,
PRODUCT_06839,COMP_0196,2026-09-01 00:00:00,305441.67,,,,
PRODUCT_01208,COMP_0197,2026-09-01 00:00:00,466.23,,,,
PRODUCT_02534,COMP_0197,2026-09-01 00:00:00,0,,,,3000
PRODUCT_04439,COMP_0198,2026-09-01 00:00:00,361.24,,,,
PRODUCT_07548,COMP_0198,2026-09-01 00:00:00,63.56,,,,
PRODUCT_00067,COMP_0199,2026-09-01 00:00:00,28313.36,,,,
PRODUCT_01608,COMP_0199,2026-09-01 00:00:00,37659.61,,,,
PRODUCT_03671,COMP_0200,2026-09-01 00:00:00,409006.97,,,,
PRODUCT_03929,COMP_0200,2026-09-01 00:00:00,-29174.75,,-40809.66,,
PRODUCT_04085,COMP_0200,2026-09-01 00:00:00,1814.86,,,,
PRODUCT_04722,COMP_0200,2026-09-01 00:00:00,53819.33,,,,
PRODUCT_06859,COMP_0200,2026-09-01 00:00:00,0,,-292000,,
PRODUCT_00969,COMP_0201,2026-09-01 00:00:00,84825.93,,,84825.93,
PRODUCT_02863,COMP_0201,2026-09-01 00:00:00,19251.2,,,,
PRODUCT_04402,COMP_0201,2026-09-01 00:00:00,17774.4,,,17774.4,
PRODUCT_06482,COMP_0201,2026-09-01 00:00:00,9382.21,,,9382.21,
PRODUCT_04041,COMP_0202,2026-09-01 00:00:00,765092.93,,,,
PRODUCT_00108,COMP_0203,2026-09-01 00:00:00,0,,-3000,3000,
PRODUCT_00159,COMP_0203,2026-09-01 00:00:00,-5769.6,,-5769.6,,
PRODUCT_00190,COMP_0203,2026-09-01 00:00:00,-176.59,,-5000,4823.41,
PRODUCT_00241,COMP_0203,2026-09-01 00:00:00,115.76,,,,
PRODUCT_00293,COMP_0203,2026-09-01 00:00:00,-176.59,,-5000,4823.41,
PRODUCT_00585,COMP_0203,2026-09-01 00:00:00,-39941.9,,-426723.47,,
PRODUCT_00683,COMP_0203,2026-09-01 00:00:00,0,,0,0,1000050
PRODUCT_00862,COMP_0203,2026-09-01 00:00:00,882.75,,,,
PRODUCT_01139,COMP_0203,2026-09-01 00:00:00,-176.59,,-5000,4823.41,
PRODUCT_01204,COMP_0203,2026-09-01 00:00:00,-6000,,-6000,,
PRODUCT_01363,COMP_0203,2026-09-01 00:00:00,0,,,,
PRODUCT_01940,COMP_0203,2026-09-01 00:00:00,0,,-191891.84,,
PRODUCT_02578,COMP_0203,2026-09-01 00:00:00,-176.59,,-5000,4823.41,
PRODUCT_03028,COMP_0203,2026-09-01 00:00:00,0,,,,
PRODUCT_03217,COMP_0203,2026-09-01 00:00:00,-71.95,,-3000,2928.05,
PRODUCT_03353,COMP_0203,2026-09-01 00:00:00,-176.59,,-5000,4823.41,
PRODUCT_03737,COMP_0203,2026-09-01 00:00:00,42236.55,,,,
PRODUCT_03859,COMP_0203,2026-09-01 00:00:00,-5169.6,,-5169.6,,
PRODUCT_04223,COMP_0203,2026-09-01 00:00:00,-1000000,,-1000000,,
PRODUCT_04275,COMP_0203,2026-09-01 00:00:00,-10196.92,,-40685.98,,
PRODUCT_04841,COMP_0203,2026-09-01 00:00:00,4391.02,,,,
PRODUCT_04874,COMP_0203,2026-09-01 00:00:00,0,,-749184.76,,
PRODUCT_05092,COMP_0203,2026-09-01 00:00:00,-445.46,,-5000,4554.54,
PRODUCT_05154,COMP_0203,2026-09-01 00:00:00,0,,-348792.72,,
PRODUCT_05277,COMP_0203,2026-09-01 00:00:00,-220536.82,,-876389.12,,
PRODUCT_05882,COMP_0203,2026-09-01 00:00:00,22159.2,,-600000,622159.2,57406.24
PRODUCT_06397,COMP_0203,2026-09-01 00:00:00,345.28,,,,
PRODUCT_07248,COMP_0203,2026-09-01 00:00:00,-6000,,-6000,,
PRODUCT_01205,COMP_0204,2026-09-01 00:00:00,2554.18,,,,
PRODUCT_01039,COMP_0205,2026-09-01 00:00:00,221527.23,,,221527.23,
PRODUCT_03962,COMP_0205,2026-09-01 00:00:00,100,,,100,
PRODUCT_07951,COMP_0206,2026-09-01 00:00:00,606681.09,,,,
PRODUCT_00143,COMP_0207,2026-09-01 00:00:00,0,,,0,
PRODUCT_04589,COMP_0207,2026-09-01 00:00:00,16419.7,,,,
PRODUCT_05499,COMP_0207,2026-09-01 00:00:00,-167016.66,,-441049.98,,
PRODUCT_02983,COMP_0208,2026-09-01 00:00:00,444694.42,,,444694.42,446115.39
PRODUCT_06468,COMP_0209,2026-09-01 00:00:00,593.2,,,,
PRODUCT_00368,COMP_0210,2026-09-01 00:00:00,-476630.95,,-563288.95,,
PRODUCT_00529,COMP_0210,2026-09-01 00:00:00,-125956.76,,-188936.76,,
PRODUCT_01866,COMP_0210,2026-09-01 00:00:00,-12784.46,,-300000,287215.54,
PRODUCT_03119,COMP_0210,2026-09-01 00:00:00,-12784.46,,,,
PRODUCT_03297,COMP_0210,2026-09-01 00:00:00,8829.68,,,,
PRODUCT_03312,COMP_0210,2026-09-01 00:00:00,2886400.02,,,,
PRODUCT_05398,COMP_0210,2026-09-01 00:00:00,37099.31,,,,
PRODUCT_05463,COMP_0210,2026-09-01 00:00:00,-265753.22,,-310045.22,,
PRODUCT_05730,COMP_0210,2026-09-01 00:00:00,2886400.02,,,,
PRODUCT_06803,COMP_0210,2026-09-01 00:00:00,-95374,,-190748,,
PRODUCT_07807,COMP_0210,2026-09-01 00:00:00,37099.31,,,,
PRODUCT_07949,COMP_0211,2026-09-01 00:00:00,40231.07,,,,
PRODUCT_02699,COMP_0212,2026-09-01 00:00:00,74962.34,,,,
PRODUCT_03285,COMP_0212,2026-09-01 00:00:00,947.24,,,,
PRODUCT_03718,COMP_0212,2026-09-01 00:00:00,3848564.04,,,,
PRODUCT_05459,COMP_0212,2026-09-01 00:00:00,536.79,,,,
PRODUCT_08186,COMP_0212,2026-09-01 00:00:00,38806.92,,,,
PRODUCT_03846,COMP_0213,2026-09-01 00:00:00,32409.32,,,,
PRODUCT_04390,COMP_0213,2026-09-01 00:00:00,58776.17,,,,
PRODUCT_03260,COMP_0214,2026-09-01 00:00:00,2556695.87,,,,
PRODUCT_01449,COMP_0215,2026-09-01 00:00:00,389696.57,,,,
PRODUCT_02142,COMP_0215,2026-09-01 00:00:00,1777377.91,,,,
PRODUCT_04084,COMP_0215,2026-09-01 00:00:00,62897.61,,,,
PRODUCT_07991,COMP_0215,2026-09-01 00:00:00,33474.02,,,,
PRODUCT_00629,COMP_0216,2026-09-01 00:00:00,-36476.46,,-111600,,
PRODUCT_01000,COMP_0216,2026-09-01 00:00:00,-47291.24,,-150000,,
PRODUCT_01298,COMP_0216,2026-09-01 00:00:00,-48223.92,,-80000,,
PRODUCT_02169,COMP_0216,2026-09-01 00:00:00,0,,-2000,2000,2000
PRODUCT_02909,COMP_0216,2026-09-01 00:00:00,11896.16,,,,
PRODUCT_03908,COMP_0216,2026-09-01 00:00:00,31630.91,,,,
PRODUCT_04326,COMP_0216,2026-09-01 00:00:00,0,,-2000,2000,2000
PRODUCT_04686,COMP_0216,2026-09-01 00:00:00,-391094.67,,-604081.65,,
PRODUCT_05335,COMP_0216,2026-09-01 00:00:00,-92398.98,,,,
PRODUCT_05876,COMP_0216,2026-09-01 00:00:00,370.24,,,,
PRODUCT_06126,COMP_0216,2026-09-01 00:00:00,29658.82,,-450000,479658.82,
PRODUCT_06443,COMP_0216,2026-09-01 00:00:00,-3480615.39,,-3770666.67,,
PRODUCT_07591,COMP_0216,2026-09-01 00:00:00,66107.67,,-600000,597609.17,
PRODUCT_02016,COMP_0217,2026-09-01 00:00:00,4103.09,,,,
PRODUCT_08034,COMP_0217,2026-09-01 00:00:00,845.86,,,,
PRODUCT_00897,COMP_0218,2026-09-01 00:00:00,450.51,,,,
PRODUCT_01638,COMP_0218,2026-09-01 00:00:00,262230.74,,,,
PRODUCT_02763,COMP_0218,2026-09-01 00:00:00,636.35,,,,
PRODUCT_05510,COMP_0218,2026-09-01 00:00:00,57344.42,,,,
PRODUCT_07419,COMP_0218,2026-09-01 00:00:00,12981.34,,,,
PRODUCT_01067,COMP_0219,2026-09-01 00:00:00,0,,,,
PRODUCT_01110,COMP_0219,2026-09-01 00:00:00,0.67,,,,
PRODUCT_01223,COMP_0219,2026-09-01 00:00:00,-1320377.56,,,,
PRODUCT_00400,COMP_0220,2026-09-01 00:00:00,-8112.42,,-90000,81887.58,
PRODUCT_00459,COMP_0220,2026-09-01 00:00:00,0,,-3200000,3200000,
PRODUCT_00615,COMP_0220,2026-09-01 00:00:00,-27943.31,,-250000,222056.69,-27943.31
PRODUCT_00915,COMP_0220,2026-09-01 00:00:00,-38469.45,,,,
PRODUCT_01408,COMP_0220,2026-09-01 00:00:00,0,,,,
PRODUCT_02456,COMP_0220,2026-09-01 00:00:00,0,,-12000,12000,
PRODUCT_02573,COMP_0220,2026-09-01 00:00:00,18928.64,,,,
PRODUCT_02876,COMP_0220,2026-09-01 00:00:00,-359534.09,,-3200000,2840465.91,
PRODUCT_03317,COMP_0220,2026-09-01 00:00:00,1960.51,,,,
PRODUCT_04060,COMP_0220,2026-09-01 00:00:00,-301216.66,,-500000,198783.34,-286467.97
PRODUCT_04369,COMP_0220,2026-09-01 00:00:00,0,,-240000,240000,
PRODUCT_05680,COMP_0220,2026-09-01 00:00:00,0,,-3200000,3200000,
PRODUCT_05713,COMP_0220,2026-09-01 00:00:00,862.85,,,,
PRODUCT_06817,COMP_0220,2026-09-01 00:00:00,6791.29,,,,
PRODUCT_06993,COMP_0220,2026-09-01 00:00:00,0,,,,
PRODUCT_07528,COMP_0220,2026-09-01 00:00:00,-132103.01,,-3200000,3067896.99,
PRODUCT_07636,COMP_0220,2026-09-01 00:00:00,0,,,,
PRODUCT_00637,COMP_0221,2026-09-01 00:00:00,12637.97,,,,
PRODUCT_01482,COMP_0221,2026-09-01 00:00:00,1452.65,,-50000,51452.65,-48547.35
PRODUCT_05464,COMP_0222,2026-09-01 00:00:00,341616.46,,,,
PRODUCT_02022,COMP_0223,2026-09-01 00:00:00,0,,,,
PRODUCT_04746,COMP_0223,2026-09-01 00:00:00,6445.98,,,,
PRODUCT_02514,COMP_0224,2026-09-01 00:00:00,22851.87,,,,
PRODUCT_05600,COMP_0224,2026-09-01 00:00:00,3800.23,,,,
PRODUCT_00438,COMP_0225,2026-09-01 00:00:00,7016.51,,,,
PRODUCT_05733,COMP_0225,2026-09-01 00:00:00,-2000,,,,
PRODUCT_00302,COMP_0226,2026-09-01 00:00:00,167799.81,,,,
PRODUCT_00971,COMP_0227,2026-09-01 00:00:00,209543.26,,,,
PRODUCT_01313,COMP_0227,2026-09-01 00:00:00,120518.57,,,,
PRODUCT_05433,COMP_0227,2026-09-01 00:00:00,-117.61,,-3525.27,3407.66,
PRODUCT_06306,COMP_0227,2026-09-01 00:00:00,-67.53,,-1500,1432.47,
PRODUCT_07728,COMP_0227,2026-09-01 00:00:00,-117.61,,-60000,59882.39,
PRODUCT_00119,COMP_0228,2026-09-01 00:00:00,0,,,0,
PRODUCT_00467,COMP_0228,2026-09-01 00:00:00,3502.66,,,,
PRODUCT_01175,COMP_0228,2026-09-01 00:00:00,-46993.12,,-48000,,
PRODUCT_02151,COMP_0228,2026-09-01 00:00:00,-12000,,,,
PRODUCT_02365,COMP_0228,2026-09-01 00:00:00,6397.01,,,,
PRODUCT_03380,COMP_0228,2026-09-01 00:00:00,15590.33,,,,
PRODUCT_03429,COMP_0228,2026-09-01 00:00:00,0,,,0,
PRODUCT_04191,COMP_0228,2026-09-01 00:00:00,-77806.71,,-79000,,
PRODUCT_04483,COMP_0228,2026-09-01 00:00:00,8228.94,,,,
PRODUCT_05873,COMP_0228,2026-09-01 00:00:00,584.31,,,,
PRODUCT_06093,COMP_0228,2026-09-01 00:00:00,0,,,,
PRODUCT_06327,COMP_0228,2026-09-01 00:00:00,4441.94,,,,
PRODUCT_07081,COMP_0228,2026-09-01 00:00:00,7654.27,,,,
PRODUCT_07799,COMP_0228,2026-09-01 00:00:00,89317.9,,,,
PRODUCT_07918,COMP_0228,2026-09-01 00:00:00,12000,,,,
PRODUCT_04267,COMP_0229,2026-09-01 00:00:00,3172.31,,,,
PRODUCT_06582,COMP_0230,2026-09-01 00:00:00,26093.39,,,,
PRODUCT_07916,COMP_0230,2026-09-01 00:00:00,2180.56,,,,
PRODUCT_00155,COMP_0231,2026-09-01 00:00:00,520,,,,
PRODUCT_03319,COMP_0231,2026-09-01 00:00:00,0,,,,
PRODUCT_03457,COMP_0231,2026-09-01 00:00:00,25301.43,,,,
PRODUCT_05656,COMP_0231,2026-09-01 00:00:00,8162.65,,,,
PRODUCT_06224,COMP_0231,2026-09-01 00:00:00,0,,,,
PRODUCT_03720,COMP_0232,2026-09-01 00:00:00,1065.79,,,,
PRODUCT_03829,COMP_0232,2026-09-01 00:00:00,6192.43,,,,
PRODUCT_01707,COMP_0233,2026-09-01 00:00:00,0,,,,
PRODUCT_02350,COMP_0233,2026-09-01 00:00:00,0,,,,
PRODUCT_02741,COMP_0233,2026-09-01 00:00:00,0,,,,
PRODUCT_03912,COMP_0233,2026-09-01 00:00:00,70068937,,,,
PRODUCT_04166,COMP_0233,2026-09-01 00:00:00,0,,,,
PRODUCT_06998,COMP_0233,2026-09-01 00:00:00,75420.55,,,75420.55,-14579.45
PRODUCT_07516,COMP_0233,2026-09-01 00:00:00,0,,,,
PRODUCT_00383,COMP_0234,2026-09-01 00:00:00,0,,-2000,2000,
PRODUCT_01831,COMP_0234,2026-09-01 00:00:00,-173.68,,-5000,4826.32,
PRODUCT_02607,COMP_0234,2026-09-01 00:00:00,93970.55,,,,
PRODUCT_02723,COMP_0234,2026-09-01 00:00:00,184117.39,,,184117.39,
PRODUCT_03129,COMP_0234,2026-09-01 00:00:00,0,,-5000,5000,
PRODUCT_03382,COMP_0234,2026-09-01 00:00:00,-78.64,,,,
PRODUCT_03452,COMP_0234,2026-09-01 00:00:00,0,,-12000,12000,
PRODUCT_05205,COMP_0234,2026-09-01 00:00:00,137646.31,,,137646.31,
PRODUCT_05367,COMP_0234,2026-09-01 00:00:00,9927.4,,,,
PRODUCT_05742,COMP_0234,2026-09-01 00:00:00,114769.94,,,114769.94,
PRODUCT_05977,COMP_0234,2026-09-01 00:00:00,-158.86,,-20000,19841.14,
PRODUCT_06810,COMP_0234,2026-09-01 00:00:00,-164.78,,-5000,4835.22,
PRODUCT_06872,COMP_0234,2026-09-01 00:00:00,0,,-1000,1000,
PRODUCT_07113,COMP_0234,2026-09-01 00:00:00,29647.87,,,29647.87,
PRODUCT_07530,COMP_0234,2026-09-01 00:00:00,-49.14,,-3000,2950.86,
PRODUCT_00156,COMP_0235,2026-09-01 00:00:00,-33616.75,,-56159.71,,
PRODUCT_00376,COMP_0235,2026-09-01 00:00:00,-34556.04,,-56159.71,,
PRODUCT_00679,COMP_0235,2026-09-01 00:00:00,-33616.75,,-56159.71,,
PRODUCT_00855,COMP_0235,2026-09-01 00:00:00,9343.23,,,,
PRODUCT_01157,COMP_0235,2026-09-01 00:00:00,-34556.04,,-56159.71,,
PRODUCT_01209,COMP_0235,2026-09-01 00:00:00,-33616.75,,-56159.71,,
PRODUCT_02180,COMP_0235,2026-09-01 00:00:00,-30636.72,,-51912.22,,
PRODUCT_02196,COMP_0235,2026-09-01 00:00:00,-30636.72,,-51912.22,,
PRODUCT_02380,COMP_0235,2026-09-01 00:00:00,-34556.04,,-56159.71,,
PRODUCT_02608,COMP_0235,2026-09-01 00:00:00,-34556.04,,-56159.71,,
PRODUCT_02880,COMP_0235,2026-09-01 00:00:00,-33616.75,,-56159.71,,
PRODUCT_03030,COMP_0235,2026-09-01 00:00:00,-33616.75,,-56159.71,,
PRODUCT_03075,COMP_0235,2026-09-01 00:00:00,-33616.75,,-56159.71,,
PRODUCT_03423,COMP_0235,2026-09-01 00:00:00,-30636.72,,-51912.22,,
PRODUCT_03441,COMP_0235,2026-09-01 00:00:00,-34556.04,,-56159.71,,
PRODUCT_03714,COMP_0235,2026-09-01 00:00:00,-33616.75,,-56159.71,,
PRODUCT_03723,COMP_0235,2026-09-01 00:00:00,0,,,,
PRODUCT_03727,COMP_0235,2026-09-01 00:00:00,-30636.72,,-51912.22,,
PRODUCT_04147,COMP_0235,2026-09-01 00:00:00,-30636.72,,-51912.22,,
PRODUCT_04205,COMP_0235,2026-09-01 00:00:00,-34556.04,,-56159.71,,
PRODUCT_04579,COMP_0235,2026-09-01 00:00:00,-30636.72,,-51912.22,,
PRODUCT_04582,COMP_0235,2026-09-01 00:00:00,2128385.08,,,,
PRODUCT_04810,COMP_0235,2026-09-01 00:00:00,-11955,,-120000,,
PRODUCT_04866,COMP_0235,2026-09-01 00:00:00,-30636.72,,-51912.22,,
PRODUCT_05031,COMP_0235,2026-09-01 00:00:00,-33616.75,,-56159.71,,
PRODUCT_05228,COMP_0235,2026-09-01 00:00:00,-34556.04,,-56159.71,,
PRODUCT_06030,COMP_0235,2026-09-01 00:00:00,-33616.75,,-56159.71,,
PRODUCT_06246,COMP_0235,2026-09-01 00:00:00,-33616.75,,-56159.71,,
PRODUCT_06278,COMP_0235,2026-09-01 00:00:00,64157,,,,
PRODUCT_06488,COMP_0235,2026-09-01 00:00:00,62973.55,,,,
PRODUCT_06496,COMP_0235,2026-09-01 00:00:00,-27645.12,,-44928.24,,
PRODUCT_07107,COMP_0235,2026-09-01 00:00:00,-19012.5,,-234000,,
PRODUCT_07426,COMP_0235,2026-09-01 00:00:00,-30636.72,,-51912.22,,
PRODUCT_07578,COMP_0235,2026-09-01 00:00:00,-583331.97,,-747682.81,,
PRODUCT_01658,COMP_0236,2026-09-01 00:00:00,-296890.62,,,0,-296890.62
PRODUCT_03411,COMP_0236,2026-09-01 00:00:00,0,,,,
PRODUCT_04330,COMP_0236,2026-09-01 00:00:00,35175.31,,,,
PRODUCT_04529,COMP_0236,2026-09-01 00:00:00,0,,,,
PRODUCT_04789,COMP_0236,2026-09-01 00:00:00,-580399.24,,,0,-580399.24
PRODUCT_06218,COMP_0236,2026-09-01 00:00:00,0,,,,
PRODUCT_06850,COMP_0236,2026-09-01 00:00:00,0,,,,
PRODUCT_07942,COMP_0236,2026-09-01 00:00:00,59372.83,,,,
PRODUCT_01246,COMP_0237,2026-09-01 00:00:00,-30.37,,,,
PRODUCT_06003,COMP_0237,2026-09-01 00:00:00,216653.16,,,,
PRODUCT_00692,COMP_0238,2026-09-01 00:00:00,-10.56,,,,
PRODUCT_02096,COMP_0238,2026-09-01 00:00:00,0,,,0,0
PRODUCT_03983,COMP_0238,2026-09-01 00:00:00,285.55,,,,
PRODUCT_04162,COMP_0238,2026-09-01 00:00:00,256.93,,,,
PRODUCT_04559,COMP_0238,2026-09-01 00:00:00,44901.33,,,,
PRODUCT_06227,COMP_0238,2026-09-01 00:00:00,948.43,,,,
PRODUCT_02277,COMP_0239,2026-09-01 00:00:00,15436.82,,,,
PRODUCT_00236,COMP_0240,2026-09-01 00:00:00,2409227.06,,,,
PRODUCT_02886,COMP_0240,2026-09-01 00:00:00,423761.87,,,,
PRODUCT_05422,COMP_0240,2026-09-01 00:00:00,6544.06,,,6544.06,
PRODUCT_06492,COMP_0240,2026-09-01 00:00:00,0,,,0,
PRODUCT_00319,COMP_0241,2026-09-01 00:00:00,0,,,0,
PRODUCT_00391,COMP_0241,2026-09-01 00:00:00,2930.24,,,2930.24,
PRODUCT_02411,COMP_0241,2026-09-01 00:00:00,55216.26,,,55216.26,
PRODUCT_06158,COMP_0241,2026-09-01 00:00:00,419577.18,,,,
PRODUCT_08070,COMP_0241,2026-09-01 00:00:00,0,,,0,
PRODUCT_01677,COMP_0242,2026-09-01 00:00:00,13234.12,,,,
PRODUCT_00373,COMP_0243,2026-09-01 00:00:00,912030.84,,,912030.84,912030.84
PRODUCT_00631,COMP_0243,2026-09-01 00:00:00,917428.89,,,,
PRODUCT_01078,COMP_0243,2026-09-01 00:00:00,5618.04,,,,
PRODUCT_03151,COMP_0243,2026-09-01 00:00:00,472858.49,,,472858.49,472858.49
PRODUCT_03402,COMP_0243,2026-09-01 00:00:00,862626.37,,,,
PRODUCT_03595,COMP_0243,2026-09-01 00:00:00,282553.12,,,,
PRODUCT_03611,COMP_0243,2026-09-01 00:00:00,199138.64,,,,
PRODUCT_05232,COMP_0243,2026-09-01 00:00:00,1428250.28,,,,
PRODUCT_06173,COMP_0243,2026-09-01 00:00:00,0,,,,
PRODUCT_01092,COMP_0244,2026-09-01 00:00:00,43008.79,,,,
PRODUCT_06383,COMP_0244,2026-09-01 00:00:00,2332.19,,,,
PRODUCT_07383,COMP_0244,2026-09-01 00:00:00,6858.88,,,,
PRODUCT_04626,COMP_0245,2026-09-01 00:00:00,43128.32,,,,
PRODUCT_00337,COMP_0246,2026-09-01 00:00:00,1669062.85,,,,
PRODUCT_00939,COMP_0246,2026-09-01 00:00:00,115832.01,,,,
PRODUCT_01420,COMP_0246,2026-09-01 00:00:00,9055.08,,,,
PRODUCT_02774,COMP_0246,2026-09-01 00:00:00,704288.44,,,,
PRODUCT_03401,COMP_0246,2026-09-01 00:00:00,3714096.5,,,,
PRODUCT_04897,COMP_0246,2026-09-01 00:00:00,223.52,,,,
PRODUCT_05728,COMP_0246,2026-09-01 00:00:00,0,,-15000,15000,
PRODUCT_06135,COMP_0246,2026-09-01 00:00:00,-4924.35,,-166000,161075.65,
PRODUCT_06503,COMP_0246,2026-09-01 00:00:00,2679.44,,,,
PRODUCT_00466,COMP_0247,2026-09-01 00:00:00,9.55,,,,
PRODUCT_00809,COMP_0247,2026-09-01 00:00:00,0,,,,
PRODUCT_03928,COMP_0247,2026-09-01 00:00:00,9.5,,,,
PRODUCT_04964,COMP_0247,2026-09-01 00:00:00,8,,,,
PRODUCT_06379,COMP_0247,2026-09-01 00:00:00,168622.44,,,,
PRODUCT_00023,COMP_0248,2026-09-01 00:00:00,-30101.12,,-100000,,
PRODUCT_00093,COMP_0248,2026-09-01 00:00:00,0,,-96000,,
PRODUCT_00286,COMP_0248,2026-09-01 00:00:00,1517.74,,,,
PRODUCT_00445,COMP_0248,2026-09-01 00:00:00,-65000.01,,-65000,,
PRODUCT_00903,COMP_0248,2026-09-01 00:00:00,0,,-180000,,
PRODUCT_01170,COMP_0248,2026-09-01 00:00:00,-12409.64,,-20768.42,,
PRODUCT_01195,COMP_0248,2026-09-01 00:00:00,12492.78,,,,
PRODUCT_01280,COMP_0248,2026-09-01 00:00:00,0,,-24000,,
PRODUCT_01369,COMP_0248,2026-09-01 00:00:00,-148549.31,,-135000,-13549.31,
PRODUCT_01729,COMP_0248,2026-09-01 00:00:00,7170.66,,,,
PRODUCT_01732,COMP_0248,2026-09-01 00:00:00,0,,-100000,,
PRODUCT_01761,COMP_0248,2026-09-01 00:00:00,-3400,,,,
PRODUCT_01900,COMP_0248,2026-09-01 00:00:00,0,,-21000,,
PRODUCT_01925,COMP_0248,2026-09-01 00:00:00,-3592.87,,-11776.86,,
PRODUCT_01968,COMP_0248,2026-09-01 00:00:00,-60101.21,,,,
PRODUCT_02106,COMP_0248,2026-09-01 00:00:00,1612.44,,,,
PRODUCT_02145,COMP_0248,2026-09-01 00:00:00,0,,-170000,,
PRODUCT_02681,COMP_0248,2026-09-01 00:00:00,0,,-24000,,
PRODUCT_02910,COMP_0248,2026-09-01 00:00:00,0,,-50000,,
PRODUCT_02986,COMP_0248,2026-09-01 00:00:00,0,,-175000,,
PRODUCT_03071,COMP_0248,2026-09-01 00:00:00,-22681.65,,-27276.25,,
PRODUCT_03384,COMP_0248,2026-09-01 00:00:00,-10330.14,,-12809.92,,
PRODUCT_03436,COMP_0248,2026-09-01 00:00:00,0,,-90000,,
PRODUCT_03581,COMP_0248,2026-09-01 00:00:00,-14250,,,,
PRODUCT_03589,COMP_0248,2026-09-01 00:00:00,-4073.43,,-11776.86,,
PRODUCT_03745,COMP_0248,2026-09-01 00:00:00,-46666.66,,-70000,,
PRODUCT_04056,COMP_0248,2026-09-01 00:00:00,-22681.65,,-27276.25,,
PRODUCT_04058,COMP_0248,2026-09-01 00:00:00,3082.39,,,,
PRODUCT_04466,COMP_0248,2026-09-01 00:00:00,0,,-48999.99,,
PRODUCT_04538,COMP_0248,2026-09-01 00:00:00,-51385.61,,-100000,48614.39,
PRODUCT_04565,COMP_0248,2026-09-01 00:00:00,3924.71,,,,
PRODUCT_04640,COMP_0248,2026-09-01 00:00:00,0,,-65280.7,,
PRODUCT_04697,COMP_0248,2026-09-01 00:00:00,-3592.87,,-11776.86,,
PRODUCT_04862,COMP_0248,2026-09-01 00:00:00,-19645.48,,-2500000,2480354.52,
PRODUCT_05215,COMP_0248,2026-09-01 00:00:00,-18000,,-27000,,
PRODUCT_05488,COMP_0248,2026-09-01 00:00:00,-4542.52,,-16033.06,,
PRODUCT_05688,COMP_0248,2026-09-01 00:00:00,294118.01,,,,
PRODUCT_05994,COMP_0248,2026-09-01 00:00:00,0,,-25000,,
PRODUCT_06136,COMP_0248,2026-09-01 00:00:00,-2372.8,,-17975.41,,
PRODUCT_06743,COMP_0248,2026-09-01 00:00:00,-5357.53,,,,
PRODUCT_06843,COMP_0248,2026-09-01 00:00:00,-17239.84,,-28851.8,,
PRODUCT_06940,COMP_0248,2026-09-01 00:00:00,0,,-40000,,
PRODUCT_06962,COMP_0248,2026-09-01 00:00:00,-10330.14,,-12809.92,,
PRODUCT_07039,COMP_0248,2026-09-01 00:00:00,-367626.29,,-2500000,2132373.71,
PRODUCT_07294,COMP_0248,2026-09-01 00:00:00,0,,-40000,,
PRODUCT_07327,COMP_0248,2026-09-01 00:00:00,0,,-100000,,
PRODUCT_07346,COMP_0248,2026-09-01 00:00:00,-19019.29,,-28500,,
PRODUCT_07476,COMP_0248,2026-09-01 00:00:00,-12430.87,,-20803.95,,
PRODUCT_00375,COMP_0249,2026-09-01 00:00:00,652447.32,,,,
PRODUCT_03112,COMP_0249,2026-09-01 00:00:00,131.63,,,,
PRODUCT_06451,COMP_0249,2026-09-01 00:00:00,307753.28,,,307753.28,307451.17
PRODUCT_06466,COMP_0249,2026-09-01 00:00:00,701.27,,,701.27,
PRODUCT_07534,COMP_0249,2026-09-01 00:00:00,0,,,,
PRODUCT_01312,COMP_0250,2026-09-01 00:00:00,0,,-322856.28,,
PRODUCT_03081,COMP_0250,2026-09-01 00:00:00,50130.25,,,,
PRODUCT_03507,COMP_0250,2026-09-01 00:00:00,65887.16,,,,
PRODUCT_05954,COMP_0250,2026-09-01 00:00:00,-219232.18,,-1117909.52,,
PRODUCT_07964,COMP_0250,2026-09-01 00:00:00,0,,-6092.02,,
PRODUCT_00756,COMP_0251,2026-09-01 00:00:00,29171.04,,,,
PRODUCT_00051,COMP_0252,2026-09-01 00:00:00,0,,,0,
PRODUCT_00113,COMP_0252,2026-09-01 00:00:00,0,,,0,
PRODUCT_00240,COMP_0252,2026-09-01 00:00:00,0,,,0,
PRODUCT_00365,COMP_0252,2026-09-01 00:00:00,20155,,,20155,
PRODUCT_00676,COMP_0252,2026-09-01 00:00:00,0,,,0,
PRODUCT_00680,COMP_0252,2026-09-01 00:00:00,0,,,0,
PRODUCT_00700,COMP_0252,2026-09-01 00:00:00,-4805000,,,,
PRODUCT_01215,COMP_0252,2026-09-01 00:00:00,0,,,0,
PRODUCT_01603,COMP_0252,2026-09-01 00:00:00,18905.84,,,18905.84,
PRODUCT_01619,COMP_0252,2026-09-01 00:00:00,12528.81,,,12528.81,
PRODUCT_01721,COMP_0252,2026-09-01 00:00:00,10001.99,,,10001.99,
PRODUCT_01763,COMP_0252,2026-09-01 00:00:00,206009.38,,,206009.38,
PRODUCT_01848,COMP_0252,2026-09-01 00:00:00,88741.13,,,88741.13,
PRODUCT_01977,COMP_0252,2026-09-01 00:00:00,1019113.98,,,1019113.98,
PRODUCT_02317,COMP_0252,2026-09-01 00:00:00,0,,,0,
PRODUCT_02536,COMP_0252,2026-09-01 00:00:00,-375000,,,,
PRODUCT_02862,COMP_0252,2026-09-01 00:00:00,0,,,0,
PRODUCT_03144,COMP_0252,2026-09-01 00:00:00,-12525,,,,
PRODUCT_03206,COMP_0252,2026-09-01 00:00:00,139420.25,,,139420.25,
PRODUCT_03570,COMP_0252,2026-09-01 00:00:00,0,,,0,
PRODUCT_03700,COMP_0252,2026-09-01 00:00:00,0,,,0,
PRODUCT_03730,COMP_0252,2026-09-01 00:00:00,0,,,0,
PRODUCT_04078,COMP_0252,2026-09-01 00:00:00,-16392063.34,,,,
PRODUCT_04212,COMP_0252,2026-09-01 00:00:00,0,,,0,
PRODUCT_04256,COMP_0252,2026-09-01 00:00:00,29788.6,,,,
PRODUCT_04261,COMP_0252,2026-09-01 00:00:00,5111.4,,,5111.4,
PRODUCT_04442,COMP_0252,2026-09-01 00:00:00,90844.83,,,,
PRODUCT_05040,COMP_0252,2026-09-01 00:00:00,0,,,0,
PRODUCT_05252,COMP_0252,2026-09-01 00:00:00,-3070692.42,,,,
PRODUCT_05429,COMP_0252,2026-09-01 00:00:00,0,,,0,
PRODUCT_05838,COMP_0252,2026-09-01 00:00:00,32.06,,,32.06,
PRODUCT_05907,COMP_0252,2026-09-01 00:00:00,0,,,0,
PRODUCT_05920,COMP_0252,2026-09-01 00:00:00,0,,,0,
PRODUCT_06172,COMP_0252,2026-09-01 00:00:00,0,,,0,
PRODUCT_06263,COMP_0252,2026-09-01 00:00:00,0,,,0,
PRODUCT_06368,COMP_0252,2026-09-01 00:00:00,9971.99,,,9971.99,
PRODUCT_06381,COMP_0252,2026-09-01 00:00:00,121379.82,,,121379.82,
PRODUCT_06387,COMP_0252,2026-09-01 00:00:00,0,,,0,
PRODUCT_06625,COMP_0252,2026-09-01 00:00:00,0,,,0,
PRODUCT_06854,COMP_0252,2026-09-01 00:00:00,135142.09,,,135142.09,
PRODUCT_07541,COMP_0252,2026-09-01 00:00:00,42.78,,,42.78,
PRODUCT_07830,COMP_0252,2026-09-01 00:00:00,2690.58,,,2690.58,
PRODUCT_07851,COMP_0252,2026-09-01 00:00:00,0,,,0,
PRODUCT_07908,COMP_0252,2026-09-01 00:00:00,-350000,,,,
PRODUCT_07944,COMP_0252,2026-09-01 00:00:00,0,,,0,
PRODUCT_07956,COMP_0252,2026-09-01 00:00:00,62864.4,,,62864.4,
PRODUCT_07979,COMP_0252,2026-09-01 00:00:00,-235500,,,,
PRODUCT_02600,COMP_0253,2026-09-01 00:00:00,14667,,,,
PRODUCT_03404,COMP_0253,2026-09-01 00:00:00,0,,,,
PRODUCT_03539,COMP_0253,2026-09-01 00:00:00,93738.37,,,,
PRODUCT_04983,COMP_0253,2026-09-01 00:00:00,0,,,,
PRODUCT_06473,COMP_0253,2026-09-01 00:00:00,0,,,,
PRODUCT_03357,COMP_0254,2026-09-01 00:00:00,0,,,,
PRODUCT_04180,COMP_0254,2026-09-01 00:00:00,0,,,,
PRODUCT_05841,COMP_0254,2026-09-01 00:00:00,-73374.64,,-199999.97,,
PRODUCT_02001,COMP_0255,2026-09-01 00:00:00,-345.5,,-345.5,,
PRODUCT_02436,COMP_0255,2026-09-01 00:00:00,1183.49,,-1000,2183.49,
PRODUCT_02482,COMP_0255,2026-09-01 00:00:00,-45014.78,,-45014.78,,
PRODUCT_02493,COMP_0255,2026-09-01 00:00:00,473.81,,-0.1,473.91,
PRODUCT_02924,COMP_0255,2026-09-01 00:00:00,14.06,,-0.1,14.16,
PRODUCT_03091,COMP_0255,2026-09-01 00:00:00,341.63,,,,
PRODUCT_03101,COMP_0255,2026-09-01 00:00:00,0,,,,
PRODUCT_03440,COMP_0255,2026-09-01 00:00:00,-511,,-511,,
PRODUCT_03650,COMP_0255,2026-09-01 00:00:00,2311.54,,,,
PRODUCT_03914,COMP_0255,2026-09-01 00:00:00,0,,,,
PRODUCT_04021,COMP_0255,2026-09-01 00:00:00,1871.47,,,,
PRODUCT_05771,COMP_0255,2026-09-01 00:00:00,217742.16,,,,
PRODUCT_05779,COMP_0255,2026-09-01 00:00:00,0,,-0.1,0.1,
PRODUCT_05909,COMP_0255,2026-09-01 00:00:00,-18,,-6000,5982,
PRODUCT_06004,COMP_0255,2026-09-01 00:00:00,1226.08,,,,
PRODUCT_06255,COMP_0255,2026-09-01 00:00:00,-18,,-6000,5982,
PRODUCT_06595,COMP_0255,2026-09-01 00:00:00,366.49,,-0.1,366.59,
PRODUCT_06883,COMP_0255,2026-09-01 00:00:00,-250,,-250000,249750,-250
PRODUCT_07453,COMP_0255,2026-09-01 00:00:00,-240.69,,-5000,4759.31,
PRODUCT_01371,COMP_0256,2026-09-01 00:00:00,882955.42,,,,
PRODUCT_04462,COMP_0256,2026-09-01 00:00:00,215208.11,,,,
PRODUCT_07472,COMP_0256,2026-09-01 00:00:00,20201018.57,,,,
PRODUCT_01178,COMP_0257,2026-09-01 00:00:00,137796.48,,,,
PRODUCT_01190,COMP_0257,2026-09-01 00:00:00,55496.26,,,,
PRODUCT_02254,COMP_0257,2026-09-01 00:00:00,1605960.28,,,,
PRODUCT_06077,COMP_0257,2026-09-01 00:00:00,37654.16,,,,
PRODUCT_06253,COMP_0257,2026-09-01 00:00:00,8207.57,,,,
PRODUCT_07218,COMP_0257,2026-09-01 00:00:00,1222.39,,,,
PRODUCT_07515,COMP_0257,2026-09-01 00:00:00,472.79,,,,
PRODUCT_07545,COMP_0257,2026-09-01 00:00:00,30605,,,,
PRODUCT_01100,COMP_0258,2026-09-01 00:00:00,0,,-323782.12,,
PRODUCT_02097,COMP_0258,2026-09-01 00:00:00,-1299404.21,,-1402896.57,,
PRODUCT_02128,COMP_0258,2026-09-01 00:00:00,11830.65,,,,
PRODUCT_03168,COMP_0258,2026-09-01 00:00:00,36402.35,,,,
PRODUCT_04418,COMP_0258,2026-09-01 00:00:00,-101584.54,,-154935.41,,
PRODUCT_05123,COMP_0258,2026-09-01 00:00:00,0,,-184590.1,,
PRODUCT_06089,COMP_0258,2026-09-01 00:00:00,15058.76,,,,
PRODUCT_01490,COMP_0259,2026-09-01 00:00:00,23040.03,,,,
PRODUCT_01844,COMP_0259,2026-09-01 00:00:00,10,,,,
PRODUCT_02013,COMP_0260,2026-09-01 00:00:00,3071.67,,,,
PRODUCT_07669,COMP_0260,2026-09-01 00:00:00,846.66,,,,
PRODUCT_00309,COMP_0261,2026-09-01 00:00:00,-55051317.19,,,,
PRODUCT_00548,COMP_0261,2026-09-01 00:00:00,-1695000,,-2820000,,
PRODUCT_01237,COMP_0261,2026-09-01 00:00:00,-10210000,,,,
PRODUCT_01691,COMP_0261,2026-09-01 00:00:00,0,,,,
PRODUCT_02714,COMP_0261,2026-09-01 00:00:00,-11368421.05,,,,
PRODUCT_04988,COMP_0261,2026-09-01 00:00:00,-1769342.11,,-2943684.21,,
PRODUCT_00501,COMP_0262,2026-09-01 00:00:00,263941.08,,,,
PRODUCT_00762,COMP_0262,2026-09-01 00:00:00,1520.03,,,,
PRODUCT_00787,COMP_0262,2026-09-01 00:00:00,1084284.81,,,,
PRODUCT_02066,COMP_0262,2026-09-01 00:00:00,347448.35,,,,
PRODUCT_02326,COMP_0262,2026-09-01 00:00:00,9479.9,,,,
PRODUCT_02990,COMP_0262,2026-09-01 00:00:00,945355.14,,,,
PRODUCT_03124,COMP_0262,2026-09-01 00:00:00,204300.67,,,,
PRODUCT_05178,COMP_0263,2026-09-01 00:00:00,81350.37,,,,
PRODUCT_07118,COMP_0264,2026-09-01 00:00:00,3522.56,,,,
PRODUCT_00272,COMP_0265,2026-09-01 00:00:00,26312.04,,,,
PRODUCT_00332,COMP_0265,2026-09-01 00:00:00,114.61,,,114.61,
PRODUCT_02283,COMP_0265,2026-09-01 00:00:00,114.61,,,114.61,
PRODUCT_04285,COMP_0265,2026-09-01 00:00:00,0,,,0,
PRODUCT_05965,COMP_0265,2026-09-01 00:00:00,169.74,,,,
PRODUCT_08017,COMP_0265,2026-09-01 00:00:00,0,,,,
PRODUCT_05166,COMP_0266,2026-09-01 00:00:00,25171.13,,,,
PRODUCT_05755,COMP_0266,2026-09-01 00:00:00,32667.78,,,,
PRODUCT_03354,COMP_0267,2026-09-01 00:00:00,5894.38,,,,
PRODUCT_08157,COMP_0267,2026-09-01 00:00:00,10527.44,,,,
PRODUCT_01593,COMP_0268,2026-09-01 00:00:00,23953.58,,,,
PRODUCT_02518,COMP_0268,2026-09-01 00:00:00,8227.6,,,8227.6,8227.6
PRODUCT_02919,COMP_0268,2026-09-01 00:00:00,23700.13,,,,
PRODUCT_03259,COMP_0268,2026-09-01 00:00:00,4654.06,,,,
PRODUCT_03588,COMP_0268,2026-09-01 00:00:00,12199.5,,,,
PRODUCT_04793,COMP_0268,2026-09-01 00:00:00,213481.08,,,,
PRODUCT_07258,COMP_0268,2026-09-01 00:00:00,47952.17,,,,
PRODUCT_00516,COMP_0269,2026-09-01 00:00:00,0,,,,
PRODUCT_00557,COMP_0269,2026-09-01 00:00:00,153685.88,,,,
PRODUCT_00598,COMP_0269,2026-09-01 00:00:00,21769.62,,,,
PRODUCT_01074,COMP_0269,2026-09-01 00:00:00,845,,,,
PRODUCT_01132,COMP_0269,2026-09-01 00:00:00,9913,,,,
PRODUCT_01789,COMP_0269,2026-09-01 00:00:00,0,,,,
PRODUCT_02065,COMP_0269,2026-09-01 00:00:00,0,,,,
PRODUCT_02644,COMP_0269,2026-09-01 00:00:00,775,,,,
PRODUCT_03070,COMP_0269,2026-09-01 00:00:00,0,,,,
PRODUCT_03257,COMP_0269,2026-09-01 00:00:00,1011769.62,,,,
PRODUCT_03419,COMP_0269,2026-09-01 00:00:00,10000,,,,
PRODUCT_04033,COMP_0269,2026-09-01 00:00:00,100000,,,,
PRODUCT_04209,COMP_0269,2026-09-01 00:00:00,-10000,,,,
PRODUCT_04592,COMP_0269,2026-09-01 00:00:00,55624.87,,,,
PRODUCT_04872,COMP_0269,2026-09-01 00:00:00,0,,,,
PRODUCT_05421,COMP_0269,2026-09-01 00:00:00,0,,,,
PRODUCT_05654,COMP_0269,2026-09-01 00:00:00,1000,,,,
PRODUCT_05946,COMP_0269,2026-09-01 00:00:00,10000,,,,
PRODUCT_06479,COMP_0269,2026-09-01 00:00:00,10000,,,,
PRODUCT_02333,COMP_0270,2026-09-01 00:00:00,20369.13,,,,
PRODUCT_02597,COMP_0270,2026-09-01 00:00:00,0,,,,
PRODUCT_03117,COMP_0270,2026-09-01 00:00:00,0,,,,
PRODUCT_03911,COMP_0270,2026-09-01 00:00:00,0,,,0,0
PRODUCT_05064,COMP_0270,2026-09-01 00:00:00,0,,,0,0
PRODUCT_05537,COMP_0270,2026-09-01 00:00:00,68383.99,,,,
PRODUCT_07781,COMP_0270,2026-09-01 00:00:00,3314.29,,,,
PRODUCT_00605,COMP_0271,2026-09-01 00:00:00,-770549.55,,-800000,29450.45,
PRODUCT_00718,COMP_0271,2026-09-01 00:00:00,56286.04,,-1500000,1556286.04,-1455343.87
PRODUCT_00929,COMP_0271,2026-09-01 00:00:00,11243.94,,,11243.94,11243.94
PRODUCT_01124,COMP_0271,2026-09-01 00:00:00,45380.33,,,45380.33,
PRODUCT_01270,COMP_0271,2026-09-01 00:00:00,3016.79,,,,
PRODUCT_01858,COMP_0271,2026-09-01 00:00:00,2646.95,,,,
PRODUCT_01954,COMP_0271,2026-09-01 00:00:00,11730.13,,,,
PRODUCT_02051,COMP_0271,2026-09-01 00:00:00,-1459110.96,,-1500000,40889.04,
PRODUCT_02111,COMP_0271,2026-09-01 00:00:00,-420790.75,,-500000,79209.25,
PRODUCT_02247,COMP_0271,2026-09-01 00:00:00,2134.06,,,,
PRODUCT_02271,COMP_0271,2026-09-01 00:00:00,5622.63,,,,
PRODUCT_02591,COMP_0271,2026-09-01 00:00:00,8433.28,,,8433.28,8433.28
PRODUCT_03500,COMP_0271,2026-09-01 00:00:00,3313.43,,,,
PRODUCT_03556,COMP_0271,2026-09-01 00:00:00,543.49,,,,
PRODUCT_03684,COMP_0271,2026-09-01 00:00:00,-451485.87,,-500000,48514.13,
PRODUCT_03950,COMP_0271,2026-09-01 00:00:00,27415.99,,,,
PRODUCT_04493,COMP_0271,2026-09-01 00:00:00,74987.6,,,74987.6,74987.6
PRODUCT_04783,COMP_0271,2026-09-01 00:00:00,26294.31,,,,
PRODUCT_05451,COMP_0271,2026-09-01 00:00:00,-1916872.1,,-2500000,583127.9,-353555.07
PRODUCT_05594,COMP_0271,2026-09-01 00:00:00,29.91,,,,
PRODUCT_06152,COMP_0271,2026-09-01 00:00:00,8605.48,,,,
PRODUCT_07023,COMP_0271,2026-09-01 00:00:00,-133261.85,,,,
PRODUCT_07108,COMP_0271,2026-09-01 00:00:00,51992.27,,,,
PRODUCT_07560,COMP_0271,2026-09-01 00:00:00,322.36,,,,
PRODUCT_07562,COMP_0271,2026-09-01 00:00:00,-644154.43,,-800000,155845.57,-644154.43
PRODUCT_07642,COMP_0271,2026-09-01 00:00:00,2773.79,,,,
PRODUCT_07692,COMP_0271,2026-09-01 00:00:00,13925.99,,,,
PRODUCT_08007,COMP_0271,2026-09-01 00:00:00,12110.19,,,12110.19,12110.19
PRODUCT_08074,COMP_0271,2026-09-01 00:00:00,7348.46,,,7348.46,7348.46
PRODUCT_01768,COMP_0272,2026-09-01 00:00:00,0,,-3000,3000,
PRODUCT_03157,COMP_0272,2026-09-01 00:00:00,0,,-2000,2000,
PRODUCT_03854,COMP_0272,2026-09-01 00:00:00,891.31,,,,
PRODUCT_05397,COMP_0272,2026-09-01 00:00:00,-21073.48,,-64000,,
PRODUCT_00579,COMP_0273,2026-09-01 00:00:00,1703.74,,,,
PRODUCT_01043,COMP_0273,2026-09-01 00:00:00,648.42,,,,
PRODUCT_01920,COMP_0274,2026-09-01 00:00:00,131728.95,,,,
PRODUCT_02936,COMP_0274,2026-09-01 00:00:00,3519.21,,,,
PRODUCT_04684,COMP_0274,2026-09-01 00:00:00,121963.2,,,,
PRODUCT_05661,COMP_0274,2026-09-01 00:00:00,95023.46,,,,
PRODUCT_06355,COMP_0274,2026-09-01 00:00:00,0,,,,
PRODUCT_07373,COMP_0274,2026-09-01 00:00:00,171642.97,,,,
PRODUCT_02221,COMP_0275,2026-09-01 00:00:00,7281.43,,,,
PRODUCT_02940,COMP_0275,2026-09-01 00:00:00,2658.58,,,,
PRODUCT_06399,COMP_0275,2026-09-01 00:00:00,28710.33,,,,
PRODUCT_00805,COMP_0276,2026-09-01 00:00:00,154206798.94,,,,
PRODUCT_01206,COMP_0276,2026-09-01 00:00:00,3420,,,,
PRODUCT_01284,COMP_0276,2026-09-01 00:00:00,3383.12,,,,
PRODUCT_01358,COMP_0276,2026-09-01 00:00:00,3488839.75,,,,
PRODUCT_04268,COMP_0276,2026-09-01 00:00:00,949082.29,,,,
PRODUCT_06042,COMP_0276,2026-09-01 00:00:00,975415.71,,,,
PRODUCT_00408,COMP_0277,2026-09-01 00:00:00,3504.02,,-300000,304104.02,
PRODUCT_00966,COMP_0277,2026-09-01 00:00:00,0,,,,
PRODUCT_01167,COMP_0277,2026-09-01 00:00:00,0,,-20000,20000,
PRODUCT_01804,COMP_0277,2026-09-01 00:00:00,0,,-600,600,
PRODUCT_01814,COMP_0277,2026-09-01 00:00:00,0,,-600,600,
PRODUCT_02489,COMP_0277,2026-09-01 00:00:00,8881.63,,,,
PRODUCT_03536,COMP_0277,2026-09-01 00:00:00,0,,-10000,10000,
PRODUCT_04335,COMP_0277,2026-09-01 00:00:00,0,,-1200,1200,
PRODUCT_04486,COMP_0277,2026-09-01 00:00:00,0,,-20000,20000,
PRODUCT_04865,COMP_0277,2026-09-01 00:00:00,0,,-600,600,
PRODUCT_04956,COMP_0277,2026-09-01 00:00:00,0,,-3000,3000,
PRODUCT_05053,COMP_0277,2026-09-01 00:00:00,0,,-1200,1200,
PRODUCT_05371,COMP_0277,2026-09-01 00:00:00,0,,-1500,1500,
PRODUCT_05674,COMP_0277,2026-09-01 00:00:00,658831.82,,,658831.82,-1850390.07
PRODUCT_06809,COMP_0277,2026-09-01 00:00:00,5503.49,,-300000,305503.49,5503.49
PRODUCT_06994,COMP_0277,2026-09-01 00:00:00,5574.97,,,,
PRODUCT_07581,COMP_0277,2026-09-01 00:00:00,0,,-6000,6000,
PRODUCT_07810,COMP_0277,2026-09-01 00:00:00,0,,-600,600,
PRODUCT_07922,COMP_0277,2026-09-01 00:00:00,0,,-3000,3000,
PRODUCT_01631,COMP_0278,2026-09-01 00:00:00,15583.87,,,,
PRODUCT_02057,COMP_0278,2026-09-01 00:00:00,130018.81,,,,
PRODUCT_03467,COMP_0278,2026-09-01 00:00:00,84428.72,,,,
PRODUCT_07360,COMP_0278,2026-09-01 00:00:00,8701.46,,,,
PRODUCT_00078,COMP_0279,2026-09-01 00:00:00,534.76,,,,
PRODUCT_00094,COMP_0279,2026-09-01 00:00:00,1461.98,,,,
PRODUCT_04314,COMP_0279,2026-09-01 00:00:00,858.24,,,,
PRODUCT_04106,COMP_0280,2026-09-01 00:00:00,173445.83,,,,
PRODUCT_04151,COMP_0280,2026-09-01 00:00:00,-24331.08,,,,
PRODUCT_05743,COMP_0280,2026-09-01 00:00:00,239243.56,,,,
PRODUCT_07527,COMP_0280,2026-09-01 00:00:00,1799535.36,,,,
PRODUCT_03763,COMP_0281,2026-09-01 00:00:00,21017453.39,,-21350000,42367453.39,
PRODUCT_03881,COMP_0281,2026-09-01 00:00:00,5.7,,,,
PRODUCT_04374,COMP_0281,2026-09-01 00:00:00,59316.03,,,,
PRODUCT_05714,COMP_0281,2026-09-01 00:00:00,953.65,,,,
PRODUCT_05769,COMP_0281,2026-09-01 00:00:00,3693.71,,,,
PRODUCT_07882,COMP_0281,2026-09-01 00:00:00,45818.35,,,,
PRODUCT_00282,COMP_0282,2026-09-01 00:00:00,33684.16,,,,
PRODUCT_00384,COMP_0282,2026-09-01 00:00:00,11211.54,,,,
PRODUCT_00671,COMP_0282,2026-09-01 00:00:00,9934.67,,,,
PRODUCT_01537,COMP_0282,2026-09-01 00:00:00,46158.4,,,,
PRODUCT_01654,COMP_0282,2026-09-01 00:00:00,52904.22,,,,
PRODUCT_02127,COMP_0282,2026-09-01 00:00:00,1662275.43,,,,
PRODUCT_03087,COMP_0282,2026-09-01 00:00:00,59601.06,,,,
PRODUCT_03433,COMP_0282,2026-09-01 00:00:00,0,,,,
PRODUCT_03722,COMP_0282,2026-09-01 00:00:00,90925.02,,,,
PRODUCT_03926,COMP_0282,2026-09-01 00:00:00,8455.52,,,,
PRODUCT_03967,COMP_0282,2026-09-01 00:00:00,9320.25,,,,
PRODUCT_03995,COMP_0282,2026-09-01 00:00:00,68075.43,,,,
PRODUCT_04089,COMP_0282,2026-09-01 00:00:00,226446.27,,,,
PRODUCT_04424,COMP_0282,2026-09-01 00:00:00,0,,,,
PRODUCT_04569,COMP_0282,2026-09-01 00:00:00,882.89,,,,
PRODUCT_05509,COMP_0282,2026-09-01 00:00:00,0,,,,
PRODUCT_05665,COMP_0282,2026-09-01 00:00:00,27425.15,,,,
PRODUCT_05709,COMP_0282,2026-09-01 00:00:00,4659971.69,,,,
PRODUCT_05781,COMP_0282,2026-09-01 00:00:00,81808.45,,,,
PRODUCT_05799,COMP_0282,2026-09-01 00:00:00,1468.8,,,,
PRODUCT_06198,COMP_0282,2026-09-01 00:00:00,2916.8,,,,
PRODUCT_06269,COMP_0282,2026-09-01 00:00:00,61064.35,,,,
PRODUCT_06274,COMP_0282,2026-09-01 00:00:00,0,,,,
PRODUCT_06585,COMP_0282,2026-09-01 00:00:00,125403.89,,,,
PRODUCT_06956,COMP_0282,2026-09-01 00:00:00,7175.13,,,,
PRODUCT_07124,COMP_0282,2026-09-01 00:00:00,0,,,,
PRODUCT_07207,COMP_0282,2026-09-01 00:00:00,148622.9,,,,
PRODUCT_07479,COMP_0282,2026-09-01 00:00:00,51402.98,,,,
PRODUCT_07570,COMP_0282,2026-09-01 00:00:00,0,,,,
PRODUCT_07607,COMP_0282,2026-09-01 00:00:00,8167.98,,,,
PRODUCT_07667,COMP_0282,2026-09-01 00:00:00,132465.08,,,,
PRODUCT_07703,COMP_0282,2026-09-01 00:00:00,11477.85,,,,
PRODUCT_07912,COMP_0282,2026-09-01 00:00:00,9823.16,,,,
PRODUCT_08151,COMP_0282,2026-09-01 00:00:00,0,,,,
PRODUCT_08176,COMP_0282,2026-09-01 00:00:00,0,,,,
PRODUCT_00356,COMP_0283,2026-09-01 00:00:00,188472.3,,,,
PRODUCT_00359,COMP_0283,2026-09-01 00:00:00,0,,,,
PRODUCT_01820,COMP_0283,2026-09-01 00:00:00,0,,,,
PRODUCT_04645,COMP_0283,2026-09-01 00:00:00,6161829.33,,,,
PRODUCT_06294,COMP_0283,2026-09-01 00:00:00,3373.64,,,,
PRODUCT_03852,COMP_0284,2026-09-01 00:00:00,256281.58,,,,
PRODUCT_07469,COMP_0284,2026-09-01 00:00:00,1,,,,
PRODUCT_07506,COMP_0285,2026-09-01 00:00:00,640.52,,,,
PRODUCT_01709,COMP_0286,2026-09-01 00:00:00,-57014.44,,,,
PRODUCT_02575,COMP_0286,2026-09-01 00:00:00,0,,-2000,2000,2000
PRODUCT_03645,COMP_0286,2026-09-01 00:00:00,-36475.39,,-100000,,
PRODUCT_05212,COMP_0286,2026-09-01 00:00:00,-52442.92,,-61900,9457.08,-52442.92
PRODUCT_05670,COMP_0286,2026-09-01 00:00:00,-19506.49,,-136000,,
PRODUCT_07105,COMP_0286,2026-09-01 00:00:00,-57014.44,,-60000,2985.56,-57014.44
PRODUCT_07312,COMP_0286,2026-09-01 00:00:00,3762.96,,,,
PRODUCT_08010,COMP_0286,2026-09-01 00:00:00,22909.88,,,,
PRODUCT_00799,COMP_0287,2026-09-01 00:00:00,18885.97,,,,
PRODUCT_01646,COMP_0287,2026-09-01 00:00:00,-178388.71,,,,
PRODUCT_01754,COMP_0287,2026-09-01 00:00:00,4236.57,,,,
PRODUCT_04465,COMP_0287,2026-09-01 00:00:00,5116.52,,,,
PRODUCT_00607,COMP_0288,2026-09-01 00:00:00,0,,-6000,6000,
PRODUCT_00856,COMP_0288,2026-09-01 00:00:00,165965.74,,,,
PRODUCT_02233,COMP_0288,2026-09-01 00:00:00,2223.14,,,,
PRODUCT_03860,COMP_0288,2026-09-01 00:00:00,7920.64,,,,
PRODUCT_05110,COMP_0288,2026-09-01 00:00:00,0,,,,
PRODUCT_06015,COMP_0288,2026-09-01 00:00:00,-18772.85,,,,
PRODUCT_07049,COMP_0288,2026-09-01 00:00:00,0,,-2000,2000,223.52
PRODUCT_08195,COMP_0288,2026-09-01 00:00:00,50990.92,,,,
PRODUCT_00494,COMP_0289,2026-09-01 00:00:00,23636.11,,,,
PRODUCT_01383,COMP_0289,2026-09-01 00:00:00,1353.3,,,,
PRODUCT_01495,COMP_0289,2026-09-01 00:00:00,352099.97,,,,
PRODUCT_02819,COMP_0289,2026-09-01 00:00:00,-231619.04,,-256000,,
PRODUCT_03256,COMP_0289,2026-09-01 00:00:00,-136836.24,,-156000,,
PRODUCT_04464,COMP_0289,2026-09-01 00:00:00,-53341.67,,-85000,,
PRODUCT_05342,COMP_0289,2026-09-01 00:00:00,12193.94,,,,
PRODUCT_05986,COMP_0289,2026-09-01 00:00:00,-515.96,,-3000,2484.04,
PRODUCT_08261,COMP_0289,2026-09-01 00:00:00,-106684.6,,,,
PRODUCT_06805,COMP_0289,2026-09-01 00:00:00,93445.3,,,,
PRODUCT_01229,COMP_0290,2026-09-01 00:00:00,2692.95,,,,
PRODUCT_03587,COMP_0290,2026-09-01 00:00:00,45818.33,,,,
PRODUCT_00892,COMP_0291,2026-09-01 00:00:00,592.79,,,,
PRODUCT_03516,COMP_0291,2026-09-01 00:00:00,3168.81,,,,
PRODUCT_04537,COMP_0291,2026-09-01 00:00:00,1214.57,,,,
PRODUCT_05387,COMP_0291,2026-09-01 00:00:00,1200618.63,,,,
PRODUCT_05637,COMP_0291,2026-09-01 00:00:00,279.8,,,,
PRODUCT_02998,COMP_0292,2026-09-01 00:00:00,49919.5,,,,
PRODUCT_03301,COMP_0292,2026-09-01 00:00:00,1.31,,,,
PRODUCT_04430,COMP_0292,2026-09-01 00:00:00,25081.25,,,,
PRODUCT_04831,COMP_0292,2026-09-01 00:00:00,0,,,,
PRODUCT_04906,COMP_0292,2026-09-01 00:00:00,0,,,,
PRODUCT_05274,COMP_0292,2026-09-01 00:00:00,0,,,,
PRODUCT_05318,COMP_0292,2026-09-01 00:00:00,7866.86,,,,
PRODUCT_05772,COMP_0292,2026-09-01 00:00:00,0,,,,
PRODUCT_06832,COMP_0292,2026-09-01 00:00:00,0,,,,
PRODUCT_00048,COMP_0293,2026-09-01 00:00:00,5019730.7,,,,
PRODUCT_01451,COMP_0293,2026-09-01 00:00:00,253912.2,,,,
PRODUCT_02034,COMP_0293,2026-09-01 00:00:00,-5000000,,-10000000,,
PRODUCT_04290,COMP_0293,2026-09-01 00:00:00,0,,,,
PRODUCT_04935,COMP_0293,2026-09-01 00:00:00,0,,,,
PRODUCT_05288,COMP_0293,2026-09-01 00:00:00,-9743898.4,,-10000000,,
PRODUCT_06570,COMP_0293,2026-09-01 00:00:00,5000000,,,,
PRODUCT_07032,COMP_0293,2026-09-01 00:00:00,0,,,,
PRODUCT_03149,COMP_0294,2026-09-01 00:00:00,90437.28,,,,
PRODUCT_01739,COMP_0295,2026-09-01 00:00:00,0,,,,
PRODUCT_02495,COMP_0295,2026-09-01 00:00:00,985.01,,,,
PRODUCT_03286,COMP_0295,2026-09-01 00:00:00,1580.9,,,,
PRODUCT_04727,COMP_0295,2026-09-01 00:00:00,1675.8,,,,
PRODUCT_05283,COMP_0295,2026-09-01 00:00:00,789.45,,,,
PRODUCT_05416,COMP_0295,2026-09-01 00:00:00,44624.47,,,,
PRODUCT_06087,COMP_0295,2026-09-01 00:00:00,3662.71,,,,
PRODUCT_00554,COMP_0296,2026-09-01 00:00:00,404576.66,,,,
PRODUCT_00731,COMP_0296,2026-09-01 00:00:00,25896.67,,,,
PRODUCT_00411,COMP_0297,2026-09-01 00:00:00,36284.77,,,,
PRODUCT_00468,COMP_0297,2026-09-01 00:00:00,-37082.88,,-48439.97,,
PRODUCT_00473,COMP_0297,2026-09-01 00:00:00,-28876.61,,-38510.82,,
PRODUCT_02249,COMP_0297,2026-09-01 00:00:00,97875.92,,,,
PRODUCT_03573,COMP_0297,2026-09-01 00:00:00,-7522.6,,-39915.38,,
PRODUCT_04854,COMP_0297,2026-09-01 00:00:00,15274.84,,,,
PRODUCT_06432,COMP_0297,2026-09-01 00:00:00,8474.58,,,,
PRODUCT_04680,COMP_0298,2026-09-01 00:00:00,-635637.86,,-787409,,
PRODUCT_05080,COMP_0298,2026-09-01 00:00:00,1242.46,,,,
PRODUCT_05611,COMP_0298,2026-09-01 00:00:00,25.15,,,,
PRODUCT_07898,COMP_0298,2026-09-01 00:00:00,570.5,,,,
PRODUCT_03597,COMP_0299,2026-09-01 00:00:00,1083.04,,,,
PRODUCT_04482,COMP_0299,2026-09-01 00:00:00,1354.15,,,,
PRODUCT_05630,COMP_0299,2026-09-01 00:00:00,69829.01,,,,
PRODUCT_06669,COMP_0299,2026-09-01 00:00:00,38729.6,,,,
PRODUCT_01275,COMP_0300,2026-09-01 00:00:00,37763.95,,,37763.95,
PRODUCT_03388,COMP_0300,2026-09-01 00:00:00,20221,,,,
PRODUCT_07308,COMP_0300,2026-09-01 00:00:00,36475.28,,,36475.28,
PRODUCT_00486,COMP_0301,2026-09-01 00:00:00,423503.16,,,,
PRODUCT_00508,COMP_0301,2026-09-01 00:00:00,538903.37,,,,
PRODUCT_00614,COMP_0301,2026-09-01 00:00:00,498811.15,,,,
PRODUCT_00891,COMP_0301,2026-09-01 00:00:00,175550.92,,,,
PRODUCT_01737,COMP_0301,2026-09-01 00:00:00,80997.66,,,,
PRODUCT_02715,COMP_0301,2026-09-01 00:00:00,22995.95,,,22995.95,
PRODUCT_05234,COMP_0302,2026-09-01 00:00:00,556.2,,,,
PRODUCT_05555,COMP_0302,2026-09-01 00:00:00,64.8,,,64.8,64.8
PRODUCT_05767,COMP_0302,2026-09-01 00:00:00,95.43,,,95.43,95.43
PRODUCT_06567,COMP_0302,2026-09-01 00:00:00,997.61,,,,
PRODUCT_07247,COMP_0302,2026-09-01 00:00:00,667.06,,,667.06,667.06
PRODUCT_00090,COMP_0303,2026-09-01 00:00:00,0,,,,
PRODUCT_01862,COMP_0303,2026-09-01 00:00:00,0,,,,
PRODUCT_04248,COMP_0303,2026-09-01 00:00:00,0,,,0,0
PRODUCT_06005,COMP_0303,2026-09-01 00:00:00,0,,,,
PRODUCT_07773,COMP_0303,2026-09-01 00:00:00,0,,,,
PRODUCT_00079,COMP_0304,2026-09-01 00:00:00,21350000,,-21350000,42700000,
PRODUCT_00358,COMP_0304,2026-09-01 00:00:00,21188670.44,,-21350000,42538670.44,
PRODUCT_00488,COMP_0304,2026-09-01 00:00:00,115.25,,,,
PRODUCT_02658,COMP_0304,2026-09-01 00:00:00,12483.94,,,,
PRODUCT_02981,COMP_0304,2026-09-01 00:00:00,77009.78,,,,
PRODUCT_05900,COMP_0304,2026-09-01 00:00:00,162418.4,,,,
PRODUCT_00415,COMP_0305,2026-09-01 00:00:00,651379.82,,,651379.82,651379.82
PRODUCT_01392,COMP_0305,2026-09-01 00:00:00,53578.05,,,,
PRODUCT_01813,COMP_0305,2026-09-01 00:00:00,79126.09,,,,
PRODUCT_05231,COMP_0305,2026-09-01 00:00:00,63413.96,,,,
PRODUCT_06375,COMP_0306,2026-09-01 00:00:00,1212546381.96,,,,
PRODUCT_03370,COMP_0307,2026-09-01 00:00:00,11584.43,,,11584.43,
PRODUCT_03154,COMP_0308,2026-09-01 00:00:00,990.96,,-200000,200990.96,194.75
PRODUCT_05186,COMP_0308,2026-09-01 00:00:00,124369.84,,,,
PRODUCT_05189,COMP_0308,2026-09-01 00:00:00,393222.98,,,,
PRODUCT_05191,COMP_0309,2026-09-01 00:00:00,81066.03,,,,
PRODUCT_00277,COMP_0310,2026-09-01 00:00:00,0,,,,
PRODUCT_04224,COMP_0310,2026-09-01 00:00:00,0,,,,
PRODUCT_01996,COMP_0311,2026-09-01 00:00:00,0,,,,
PRODUCT_03782,COMP_0311,2026-09-01 00:00:00,-11.37,,,,
PRODUCT_06558,COMP_0311,2026-09-01 00:00:00,437496.34,,,,
PRODUCT_06186,COMP_0313,2026-09-01 00:00:00,45207.26,,,,
PRODUCT_07226,COMP_0313,2026-09-01 00:00:00,1369561.69,,,,
PRODUCT_07501,COMP_0313,2026-09-01 00:00:00,0.51,,,,
PRODUCT_01144,COMP_0314,2026-09-01 00:00:00,24573.05,,,24573.05,
PRODUCT_01651,COMP_0314,2026-09-01 00:00:00,38308.73,,,38308.73,
PRODUCT_02356,COMP_0314,2026-09-01 00:00:00,0,,,,
PRODUCT_02966,COMP_0314,2026-09-01 00:00:00,10683.18,,,,
PRODUCT_03773,COMP_0314,2026-09-01 00:00:00,4288.05,,,,
PRODUCT_04368,COMP_0314,2026-09-01 00:00:00,10248.85,,,10248.85,
PRODUCT_05577,COMP_0314,2026-09-01 00:00:00,44469.7,,,44469.7,
PRODUCT_06206,COMP_0314,2026-09-01 00:00:00,545.21,,,,
PRODUCT_06247,COMP_0314,2026-09-01 00:00:00,0.89,,,,
PRODUCT_02471,COMP_0315,2026-09-01 00:00:00,16679.65,,,,
PRODUCT_01374,COMP_0316,2026-09-01 00:00:00,0,,,,
PRODUCT_04302,COMP_0316,2026-09-01 00:00:00,0,,,,
PRODUCT_04962,COMP_0316,2026-09-01 00:00:00,0,,,,
PRODUCT_07264,COMP_0316,2026-09-01 00:00:00,6814.68,,,,
PRODUCT_04247,COMP_0317,2026-09-01 00:00:00,15742.63,,,,
PRODUCT_00990,COMP_0318,2026-09-01 00:00:00,18939.24,,,,
PRODUCT_01016,COMP_0318,2026-09-01 00:00:00,93632.45,,,,
PRODUCT_00484,COMP_0319,2026-09-01 00:00:00,30766.62,,,,
PRODUCT_02494,COMP_0319,2026-09-01 00:00:00,302379.64,,,,
PRODUCT_07456,COMP_0319,2026-09-01 00:00:00,52010.61,,,,
PRODUCT_00453,COMP_0320,2026-09-01 00:00:00,-2050000,,-2050000,0,
PRODUCT_02030,COMP_0320,2026-09-01 00:00:00,3600.73,,,,
PRODUCT_04716,COMP_0320,2026-09-01 00:00:00,4787.68,,,,
PRODUCT_05328,COMP_0320,2026-09-01 00:00:00,24453.55,,,,
PRODUCT_07625,COMP_0320,2026-09-01 00:00:00,507.31,,,,
PRODUCT_07711,COMP_0320,2026-09-01 00:00:00,-80000,,-80000,0,
PRODUCT_08262,COMP_0321,2026-09-01 00:00:00,0,,,,
PRODUCT_01285,COMP_0321,2026-09-01 00:00:00,363079.89,,,363079.89,
PRODUCT_02461,COMP_0321,2026-09-01 00:00:00,1421291.8,,,,
PRODUCT_04170,COMP_0321,2026-09-01 00:00:00,-183216.06,,,,
PRODUCT_06139,COMP_0321,2026-09-01 00:00:00,299571.62,,,,
PRODUCT_00116,COMP_0322,2026-09-01 00:00:00,8565.7,,,,
PRODUCT_01109,COMP_0322,2026-09-01 00:00:00,920.9,,,,
PRODUCT_04179,COMP_0322,2026-09-01 00:00:00,49128.59,,,,
PRODUCT_08053,COMP_0322,2026-09-01 00:00:00,439.02,,,,
PRODUCT_00148,COMP_0323,2026-09-01 00:00:00,261265.25,,,261265.25,
PRODUCT_00555,COMP_0323,2026-09-01 00:00:00,1201178.03,,,1201178.03,
PRODUCT_04545,COMP_0323,2026-09-01 00:00:00,88864.88,,,88864.88,
PRODUCT_00153,COMP_0324,2026-09-01 00:00:00,2566.56,,,,
PRODUCT_00714,COMP_0324,2026-09-01 00:00:00,32460.02,,,,
PRODUCT_01017,COMP_0324,2026-09-01 00:00:00,199356.29,,,199356.29,199356.29
PRODUCT_01942,COMP_0324,2026-09-01 00:00:00,173.03,,,,
PRODUCT_02838,COMP_0324,2026-09-01 00:00:00,3814.75,,,,
PRODUCT_03235,COMP_0324,2026-09-01 00:00:00,23807.9,,,,
PRODUCT_03940,COMP_0324,2026-09-01 00:00:00,1802.55,,,,
PRODUCT_04150,COMP_0324,2026-09-01 00:00:00,19110.44,,,,
PRODUCT_05270,COMP_0324,2026-09-01 00:00:00,204401.51,,,204401.51,194016.83
PRODUCT_05452,COMP_0324,2026-09-01 00:00:00,28400.7,,,,
PRODUCT_06056,COMP_0324,2026-09-01 00:00:00,37279.04,,,,
PRODUCT_06528,COMP_0324,2026-09-01 00:00:00,3508.6,,,,
PRODUCT_06608,COMP_0324,2026-09-01 00:00:00,24888.53,,,,
PRODUCT_06744,COMP_0324,2026-09-01 00:00:00,20444.36,,,20444.36,20444.36
PRODUCT_00624,COMP_0325,2026-09-01 00:00:00,35.55,,,,
PRODUCT_00369,COMP_0326,2026-09-01 00:00:00,0,,,,
PRODUCT_00703,COMP_0326,2026-09-01 00:00:00,-89.14,,-1100000,1099910.86,-89.14
PRODUCT_01196,COMP_0326,2026-09-01 00:00:00,-3582145.13,,-4500000,,
PRODUCT_02655,COMP_0326,2026-09-01 00:00:00,-1100000,,,,
PRODUCT_03750,COMP_0326,2026-09-01 00:00:00,0,,,,
PRODUCT_03982,COMP_0326,2026-09-01 00:00:00,480.5,,,,
PRODUCT_04101,COMP_0326,2026-09-01 00:00:00,-167374.69,,-750000,582625.31,-154492.53
PRODUCT_04332,COMP_0326,2026-09-01 00:00:00,-349177.98,,-600000,,
PRODUCT_05073,COMP_0326,2026-09-01 00:00:00,0,,,,
PRODUCT_05400,COMP_0326,2026-09-01 00:00:00,-23957.8,,-27882.57,,
PRODUCT_05629,COMP_0326,2026-09-01 00:00:00,0,,-1000,1000,
PRODUCT_06369,COMP_0326,2026-09-01 00:00:00,185471.54,,,,
PRODUCT_07508,COMP_0326,2026-09-01 00:00:00,-23957.8,,-27882.57,,
PRODUCT_07564,COMP_0326,2026-09-01 00:00:00,-21293.13,,-22126.34,,
PRODUCT_07962,COMP_0326,2026-09-01 00:00:00,841.05,,,,
PRODUCT_08145,COMP_0326,2026-09-01 00:00:00,9.3,,-1,10.3,
PRODUCT_01336,COMP_0328,2026-09-01 00:00:00,3846.69,,,,
PRODUCT_01394,COMP_0328,2026-09-01 00:00:00,0,,-5000,5000,
PRODUCT_02857,COMP_0328,2026-09-01 00:00:00,22535.97,,,,
PRODUCT_04950,COMP_0328,2026-09-01 00:00:00,214207.04,,,,
PRODUCT_04953,COMP_0328,2026-09-01 00:00:00,0,,,0,
PRODUCT_05612,COMP_0328,2026-09-01 00:00:00,0,,-5000,5000,
PRODUCT_01559,COMP_0329,2026-09-01 00:00:00,250000,,,,
PRODUCT_08208,COMP_0329,2026-09-01 00:00:00,922894.89,,,,
PRODUCT_02782,COMP_0330,2026-09-01 00:00:00,7000,,,,
PRODUCT_05762,COMP_0330,2026-09-01 00:00:00,0,,,,
PRODUCT_06284,COMP_0330,2026-09-01 00:00:00,0,,,,
PRODUCT_03359,COMP_0331,2026-09-01 00:00:00,6905.42,,,,
PRODUCT_00413,COMP_0332,2026-09-01 00:00:00,-8613.93,,-8893.04,,
PRODUCT_00832,COMP_0332,2026-09-01 00:00:00,-6744.38,,-6962.93,,
PRODUCT_01260,COMP_0332,2026-09-01 00:00:00,-6795.9,,-7016.13,,
PRODUCT_01344,COMP_0332,2026-09-01 00:00:00,-180937.46,,-186800.72,,
PRODUCT_01448,COMP_0332,2026-09-01 00:00:00,-208571.46,,-215330.17,,
PRODUCT_01583,COMP_0332,2026-09-01 00:00:00,-195572.03,,-201909.49,,
PRODUCT_01618,COMP_0332,2026-09-01 00:00:00,-7889.75,,-8145.41,,
PRODUCT_01632,COMP_0332,2026-09-01 00:00:00,-6795.9,,-7016.13,,
PRODUCT_01778,COMP_0332,2026-09-01 00:00:00,-112510.46,,-116156.33,,
PRODUCT_01912,COMP_0332,2026-09-01 00:00:00,-6795.9,,-7016.13,,
PRODUCT_02163,COMP_0332,2026-09-01 00:00:00,-185893.32,,-191917.11,,
PRODUCT_02187,COMP_0332,2026-09-01 00:00:00,-224754.57,,-232037.67,,
PRODUCT_02793,COMP_0332,2026-09-01 00:00:00,-182319.99,,-188228.03,,
PRODUCT_03528,COMP_0332,2026-09-01 00:00:00,-6795.9,,-7016.13,,
PRODUCT_03713,COMP_0332,2026-09-01 00:00:00,-6744.38,,-6962.93,,
PRODUCT_04198,COMP_0332,2026-09-01 00:00:00,-6744.38,,-6962.93,,
PRODUCT_04200,COMP_0332,2026-09-01 00:00:00,-195572.03,,-201909.49,,
PRODUCT_04324,COMP_0332,2026-09-01 00:00:00,-6795.9,,-7016.13,,
PRODUCT_04456,COMP_0332,2026-09-01 00:00:00,-8393.41,,-8665.38,,
PRODUCT_04598,COMP_0332,2026-09-01 00:00:00,-6795.9,,-7016.13,,
PRODUCT_04660,COMP_0332,2026-09-01 00:00:00,-163083.94,,-168368.64,,
PRODUCT_04690,COMP_0332,2026-09-01 00:00:00,-6795.9,,-7016.13,,
PRODUCT_04855,COMP_0332,2026-09-01 00:00:00,-235490.28,,-243121.3,,
PRODUCT_05084,COMP_0332,2026-09-01 00:00:00,-6744.38,,-6962.93,,
PRODUCT_05383,COMP_0332,2026-09-01 00:00:00,23536.68,,,23536.68,23536.68
PRODUCT_05466,COMP_0332,2026-09-01 00:00:00,-6744.38,,-6962.93,,
PRODUCT_05578,COMP_0332,2026-09-01 00:00:00,-192188.38,,-198416.18,,
PRODUCT_06264,COMP_0332,2026-09-01 00:00:00,-48503.65,,-50075.4,,
PRODUCT_07366,COMP_0332,2026-09-01 00:00:00,-6795.9,,-7016.13,,
PRODUCT_07930,COMP_0332,2026-09-01 00:00:00,-6744.38,,-6962.93,,
PRODUCT_00289,COMP_0333,2026-09-01 00:00:00,2254952.6,,,,
PRODUCT_00500,COMP_0334,2026-09-01 00:00:00,1130403.26,,,,
PRODUCT_02085,COMP_0334,2026-09-01 00:00:00,0,,,,
PRODUCT_02804,COMP_0334,2026-09-01 00:00:00,0,,-600,600,
PRODUCT_05300,COMP_0334,2026-09-01 00:00:00,736244.93,,,736244.93,736244.93
PRODUCT_05643,COMP_0334,2026-09-01 00:00:00,3274.43,,,,
PRODUCT_06312,COMP_0334,2026-09-01 00:00:00,-101.36,,-6000,5898.64,
PRODUCT_06472,COMP_0334,2026-09-01 00:00:00,0,,-600,600,
PRODUCT_06804,COMP_0334,2026-09-01 00:00:00,0,,-3000,3000,
PRODUCT_07588,COMP_0334,2026-09-01 00:00:00,146.55,,,,
PRODUCT_07957,COMP_0334,2026-09-01 00:00:00,0,,-3000,3000,
PRODUCT_03607,COMP_0335,2026-09-01 00:00:00,21196.24,,,,
PRODUCT_03705,COMP_0335,2026-09-01 00:00:00,1424820.52,,,,
PRODUCT_04751,COMP_0335,2026-09-01 00:00:00,414087.1,,,,
PRODUCT_05379,COMP_0335,2026-09-01 00:00:00,30119.11,,,,
PRODUCT_02561,COMP_0336,2026-09-01 00:00:00,0,,,,
PRODUCT_03981,COMP_0336,2026-09-01 00:00:00,152397.11,,,,
PRODUCT_04373,COMP_0336,2026-09-01 00:00:00,281597.75,,,,
PRODUCT_05221,COMP_0336,2026-09-01 00:00:00,0,,,,
PRODUCT_05297,COMP_0336,2026-09-01 00:00:00,0,,,,
PRODUCT_05453,COMP_0336,2026-09-01 00:00:00,155597.87,,,,
PRODUCT_05617,COMP_0336,2026-09-01 00:00:00,0,,,,
PRODUCT_05819,COMP_0336,2026-09-01 00:00:00,0,,,,
PRODUCT_05898,COMP_0336,2026-09-01 00:00:00,0,,,,
PRODUCT_06697,COMP_0336,2026-09-01 00:00:00,0,,,,
PRODUCT_03455,COMP_0337,2026-09-01 00:00:00,1810.75,,,,
PRODUCT_03271,COMP_0338,2026-09-01 00:00:00,0,,,,
PRODUCT_04499,COMP_0338,2026-09-01 00:00:00,0,,,,
PRODUCT_05396,COMP_0338,2026-09-01 00:00:00,0,,,,
PRODUCT_06025,COMP_0338,2026-09-01 00:00:00,7000,,,,
PRODUCT_01220,COMP_0339,2026-09-01 00:00:00,15589.21,,,15589.21,
PRODUCT_03106,COMP_0339,2026-09-01 00:00:00,17288.45,,,17288.45,
PRODUCT_06487,COMP_0339,2026-09-01 00:00:00,186.57,,,186.57,
PRODUCT_01873,COMP_0340,2026-09-01 00:00:00,-60000000,,-60000000,,
PRODUCT_02102,COMP_0340,2026-09-01 00:00:00,12211.1,,,,
PRODUCT_03397,COMP_0340,2026-09-01 00:00:00,-8625000,,-15000000,,
PRODUCT_04112,COMP_0340,2026-09-01 00:00:00,3115.51,,,,
PRODUCT_05007,COMP_0340,2026-09-01 00:00:00,0,,,,
PRODUCT_05095,COMP_0340,2026-09-01 00:00:00,0,,,,
PRODUCT_05142,COMP_0340,2026-09-01 00:00:00,8150001.2,,,,
PRODUCT_07299,COMP_0340,2026-09-01 00:00:00,0,,,,
PRODUCT_00232,COMP_0341,2026-09-01 00:00:00,21903.23,,,,
PRODUCT_00326,COMP_0341,2026-09-01 00:00:00,0,,,,
PRODUCT_02427,COMP_0341,2026-09-01 00:00:00,320.56,,,,
PRODUCT_02797,COMP_0341,2026-09-01 00:00:00,14471.73,,,,
PRODUCT_04192,COMP_0341,2026-09-01 00:00:00,0,,,,
PRODUCT_04869,COMP_0341,2026-09-01 00:00:00,0,,,,
PRODUCT_05101,COMP_0341,2026-09-01 00:00:00,133896.98,,,,
PRODUCT_05621,COMP_0341,2026-09-01 00:00:00,354.43,,,,
PRODUCT_01044,COMP_0342,2026-09-01 00:00:00,0,,,,
PRODUCT_01192,COMP_0342,2026-09-01 00:00:00,0,,,,
PRODUCT_03280,COMP_0342,2026-09-01 00:00:00,0,,-3000000,3000000,
PRODUCT_03762,COMP_0342,2026-09-01 00:00:00,13116.46,,,,
PRODUCT_04034,COMP_0342,2026-09-01 00:00:00,55300.97,,,,
PRODUCT_07268,COMP_0342,2026-09-01 00:00:00,0,,,,
PRODUCT_07752,COMP_0342,2026-09-01 00:00:00,321924.44,,-500000,821924.44,-178075.56
PRODUCT_00061,COMP_0343,2026-09-01 00:00:00,5855363.47,,,,
PRODUCT_00989,COMP_0343,2026-09-01 00:00:00,3011885.32,,,,
PRODUCT_02716,COMP_0343,2026-09-01 00:00:00,200000,,,,
PRODUCT_03092,COMP_0343,2026-09-01 00:00:00,1482566,,,,
PRODUCT_06039,COMP_0343,2026-09-01 00:00:00,4061671.75,,,,
PRODUCT_01009,COMP_0344,2026-09-01 00:00:00,0,,,,
PRODUCT_03985,COMP_0344,2026-09-01 00:00:00,54092.61,,,,
PRODUCT_05694,COMP_0344,2026-09-01 00:00:00,30053.7,,,,
PRODUCT_06518,COMP_0344,2026-09-01 00:00:00,0,,,,
PRODUCT_07744,COMP_0344,2026-09-01 00:00:00,0,,,,
PRODUCT_07767,COMP_0344,2026-09-01 00:00:00,423044.88,,,,
PRODUCT_00173,COMP_0345,2026-09-01 00:00:00,24542.5,,,,
PRODUCT_00564,COMP_0346,2026-09-01 00:00:00,265.47,,,,
PRODUCT_00589,COMP_0346,2026-09-01 00:00:00,24477.66,,,,
PRODUCT_01908,COMP_0346,2026-09-01 00:00:00,0,,,,
PRODUCT_03216,COMP_0346,2026-09-01 00:00:00,9676.07,,,,
PRODUCT_01289,COMP_0347,2026-09-01 00:00:00,83752.49,,,,
PRODUCT_03047,COMP_0347,2026-09-01 00:00:00,83752.49,,,,
PRODUCT_04339,COMP_0347,2026-09-01 00:00:00,202348.45,,,,
PRODUCT_05950,COMP_0347,2026-09-01 00:00:00,202348.45,,,,
PRODUCT_07016,COMP_0347,2026-09-01 00:00:00,159923.49,,,,
PRODUCT_01349,COMP_0348,2026-09-01 00:00:00,5508.64,,,5508.64,5508.64
PRODUCT_03798,COMP_0348,2026-09-01 00:00:00,45398.18,,,,
PRODUCT_04264,COMP_0349,2026-09-01 00:00:00,8633.2,,,8633.2,
PRODUCT_04513,COMP_0349,2026-09-01 00:00:00,13999.06,,,,
PRODUCT_06344,COMP_0349,2026-09-01 00:00:00,45045.98,,,45045.98,
PRODUCT_07394,COMP_0349,2026-09-01 00:00:00,1371.35,,,1371.35,
PRODUCT_01324,COMP_0350,2026-09-01 00:00:00,86972.79,,,86972.79,103910.13
PRODUCT_00084,COMP_0351,2026-09-01 00:00:00,18633.02,,,18633.02,18633.02
PRODUCT_00185,COMP_0351,2026-09-01 00:00:00,8.18,,,,
PRODUCT_00780,COMP_0351,2026-09-01 00:00:00,13751.8,,,,
PRODUCT_01075,COMP_0351,2026-09-01 00:00:00,-1165390.75,,-1165390.75,0,
PRODUCT_01154,COMP_0351,2026-09-01 00:00:00,215428.97,,,14945.19,215428.97
PRODUCT_01515,COMP_0351,2026-09-01 00:00:00,10658.73,,,10658.73,10658.73
PRODUCT_01684,COMP_0351,2026-09-01 00:00:00,0,,-1000,1000,
PRODUCT_01877,COMP_0351,2026-09-01 00:00:00,0,,,,
PRODUCT_01998,COMP_0351,2026-09-01 00:00:00,0,,-6000,6000,
PRODUCT_02141,COMP_0351,2026-09-01 00:00:00,0,,-0.01,0.01,
PRODUCT_02241,COMP_0351,2026-09-01 00:00:00,0,,,,
PRODUCT_02759,COMP_0351,2026-09-01 00:00:00,0,,-6000,6000,
PRODUCT_03073,COMP_0351,2026-09-01 00:00:00,-835579.07,,-917900.71,,
PRODUCT_03255,COMP_0351,2026-09-01 00:00:00,-1406458.31,,-1406458.31,0,
PRODUCT_03377,COMP_0351,2026-09-01 00:00:00,0,,-6000,6000,
PRODUCT_03408,COMP_0351,2026-09-01 00:00:00,8665.22,,,,
PRODUCT_03747,COMP_0351,2026-09-01 00:00:00,11473.27,,,,
PRODUCT_03791,COMP_0351,2026-09-01 00:00:00,-3762787.1,,-6600000,2837212.9,
PRODUCT_03883,COMP_0351,2026-09-01 00:00:00,0,,-3000,3000,
PRODUCT_03915,COMP_0351,2026-09-01 00:00:00,-21,,-3000,2979,
PRODUCT_04077,COMP_0351,2026-09-01 00:00:00,-366666.92,,-1000000,,
PRODUCT_04694,COMP_0351,2026-09-01 00:00:00,467328.8,,,170940.44,170940.44
PRODUCT_04771,COMP_0351,2026-09-01 00:00:00,-2443.46,,,0,
PRODUCT_04836,COMP_0351,2026-09-01 00:00:00,-90595.34,,-2200000,2109404.66,
PRODUCT_04868,COMP_0351,2026-09-01 00:00:00,53508.16,,,,
PRODUCT_04900,COMP_0351,2026-09-01 00:00:00,-883870.91,,-883870.91,0,
PRODUCT_05054,COMP_0351,2026-09-01 00:00:00,17558.44,,,17558.44,17558.44
PRODUCT_05381,COMP_0351,2026-09-01 00:00:00,0,,-3000,3000,
PRODUCT_05465,COMP_0351,2026-09-01 00:00:00,140430.91,,,,
PRODUCT_05553,COMP_0351,2026-09-01 00:00:00,0,,,,
PRODUCT_05560,COMP_0351,2026-09-01 00:00:00,-1201768.24,,-1201768.24,0,
PRODUCT_05584,COMP_0351,2026-09-01 00:00:00,23607.73,,,23607.73,19156.03
PRODUCT_05641,COMP_0351,2026-09-01 00:00:00,0,,,,
PRODUCT_05786,COMP_0351,2026-09-01 00:00:00,-311575.55,,,,
PRODUCT_05789,COMP_0351,2026-09-01 00:00:00,-3717809.23,,-15000000,11282190.77,
PRODUCT_05805,COMP_0351,2026-09-01 00:00:00,-753498.06,,-753498.06,0,
PRODUCT_05904,COMP_0351,2026-09-01 00:00:00,-2259103.44,,-3000000,,
PRODUCT_05999,COMP_0351,2026-09-01 00:00:00,3721.04,,,,
PRODUCT_06217,COMP_0351,2026-09-01 00:00:00,-503740.6,,-1000000,,
PRODUCT_06292,COMP_0351,2026-09-01 00:00:00,33736.66,,,33736.66,33736.66
PRODUCT_06420,COMP_0351,2026-09-01 00:00:00,0,,-0.01,0.01,
PRODUCT_06507,COMP_0351,2026-09-01 00:00:00,-569522.8,,-1499900,930377.2,
PRODUCT_06880,COMP_0351,2026-09-01 00:00:00,100942.16,,,100942.16,100942.16
PRODUCT_06889,COMP_0351,2026-09-01 00:00:00,-417892.62,,-500000,,
PRODUCT_07150,COMP_0351,2026-09-01 00:00:00,0,,-2500000,2500000,
PRODUCT_07400,COMP_0351,2026-09-01 00:00:00,-84.4,,-3000,2915.6,
PRODUCT_07473,COMP_0351,2026-09-01 00:00:00,0,,-500000,500000,
PRODUCT_07507,COMP_0351,2026-09-01 00:00:00,-2042063.47,,-8000000,5957936.53,
PRODUCT_07522,COMP_0351,2026-09-01 00:00:00,-184097.61,,,,
PRODUCT_07709,COMP_0351,2026-09-01 00:00:00,0,,-1000,1000,
PRODUCT_07718,COMP_0351,2026-09-01 00:00:00,48121.47,,,,
PRODUCT_07784,COMP_0351,2026-09-01 00:00:00,-36,,-6000,5964,
PRODUCT_08189,COMP_0351,2026-09-01 00:00:00,-203655.63,,-203655.63,0,
PRODUCT_00675,COMP_0352,2026-09-01 00:00:00,371.93,,,,
PRODUCT_01859,COMP_0352,2026-09-01 00:00:00,4527.04,,,,
PRODUCT_03190,COMP_0352,2026-09-01 00:00:00,0,,,,
PRODUCT_04759,COMP_0352,2026-09-01 00:00:00,0,,,,
PRODUCT_05229,COMP_0352,2026-09-01 00:00:00,30003.95,,,,
PRODUCT_05695,COMP_0352,2026-09-01 00:00:00,60824.44,,,,
PRODUCT_07043,COMP_0353,2026-09-01 00:00:00,1317625.92,,,,
PRODUCT_00127,COMP_0354,2026-09-01 00:00:00,1805.76,,,,
PRODUCT_00650,COMP_0354,2026-09-01 00:00:00,104300.08,,,,
PRODUCT_01077,COMP_0354,2026-09-01 00:00:00,-84854.89,,100000,,
PRODUCT_01808,COMP_0354,2026-09-01 00:00:00,0,,-9200000,9200000,0
PRODUCT_02433,COMP_0354,2026-09-01 00:00:00,-29699.21,,-29699.21,,
PRODUCT_02533,COMP_0354,2026-09-01 00:00:00,1042.47,,,,
PRODUCT_02731,COMP_0354,2026-09-01 00:00:00,0,,-500000,500000,
PRODUCT_03774,COMP_0354,2026-09-01 00:00:00,0,,,,
PRODUCT_04207,COMP_0354,2026-09-01 00:00:00,0,,-3000,3000,
PRODUCT_04731,COMP_0354,2026-09-01 00:00:00,1624461.85,,,,
PRODUCT_05744,COMP_0354,2026-09-01 00:00:00,1008.66,,,,
PRODUCT_06138,COMP_0354,2026-09-01 00:00:00,0,,-500000,500000,0
PRODUCT_06366,COMP_0354,2026-09-01 00:00:00,-279.11,,-6000,5720.89,
PRODUCT_06478,COMP_0354,2026-09-01 00:00:00,0,,-3000,3000,
PRODUCT_06617,COMP_0354,2026-09-01 00:00:00,0,,-4000000,4000000,
PRODUCT_06685,COMP_0354,2026-09-01 00:00:00,998.44,,,,
PRODUCT_06746,COMP_0354,2026-09-01 00:00:00,0,,-500000,500000,0
PRODUCT_06890,COMP_0354,2026-09-01 00:00:00,0,,-4000000,4000000,
PRODUCT_07589,COMP_0354,2026-09-01 00:00:00,371430.77,,0,371430.77,
PRODUCT_08066,COMP_0354,2026-09-01 00:00:00,0,,500000,500000,
PRODUCT_03837,COMP_0355,2026-09-01 00:00:00,84677.75,,,84677.75,84677.75
PRODUCT_02319,COMP_0356,2026-09-01 00:00:00,-61244.51,,-225802.25,,
PRODUCT_04523,COMP_0356,2026-09-01 00:00:00,0,,,,
PRODUCT_08169,COMP_0356,2026-09-01 00:00:00,0,,,,
PRODUCT_00207,COMP_0357,2026-09-01 00:00:00,13504.51,,,,
PRODUCT_02605,COMP_0357,2026-09-01 00:00:00,167076.83,,,,
PRODUCT_03085,COMP_0358,2026-09-01 00:00:00,16032.62,,,,
PRODUCT_05976,COMP_0358,2026-09-01 00:00:00,10864.85,,,,
PRODUCT_08209,COMP_0359,2026-09-01 00:00:00,72872.21,,,,
PRODUCT_01326,COMP_0360,2026-09-01 00:00:00,22278.86,,,,
PRODUCT_02592,COMP_0360,2026-09-01 00:00:00,15162.72,,,15162.72,15162.72
PRODUCT_02798,COMP_0360,2026-09-01 00:00:00,10941.89,,,,
PRODUCT_03083,COMP_0360,2026-09-01 00:00:00,26245.37,,,26245.37,26245.37
PRODUCT_03832,COMP_0360,2026-09-01 00:00:00,124550.22,,,124550.22,124550.22
PRODUCT_04646,COMP_0360,2026-09-01 00:00:00,8179.1,,,,
PRODUCT_06035,COMP_0360,2026-09-01 00:00:00,32871.19,,,,
PRODUCT_06642,COMP_0360,2026-09-01 00:00:00,3548.02,,,,
PRODUCT_07243,COMP_0360,2026-09-01 00:00:00,14242.09,,,,
PRODUCT_07671,COMP_0360,2026-09-01 00:00:00,671.18,,,,
PRODUCT_00066,COMP_0361,2026-09-01 00:00:00,0,,,,
PRODUCT_00224,COMP_0361,2026-09-01 00:00:00,0,,,,
PRODUCT_00300,COMP_0361,2026-09-01 00:00:00,0,,,,
PRODUCT_01430,COMP_0361,2026-09-01 00:00:00,0,,,,
PRODUCT_02697,COMP_0361,2026-09-01 00:00:00,451239.28,,,,
PRODUCT_02700,COMP_0361,2026-09-01 00:00:00,-42.67,,,,
PRODUCT_03810,COMP_0361,2026-09-01 00:00:00,334.74,,,,
PRODUCT_04344,COMP_0361,2026-09-01 00:00:00,22639.37,,,,
PRODUCT_04910,COMP_0361,2026-09-01 00:00:00,0,,,,
PRODUCT_05096,COMP_0361,2026-09-01 00:00:00,0,,,,
PRODUCT_05120,COMP_0361,2026-09-01 00:00:00,0,,,,
PRODUCT_05141,COMP_0361,2026-09-01 00:00:00,0,,,,
PRODUCT_05158,COMP_0361,2026-09-01 00:00:00,32756.52,,,,
PRODUCT_06656,COMP_0361,2026-09-01 00:00:00,1540.91,,,,
PRODUCT_00128,COMP_0362,2026-09-01 00:00:00,430.82,,,,
PRODUCT_00525,COMP_0362,2026-09-01 00:00:00,-268.7,,-5000,4731.3,
PRODUCT_01961,COMP_0362,2026-09-01 00:00:00,-1572954.37,,-1700000,,
PRODUCT_02379,COMP_0362,2026-09-01 00:00:00,0,,-6000,6000,
PRODUCT_02419,COMP_0362,2026-09-01 00:00:00,0,,-300,300,
PRODUCT_02538,COMP_0362,2026-09-01 00:00:00,19401.44,,,,
PRODUCT_02559,COMP_0362,2026-09-01 00:00:00,10805.56,,,,
PRODUCT_02875,COMP_0362,2026-09-01 00:00:00,22261.37,,,,
PRODUCT_02883,COMP_0362,2026-09-01 00:00:00,20603.58,,,,
PRODUCT_04975,COMP_0362,2026-09-01 00:00:00,0,,-3000,3000,
PRODUCT_05211,COMP_0362,2026-09-01 00:00:00,0,,,,
PRODUCT_05306,COMP_0362,2026-09-01 00:00:00,11508.76,,,,
PRODUCT_06508,COMP_0362,2026-09-01 00:00:00,0,,-8000,8000,
PRODUCT_06787,COMP_0362,2026-09-01 00:00:00,-89.04,,-4000,3910.96,
PRODUCT_07365,COMP_0362,2026-09-01 00:00:00,0,,-300,300,
PRODUCT_07584,COMP_0362,2026-09-01 00:00:00,0,,-300,300,
PRODUCT_00311,COMP_0363,2026-09-01 00:00:00,101522.43,,,,
PRODUCT_06763,COMP_0364,2026-09-01 00:00:00,0,,,,
PRODUCT_07250,COMP_0364,2026-09-01 00:00:00,915563.44,,,,
PRODUCT_00043,COMP_0365,2026-09-01 00:00:00,1275.86,,,,
PRODUCT_00087,COMP_0365,2026-09-01 00:00:00,18179.87,,,18179.87,18179.87
PRODUCT_00142,COMP_0365,2026-09-01 00:00:00,-1400000,,-1600000,,
PRODUCT_00975,COMP_0365,2026-09-01 00:00:00,98420.52,,,,
PRODUCT_01463,COMP_0365,2026-09-01 00:00:00,15228.83,,,,
PRODUCT_01648,COMP_0365,2026-09-01 00:00:00,-25000,,-500000,,
PRODUCT_01714,COMP_0365,2026-09-01 00:00:00,-64658.05,,-510541.1,,
PRODUCT_02330,COMP_0365,2026-09-01 00:00:00,235215.26,,,,
PRODUCT_02460,COMP_0365,2026-09-01 00:00:00,9375.48,,,,
PRODUCT_02547,COMP_0365,2026-09-01 00:00:00,-173991.36,,-800000,,
PRODUCT_04450,COMP_0365,2026-09-01 00:00:00,0,,-17500,,
PRODUCT_04662,COMP_0365,2026-09-01 00:00:00,-100000,,-500000,,
PRODUCT_04791,COMP_0365,2026-09-01 00:00:00,-94968.87,,-400000,,
PRODUCT_05717,COMP_0365,2026-09-01 00:00:00,30319.5,,,,
PRODUCT_06090,COMP_0365,2026-09-01 00:00:00,0,,-28162.6,,
PRODUCT_06426,COMP_0365,2026-09-01 00:00:00,87250.95,,,,
PRODUCT_06607,COMP_0365,2026-09-01 00:00:00,-4000000,,,,
PRODUCT_07187,COMP_0365,2026-09-01 00:00:00,-1366666.69,,-1600000,,
PRODUCT_02726,COMP_0366,2026-09-01 00:00:00,17611.13,,,,
PRODUCT_02858,COMP_0366,2026-09-01 00:00:00,4215.34,,,,
PRODUCT_04303,COMP_0366,2026-09-01 00:00:00,27291.84,,,27291.84,
PRODUCT_07319,COMP_0366,2026-09-01 00:00:00,32027.58,,,,
PRODUCT_01641,COMP_0367,2026-09-01 00:00:00,35000000,,,,
PRODUCT_02943,COMP_0367,2026-09-01 00:00:00,910,,,910,
PRODUCT_03410,COMP_0367,2026-09-01 00:00:00,1634602.63,,,,
PRODUCT_05325,COMP_0367,2026-09-01 00:00:00,0,,,,
PRODUCT_05558,COMP_0367,2026-09-01 00:00:00,3298208.54,,,,
PRODUCT_05966,COMP_0367,2026-09-01 00:00:00,112758.35,,,,
PRODUCT_06446,COMP_0367,2026-09-01 00:00:00,44333.36,,,,
PRODUCT_01321,COMP_0368,2026-09-01 00:00:00,0,,,,
PRODUCT_04749,COMP_0368,2026-09-01 00:00:00,3575.23,,,,
PRODUCT_00050,COMP_0369,2026-09-01 00:00:00,-50000,,-50000,0,
PRODUCT_04443,COMP_0369,2026-09-01 00:00:00,-56305.84,,-67499.27,,
PRODUCT_06046,COMP_0369,2026-09-01 00:00:00,-200000,,-200000,0,
PRODUCT_06103,COMP_0369,2026-09-01 00:00:00,55926.37,,,,
PRODUCT_07811,COMP_0369,2026-09-01 00:00:00,0,,-500000,500000,
PRODUCT_00182,COMP_0370,2026-09-01 00:00:00,0,,,,
PRODUCT_01328,COMP_0370,2026-09-01 00:00:00,522392.61,,,,
PRODUCT_02404,COMP_0370,2026-09-01 00:00:00,3704.06,,,,
PRODUCT_07223,COMP_0370,2026-09-01 00:00:00,526349.4,,,,
PRODUCT_07559,COMP_0370,2026-09-01 00:00:00,56602.42,,,,
PRODUCT_04154,COMP_0371,2026-09-01 00:00:00,59020.8,,,,
PRODUCT_04211,COMP_0371,2026-09-01 00:00:00,-20000000,,-20000000,,
PRODUCT_00613,COMP_0372,2026-09-01 00:00:00,10865,,,,
PRODUCT_06734,COMP_0373,2026-09-01 00:00:00,1299751.46,,,,
PRODUCT_00518,COMP_0374,2026-09-01 00:00:00,255815.89,,,,
PRODUCT_03327,COMP_0375,2026-09-01 00:00:00,9165.72,,,,
PRODUCT_00046,COMP_0376,2026-09-01 00:00:00,0,,,,
PRODUCT_00205,COMP_0376,2026-09-01 00:00:00,239888.7,,,,
PRODUCT_00444,COMP_0376,2026-09-01 00:00:00,461145.54,,,,
PRODUCT_00461,COMP_0376,2026-09-01 00:00:00,719390.26,,,,
PRODUCT_00721,COMP_0376,2026-09-01 00:00:00,100767.64,,,,
PRODUCT_00761,COMP_0376,2026-09-01 00:00:00,0,,,,
PRODUCT_01513,COMP_0376,2026-09-01 00:00:00,46040.14,,,,
PRODUCT_01575,COMP_0376,2026-09-01 00:00:00,824372.09,,,,
PRODUCT_02084,COMP_0376,2026-09-01 00:00:00,487263.19,,,,
PRODUCT_02125,COMP_0376,2026-09-01 00:00:00,0,,,,
PRODUCT_02375,COMP_0376,2026-09-01 00:00:00,50927.5,,,,
PRODUCT_02789,COMP_0376,2026-09-01 00:00:00,0,,,0,484125
PRODUCT_03105,COMP_0376,2026-09-01 00:00:00,885916.84,,,,
PRODUCT_03768,COMP_0376,2026-09-01 00:00:00,0,,,,
PRODUCT_04338,COMP_0376,2026-09-01 00:00:00,0,,,,
PRODUCT_05847,COMP_0376,2026-09-01 00:00:00,0,,,,
PRODUCT_07097,COMP_0376,2026-09-01 00:00:00,67533.19,,,,
PRODUCT_07915,COMP_0376,2026-09-01 00:00:00,10158.51,,,,
PRODUCT_01069,COMP_0377,2026-09-01 00:00:00,0,,,,
PRODUCT_03550,COMP_0377,2026-09-01 00:00:00,0,,,,
PRODUCT_04354,COMP_0377,2026-09-01 00:00:00,29.98,,,,
PRODUCT_06171,COMP_0377,2026-09-01 00:00:00,74825.04,,,,
PRODUCT_07980,COMP_0377,2026-09-01 00:00:00,5515.83,,,,
PRODUCT_01803,COMP_0378,2026-09-01 00:00:00,154282.32,,,,
PRODUCT_01010,COMP_0379,2026-09-01 00:00:00,83391.15,,,83391.15,
PRODUCT_07829,COMP_0379,2026-09-01 00:00:00,5487.86,,,5487.86,5487.86
PRODUCT_03228,COMP_0380,2026-09-01 00:00:00,12454.76,,,,
PRODUCT_03828,COMP_0381,2026-09-01 00:00:00,330318.29,,,,
PRODUCT_04127,COMP_0381,2026-09-01 00:00:00,59254.65,,,,
PRODUCT_05351,COMP_0381,2026-09-01 00:00:00,-14065.79,,-25574.45,,
PRODUCT_05390,COMP_0381,2026-09-01 00:00:00,1000,,,,
PRODUCT_00904,COMP_0382,2026-09-01 00:00:00,224.09,,,,
PRODUCT_00313,COMP_0383,2026-09-01 00:00:00,30916.38,,,,
PRODUCT_00859,COMP_0383,2026-09-01 00:00:00,250897.76,,,,
PRODUCT_01231,COMP_0383,2026-09-01 00:00:00,0,,,,
PRODUCT_03046,COMP_0383,2026-09-01 00:00:00,76202.48,,,,
PRODUCT_04609,COMP_0383,2026-09-01 00:00:00,5.27,,,,
PRODUCT_05103,COMP_0383,2026-09-01 00:00:00,1963.42,,,,
PRODUCT_05172,COMP_0383,2026-09-01 00:00:00,223.52,,,,
PRODUCT_05605,COMP_0383,2026-09-01 00:00:00,1990.37,,,,
PRODUCT_06415,COMP_0383,2026-09-01 00:00:00,0,,,,
PRODUCT_00414,COMP_0384,2026-09-01 00:00:00,0,,,,
PRODUCT_02710,COMP_0384,2026-09-01 00:00:00,15350.17,,,,
PRODUCT_02747,COMP_0384,2026-09-01 00:00:00,33973.85,,,,
PRODUCT_05350,COMP_0384,2026-09-01 00:00:00,133.28,,,,
PRODUCT_00432,COMP_0385,2026-09-01 00:00:00,30035.88,,,,
PRODUCT_00758,COMP_0385,2026-09-01 00:00:00,65908.6,,,65908.6,65908.6
PRODUCT_00888,COMP_0385,2026-09-01 00:00:00,16.61,,,,
PRODUCT_02274,COMP_0385,2026-09-01 00:00:00,-1703776.49,,-2500000,796223.51,-1599373.53
PRODUCT_02593,COMP_0385,2026-09-01 00:00:00,607.43,,,,
PRODUCT_02930,COMP_0385,2026-09-01 00:00:00,20023.04,,,,
PRODUCT_02934,COMP_0385,2026-09-01 00:00:00,12684.2,,,,
PRODUCT_03520,COMP_0385,2026-09-01 00:00:00,487.7,,,,
PRODUCT_04359,COMP_0385,2026-09-01 00:00:00,0,,,,
PRODUCT_04669,COMP_0385,2026-09-01 00:00:00,7120,,,,
PRODUCT_04871,COMP_0385,2026-09-01 00:00:00,124571.32,,,,
PRODUCT_05025,COMP_0385,2026-09-01 00:00:00,10751.67,,,,
PRODUCT_05508,COMP_0385,2026-09-01 00:00:00,27228.3,,,,
PRODUCT_05532,COMP_0385,2026-09-01 00:00:00,25.76,,,,
PRODUCT_05585,COMP_0385,2026-09-01 00:00:00,11493.23,,,,
PRODUCT_05865,COMP_0385,2026-09-01 00:00:00,-143883.77,,-1500000,1356116.23,-143883.77
PRODUCT_05952,COMP_0385,2026-09-01 00:00:00,83.19,,,,
PRODUCT_07286,COMP_0385,2026-09-01 00:00:00,307.84,,,,
PRODUCT_08171,COMP_0385,2026-09-01 00:00:00,0,,,,
PRODUCT_01531,COMP_0386,2026-09-01 00:00:00,6803.8,,,,
PRODUCT_01236,COMP_0387,2026-09-01 00:00:00,0,,,,
PRODUCT_01370,COMP_0387,2026-09-01 00:00:00,4220.06,,,,
PRODUCT_01849,COMP_0387,2026-09-01 00:00:00,2636257.94,,,,
PRODUCT_02406,COMP_0387,2026-09-01 00:00:00,1102.68,,,,
PRODUCT_03362,COMP_0387,2026-09-01 00:00:00,0,,,,
PRODUCT_04431,COMP_0387,2026-09-01 00:00:00,-455089.58,,,,
PRODUCT_06111,COMP_0387,2026-09-01 00:00:00,214052.45,,,,
PRODUCT_06546,COMP_0387,2026-09-01 00:00:00,75905.06,,,,
PRODUCT_06961,COMP_0387,2026-09-01 00:00:00,0,,,,
PRODUCT_07269,COMP_0387,2026-09-01 00:00:00,1728.71,,,,
PRODUCT_07368,COMP_0387,2026-09-01 00:00:00,-2697410.42,,,,
PRODUCT_07421,COMP_0387,2026-09-01 00:00:00,366.77,,,,
PRODUCT_01241,COMP_0388,2026-09-01 00:00:00,16177.35,,,,
PRODUCT_01414,COMP_0388,2026-09-01 00:00:00,855.61,,,,
PRODUCT_03175,COMP_0388,2026-09-01 00:00:00,0,,,,
PRODUCT_03309,COMP_0388,2026-09-01 00:00:00,0,,,,
PRODUCT_04272,COMP_0388,2026-09-01 00:00:00,0,,,,
PRODUCT_04732,COMP_0388,2026-09-01 00:00:00,0,,,,
PRODUCT_06241,COMP_0388,2026-09-01 00:00:00,99324.38,,,,
PRODUCT_06735,COMP_0388,2026-09-01 00:00:00,140094.52,,,,
PRODUCT_07146,COMP_0388,2026-09-01 00:00:00,1296415.83,,,,
PRODUCT_07633,COMP_0388,2026-09-01 00:00:00,0,,,,
PRODUCT_07828,COMP_0388,2026-09-01 00:00:00,8236.18,,,,
PRODUCT_00417,COMP_0389,2026-09-01 00:00:00,245934.38,,,,
PRODUCT_01823,COMP_0389,2026-09-01 00:00:00,250000,,,,
PRODUCT_05768,COMP_0389,2026-09-01 00:00:00,0,,,,
PRODUCT_05874,COMP_0389,2026-09-01 00:00:00,434876.29,,,,
PRODUCT_00986,COMP_0390,2026-09-01 00:00:00,174.9,,,,
PRODUCT_02766,COMP_0390,2026-09-01 00:00:00,2318.34,,,,
PRODUCT_00091,COMP_0391,2026-09-01 00:00:00,7153.37,,,,
PRODUCT_00187,COMP_0391,2026-09-01 00:00:00,104375.92,,,,
PRODUCT_03095,COMP_0391,2026-09-01 00:00:00,16459.31,,,,
PRODUCT_03187,COMP_0391,2026-09-01 00:00:00,-99949.99,,-154724.06,,
PRODUCT_03765,COMP_0391,2026-09-01 00:00:00,214.25,,,,
PRODUCT_02223,COMP_0392,2026-09-01 00:00:00,561860.25,,,,
PRODUCT_07406,COMP_0392,2026-09-01 00:00:00,9438.93,,,,
PRODUCT_00458,COMP_0393,2026-09-01 00:00:00,-228008.82,,,,
PRODUCT_02038,COMP_0394,2026-09-01 00:00:00,27686.26,,,,
PRODUCT_02331,COMP_0394,2026-09-01 00:00:00,-1912500,,-2390625,,
PRODUCT_04621,COMP_0394,2026-09-01 00:00:00,459.47,,,,
PRODUCT_04806,COMP_0394,2026-09-01 00:00:00,65112.37,,,,
PRODUCT_05219,COMP_0394,2026-09-01 00:00:00,8134.68,,,,
PRODUCT_06786,COMP_0394,2026-09-01 00:00:00,73608.36,,,,
PRODUCT_00702,COMP_0395,2026-09-01 00:00:00,77850.15,,,,
PRODUCT_02948,COMP_0395,2026-09-01 00:00:00,1861.85,,,,
PRODUCT_03062,COMP_0395,2026-09-01 00:00:00,374.45,,,,
PRODUCT_05479,COMP_0395,2026-09-01 00:00:00,1216.83,,,,
PRODUCT_06202,COMP_0395,2026-09-01 00:00:00,59714.52,,,,
PRODUCT_01425,COMP_0396,2026-09-01 00:00:00,122355.43,,,,
PRODUCT_00688,COMP_0397,2026-09-01 00:00:00,64607.18,,,,
PRODUCT_04968,COMP_0398,2026-09-01 00:00:00,-787.59,,-14000,13212.41,
PRODUCT_05294,COMP_0398,2026-09-01 00:00:00,4.47,,,,
PRODUCT_00578,COMP_0399,2026-09-01 00:00:00,0,,,,
PRODUCT_00980,COMP_0399,2026-09-01 00:00:00,0,,,,
PRODUCT_01134,COMP_0399,2026-09-01 00:00:00,0,,,,
PRODUCT_02153,COMP_0399,2026-09-01 00:00:00,0,,,,
PRODUCT_02362,COMP_0399,2026-09-01 00:00:00,0,,,,
PRODUCT_02545,COMP_0399,2026-09-01 00:00:00,11421,,,,
PRODUCT_05125,COMP_0399,2026-09-01 00:00:00,2715.91,,,,
PRODUCT_05149,COMP_0399,2026-09-01 00:00:00,0,,,,
PRODUCT_06834,COMP_0399,2026-09-01 00:00:00,1063799.21,,,,
PRODUCT_07008,COMP_0399,2026-09-01 00:00:00,182700.51,,,,
PRODUCT_00176,COMP_0400,2026-09-01 00:00:00,0,,-5000,5000,
PRODUCT_02416,COMP_0400,2026-09-01 00:00:00,0,,,,
PRODUCT_02730,COMP_0400,2026-09-01 00:00:00,-136,,-10000,9864,
PRODUCT_03743,COMP_0400,2026-09-01 00:00:00,509441.28,,,,
PRODUCT_04756,COMP_0400,2026-09-01 00:00:00,40927.88,,,,
PRODUCT_06691,COMP_0400,2026-09-01 00:00:00,0,,-300000,300000,
PRODUCT_08126,COMP_0400,2026-09-01 00:00:00,110742.35,,,,
PRODUCT_00837,COMP_0401,2026-09-01 00:00:00,28725.62,,,,
PRODUCT_00767,COMP_0402,2026-09-01 00:00:00,0,,-4893,,
PRODUCT_00796,COMP_0402,2026-09-01 00:00:00,0,,-7000,7000,
PRODUCT_00814,COMP_0402,2026-09-01 00:00:00,0,,-2000,2000,
PRODUCT_00817,COMP_0402,2026-09-01 00:00:00,36323.83,,-1300000,1336323.83,1050642.22
PRODUCT_01549,COMP_0402,2026-09-01 00:00:00,-17346.58,,-26476.33,,
PRODUCT_01870,COMP_0402,2026-09-01 00:00:00,-8526.22,,-109063.16,,
PRODUCT_01943,COMP_0402,2026-09-01 00:00:00,212.03,,,,
PRODUCT_02222,COMP_0402,2026-09-01 00:00:00,0,,-120271.04,,
PRODUCT_02750,COMP_0402,2026-09-01 00:00:00,1128.85,,,,
PRODUCT_03506,COMP_0402,2026-09-01 00:00:00,-23943.81,,-35011.81,,
PRODUCT_03716,COMP_0402,2026-09-01 00:00:00,145.72,,,,
PRODUCT_03770,COMP_0402,2026-09-01 00:00:00,-16221.46,,-67380.84,,
PRODUCT_04053,COMP_0402,2026-09-01 00:00:00,301.6,,,,
PRODUCT_04481,COMP_0402,2026-09-01 00:00:00,65,,,,
PRODUCT_05526,COMP_0402,2026-09-01 00:00:00,-197028.35,,-200000,2971.65,-197028.35
PRODUCT_05642,COMP_0402,2026-09-01 00:00:00,-367.17,,-1000,632.83,
PRODUCT_05979,COMP_0402,2026-09-01 00:00:00,-499803.45,,-500000,196.55,
PRODUCT_06286,COMP_0402,2026-09-01 00:00:00,304658.44,,,,
PRODUCT_06425,COMP_0402,2026-09-01 00:00:00,-3008669.85,,-4000000,991330.15,
PRODUCT_06905,COMP_0402,2026-09-01 00:00:00,-151291.01,,-235686.86,,
PRODUCT_06455,COMP_0403,2026-09-01 00:00:00,90938.71,,,,
PRODUCT_07067,COMP_0403,2026-09-01 00:00:00,-1377523.42,,-2499999.99,,
PRODUCT_00429,COMP_0404,2026-09-01 00:00:00,53797.89,,,,
PRODUCT_02258,COMP_0404,2026-09-01 00:00:00,4038.14,,,,
PRODUCT_06736,COMP_0404,2026-09-01 00:00:00,22204.79,,,,
PRODUCT_08024,COMP_0404,2026-09-01 00:00:00,577508.8,,,,
PRODUCT_03919,COMP_0405,2026-09-01 00:00:00,-709.82,,-1200,490.18,490.18
PRODUCT_04377,COMP_0405,2026-09-01 00:00:00,61.06,,,,
PRODUCT_04627,COMP_0405,2026-09-01 00:00:00,0,,,,
PRODUCT_04788,COMP_0405,2026-09-01 00:00:00,42.6,,,,
PRODUCT_06163,COMP_0405,2026-09-01 00:00:00,-1867.53,,-6000,4132.47,3941.86
PRODUCT_07236,COMP_0405,2026-09-01 00:00:00,-1287.88,,-1500,212.12,145.89
PRODUCT_00336,COMP_0406,2026-09-01 00:00:00,-39729,,,,
PRODUCT_00972,COMP_0406,2026-09-01 00:00:00,0,,-6000,6000,6000
PRODUCT_01922,COMP_0406,2026-09-01 00:00:00,0,,-3000,3000,3000
PRODUCT_02250,COMP_0406,2026-09-01 00:00:00,483170.98,,,,
PRODUCT_02346,COMP_0406,2026-09-01 00:00:00,0,,-3000,3000,3000
PRODUCT_03237,COMP_0406,2026-09-01 00:00:00,0,,,,
PRODUCT_04065,COMP_0406,2026-09-01 00:00:00,0,,,,
PRODUCT_04235,COMP_0406,2026-09-01 00:00:00,624548.21,,,,
PRODUCT_04307,COMP_0406,2026-09-01 00:00:00,0,,,,
PRODUCT_05072,COMP_0406,2026-09-01 00:00:00,-8500,,,,
PRODUCT_06823,COMP_0406,2026-09-01 00:00:00,5000000,,,,
PRODUCT_07139,COMP_0406,2026-09-01 00:00:00,20000000,,,,
PRODUCT_00708,COMP_0407,2026-09-01 00:00:00,47.89,,,,
PRODUCT_01320,COMP_0407,2026-09-01 00:00:00,2304.1,,,,
PRODUCT_01973,COMP_0407,2026-09-01 00:00:00,-18241.61,,-56000,,
PRODUCT_02961,COMP_0407,2026-09-01 00:00:00,38.29,,,,
PRODUCT_03330,COMP_0407,2026-09-01 00:00:00,0,,-21000,21000,21000
PRODUCT_03509,COMP_0407,2026-09-01 00:00:00,-438237.11,,-450000,11762.89,
PRODUCT_04804,COMP_0407,2026-09-01 00:00:00,0,,-21000,21000,21000
PRODUCT_06861,COMP_0407,2026-09-01 00:00:00,0,,-21000,21000,21000
PRODUCT_07176,COMP_0407,2026-09-01 00:00:00,0,,-20000,20000,20000
PRODUCT_08062,COMP_0407,2026-09-01 00:00:00,124.3,,,,
PRODUCT_03831,COMP_0408,2026-09-01 00:00:00,52760.06,,,,
PRODUCT_00793,COMP_0409,2026-09-01 00:00:00,9339.97,,,,
PRODUCT_00922,COMP_0409,2026-09-01 00:00:00,539941.3,,,,
PRODUCT_02815,COMP_0409,2026-09-01 00:00:00,0,,,,
PRODUCT_03820,COMP_0409,2026-09-01 00:00:00,433.03,,,,
PRODUCT_04142,COMP_0409,2026-09-01 00:00:00,3331,,,,
PRODUCT_04361,COMP_0409,2026-09-01 00:00:00,77293.49,,,,
PRODUCT_05894,COMP_0410,2026-09-01 00:00:00,5750.78,,,,
PRODUCT_00026,COMP_0411,2026-09-01 00:00:00,0,,,,
PRODUCT_03060,COMP_0411,2026-09-01 00:00:00,0,,,,
PRODUCT_03355,COMP_0411,2026-09-01 00:00:00,-375534.6,,-512896.6,,
PRODUCT_03463,COMP_0411,2026-09-01 00:00:00,0,,,,
PRODUCT_03667,COMP_0411,2026-09-01 00:00:00,-140759,,,,
PRODUCT_03858,COMP_0411,2026-09-01 00:00:00,0,,,,
PRODUCT_04025,COMP_0411,2026-09-01 00:00:00,223.52,,,,
PRODUCT_04124,COMP_0411,2026-09-01 00:00:00,0,,,,
PRODUCT_04745,COMP_0411,2026-09-01 00:00:00,0,,,,
PRODUCT_04911,COMP_0411,2026-09-01 00:00:00,-14277.39,,-25000,10722.61,-16027.39
PRODUCT_05249,COMP_0411,2026-09-01 00:00:00,-18343.51,,-60000,,
PRODUCT_07254,COMP_0411,2026-09-01 00:00:00,270.73,,,,
PRODUCT_07549,COMP_0411,2026-09-01 00:00:00,9.94,,,,
PRODUCT_08005,COMP_0411,2026-09-01 00:00:00,-319800.82,,-749999.97,,
PRODUCT_08012,COMP_0411,2026-09-01 00:00:00,0,,,,
PRODUCT_00594,COMP_0412,2026-09-01 00:00:00,0,,-3000,3000,
PRODUCT_04913,COMP_0412,2026-09-01 00:00:00,20996.71,,,,
PRODUCT_00572,COMP_0413,2026-09-01 00:00:00,256846.5,,,256846.5,256846.5
PRODUCT_02044,COMP_0413,2026-09-01 00:00:00,0,,,0,
PRODUCT_03282,COMP_0413,2026-09-01 00:00:00,-48584.86,,,0,-48584.86
PRODUCT_04350,COMP_0413,2026-09-01 00:00:00,181059.81,,,181059.81,181059.81
PRODUCT_04928,COMP_0413,2026-09-01 00:00:00,-5.1,,,0,-5.1
PRODUCT_02064,COMP_0414,2026-09-01 00:00:00,625194.31,,,,
PRODUCT_00537,COMP_0415,2026-09-01 00:00:00,-247796.08,,,,
PRODUCT_00931,COMP_0415,2026-09-01 00:00:00,1218012.69,,,,
PRODUCT_02396,COMP_0415,2026-09-01 00:00:00,-300000000,,-300000000,,
PRODUCT_02423,COMP_0415,2026-09-01 00:00:00,-169678.77,,,,
PRODUCT_03454,COMP_0415,2026-09-01 00:00:00,0,,-1200,1200,1200
PRODUCT_03724,COMP_0415,2026-09-01 00:00:00,-214090,,,,
PRODUCT_04093,COMP_0415,2026-09-01 00:00:00,-1188350.75,,,,
PRODUCT_04566,COMP_0415,2026-09-01 00:00:00,-219.64,,-3000,2780.36,875.23
PRODUCT_04803,COMP_0415,2026-09-01 00:00:00,1,,,,
PRODUCT_04830,COMP_0415,2026-09-01 00:00:00,0,,-214090,,
PRODUCT_05299,COMP_0415,2026-09-01 00:00:00,1,,,,
PRODUCT_06660,COMP_0415,2026-09-01 00:00:00,0,,,,
PRODUCT_06924,COMP_0415,2026-09-01 00:00:00,802.34,,,,
PRODUCT_07084,COMP_0415,2026-09-01 00:00:00,-60.75,,-6000,5939.25,3878
PRODUCT_07168,COMP_0415,2026-09-01 00:00:00,-559631.6,,,,
PRODUCT_07239,COMP_0415,2026-09-01 00:00:00,-724.74,,-35000,34275.26,33961.36
PRODUCT_07253,COMP_0415,2026-09-01 00:00:00,-126205.53,,,,
PRODUCT_00474,COMP_0416,2026-09-01 00:00:00,8011.04,,,,
PRODUCT_01318,COMP_0416,2026-09-01 00:00:00,31363.23,,,,
PRODUCT_01579,COMP_0416,2026-09-01 00:00:00,7521.03,,,,
PRODUCT_03559,COMP_0416,2026-09-01 00:00:00,-664.65,,-6000,5335.35,
PRODUCT_03936,COMP_0416,2026-09-01 00:00:00,5395.69,,,,
PRODUCT_03352,COMP_0417,2026-09-01 00:00:00,23425.36,,,,
PRODUCT_06806,COMP_0417,2026-09-01 00:00:00,4480.41,,,,
PRODUCT_00331,COMP_0418,2026-09-01 00:00:00,688857.84,,,,
PRODUCT_00505,COMP_0418,2026-09-01 00:00:00,173258.56,,,,
PRODUCT_00997,COMP_0418,2026-09-01 00:00:00,171877.92,,,,
PRODUCT_01560,COMP_0418,2026-09-01 00:00:00,0,,,,
PRODUCT_03127,COMP_0418,2026-09-01 00:00:00,1450358,,,,
PRODUCT_03432,COMP_0418,2026-09-01 00:00:00,0,,,,
PRODUCT_05085,COMP_0418,2026-09-01 00:00:00,3369500.49,,,,
PRODUCT_05133,COMP_0418,2026-09-01 00:00:00,1,,,1,1
PRODUCT_05138,COMP_0418,2026-09-01 00:00:00,44238.44,,,,
PRODUCT_05518,COMP_0418,2026-09-01 00:00:00,44348.04,,,,
PRODUCT_06000,COMP_0418,2026-09-01 00:00:00,0,,,,
PRODUCT_06644,COMP_0418,2026-09-01 00:00:00,0,,,,
PRODUCT_06970,COMP_0418,2026-09-01 00:00:00,0,,,,
PRODUCT_01990,COMP_0419,2026-09-01 00:00:00,19869.74,,,,
PRODUCT_03632,COMP_0419,2026-09-01 00:00:00,23371.07,,,,
PRODUCT_00294,COMP_0420,2026-09-01 00:00:00,10454.04,,,,
PRODUCT_00410,COMP_0420,2026-09-01 00:00:00,-999999999,,,0,0
PRODUCT_00519,COMP_0420,2026-09-01 00:00:00,1651.05,,,,
PRODUCT_00992,COMP_0420,2026-09-01 00:00:00,-763792.96,,-778354.89,,
PRODUCT_02230,COMP_0420,2026-09-01 00:00:00,-673613.03,,-707958.73,,
PRODUCT_02814,COMP_0420,2026-09-01 00:00:00,0,,,,
PRODUCT_03435,COMP_0420,2026-09-01 00:00:00,11309.22,,,,
PRODUCT_03809,COMP_0420,2026-09-01 00:00:00,-999999999,,,0,0
PRODUCT_04998,COMP_0420,2026-09-01 00:00:00,-486055.54,,-508151.49,,
PRODUCT_05048,COMP_0420,2026-09-01 00:00:00,2399.82,,,2399.82,2399.82
PRODUCT_05330,COMP_0420,2026-09-01 00:00:00,6783.3,,,,
PRODUCT_05653,COMP_0420,2026-09-01 00:00:00,-723102.8,,-759384.44,,
PRODUCT_06346,COMP_0420,2026-09-01 00:00:00,-485187.17,,-532845.63,,
PRODUCT_06687,COMP_0420,2026-09-01 00:00:00,-834061.32,,-862543.02,,
PRODUCT_07615,COMP_0420,2026-09-01 00:00:00,-500213.28,,-526094.54,,
PRODUCT_07731,COMP_0420,2026-09-01 00:00:00,667.67,,,,
PRODUCT_07825,COMP_0420,2026-09-01 00:00:00,-500189.02,,-547734.95,,
PRODUCT_06442,COMP_0421,2026-09-01 00:00:00,18504.14,,,,
PRODUCT_02130,COMP_0422,2026-09-01 00:00:00,11186.95,,,,
PRODUCT_06752,COMP_0422,2026-09-01 00:00:00,6.98,,,,
PRODUCT_05128,COMP_0423,2026-09-01 00:00:00,0,,,,
PRODUCT_05139,COMP_0423,2026-09-01 00:00:00,12944.53,,,,
PRODUCT_06520,COMP_0423,2026-09-01 00:00:00,0,,,,
PRODUCT_06741,COMP_0423,2026-09-01 00:00:00,0,,,,
PRODUCT_03025,COMP_0424,2026-09-01 00:00:00,2495.92,,,,
PRODUCT_03856,COMP_0424,2026-09-01 00:00:00,100.78,,,,
PRODUCT_04410,COMP_0424,2026-09-01 00:00:00,2185,,,,
PRODUCT_04878,COMP_0424,2026-09-01 00:00:00,145597.67,,,,
PRODUCT_05947,COMP_0424,2026-09-01 00:00:00,3662.87,,,,
PRODUCT_08120,COMP_0425,2026-09-01 00:00:00,207724.11,,,,
PRODUCT_06779,COMP_0426,2026-09-01 00:00:00,6680.14,,,,
PRODUCT_00472,COMP_0427,2026-09-01 00:00:00,0,,,,
PRODUCT_08000,COMP_0427,2026-09-01 00:00:00,25625.3,,,,
PRODUCT_08165,COMP_0427,2026-09-01 00:00:00,7083.25,,,,
PRODUCT_05644,COMP_0428,2026-09-01 00:00:00,836730.82,,,,
PRODUCT_06673,COMP_0429,2026-09-01 00:00:00,71894.42,,,,
PRODUCT_04308,COMP_0430,2026-09-01 00:00:00,2224.77,,,,
PRODUCT_06277,COMP_0430,2026-09-01 00:00:00,2232.71,,,,
PRODUCT_01645,COMP_0431,2026-09-01 00:00:00,5700.62,,,,
PRODUCT_01649,COMP_0431,2026-09-01 00:00:00,-450998.6,,-500000,49001.4,-450998.6
PRODUCT_04676,COMP_0431,2026-09-01 00:00:00,228757.84,,,,
PRODUCT_02204,COMP_0432,2026-09-01 00:00:00,7124.75,,,,
PRODUCT_02882,COMP_0432,2026-09-01 00:00:00,5701.35,,,,
PRODUCT_06946,COMP_0432,2026-09-01 00:00:00,3306.92,,,,
PRODUCT_00175,COMP_0433,2026-09-01 00:00:00,1490.06,,,,
PRODUCT_01418,COMP_0433,2026-09-01 00:00:00,492143.17,,,,
PRODUCT_04013,COMP_0433,2026-09-01 00:00:00,695643.82,,,,
PRODUCT_05925,COMP_0433,2026-09-01 00:00:00,400885.64,,,,
PRODUCT_06725,COMP_0433,2026-09-01 00:00:00,0,,,,
PRODUCT_03732,COMP_0434,2026-09-01 00:00:00,137094.35,,,,
PRODUCT_06457,COMP_0434,2026-09-01 00:00:00,25627.27,,,,
PRODUCT_00103,COMP_0435,2026-09-01 00:00:00,5291.13,,,,
PRODUCT_02039,COMP_0435,2026-09-01 00:00:00,2666,,,2666,2666
PRODUCT_02092,COMP_0435,2026-09-01 00:00:00,13933.85,,,,
PRODUCT_03827,COMP_0435,2026-09-01 00:00:00,53879.32,,,,
PRODUCT_00800,COMP_0436,2026-09-01 00:00:00,28761.64,,,,
PRODUCT_03029,COMP_0436,2026-09-01 00:00:00,666.26,,,,
PRODUCT_03226,COMP_0436,2026-09-01 00:00:00,10497.77,,,10497.77,10497.77
PRODUCT_05236,COMP_0436,2026-09-01 00:00:00,114671.12,,,,
PRODUCT_06864,COMP_0436,2026-09-01 00:00:00,223141.17,,,,
PRODUCT_00766,COMP_0437,2026-09-01 00:00:00,516363.68,,,,
PRODUCT_03275,COMP_0437,2026-09-01 00:00:00,206075.72,,,,
PRODUCT_03699,COMP_0437,2026-09-01 00:00:00,396213.17,,,,
PRODUCT_04829,COMP_0437,2026-09-01 00:00:00,0,,,,
PRODUCT_04885,COMP_0437,2026-09-01 00:00:00,705621.74,,,,
PRODUCT_04924,COMP_0437,2026-09-01 00:00:00,13332.11,,,,
PRODUCT_06170,COMP_0437,2026-09-01 00:00:00,2839012.7,,,,
PRODUCT_07665,COMP_0437,2026-09-01 00:00:00,695350.41,,,,
PRODUCT_07884,COMP_0437,2026-09-01 00:00:00,2001214.47,,,,
PRODUCT_01391,COMP_0438,2026-09-01 00:00:00,6916.34,,,,
PRODUCT_01675,COMP_0438,2026-09-01 00:00:00,0,,,,
PRODUCT_05088,COMP_0438,2026-09-01 00:00:00,0,,,,
PRODUCT_05982,COMP_0438,2026-09-01 00:00:00,0,,,,
PRODUCT_06855,COMP_0438,2026-09-01 00:00:00,0,,,,
PRODUCT_00080,COMP_0439,2026-09-01 00:00:00,660870.57,,,,
PRODUCT_01868,COMP_0439,2026-09-01 00:00:00,42644.93,,,,
PRODUCT_03400,COMP_0439,2026-09-01 00:00:00,30000,,,,
PRODUCT_07832,COMP_0439,2026-09-01 00:00:00,0,,,,
PRODUCT_05522,COMP_0440,2026-09-01 00:00:00,0,,,,
PRODUCT_07078,COMP_0440,2026-09-01 00:00:00,210.9,,,,
PRODUCT_08199,COMP_0440,2026-09-01 00:00:00,2590.58,,,,
PRODUCT_08220,COMP_0440,2026-09-01 00:00:00,1012432308,,,,
PRODUCT_00395,COMP_0441,2026-09-01 00:00:00,0,,,,
PRODUCT_03451,COMP_0441,2026-09-01 00:00:00,0,,,,
PRODUCT_07722,COMP_0441,2026-09-01 00:00:00,7454074.13,,,,
PRODUCT_05100,COMP_0442,2026-09-01 00:00:00,1693.14,,,,
PRODUCT_05146,COMP_0442,2026-09-01 00:00:00,0,,-3000,3000,
PRODUCT_00663,COMP_0443,2026-09-01 00:00:00,5890.93,,,5890.93,5890.93
PRODUCT_00020,COMP_0444,2026-09-01 00:00:00,103948.47,,,,
PRODUCT_00072,COMP_0444,2026-09-01 00:00:00,0,,-300,300,
PRODUCT_00471,COMP_0444,2026-09-01 00:00:00,-1468908.63,,-1500000,,
PRODUCT_00499,COMP_0444,2026-09-01 00:00:00,-3005.06,,-3005.06,,
PRODUCT_00776,COMP_0444,2026-09-01 00:00:00,0,,,,
PRODUCT_00841,COMP_0444,2026-09-01 00:00:00,-601.01,,-601.01,,
PRODUCT_01013,COMP_0444,2026-09-01 00:00:00,-1936338.36,,-2000000,,
PRODUCT_01054,COMP_0444,2026-09-01 00:00:00,-313.99,,-1500,1186.01,
PRODUCT_01329,COMP_0444,2026-09-01 00:00:00,2096797.72,,,,
PRODUCT_01523,COMP_0444,2026-09-01 00:00:00,-1730602.69,,-1817735.43,,
PRODUCT_01561,COMP_0444,2026-09-01 00:00:00,-551033.51,,-2000000,1448966.49,
PRODUCT_01667,COMP_0444,2026-09-01 00:00:00,-992004.14,,-1097214.4,,
PRODUCT_01686,COMP_0444,2026-09-01 00:00:00,-1734718.12,,-2000000,,
PRODUCT_01745,COMP_0444,2026-09-01 00:00:00,-300000,,-300000,,
PRODUCT_01822,COMP_0444,2026-09-01 00:00:00,-366667.16,,-500000.44,,
PRODUCT_01981,COMP_0444,2026-09-01 00:00:00,0,,-300,300,
PRODUCT_02202,COMP_0444,2026-09-01 00:00:00,5816.72,,,,
PRODUCT_02218,COMP_0444,2026-09-01 00:00:00,0,,-2000000,2000000,
PRODUCT_02412,COMP_0444,2026-09-01 00:00:00,35772.72,,,,
PRODUCT_02468,COMP_0444,2026-09-01 00:00:00,-25.41,,-1500,1474.59,
PRODUCT_02496,COMP_0444,2026-09-01 00:00:00,0,,-2000000,2000000,
PRODUCT_02499,COMP_0444,2026-09-01 00:00:00,-1453284.94,,-1500000,,
PRODUCT_02568,COMP_0444,2026-09-01 00:00:00,0,,,,
PRODUCT_02582,COMP_0444,2026-09-01 00:00:00,-36.63,,-1500,1463.37,
PRODUCT_02941,COMP_0444,2026-09-01 00:00:00,0,,-300,300,
PRODUCT_03013,COMP_0444,2026-09-01 00:00:00,108365.96,,,,
PRODUCT_03369,COMP_0444,2026-09-01 00:00:00,-39.21,,-1200,1160.79,
PRODUCT_03427,COMP_0444,2026-09-01 00:00:00,-80000,,-80000,,
PRODUCT_03620,COMP_0444,2026-09-01 00:00:00,0,,-300,300,
PRODUCT_03776,COMP_0444,2026-09-01 00:00:00,-178.7,,-1500,1321.3,
PRODUCT_03864,COMP_0444,2026-09-01 00:00:00,0,,-300,300,
PRODUCT_04152,COMP_0444,2026-09-01 00:00:00,0,,-1500,1500,
PRODUCT_04280,COMP_0444,2026-09-01 00:00:00,0,,-1200,1200,
PRODUCT_04473,COMP_0444,2026-09-01 00:00:00,0,,-2000000,2000000,
PRODUCT_04477,COMP_0444,2026-09-01 00:00:00,-84.6,,-6000,5915.4,
PRODUCT_04533,COMP_0444,2026-09-01 00:00:00,-6.05,,-1500,1493.95,
PRODUCT_04714,COMP_0444,2026-09-01 00:00:00,-316.41,,-1500,1183.59,
PRODUCT_04747,COMP_0444,2026-09-01 00:00:00,-599.12,,-6000,5400.88,
PRODUCT_04883,COMP_0444,2026-09-01 00:00:00,-133543.06,,-6456.94,,
PRODUCT_05349,COMP_0444,2026-09-01 00:00:00,-9.3,,-300,290.7,
PRODUCT_05539,COMP_0444,2026-09-01 00:00:00,-1093756.55,,-2000000,906243.45,0
PRODUCT_05580,COMP_0444,2026-09-01 00:00:00,0,,-1,1,
PRODUCT_05633,COMP_0444,2026-09-01 00:00:00,0,,-1500,1500,
PRODUCT_05760,COMP_0444,2026-09-01 00:00:00,0,,-300,300,
PRODUCT_05921,COMP_0444,2026-09-01 00:00:00,11958.9,,,,
PRODUCT_06010,COMP_0444,2026-09-01 00:00:00,-11793.53,,-11793.53,,
PRODUCT_06051,COMP_0444,2026-09-01 00:00:00,108506.56,,,,
PRODUCT_06232,COMP_0444,2026-09-01 00:00:00,0,,-300,300,
PRODUCT_06370,COMP_0444,2026-09-01 00:00:00,0,,-2000000,2000000,
PRODUCT_06416,COMP_0444,2026-09-01 00:00:00,0,,-300,300,
PRODUCT_06551,COMP_0444,2026-09-01 00:00:00,140402.22,,,,
PRODUCT_06684,COMP_0444,2026-09-01 00:00:00,-1697830.53,,-2500000,802169.47,
PRODUCT_06778,COMP_0444,2026-09-01 00:00:00,771578.05,,,771578.05,771578.05
PRODUCT_06857,COMP_0444,2026-09-01 00:00:00,0,,-300,300,
PRODUCT_07198,COMP_0444,2026-09-01 00:00:00,0,,-1500,1500,
PRODUCT_07350,COMP_0444,2026-09-01 00:00:00,0,,-300,300,
PRODUCT_07762,COMP_0444,2026-09-01 00:00:00,0,,-2500000,2500000,
PRODUCT_07824,COMP_0444,2026-09-01 00:00:00,0,,,,
PRODUCT_07987,COMP_0444,2026-09-01 00:00:00,-17.36,,-3000,2982.64,
PRODUCT_08143,COMP_0444,2026-09-01 00:00:00,-740132.28,,-3001293.32,2261161.04,
PRODUCT_01458,COMP_0445,2026-09-01 00:00:00,14753.03,,,,
PRODUCT_02036,COMP_0445,2026-09-01 00:00:00,2821.03,,,,
PRODUCT_03373,COMP_0445,2026-09-01 00:00:00,9970.52,,,,
PRODUCT_04881,COMP_0445,2026-09-01 00:00:00,2798.95,,,,
PRODUCT_06288,COMP_0445,2026-09-01 00:00:00,55137.59,,,,
PRODUCT_06732,COMP_0445,2026-09-01 00:00:00,265785.53,,,,
PRODUCT_00873,COMP_0446,2026-09-01 00:00:00,416434.27,,,,
PRODUCT_02262,COMP_0446,2026-09-01 00:00:00,198648.59,,,198648.59,-1351.41
PRODUCT_02315,COMP_0446,2026-09-01 00:00:00,106378.12,,,,
PRODUCT_02503,COMP_0446,2026-09-01 00:00:00,-1464.09,,-30000,28535.91,-1464.09
PRODUCT_02565,COMP_0446,2026-09-01 00:00:00,1042.76,,,,
PRODUCT_02778,COMP_0446,2026-09-01 00:00:00,2908.19,,,,
PRODUCT_03683,COMP_0446,2026-09-01 00:00:00,265874.08,,,,
PRODUCT_03975,COMP_0446,2026-09-01 00:00:00,-21780,,-150000,128220,128220
PRODUCT_04515,COMP_0446,2026-09-01 00:00:00,29365.76,,-200000,229365.76,29365.76
PRODUCT_04743,COMP_0446,2026-09-01 00:00:00,0,,,,
PRODUCT_06329,COMP_0446,2026-09-01 00:00:00,0,,-750000,750000,
PRODUCT_06632,COMP_0446,2026-09-01 00:00:00,12816.28,,,,
PRODUCT_07257,COMP_0446,2026-09-01 00:00:00,16481.47,,,,
PRODUCT_07730,COMP_0446,2026-09-01 00:00:00,-75354.87,,-200000,,
PRODUCT_00250,COMP_0447,2026-09-01 00:00:00,250000,,-250000,500000,0
PRODUCT_00385,COMP_0447,2026-09-01 00:00:00,0,,,,
PRODUCT_00476,COMP_0447,2026-09-01 00:00:00,0,,-60000,60000,
PRODUCT_00876,COMP_0447,2026-09-01 00:00:00,0,,-2000,2000,
PRODUCT_01084,COMP_0447,2026-09-01 00:00:00,0,,-2000,2000,
PRODUCT_02193,COMP_0447,2026-09-01 00:00:00,109294.73,,,,
PRODUCT_02371,COMP_0447,2026-09-01 00:00:00,19906.24,,,,
PRODUCT_02414,COMP_0447,2026-09-01 00:00:00,0,,,,
PRODUCT_02448,COMP_0447,2026-09-01 00:00:00,0,,-2000,2000,
PRODUCT_02701,COMP_0447,2026-09-01 00:00:00,0,,-2000,2000,
PRODUCT_03414,COMP_0447,2026-09-01 00:00:00,238264.94,,,,
PRODUCT_03711,COMP_0447,2026-09-01 00:00:00,0,,-2000,2000,
PRODUCT_04767,COMP_0447,2026-09-01 00:00:00,-198.75,,-2000,1801.25,
PRODUCT_04775,COMP_0447,2026-09-01 00:00:00,-1446.18,,-8000,6553.82,
PRODUCT_05344,COMP_0447,2026-09-01 00:00:00,-483.99,,-4000,3516.01,
PRODUCT_05650,COMP_0447,2026-09-01 00:00:00,-192.23,,-3000,2807.77,
PRODUCT_05978,COMP_0447,2026-09-01 00:00:00,-790691.89,,-881582.44,,
PRODUCT_06131,COMP_0447,2026-09-01 00:00:00,0,,,,
PRODUCT_06231,COMP_0447,2026-09-01 00:00:00,0,,-3000,3000,
PRODUCT_06489,COMP_0447,2026-09-01 00:00:00,-774.35,,-4000,3225.65,
PRODUCT_06571,COMP_0447,2026-09-01 00:00:00,1220.87,,,,
PRODUCT_07142,COMP_0447,2026-09-01 00:00:00,34205.06,,,,
PRODUCT_07337,COMP_0447,2026-09-01 00:00:00,0,,-4000,4000,
PRODUCT_04816,COMP_0448,2026-09-01 00:00:00,0,,,,
PRODUCT_00019,COMP_0449,2026-09-01 00:00:00,125244.25,,,,
PRODUCT_00643,COMP_0449,2026-09-01 00:00:00,4428.68,,,,
PRODUCT_01226,COMP_0449,2026-09-01 00:00:00,365733.59,,,,
PRODUCT_01871,COMP_0449,2026-09-01 00:00:00,-1689649.55,,-4711940.59,,
PRODUCT_03816,COMP_0449,2026-09-01 00:00:00,0,,-3000,3000,
PRODUCT_04363,COMP_0449,2026-09-01 00:00:00,2804.88,,,,
PRODUCT_08130,COMP_0449,2026-09-01 00:00:00,-846644.66,,-1700000,,
PRODUCT_01015,COMP_0450,2026-09-01 00:00:00,0,,,,
PRODUCT_02638,COMP_0450,2026-09-01 00:00:00,0,,,,
PRODUCT_04575,COMP_0450,2026-09-01 00:00:00,0,,0,,
PRODUCT_07083,COMP_0450,2026-09-01 00:00:00,46654.03,,,,
PRODUCT_07432,COMP_0450,2026-09-01 00:00:00,7311.05,,,,
PRODUCT_05093,COMP_0451,2026-09-01 00:00:00,0,,,,
PRODUCT_02373,COMP_0452,2026-09-01 00:00:00,54226.11,,,,
PRODUCT_04348,COMP_0452,2026-09-01 00:00:00,2617.6,,,,
PRODUCT_04733,COMP_0452,2026-09-01 00:00:00,0,,-25000,25000,
PRODUCT_05494,COMP_0452,2026-09-01 00:00:00,177.4,,,,
PRODUCT_05927,COMP_0452,2026-09-01 00:00:00,1123.73,,,,
PRODUCT_00847,COMP_0453,2026-09-01 00:00:00,2374.43,,,,
PRODUCT_06382,COMP_0453,2026-09-01 00:00:00,176806.01,,,,
PRODUCT_03227,COMP_0454,2026-09-01 00:00:00,25340.3,,,,
PRODUCT_02010,COMP_0455,2026-09-01 00:00:00,111051.56,,,,
PRODUCT_07054,COMP_0455,2026-09-01 00:00:00,9370.78,,,,
PRODUCT_00682,COMP_0456,2026-09-01 00:00:00,0,,-2000,2000,
PRODUCT_02199,COMP_0456,2026-09-01 00:00:00,-145425,,-186975,,
PRODUCT_03391,COMP_0456,2026-09-01 00:00:00,-87.26,,-4800,4712.74,2938.43
PRODUCT_04921,COMP_0456,2026-09-01 00:00:00,191.27,,,,
PRODUCT_06043,COMP_0456,2026-09-01 00:00:00,-452210.86,,-452210.9,,
PRODUCT_06114,COMP_0456,2026-09-01 00:00:00,6781.88,,,,
PRODUCT_06811,COMP_0456,2026-09-01 00:00:00,0,,,,
PRODUCT_06858,COMP_0456,2026-09-01 00:00:00,-601300.42,,-601300.42,,
PRODUCT_07177,COMP_0456,2026-09-01 00:00:00,-237570.71,,-353530.21,,
PRODUCT_02527,COMP_0457,2026-09-01 00:00:00,35647.62,,,,
PRODUCT_07594,COMP_0458,2026-09-01 00:00:00,16880.27,,,,
PRODUCT_02866,COMP_0459,2026-09-01 00:00:00,2554.85,,,,
PRODUCT_03681,COMP_0459,2026-09-01 00:00:00,59850.24,,,,
PRODUCT_00211,COMP_0460,2026-09-01 00:00:00,0,,,,
PRODUCT_01121,COMP_0460,2026-09-01 00:00:00,0,,,0,0
PRODUCT_01738,COMP_0460,2026-09-01 00:00:00,17489.11,,,,
PRODUCT_02854,COMP_0460,2026-09-01 00:00:00,8029.63,,,,
PRODUCT_03339,COMP_0460,2026-09-01 00:00:00,0,,,0,
PRODUCT_03346,COMP_0460,2026-09-01 00:00:00,2650.73,,,,
PRODUCT_03360,COMP_0460,2026-09-01 00:00:00,100327.68,,,100327.68,
PRODUCT_04265,COMP_0460,2026-09-01 00:00:00,0,,,,
PRODUCT_04894,COMP_0460,2026-09-01 00:00:00,1254274.35,,,1254274.35,
PRODUCT_05150,COMP_0460,2026-09-01 00:00:00,0,,,,
PRODUCT_07010,COMP_0460,2026-09-01 00:00:00,0,,,,
PRODUCT_00188,COMP_0461,2026-09-01 00:00:00,365301.02,,,,
PRODUCT_04492,COMP_0461,2026-09-01 00:00:00,0,,,,
PRODUCT_05984,COMP_0461,2026-09-01 00:00:00,3000000,,,,
PRODUCT_06391,COMP_0461,2026-09-01 00:00:00,0,,,,
PRODUCT_07698,COMP_0461,2026-09-01 00:00:00,592948.08,,,,
PRODUCT_05176,COMP_0462,2026-09-01 00:00:00,14477.18,,,14477.18,14477.18
PRODUCT_07227,COMP_0462,2026-09-01 00:00:00,107140.43,,,107140.43,107140.43
PRODUCT_06341,COMP_0463,2026-09-01 00:00:00,661558.6,,,661558.6,693083.54
PRODUCT_04974,COMP_0464,2026-09-01 00:00:00,35000,,,35000,90000
PRODUCT_06614,COMP_0464,2026-09-01 00:00:00,3367.2,,,,
PRODUCT_01212,COMP_0465,2026-09-01 00:00:00,29839.71,,,,
PRODUCT_01292,COMP_0465,2026-09-01 00:00:00,12964.5,,,,
PRODUCT_02025,COMP_0465,2026-09-01 00:00:00,-25000,,-25000,0,
PRODUCT_04193,COMP_0465,2026-09-01 00:00:00,80000,,-80000,160000,
PRODUCT_04612,COMP_0465,2026-09-01 00:00:00,-64442.42,,-64442.42,0,
PRODUCT_06611,COMP_0465,2026-09-01 00:00:00,0,,,,
PRODUCT_00823,COMP_0466,2026-09-01 00:00:00,189486.01,,,,
PRODUCT_00872,COMP_0466,2026-09-01 00:00:00,1290.25,,,,
PRODUCT_02902,COMP_0466,2026-09-01 00:00:00,16947.09,,,,
PRODUCT_02926,COMP_0466,2026-09-01 00:00:00,5319.04,,,,
PRODUCT_03193,COMP_0466,2026-09-01 00:00:00,3433.48,,,,
PRODUCT_04457,COMP_0466,2026-09-01 00:00:00,0,,-100000,,
PRODUCT_04839,COMP_0466,2026-09-01 00:00:00,0,,,,
PRODUCT_05542,COMP_0466,2026-09-01 00:00:00,-91666.92,,-1000000,,
PRODUCT_07888,COMP_0466,2026-09-01 00:00:00,-658103.57,,-999999.9,,
PRODUCT_01652,COMP_0467,2026-09-01 00:00:00,0,,,,
PRODUCT_04454,COMP_0467,2026-09-01 00:00:00,0,,,,
PRODUCT_06357,COMP_0467,2026-09-01 00:00:00,-16883.11,,-23414.04,,
PRODUCT_01056,COMP_0468,2026-09-01 00:00:00,54.52,,,,
PRODUCT_05787,COMP_0468,2026-09-01 00:00:00,19158.08,,,19158.08,19158.08
PRODUCT_07103,COMP_0468,2026-09-01 00:00:00,-76622.09,,-100000,23377.91,
PRODUCT_07452,COMP_0468,2026-09-01 00:00:00,13666.63,,-100000,113666.63,-86333.37
PRODUCT_00275,COMP_0469,2026-09-01 00:00:00,73722294,,,,
PRODUCT_03340,COMP_0469,2026-09-01 00:00:00,0,,,,
PRODUCT_01032,COMP_0470,2026-09-01 00:00:00,6171.21,,,,
PRODUCT_01775,COMP_0470,2026-09-01 00:00:00,102933.66,,,,
PRODUCT_05315,COMP_0470,2026-09-01 00:00:00,0,,-84455.98,,
PRODUCT_06059,COMP_0470,2026-09-01 00:00:00,408289.65,,,,
PRODUCT_00312,COMP_0471,2026-09-01 00:00:00,223.52,,,,
PRODUCT_00600,COMP_0471,2026-09-01 00:00:00,-465687.33,,-800000,334312.67,
PRODUCT_00633,COMP_0471,2026-09-01 00:00:00,-81168.93,,-113219.1,,
PRODUCT_00674,COMP_0471,2026-09-01 00:00:00,5502.66,,,,
PRODUCT_01035,COMP_0471,2026-09-01 00:00:00,-247538.66,,-500000,252461.34,
PRODUCT_01061,COMP_0471,2026-09-01 00:00:00,9788.26,,,,
PRODUCT_01080,COMP_0471,2026-09-01 00:00:00,-277746.69,,-350000,72253.31,
PRODUCT_01081,COMP_0471,2026-09-01 00:00:00,331.73,,,,
PRODUCT_01161,COMP_0471,2026-09-01 00:00:00,1515.46,,,,
PRODUCT_01435,COMP_0471,2026-09-01 00:00:00,6207.43,,,,
PRODUCT_01793,COMP_0471,2026-09-01 00:00:00,223.52,,,,
PRODUCT_01891,COMP_0471,2026-09-01 00:00:00,0,,,,
PRODUCT_01907,COMP_0471,2026-09-01 00:00:00,121.53,,,,
PRODUCT_01918,COMP_0471,2026-09-01 00:00:00,30000,,,,
PRODUCT_02186,COMP_0471,2026-09-01 00:00:00,0,,,,
PRODUCT_02360,COMP_0471,2026-09-01 00:00:00,151219.01,,-800000,951219.01,
PRODUCT_02387,COMP_0471,2026-09-01 00:00:00,-296372.8,,-1000000,703627.2,
PRODUCT_03431,COMP_0471,2026-09-01 00:00:00,238029.36,,-1000000,1238029.36,
PRODUCT_03517,COMP_0471,2026-09-01 00:00:00,-2600000,,-4000000,,
PRODUCT_03534,COMP_0471,2026-09-01 00:00:00,-475520.47,,-800000,324479.53,
PRODUCT_04123,COMP_0471,2026-09-01 00:00:00,64221.74,,,,
PRODUCT_04385,COMP_0471,2026-09-01 00:00:00,282380.11,,,,
PRODUCT_04705,COMP_0471,2026-09-01 00:00:00,-1423467.95,,-1500000,,
PRODUCT_04770,COMP_0471,2026-09-01 00:00:00,-278615.13,,-750000,,
PRODUCT_04939,COMP_0471,2026-09-01 00:00:00,123725.05,,,,
PRODUCT_05160,COMP_0471,2026-09-01 00:00:00,200386.4,,,,
PRODUCT_05180,COMP_0471,2026-09-01 00:00:00,0,,,,
PRODUCT_05182,COMP_0471,2026-09-01 00:00:00,0,,,,
PRODUCT_05183,COMP_0471,2026-09-01 00:00:00,20499.83,,,,
PRODUCT_05187,COMP_0471,2026-09-01 00:00:00,4.39,,,,
PRODUCT_05190,COMP_0471,2026-09-01 00:00:00,33343.9,,,,
PRODUCT_05192,COMP_0471,2026-09-01 00:00:00,0,,-333333.34,333333.34,0
PRODUCT_05240,COMP_0471,2026-09-01 00:00:00,-280732.74,,-300000,19267.26,
PRODUCT_05362,COMP_0471,2026-09-01 00:00:00,200,,,,
PRODUCT_05478,COMP_0471,2026-09-01 00:00:00,0,,-255851.2,,
PRODUCT_05824,COMP_0471,2026-09-01 00:00:00,0,,-96714.77,,
PRODUCT_06509,COMP_0471,2026-09-01 00:00:00,-493852.62,,-500000,6147.38,
PRODUCT_06757,COMP_0471,2026-09-01 00:00:00,-1906758.7,,-2000000,,
PRODUCT_07066,COMP_0471,2026-09-01 00:00:00,71071.07,,,,
PRODUCT_07143,COMP_0471,2026-09-01 00:00:00,0,,-677867.72,,
PRODUCT_07413,COMP_0471,2026-09-01 00:00:00,0,,-163733.8,,
PRODUCT_07540,COMP_0471,2026-09-01 00:00:00,31058.13,,,,-1452.66
PRODUCT_07672,COMP_0471,2026-09-01 00:00:00,2616.09,,,,
PRODUCT_08031,COMP_0471,2026-09-01 00:00:00,0,,-450000,,
PRODUCT_08038,COMP_0471,2026-09-01 00:00:00,4523.55,,,,
PRODUCT_08202,COMP_0471,2026-09-01 00:00:00,-241861.11,,-435656.11,,
PRODUCT_08203,COMP_0471,2026-09-01 00:00:00,-357231.66,,,,
PRODUCT_08205,COMP_0471,2026-09-01 00:00:00,-161060.55,,-213012.55,,
PRODUCT_08210,COMP_0471,2026-09-01 00:00:00,0,,,,
PRODUCT_08224,COMP_0471,2026-09-01 00:00:00,3446.06,,,,
PRODUCT_08226,COMP_0471,2026-09-01 00:00:00,0,,,,
PRODUCT_02227,COMP_0472,2026-09-01 00:00:00,60644.85,,,,
PRODUCT_06328,COMP_0472,2026-09-01 00:00:00,15612.28,,,,
PRODUCT_06400,COMP_0472,2026-09-01 00:00:00,0,,,,
PRODUCT_01309,COMP_0473,2026-09-01 00:00:00,5258.03,,,,
PRODUCT_03194,COMP_0473,2026-09-01 00:00:00,8243.52,,,,
PRODUCT_07087,COMP_0473,2026-09-01 00:00:00,0,,,,
PRODUCT_07747,COMP_0473,2026-09-01 00:00:00,5256.65,,,,
PRODUCT_00644,COMP_0474,2026-09-01 00:00:00,-27777.85,,-125000.04,,
PRODUCT_02477,COMP_0474,2026-09-01 00:00:00,0,,,,
PRODUCT_04027,COMP_0474,2026-09-01 00:00:00,9445.04,,,,
PRODUCT_04534,COMP_0474,2026-09-01 00:00:00,0,,-56500,56500,0
PRODUCT_07702,COMP_0474,2026-09-01 00:00:00,-40399.87,,-125000,,
PRODUCT_01372,COMP_0475,2026-09-01 00:00:00,0,,,0,
PRODUCT_02386,COMP_0475,2026-09-01 00:00:00,0,,,0,
PRODUCT_05418,COMP_0476,2026-09-01 00:00:00,39377.25,,,,
PRODUCT_00442,COMP_0477,2026-09-01 00:00:00,9580.62,,,,
PRODUCT_01450,COMP_0477,2026-09-01 00:00:00,0,,,,
PRODUCT_01810,COMP_0477,2026-09-01 00:00:00,-644026.75,,,,
PRODUCT_08263,COMP_0477,2026-08-25 00:00:00,-8425980.24,,,,
PRODUCT_01874,COMP_0477,2026-09-01 00:00:00,0,,,,
PRODUCT_02394,COMP_0477,2026-09-01 00:00:00,0,,,,
PRODUCT_02977,COMP_0477,2026-08-28 00:00:00,4243.95,,,,
PRODUCT_03602,COMP_0477,2026-09-01 00:00:00,0,,,,
PRODUCT_03779,COMP_0477,2026-09-01 00:00:00,46507.75,,,,
PRODUCT_04408,COMP_0477,2026-09-01 00:00:00,0,,,,
PRODUCT_04719,COMP_0477,2026-09-01 00:00:00,-150000,,,,
PRODUCT_04877,COMP_0477,2026-09-01 00:00:00,-8335491.2,,,,
PRODUCT_05419,COMP_0477,2026-09-01 00:00:00,0,,,,
PRODUCT_05764,COMP_0477,2026-08-28 00:00:00,16665.52,,,,
PRODUCT_05784,COMP_0477,2026-09-01 00:00:00,10038.95,,,,
PRODUCT_06175,COMP_0477,2026-09-01 00:00:00,0,,,,
PRODUCT_06257,COMP_0477,2026-09-01 00:00:00,0,,,,
PRODUCT_07031,COMP_0477,2026-09-01 00:00:00,5563436.11,,,,
PRODUCT_07282,COMP_0477,2026-09-01 00:00:00,0,,,,
PRODUCT_07847,COMP_0477,2026-09-01 00:00:00,0,,,,
PRODUCT_01694,COMP_0478,2026-09-01 00:00:00,50,,,,
PRODUCT_06362,COMP_0478,2026-09-01 00:00:00,0,,,,
PRODUCT_06413,COMP_0478,2026-09-01 00:00:00,-110.23,,-2000,1889.77,
PRODUCT_07502,COMP_0478,2026-09-01 00:00:00,0,,-5000,5000,
PRODUCT_01493,COMP_0479,2026-09-01 00:00:00,916299.36,,,,
PRODUCT_00219,COMP_0480,2026-09-01 00:00:00,54006.33,,,,
PRODUCT_00638,COMP_0480,2026-09-01 00:00:00,50172.83,,,,
PRODUCT_02207,COMP_0480,2026-09-01 00:00:00,27968.32,,,,
PRODUCT_03104,COMP_0480,2026-09-01 00:00:00,476.33,,,,
PRODUCT_04001,COMP_0480,2026-09-01 00:00:00,309468.52,,,309468.52,156571.55
PRODUCT_04239,COMP_0480,2026-09-01 00:00:00,0,,,,
PRODUCT_05056,COMP_0480,2026-09-01 00:00:00,11036.45,,,11036.45,
PRODUCT_07879,COMP_0480,2026-09-01 00:00:00,15083.08,,,,
PRODUCT_01590,COMP_0481,2026-09-01 00:00:00,0,,,,
PRODUCT_03361,COMP_0481,2026-09-01 00:00:00,0,,,,
PRODUCT_03873,COMP_0481,2026-09-01 00:00:00,34744.25,,,54499.75,
PRODUCT_04528,COMP_0481,2026-09-01 00:00:00,-101333.39,,-216290.22,,
PRODUCT_05563,COMP_0481,2026-09-01 00:00:00,0,,,,
PRODUCT_07688,COMP_0482,2026-09-01 00:00:00,132343.25,,,,
PRODUCT_00285,COMP_0483,2026-09-01 00:00:00,28.03,,,,
PRODUCT_00901,COMP_0483,2026-09-01 00:00:00,1.74,,,,
PRODUCT_01331,COMP_0483,2026-09-01 00:00:00,-93749.98,,-302083.28,,
PRODUCT_04254,COMP_0483,2026-09-01 00:00:00,330.84,,,,
PRODUCT_04815,COMP_0483,2026-09-01 00:00:00,2034.31,,,,
PRODUCT_07993,COMP_0483,2026-09-01 00:00:00,37.24,,,,
PRODUCT_00503,COMP_0484,2026-09-01 00:00:00,806.5,,,,
PRODUCT_02265,COMP_0484,2026-09-01 00:00:00,3463.33,,,,
PRODUCT_03808,COMP_0484,2026-09-01 00:00:00,1629.02,,,,
PRODUCT_04857,COMP_0484,2026-09-01 00:00:00,1132.98,,,,
PRODUCT_04918,COMP_0484,2026-09-01 00:00:00,-48803.13,,-50000,1196.87,
PRODUCT_08022,COMP_0484,2026-09-01 00:00:00,3930.16,,-50000,53930.16,-45997.13
PRODUCT_02622,COMP_0485,2026-09-01 00:00:00,6626.11,,,,
PRODUCT_02584,COMP_0486,2026-09-01 00:00:00,182653231,,,,
PRODUCT_03061,COMP_0486,2026-09-01 00:00:00,0,,,,
PRODUCT_08150,COMP_0486,2026-09-01 00:00:00,152.15,,,,
PRODUCT_03996,COMP_0487,2026-09-01 00:00:00,363676874.84,,,,
PRODUCT_05483,COMP_0487,2026-09-01 00:00:00,10383279.1,,,,
PRODUCT_07355,COMP_0488,2026-09-01 00:00:00,81814.29,,,,
PRODUCT_05506,COMP_0489,2026-09-01 00:00:00,12116.13,,,,
PRODUCT_06603,COMP_0489,2026-09-01 00:00:00,0,,,,
PRODUCT_03799,COMP_0490,2026-09-01 00:00:00,24676.74,,,,
PRODUCT_04610,COMP_0490,2026-09-01 00:00:00,54176.63,,,,
PRODUCT_00130,COMP_0491,2026-09-01 00:00:00,0,,-2000,2000,1206.48
PRODUCT_00267,COMP_0491,2026-09-01 00:00:00,860.6,,,,
PRODUCT_00355,COMP_0491,2026-09-01 00:00:00,0,,-6000,6000,
PRODUCT_00394,COMP_0491,2026-09-01 00:00:00,-122.5,,-49000,48877.5,0
PRODUCT_00482,COMP_0491,2026-09-01 00:00:00,0,,-140000,,
PRODUCT_00816,COMP_0491,2026-09-01 00:00:00,0,,3000,3000,
PRODUCT_01064,COMP_0491,2026-09-01 00:00:00,0,,-135000,,
PRODUCT_01103,COMP_0491,2026-09-01 00:00:00,2521.47,,,,
PRODUCT_01315,COMP_0491,2026-09-01 00:00:00,-56630.4,,-68844.8,,
PRODUCT_02211,COMP_0491,2026-09-01 00:00:00,0,,-6000,6000,
PRODUCT_02302,COMP_0491,2026-09-01 00:00:00,0,,-149000,,
PRODUCT_02508,COMP_0491,2026-09-01 00:00:00,0,,,,
PRODUCT_02637,COMP_0491,2026-09-01 00:00:00,1152.39,,,,
PRODUCT_02673,COMP_0491,2026-09-01 00:00:00,-26938,,-54339.53,,
PRODUCT_03223,COMP_0491,2026-09-01 00:00:00,0,,-6000,6000,
PRODUCT_04183,COMP_0491,2026-09-01 00:00:00,2802.9,,,,
PRODUCT_04663,COMP_0491,2026-09-01 00:00:00,0,,-29815.29,,
PRODUCT_04942,COMP_0491,2026-09-01 00:00:00,-10303.07,,-19336.56,,
PRODUCT_05403,COMP_0491,2026-09-01 00:00:00,-13102.89,,-51000,37897.11,-13102.89
PRODUCT_05773,COMP_0491,2026-09-01 00:00:00,0,,-60106,,
PRODUCT_06392,COMP_0491,2026-09-01 00:00:00,-77374.74,,-78000,625.26,-77374.74
PRODUCT_06433,COMP_0491,2026-09-01 00:00:00,109431.14,,,,
PRODUCT_06589,COMP_0491,2026-09-01 00:00:00,2697.25,,,,
PRODUCT_06677,COMP_0491,2026-09-01 00:00:00,0,,-1656.29,,
PRODUCT_06898,COMP_0491,2026-09-01 00:00:00,0,,-49999.92,,
PRODUCT_07213,COMP_0491,2026-09-01 00:00:00,-41.77,,-3000,2958.23,
PRODUCT_07449,COMP_0491,2026-09-01 00:00:00,1544.45,,,,
PRODUCT_07573,COMP_0491,2026-09-01 00:00:00,-170903.54,,-378615.35,,
PRODUCT_07677,COMP_0491,2026-09-01 00:00:00,-125,,-50000,49875,-125
PRODUCT_07700,COMP_0491,2026-09-01 00:00:00,-60344.01,,-120000,59655.99,-60344.01
PRODUCT_03682,COMP_0492,2026-09-01 00:00:00,0,,,,
PRODUCT_01133,COMP_0493,2026-09-01 00:00:00,11000,,,,
PRODUCT_03648,COMP_0493,2026-09-01 00:00:00,93971.74,,,93971.74,
PRODUCT_05991,COMP_0493,2026-09-01 00:00:00,150589.22,,,150589.22,
PRODUCT_00430,COMP_0494,2026-09-01 00:00:00,-88355.87,,-100000,,
PRODUCT_00593,COMP_0494,2026-09-01 00:00:00,-576710.08,,-700000,,
PRODUCT_01398,COMP_0494,2026-09-01 00:00:00,-60,,-6000,5940,
PRODUCT_04949,COMP_0494,2026-09-01 00:00:00,20137.88,,,,
PRODUCT_06750,COMP_0494,2026-09-01 00:00:00,0,,,,
PRODUCT_07475,COMP_0494,2026-09-01 00:00:00,9372.74,,,,
PRODUCT_07673,COMP_0494,2026-09-01 00:00:00,24986.25,,,,
PRODUCT_07801,COMP_0494,2026-09-01 00:00:00,32605.62,,,,
PRODUCT_00317,COMP_0495,2026-09-01 00:00:00,0,,,,
PRODUCT_00434,COMP_0495,2026-09-01 00:00:00,-13792.81,,-15000,,
PRODUCT_00528,COMP_0495,2026-09-01 00:00:00,0,,,,
PRODUCT_00709,COMP_0495,2026-09-01 00:00:00,-91419.26,,-149853.74,,
PRODUCT_00753,COMP_0495,2026-09-01 00:00:00,0,,,,
PRODUCT_00893,COMP_0495,2026-09-01 00:00:00,2960.78,,,,
PRODUCT_01224,COMP_0495,2026-09-01 00:00:00,937.14,,,,
PRODUCT_01395,COMP_0495,2026-09-01 00:00:00,335.94,,-500,835.94,
PRODUCT_01779,COMP_0495,2026-09-01 00:00:00,0,,-1000,1000,
PRODUCT_02031,COMP_0495,2026-09-01 00:00:00,335.94,,-500,835.94,
PRODUCT_02054,COMP_0495,2026-09-01 00:00:00,-251895.65,,,,
PRODUCT_02137,COMP_0495,2026-09-01 00:00:00,241.43,,-200000,200241.43,
PRODUCT_02205,COMP_0495,2026-09-01 00:00:00,-120482.83,,-150000,29517.17,-120482.83
PRODUCT_02316,COMP_0495,2026-09-01 00:00:00,300.92,,-200000,200300.92,
PRODUCT_02324,COMP_0495,2026-09-01 00:00:00,0,,-6000,6000,
PRODUCT_02570,COMP_0495,2026-09-01 00:00:00,652.43,,,,
PRODUCT_03215,COMP_0495,2026-09-01 00:00:00,963.08,,,,
PRODUCT_03403,COMP_0495,2026-09-01 00:00:00,335.94,,-500,835.94,
PRODUCT_03759,COMP_0495,2026-09-01 00:00:00,53046.65,,,,
PRODUCT_04428,COMP_0495,2026-09-01 00:00:00,-62546.73,,,0,
PRODUCT_04729,COMP_0495,2026-09-01 00:00:00,1320.65,,-150000,151320.65,1320.65
PRODUCT_04798,COMP_0495,2026-09-01 00:00:00,5441.49,,,,
PRODUCT_04893,COMP_0495,2026-09-01 00:00:00,335.94,,-500,835.94,
PRODUCT_05200,COMP_0495,2026-09-01 00:00:00,213.31,,,213.31,
PRODUCT_05246,COMP_0495,2026-09-01 00:00:00,0,,-10000,10000,
PRODUCT_05490,COMP_0495,2026-09-01 00:00:00,38893.11,,,,
PRODUCT_06459,COMP_0495,2026-09-01 00:00:00,-43028.83,,-59941.59,,
PRODUCT_06799,COMP_0495,2026-09-01 00:00:00,0,,-10000,10000,
PRODUCT_07321,COMP_0495,2026-09-01 00:00:00,-570000,,-570000,,
PRODUCT_07354,COMP_0495,2026-09-01 00:00:00,0,,,,
PRODUCT_07416,COMP_0495,2026-09-01 00:00:00,0,,,,
PRODUCT_07631,COMP_0495,2026-09-01 00:00:00,0,,,,
PRODUCT_07637,COMP_0495,2026-09-01 00:00:00,0,,,0,
PRODUCT_08117,COMP_0495,2026-09-01 00:00:00,9169.6,,,,
PRODUCT_02531,COMP_0496,2026-09-01 00:00:00,0,,,0,
PRODUCT_02563,COMP_0496,2026-09-01 00:00:00,0,,,0,
PRODUCT_02696,COMP_0496,2026-09-01 00:00:00,52000,,,,
PRODUCT_02776,COMP_0496,2026-09-01 00:00:00,6648.91,,,,
PRODUCT_04413,COMP_0496,2026-09-01 00:00:00,0,,,,
PRODUCT_04524,COMP_0496,2026-09-01 00:00:00,0,,,0,
PRODUCT_04623,COMP_0496,2026-09-01 00:00:00,0,,,0,
PRODUCT_04763,COMP_0496,2026-09-01 00:00:00,5575.52,,,,
PRODUCT_05220,COMP_0496,2026-09-01 00:00:00,0,,,0,
PRODUCT_05504,COMP_0496,2026-09-01 00:00:00,0,,,,
PRODUCT_06113,COMP_0496,2026-09-01 00:00:00,0,,,0,
PRODUCT_06555,COMP_0496,2026-09-01 00:00:00,-52000,,-52000,,
PRODUCT_06884,COMP_0496,2026-09-01 00:00:00,0,,,0,
PRODUCT_07074,COMP_0496,2026-09-01 00:00:00,0,,,0,
PRODUCT_07098,COMP_0496,2026-09-01 00:00:00,0,,,,
PRODUCT_03007,COMP_0497,2026-09-01 00:00:00,0,,,,
PRODUCT_03513,COMP_0497,2026-09-01 00:00:00,190.13,,,,
PRODUCT_00381,COMP_0498,2026-09-01 00:00:00,1300000,,,,
PRODUCT_00389,COMP_0498,2026-09-01 00:00:00,-15000000,,-15000000,,
PRODUCT_02724,COMP_0498,2026-09-01 00:00:00,19994.67,,,,
PRODUCT_02960,COMP_0498,2026-09-01 00:00:00,-5000000,,-5000000,,
PRODUCT_06598,COMP_0498,2026-09-01 00:00:00,-13200000,,-15000000,,
PRODUCT_01975,COMP_0499,2026-09-01 00:00:00,0,,-2000,2000,2000
PRODUCT_02401,COMP_0499,2026-09-01 00:00:00,0,,-1500,1500,1500
PRODUCT_03634,COMP_0499,2026-09-01 00:00:00,0,,,,
PRODUCT_07079,COMP_0499,2026-09-01 00:00:00,0,,-3600,3600,3600
PRODUCT_07315,COMP_0500,2026-09-01 00:00:00,1838475.8,,,,
PRODUCT_00561,COMP_0501,2026-09-01 00:00:00,44840.48,,,,
PRODUCT_07175,COMP_0501,2026-09-01 00:00:00,8410.87,,,,
PRODUCT_08122,COMP_0501,2026-09-01 00:00:00,18845.43,,,,
PRODUCT_00994,COMP_0502,2026-09-01 00:00:00,0,,,,
PRODUCT_01108,COMP_0502,2026-09-01 00:00:00,695329.5,,,,
PRODUCT_02535,COMP_0502,2026-09-01 00:00:00,37.31,,,,
PRODUCT_04126,COMP_0502,2026-09-01 00:00:00,102034,,,,
PRODUCT_04633,COMP_0502,2026-09-01 00:00:00,83296.67,,,,
PRODUCT_05606,COMP_0502,2026-09-01 00:00:00,0,,,,
PRODUCT_06348,COMP_0502,2026-09-01 00:00:00,5984.35,,,,
PRODUCT_02309,COMP_0503,2026-09-01 00:00:00,212597.16,,,,
PRODUCT_07710,COMP_0503,2026-09-01 00:00:00,820169.25,,,,
PRODUCT_00890,COMP_0504,2026-09-01 00:00:00,0,,-10000,10000,
PRODUCT_00914,COMP_0504,2026-09-01 00:00:00,0,,-5000,5000,
PRODUCT_01143,COMP_0504,2026-09-01 00:00:00,170235.07,,,,
PRODUCT_01467,COMP_0504,2026-09-01 00:00:00,0,,-5000,5000,
PRODUCT_03219,COMP_0504,2026-09-01 00:00:00,8588.84,,,,
PRODUCT_03371,COMP_0504,2026-09-01 00:00:00,141925.9,,,,
PRODUCT_03582,COMP_0504,2026-09-01 00:00:00,73073.36,,,,
PRODUCT_03904,COMP_0504,2026-09-01 00:00:00,253606.93,,,,
PRODUCT_04845,COMP_0504,2026-09-01 00:00:00,0,,-10000,10000,
PRODUCT_05765,COMP_0504,2026-09-01 00:00:00,404.01,,,,
PRODUCT_06350,COMP_0504,2026-09-01 00:00:00,34640.4,,,,
PRODUCT_08097,COMP_0504,2026-09-01 00:00:00,2273.55,,,,
PRODUCT_01214,COMP_0505,2026-09-01 00:00:00,-190424.97,,-500000,309575.03,0
PRODUCT_01356,COMP_0505,2026-09-01 00:00:00,-868481.55,,,,
PRODUCT_01511,COMP_0505,2026-09-01 00:00:00,0,,-750000,750000,
PRODUCT_01552,COMP_0505,2026-09-01 00:00:00,316828.14,,,,
PRODUCT_01582,COMP_0505,2026-09-01 00:00:00,276541.37,,,,
PRODUCT_02310,COMP_0505,2026-09-01 00:00:00,348035.46,,,,
PRODUCT_02465,COMP_0505,2026-09-01 00:00:00,-610520.21,,-1500000,889479.79,
PRODUCT_02665,COMP_0505,2026-09-01 00:00:00,-549999.98,,-600000,,
PRODUCT_03055,COMP_0505,2026-09-01 00:00:00,2000.91,,,,
PRODUCT_03079,COMP_0505,2026-09-01 00:00:00,0,,,,
PRODUCT_03224,COMP_0505,2026-09-01 00:00:00,-189638.27,,-1000000,,
PRODUCT_03610,COMP_0505,2026-09-01 00:00:00,-649481.41,,-750000,100518.59,
PRODUCT_03617,COMP_0505,2026-09-01 00:00:00,3128770.67,,,,
PRODUCT_04092,COMP_0505,2026-09-01 00:00:00,-168675.03,,,,
PRODUCT_04155,COMP_0505,2026-09-01 00:00:00,63912.19,,,,
PRODUCT_04386,COMP_0505,2026-09-01 00:00:00,1207,,,,
PRODUCT_04581,COMP_0505,2026-09-01 00:00:00,509808.22,,,,
PRODUCT_04768,COMP_0505,2026-09-01 00:00:00,-495941.21,,,,
PRODUCT_04867,COMP_0505,2026-09-01 00:00:00,54689.42,,,,
PRODUCT_05059,COMP_0505,2026-09-01 00:00:00,0,,,,
PRODUCT_05340,COMP_0505,2026-09-01 00:00:00,2894.63,,,,
PRODUCT_05409,COMP_0505,2026-09-01 00:00:00,0,,,,
PRODUCT_05712,COMP_0505,2026-09-01 00:00:00,45938.28,,,,
PRODUCT_06321,COMP_0505,2026-09-01 00:00:00,1755899.77,,,,
PRODUCT_06403,COMP_0505,2026-09-01 00:00:00,0,,-2000000,2000000,
PRODUCT_06646,COMP_0505,2026-09-01 00:00:00,0,,,,
PRODUCT_06788,COMP_0505,2026-09-01 00:00:00,-252924.98,,-1500000,,
PRODUCT_06869,COMP_0505,2026-09-01 00:00:00,4046758.35,,,4046758.35,4046458.35
PRODUCT_07020,COMP_0505,2026-09-01 00:00:00,-322343.37,,-400000,77656.63,
PRODUCT_07271,COMP_0505,2026-09-01 00:00:00,0,,,,
PRODUCT_07585,COMP_0505,2026-09-01 00:00:00,-649481.41,,-750000,100518.59,
PRODUCT_07806,COMP_0505,2026-09-01 00:00:00,-1168060.23,,-1500000,,
PRODUCT_08158,COMP_0505,2026-09-01 00:00:00,0,,,,
PRODUCT_02075,COMP_0506,2026-09-01 00:00:00,861342.11,,,,
PRODUCT_03558,COMP_0507,2026-09-01 00:00:00,343874.51,,,,
PRODUCT_05579,COMP_0507,2026-09-01 00:00:00,116056.72,,,,
PRODUCT_02028,COMP_0508,2026-09-01 00:00:00,7.18,,,,
PRODUCT_02822,COMP_0508,2026-09-01 00:00:00,4802247.58,,,,
PRODUCT_03616,COMP_0508,2026-09-01 00:00:00,4636302.1,,,,
PRODUCT_06895,COMP_0508,2026-09-01 00:00:00,0,,,,
PRODUCT_02878,COMP_0509,2026-09-01 00:00:00,0,,,,
PRODUCT_04573,COMP_0509,2026-09-01 00:00:00,4016.86,,,,
PRODUCT_05929,COMP_0509,2026-09-01 00:00:00,0,,,,
PRODUCT_07621,COMP_0509,2026-09-01 00:00:00,8915.86,,,,
PRODUCT_01801,COMP_0510,2026-09-01 00:00:00,3469.29,,,,
PRODUCT_00202,COMP_0511,2026-09-01 00:00:00,0,,-1186500,,
PRODUCT_01899,COMP_0511,2026-09-01 00:00:00,0,,-1416000,,
PRODUCT_02083,COMP_0511,2026-09-01 00:00:00,3707.09,,,,
PRODUCT_02640,COMP_0511,2026-09-01 00:00:00,-3113196,,-3113196,0,
PRODUCT_02770,COMP_0511,2026-09-01 00:00:00,-1695750,,-3113200,,
PRODUCT_03114,COMP_0511,2026-09-01 00:00:00,163645.6,,,,
PRODUCT_03348,COMP_0511,2026-09-01 00:00:00,-716000,,,,
PRODUCT_03453,COMP_0511,2026-09-01 00:00:00,-1078125,,-2225000,,
PRODUCT_03910,COMP_0511,2026-09-01 00:00:00,-626500,,-716000,89500,
PRODUCT_04927,COMP_0511,2026-09-01 00:00:00,0,,,,
PRODUCT_04940,COMP_0511,2026-09-01 00:00:00,0,,-1506600,,
PRODUCT_05292,COMP_0511,2026-09-01 00:00:00,0,,,,
PRODUCT_06137,COMP_0511,2026-09-01 00:00:00,226678.28,,,,
PRODUCT_06851,COMP_0511,2026-09-01 00:00:00,0,,,,
PRODUCT_07095,COMP_0511,2026-09-01 00:00:00,215625,,,,
PRODUCT_07963,COMP_0511,2026-09-01 00:00:00,2376.2,,,,
PRODUCT_00705,COMP_0512,2026-09-01 00:00:00,12773.62,,,,
PRODUCT_01272,COMP_0512,2026-09-01 00:00:00,6419.34,,,,
PRODUCT_07309,COMP_0512,2026-09-01 00:00:00,64864.34,,,,
PRODUCT_07554,COMP_0512,2026-09-01 00:00:00,2964828.52,,,,
PRODUCT_03121,COMP_0513,2026-09-01 00:00:00,10099.95,,,,
PRODUCT_04899,COMP_0513,2026-09-01 00:00:00,-93.79,,-5000,4906.21,
PRODUCT_00576,COMP_0514,2026-09-01 00:00:00,0,,,,
PRODUCT_01113,COMP_0514,2026-09-01 00:00:00,0,,,,
PRODUCT_02353,COMP_0514,2026-09-01 00:00:00,38995.96,,,,
PRODUCT_07392,COMP_0514,2026-09-01 00:00:00,0.76,,,,
PRODUCT_00266,COMP_0515,2026-09-01 00:00:00,-13185.49,,,,
PRODUCT_00305,COMP_0515,2026-09-01 00:00:00,934549.01,,,,
PRODUCT_00407,COMP_0515,2026-09-01 00:00:00,317258.64,,,,
PRODUCT_00479,COMP_0515,2026-09-01 00:00:00,317258.64,,,,
PRODUCT_00545,COMP_0515,2026-09-01 00:00:00,896113.59,,,,
PRODUCT_00620,COMP_0515,2026-09-01 00:00:00,0,,,,
PRODUCT_01083,COMP_0515,2026-09-01 00:00:00,3046698.12,,,,
PRODUCT_01384,COMP_0515,2026-09-01 00:00:00,111855.86,,,,
PRODUCT_02121,COMP_0515,2026-09-01 00:00:00,-252000,,-294000,,
PRODUCT_02214,COMP_0515,2026-09-01 00:00:00,140.67,,,,
PRODUCT_02491,COMP_0515,2026-09-01 00:00:00,896113.59,,,,
PRODUCT_03554,COMP_0515,2026-09-01 00:00:00,934549.01,,,,
PRODUCT_04827,COMP_0515,2026-09-01 00:00:00,-65064.66,,-129800.46,,
PRODUCT_05309,COMP_0515,2026-09-01 00:00:00,0,,-49999.98,,
PRODUCT_05609,COMP_0515,2026-09-01 00:00:00,-303116.33,,-303116.33,,
PRODUCT_05732,COMP_0515,2026-09-01 00:00:00,2991024.74,,,,
PRODUCT_06272,COMP_0515,2026-09-01 00:00:00,1949085.79,,,,
PRODUCT_07006,COMP_0515,2026-09-01 00:00:00,0,,0,,
PRODUCT_07094,COMP_0515,2026-09-01 00:00:00,111855.86,,,,
PRODUCT_07133,COMP_0515,2026-09-01 00:00:00,0,,-20876,,
PRODUCT_07185,COMP_0515,2026-09-01 00:00:00,-65064.66,,-129800.46,,
PRODUCT_07520,COMP_0515,2026-09-01 00:00:00,-13185.49,,-500000,486814.51,-13185.49
PRODUCT_07983,COMP_0515,2026-09-01 00:00:00,2991024.74,,,,
PRODUCT_08153,COMP_0515,2026-09-01 00:00:00,3046698.12,,,,
PRODUCT_02912,COMP_0516,2026-09-01 00:00:00,2473978.25,,,,
PRODUCT_03913,COMP_0516,2026-09-01 00:00:00,246222.79,,,,
PRODUCT_00652,COMP_0517,2026-09-01 00:00:00,34087.64,,,,
PRODUCT_00658,COMP_0517,2026-09-01 00:00:00,-270.64,,-2000,1729.36,1729.36
PRODUCT_01040,COMP_0517,2026-09-01 00:00:00,0,,-88000,,
PRODUCT_01334,COMP_0517,2026-09-01 00:00:00,-2919.48,,-7200,,
PRODUCT_02226,COMP_0517,2026-09-01 00:00:00,-349088.68,,-350000,911.32,-349088.68
PRODUCT_02473,COMP_0517,2026-09-01 00:00:00,-200000,,-200000,0,0
PRODUCT_02781,COMP_0517,2026-09-01 00:00:00,256.23,,,,
PRODUCT_04051,COMP_0517,2026-09-01 00:00:00,23984.24,,,23984.24,23984.24
PRODUCT_04541,COMP_0517,2026-09-01 00:00:00,0,,,,0
PRODUCT_04635,COMP_0517,2026-09-01 00:00:00,-75000,,-150000,75000,
PRODUCT_04753,COMP_0517,2026-09-01 00:00:00,-5158.29,,-6000,841.71,841.71
PRODUCT_04805,COMP_0517,2026-09-01 00:00:00,0,,,0,-75000
PRODUCT_05442,COMP_0517,2026-09-01 00:00:00,1777.26,,,,
PRODUCT_05774,COMP_0517,2026-09-01 00:00:00,-4120.77,,-6261.99,,
PRODUCT_06331,COMP_0517,2026-09-01 00:00:00,-74740.78,,-75000,259.22,-33702.65
PRODUCT_06512,COMP_0517,2026-09-01 00:00:00,0,,-3000,3000,
PRODUCT_08001,COMP_0517,2026-09-01 00:00:00,967.79,,,,
PRODUCT_08004,COMP_0517,2026-09-01 00:00:00,-63362.77,,-75000,11637.23,-63362.77
PRODUCT_00887,COMP_0518,2026-09-01 00:00:00,850.58,,,850.58,
PRODUCT_01106,COMP_0518,2026-09-01 00:00:00,0,,,0,0
PRODUCT_02009,COMP_0518,2026-09-01 00:00:00,0,,,,
PRODUCT_03659,COMP_0518,2026-09-01 00:00:00,35420.04,,,,
PRODUCT_04125,COMP_0518,2026-09-01 00:00:00,900,,,900,
PRODUCT_07172,COMP_0518,2026-09-01 00:00:00,4086.17,,,,
PRODUCT_07470,COMP_0518,2026-09-01 00:00:00,189791.4,,,189791.4,
PRODUCT_07511,COMP_0518,2026-09-01 00:00:00,100520.18,,,100520.18,
PRODUCT_07842,COMP_0518,2026-09-01 00:00:00,23751.99,,,23751.99,
PRODUCT_08073,COMP_0518,2026-09-01 00:00:00,1058.43,,,1058.43,1058.43
PRODUCT_00634,COMP_0519,2026-09-01 00:00:00,140236.85,,,,
PRODUCT_00743,COMP_0519,2026-09-01 00:00:00,-17634.78,,-100000,,
PRODUCT_00777,COMP_0519,2026-09-01 00:00:00,-1225.15,,-9000,7774.85,
PRODUCT_00943,COMP_0519,2026-09-01 00:00:00,0,,-27000.29,,
PRODUCT_01018,COMP_0519,2026-09-01 00:00:00,0,,-100000,,
PRODUCT_01146,COMP_0519,2026-09-01 00:00:00,0,,-18054.04,,
PRODUCT_01342,COMP_0519,2026-09-01 00:00:00,0,,-516000,,
PRODUCT_01604,COMP_0519,2026-09-01 00:00:00,-45000,,-50000,5000,
PRODUCT_01661,COMP_0519,2026-09-01 00:00:00,0,,,,
PRODUCT_01682,COMP_0519,2026-09-01 00:00:00,0,,,,
PRODUCT_02017,COMP_0519,2026-09-01 00:00:00,0,,-3000,3000,
PRODUCT_02053,COMP_0519,2026-09-01 00:00:00,0,,-150000,,
PRODUCT_02422,COMP_0519,2026-09-01 00:00:00,-97921.05,,-100000,2078.95,
PRODUCT_02569,COMP_0519,2026-09-01 00:00:00,272344.39,,,,
PRODUCT_02667,COMP_0519,2026-09-01 00:00:00,2943.59,,,,
PRODUCT_03310,COMP_0519,2026-09-01 00:00:00,1275.94,,,,
PRODUCT_03375,COMP_0519,2026-09-01 00:00:00,0,,-0.01,0.01,
PRODUCT_03415,COMP_0519,2026-09-01 00:00:00,35827.81,,,,
PRODUCT_03449,COMP_0519,2026-09-01 00:00:00,0,,-25000,,
PRODUCT_03655,COMP_0519,2026-09-01 00:00:00,-253866.35,,-260000,6133.65,-253866.35
PRODUCT_03885,COMP_0519,2026-09-01 00:00:00,-68589.47,,-100000,31410.53,
PRODUCT_06190,COMP_0519,2026-09-01 00:00:00,-549.78,,-15000,14450.22,
PRODUCT_06881,COMP_0519,2026-09-01 00:00:00,0,,-200000,,
PRODUCT_07477,COMP_0519,2026-09-01 00:00:00,14200.06,,,,
PRODUCT_07860,COMP_0519,2026-09-01 00:00:00,0,,-50000,,
PRODUCT_08040,COMP_0519,2026-09-01 00:00:00,-33705.2,,-200000,,
PRODUCT_02829,COMP_0520,2026-09-01 00:00:00,277.23,,,,
PRODUCT_00450,COMP_0521,2026-09-01 00:00:00,20639.73,,,,
PRODUCT_00784,COMP_0521,2026-09-01 00:00:00,65671.3,,,,
PRODUCT_01457,COMP_0521,2026-09-01 00:00:00,112386.33,,,,
PRODUCT_02352,COMP_0521,2026-09-01 00:00:00,6472.74,,,,
PRODUCT_03818,COMP_0521,2026-09-01 00:00:00,120324.19,,,,
PRODUCT_05061,COMP_0521,2026-09-01 00:00:00,11120.27,,,,
PRODUCT_07576,COMP_0521,2026-09-01 00:00:00,84389.8,,,,
PRODUCT_03245,COMP_0522,2026-09-01 00:00:00,67417.08,,,,
PRODUCT_03490,COMP_0522,2026-09-01 00:00:00,31259.67,,,,
PRODUCT_07102,COMP_0522,2026-09-01 00:00:00,3507.76,,,,
PRODUCT_00810,COMP_0523,2026-09-01 00:00:00,267682.96,,,267682.96,267682.96
PRODUCT_02073,COMP_0523,2026-09-01 00:00:00,0,,-500000,,
PRODUCT_03205,COMP_0523,2026-09-01 00:00:00,9809.84,,,,
PRODUCT_03296,COMP_0523,2026-09-01 00:00:00,0,,-1000000,,
PRODUCT_04591,COMP_0523,2026-09-01 00:00:00,2994923.76,,,2994923.76,3251423.76
PRODUCT_06530,COMP_0523,2026-09-01 00:00:00,300276.54,,,,
PRODUCT_06661,COMP_0523,2026-09-01 00:00:00,30717.76,,,,
PRODUCT_08041,COMP_0523,2026-09-01 00:00:00,0,,-500000,,
PRODUCT_00547,COMP_0524,2026-09-01 00:00:00,11500.17,,,11505.17,11505.17
PRODUCT_01028,COMP_0524,2026-09-01 00:00:00,1636.64,,,1636.64,0
PRODUCT_01773,COMP_0524,2026-09-01 00:00:00,0,,,,
PRODUCT_01950,COMP_0524,2026-09-01 00:00:00,43216.74,,,0,0
PRODUCT_02231,COMP_0524,2026-09-01 00:00:00,35682.03,,,,
PRODUCT_02257,COMP_0524,2026-09-01 00:00:00,10476.29,,,,
PRODUCT_02674,COMP_0524,2026-09-01 00:00:00,-991244.76,,-1500000,508755.24,
PRODUCT_03032,COMP_0524,2026-09-01 00:00:00,-945185.18,,-2000000,,
PRODUCT_03140,COMP_0524,2026-09-01 00:00:00,0,,,,
PRODUCT_03504,COMP_0524,2026-09-01 00:00:00,-69925.1,,-500000,,
PRODUCT_03948,COMP_0524,2026-09-01 00:00:00,-264060.03,,-1000000,,
PRODUCT_03999,COMP_0524,2026-09-01 00:00:00,-274115.43,,-300000,,
PRODUCT_04197,COMP_0524,2026-09-01 00:00:00,-500000,,-500000,,
PRODUCT_04696,COMP_0524,2026-09-01 00:00:00,-841275.31,,-1000000,,
PRODUCT_05828,COMP_0524,2026-09-01 00:00:00,-540496.09,,-1000000,,
PRODUCT_06506,COMP_0524,2026-09-01 00:00:00,37365.43,,,37365.43,44926.98
PRODUCT_06554,COMP_0524,2026-09-01 00:00:00,107021.6,,,107021.6,107021.6
PRODUCT_07379,COMP_0524,2026-09-01 00:00:00,-206692.09,,-1000000,,
PRODUCT_00712,COMP_0525,2026-09-01 00:00:00,4393.77,,,,
PRODUCT_04637,COMP_0525,2026-09-01 00:00:00,473.43,,,,
PRODUCT_06427,COMP_0525,2026-09-01 00:00:00,0,,,,
PRODUCT_00722,COMP_0526,2026-09-01 00:00:00,0,,,,
PRODUCT_07076,COMP_0526,2026-09-01 00:00:00,0,,,,
PRODUCT_07086,COMP_0526,2026-09-01 00:00:00,0,,-2500,2500,
PRODUCT_07899,COMP_0526,2026-09-01 00:00:00,5578.23,,,,
PRODUCT_00590,COMP_0527,2026-09-01 00:00:00,85136.29,,,,
PRODUCT_01744,COMP_0527,2026-09-01 00:00:00,102.33,,,,
PRODUCT_05691,COMP_0527,2026-09-01 00:00:00,0,,,0,
PRODUCT_01433,COMP_0528,2026-09-01 00:00:00,9563.2,,,,
PRODUCT_07104,COMP_0528,2026-09-01 00:00:00,905198.84,,,,
PRODUCT_03794,COMP_0529,2026-09-01 00:00:00,2391.32,,,,
PRODUCT_00262,COMP_0530,2026-09-01 00:00:00,199640.61,,,,
PRODUCT_00566,COMP_0531,2026-09-01 00:00:00,0,,,,
PRODUCT_00857,COMP_0531,2026-09-01 00:00:00,278309.62,,,,
PRODUCT_02124,COMP_0531,2026-09-01 00:00:00,22422.25,,,,
PRODUCT_02780,COMP_0531,2026-09-01 00:00:00,9644.34,,,,
PRODUCT_02808,COMP_0531,2026-09-01 00:00:00,1115.58,,,,
PRODUCT_03857,COMP_0531,2026-09-01 00:00:00,1486.96,,-300000,301486.96,
PRODUCT_05853,COMP_0532,2026-09-01 00:00:00,0,,-3000,3000,
PRODUCT_06800,COMP_0532,2026-09-01 00:00:00,14104.03,,,,
PRODUCT_04504,COMP_0533,2026-09-01 00:00:00,10886.81,,,,
PRODUCT_02807,COMP_0534,2026-09-01 00:00:00,71008.44,,,71008.44,
PRODUCT_02472,COMP_0535,2026-09-01 00:00:00,71335.41,,,,
PRODUCT_05317,COMP_0535,2026-09-01 00:00:00,11950.24,,,,
PRODUCT_00790,COMP_0536,2026-09-01 00:00:00,23653.68,,,,
PRODUCT_03018,COMP_0536,2026-09-01 00:00:00,197.02,,,,
PRODUCT_06501,COMP_0536,2026-09-01 00:00:00,548.21,,,,
PRODUCT_03326,COMP_0537,2026-09-01 00:00:00,0,,,,
PRODUCT_02300,COMP_0538,2026-09-01 00:00:00,-4997535.31,,,0,2464.69
PRODUCT_02596,COMP_0538,2026-09-01 00:00:00,0,,-227000,,
PRODUCT_03268,COMP_0538,2026-09-01 00:00:00,0,,-3000,3000,
PRODUCT_03656,COMP_0538,2026-09-01 00:00:00,561.88,,,,
PRODUCT_04642,COMP_0538,2026-09-01 00:00:00,6841.76,,,,
PRODUCT_04766,COMP_0538,2026-09-01 00:00:00,1035240.24,,,,
PRODUCT_05401,COMP_0538,2026-09-01 00:00:00,3199.08,,,,
PRODUCT_06337,COMP_0538,2026-09-01 00:00:00,1143.03,,,,
PRODUCT_06339,COMP_0538,2026-09-01 00:00:00,3641.1,,,,
PRODUCT_08161,COMP_0538,2026-09-01 00:00:00,0,,-30000,30000,
PRODUCT_00926,COMP_0539,2026-09-01 00:00:00,158103.91,,,,
PRODUCT_00977,COMP_0539,2026-09-01 00:00:00,7774.68,,,,
PRODUCT_01762,COMP_0539,2026-09-01 00:00:00,0,,,,
PRODUCT_05424,COMP_0539,2026-09-01 00:00:00,3748.79,,,,
PRODUCT_07611,COMP_0539,2026-09-01 00:00:00,0,,,,
PRODUCT_01082,COMP_0540,2026-09-01 00:00:00,-50411.34,,-58696.32,,
PRODUCT_02937,COMP_0540,2026-09-01 00:00:00,54466.14,,,,
PRODUCT_03875,COMP_0540,2026-09-01 00:00:00,914.01,,-98000,98914.01,914.01
PRODUCT_04227,COMP_0540,2026-09-01 00:00:00,50124.97,,,,
PRODUCT_04472,COMP_0540,2026-09-01 00:00:00,26371.9,,,,
PRODUCT_04879,COMP_0540,2026-09-01 00:00:00,1140.13,,-130000,131140.13,1858.63
PRODUCT_05820,COMP_0540,2026-09-01 00:00:00,5133.15,,,5133.15,5133.15
PRODUCT_06405,COMP_0540,2026-09-01 00:00:00,0.72,,,,
PRODUCT_07088,COMP_0540,2026-09-01 00:00:00,0,,,,
PRODUCT_07279,COMP_0540,2026-09-01 00:00:00,200.96,,-200000,200200.96,200.96
PRODUCT_02758,COMP_0541,2026-09-01 00:00:00,26426.25,,,,
PRODUCT_07904,COMP_0541,2026-09-01 00:00:00,117027.76,,,,
PRODUCT_00053,COMP_0542,2026-09-01 00:00:00,17384.84,,,,
PRODUCT_01053,COMP_0542,2026-09-01 00:00:00,2015275.17,,,,
PRODUCT_04216,COMP_0542,2026-09-01 00:00:00,0,,-10000,10000,
PRODUCT_05697,COMP_0542,2026-09-01 00:00:00,407780.93,,,,
PRODUCT_06057,COMP_0542,2026-09-01 00:00:00,-26,,-4000,3974,
PRODUCT_06134,COMP_0542,2026-09-01 00:00:00,0,,,,
PRODUCT_06737,COMP_0542,2026-09-01 00:00:00,673.88,,,,
PRODUCT_06919,COMP_0542,2026-09-01 00:00:00,0,,,,
PRODUCT_06935,COMP_0542,2026-09-01 00:00:00,439637.46,,,,
PRODUCT_07154,COMP_0542,2026-09-01 00:00:00,620.4,,,,
PRODUCT_07302,COMP_0542,2026-09-01 00:00:00,143165.05,,,,
PRODUCT_07775,COMP_0542,2026-09-01 00:00:00,126419.11,,,,
PRODUCT_02629,COMP_0543,2026-09-01 00:00:00,118840.38,,,,
PRODUCT_05431,COMP_0543,2026-09-01 00:00:00,648.45,,,,
PRODUCT_00287,COMP_0544,2026-09-01 00:00:00,4137189.97,,,,
PRODUCT_00404,COMP_0544,2026-09-01 00:00:00,-105.2,,-3000,2894.8,
PRODUCT_01240,COMP_0544,2026-09-01 00:00:00,-1147.44,,-15000,13852.56,
PRODUCT_01888,COMP_0544,2026-09-01 00:00:00,-249332.27,,,,
PRODUCT_02224,COMP_0544,2026-09-01 00:00:00,-137.25,,-3000,2862.75,
PRODUCT_02606,COMP_0544,2026-09-01 00:00:00,684727.74,,,,
PRODUCT_05687,COMP_0544,2026-09-01 00:00:00,0,,-6000,6000,
PRODUCT_06624,COMP_0544,2026-09-01 00:00:00,0,,-1000000,1000000,
PRODUCT_06702,COMP_0544,2026-09-01 00:00:00,41600.23,,,,
PRODUCT_07077,COMP_0544,2026-09-01 00:00:00,-3997861.59,,,,
PRODUCT_07971,COMP_0544,2026-09-01 00:00:00,0,,-6000,6000,
PRODUCT_01512,COMP_0545,2026-09-01 00:00:00,100,,,,
PRODUCT_01788,COMP_0545,2026-09-01 00:00:00,5594.4,,,,
PRODUCT_03512,COMP_0545,2026-09-01 00:00:00,24596.06,,,,
PRODUCT_00321,COMP_0546,2026-09-01 00:00:00,9422.88,,,,
PRODUCT_02035,COMP_0546,2026-09-01 00:00:00,5287.09,,,,
PRODUCT_05042,COMP_0546,2026-09-01 00:00:00,7548.5,,,,
PRODUCT_02144,COMP_0547,2026-09-01 00:00:00,72646.46,,,,
PRODUCT_07772,COMP_0547,2026-09-01 00:00:00,180525.34,,,,
PRODUCT_00206,COMP_0548,2026-09-01 00:00:00,0,,,,
PRODUCT_00900,COMP_0548,2026-09-01 00:00:00,11045105.21,,,,
PRODUCT_03480,COMP_0549,2026-09-01 00:00:00,0,,,,
PRODUCT_05336,COMP_0549,2026-09-01 00:00:00,-10000000,,,,
PRODUCT_05902,COMP_0549,2026-09-01 00:00:00,0,,-3000,3000,
PRODUCT_05981,COMP_0549,2026-09-01 00:00:00,318.19,,,,
PRODUCT_06271,COMP_0549,2026-09-01 00:00:00,0,,,,
PRODUCT_06538,COMP_0549,2026-09-01 00:00:00,49702.64,,,,
PRODUCT_07367,COMP_0549,2026-09-01 00:00:00,39532.31,,,,
PRODUCT_00382,COMP_0550,2026-09-01 00:00:00,1922.18,,,,
PRODUCT_02964,COMP_0550,2026-09-01 00:00:00,-83000,,-83000,0,
PRODUCT_03884,COMP_0550,2026-09-01 00:00:00,0,,,,
PRODUCT_04452,COMP_0550,2026-09-01 00:00:00,10282.3,,,10282.3,
PRODUCT_05564,COMP_0550,2026-09-01 00:00:00,-120000,,-120000,0,
PRODUCT_05878,COMP_0550,2026-09-01 00:00:00,-300000,,-300000,0,
PRODUCT_06333,COMP_0550,2026-09-01 00:00:00,-83000,,-83000,0,
PRODUCT_06755,COMP_0550,2026-09-01 00:00:00,-160250,,-160250,0,
PRODUCT_07024,COMP_0550,2026-09-01 00:00:00,-160250,,-160250,0,
PRODUCT_07901,COMP_0550,2026-09-01 00:00:00,0,,,,
PRODUCT_07649,COMP_0551,2026-09-01 00:00:00,51719.69,,,,
PRODUCT_00640,COMP_0552,2026-09-01 00:00:00,0,,,,
PRODUCT_03267,COMP_0552,2026-09-01 00:00:00,0,,,,
PRODUCT_04863,COMP_0552,2026-09-01 00:00:00,0,,,,
PRODUCT_05441,COMP_0553,2026-09-01 00:00:00,158069.43,,,,
PRODUCT_01520,COMP_0554,2026-09-01 00:00:00,180250.95,,,,
PRODUCT_02752,COMP_0554,2026-09-01 00:00:00,915.55,,,,
PRODUCT_04826,COMP_0554,2026-09-01 00:00:00,5849.34,,,,
PRODUCT_07785,COMP_0554,2026-09-01 00:00:00,0,,,,
PRODUCT_01423,COMP_0555,2026-09-01 00:00:00,-51744.97,,-107387.8,,
PRODUCT_01670,COMP_0555,2026-09-01 00:00:00,51405.11,,,,
PRODUCT_04352,COMP_0555,2026-09-01 00:00:00,2124.43,,,,
PRODUCT_04580,COMP_0555,2026-09-01 00:00:00,1266.46,,,,
PRODUCT_04583,COMP_0555,2026-09-01 00:00:00,-584.7,,-20000,19415.3,
PRODUCT_06720,COMP_0555,2026-09-01 00:00:00,52791.21,,,,
PRODUCT_00124,COMP_0556,2026-09-01 00:00:00,6,,-1,7,
PRODUCT_00497,COMP_0556,2026-09-01 00:00:00,22723.62,,,,
PRODUCT_07199,COMP_0556,2026-09-01 00:00:00,0,,,,
PRODUCT_00770,COMP_0557,2026-09-01 00:00:00,698.96,,,,
PRODUCT_02970,COMP_0558,2026-09-01 00:00:00,19516.07,,,,
PRODUCT_05462,COMP_0559,2026-09-01 00:00:00,2292.38,,,2292.38,
PRODUCT_00073,COMP_0560,2026-09-01 00:00:00,24696.16,,,,
PRODUCT_00133,COMP_0560,2026-09-01 00:00:00,5769.24,,,,
PRODUCT_00388,COMP_0560,2026-09-01 00:00:00,70395.51,,,,
PRODUCT_01004,COMP_0560,2026-09-01 00:00:00,0,,,,
PRODUCT_02184,COMP_0560,2026-09-01 00:00:00,457473.49,,,,
PRODUCT_03313,COMP_0560,2026-09-01 00:00:00,0,,,,
PRODUCT_03518,COMP_0560,2026-09-01 00:00:00,0,,-1000000,1000000,1000000
PRODUCT_05815,COMP_0560,2026-09-01 00:00:00,55689.92,,,,
PRODUCT_06863,COMP_0560,2026-09-01 00:00:00,0,,,,
PRODUCT_07509,COMP_0560,2026-09-01 00:00:00,8265.04,,,,
PRODUCT_00736,COMP_0561,2026-09-01 00:00:00,381.98,,,,
PRODUCT_07424,COMP_0561,2026-09-01 00:00:00,1956.48,,,,
PRODUCT_04823,COMP_0562,2026-09-01 00:00:00,51.2,,,,
PRODUCT_04982,COMP_0562,2026-09-01 00:00:00,39718.35,,,39718.35,39718.35
PRODUCT_06640,COMP_0562,2026-09-01 00:00:00,0,,,,
PRODUCT_06912,COMP_0562,2026-09-01 00:00:00,0,,,,
PRODUCT_07652,COMP_0562,2026-09-01 00:00:00,0,,,,
PRODUCT_00362,COMP_0563,2026-09-01 00:00:00,125129.17,,,,
PRODUCT_00435,COMP_0563,2026-09-01 00:00:00,36626.59,,,,
PRODUCT_02308,COMP_0563,2026-09-01 00:00:00,1334484.68,,,1334484.68,1334484.68
PRODUCT_02520,COMP_0563,2026-09-01 00:00:00,-1064792.34,,-1357023.3,,
PRODUCT_04186,COMP_0563,2026-09-01 00:00:00,5654.86,,,,
PRODUCT_05444,COMP_0563,2026-09-01 00:00:00,0,,-7005219.32,,
PRODUCT_06423,COMP_0563,2026-09-01 00:00:00,3390.76,,,,
PRODUCT_06250,COMP_0564,2026-09-01 00:00:00,17337.23,,,,
PRODUCT_07027,COMP_0564,2026-09-01 00:00:00,1000,,-60000,61000,
PRODUCT_07837,COMP_0564,2026-09-01 00:00:00,90843.64,,,,
PRODUCT_04164,COMP_0565,2026-09-01 00:00:00,17639.74,,,,
PRODUCT_02041,COMP_0566,2026-09-01 00:00:00,15488.95,,,,
PRODUCT_02868,COMP_0566,2026-09-01 00:00:00,41580.43,,,,
PRODUCT_05823,COMP_0566,2026-09-01 00:00:00,58449.34,,,,
PRODUCT_06818,COMP_0566,2026-09-01 00:00:00,109500.51,,,,
PRODUCT_01726,COMP_0567,2026-09-01 00:00:00,-38095.28,,-100000,,
PRODUCT_02779,COMP_0567,2026-09-01 00:00:00,47.28,,,,
PRODUCT_03128,COMP_0567,2026-09-01 00:00:00,9222.52,,,9222.52,9222.52
PRODUCT_03953,COMP_0567,2026-09-01 00:00:00,-3370.73,,-150000,,
PRODUCT_04965,COMP_0567,2026-09-01 00:00:00,-6179.11,,-105000,,
PRODUCT_05645,COMP_0567,2026-09-01 00:00:00,-5000.91,,-75000,,
PRODUCT_00592,COMP_0568,2026-09-01 00:00:00,2762.31,,,,
PRODUCT_00917,COMP_0568,2026-09-01 00:00:00,-445.1,,,,
PRODUCT_01152,COMP_0568,2026-09-01 00:00:00,0,,,,
PRODUCT_01528,COMP_0568,2026-09-01 00:00:00,1421.62,,,,
PRODUCT_03084,COMP_0568,2026-09-01 00:00:00,951.83,,,,
PRODUCT_03540,COMP_0568,2026-09-01 00:00:00,3000,,,,
PRODUCT_03932,COMP_0568,2026-09-01 00:00:00,14169.59,,,,
PRODUCT_04470,COMP_0568,2026-09-01 00:00:00,0,,-300000,300000,
PRODUCT_05039,COMP_0568,2026-09-01 00:00:00,519.41,,,,
PRODUCT_05814,COMP_0568,2026-09-01 00:00:00,0,,-400000,400000,
PRODUCT_06146,COMP_0568,2026-09-01 00:00:00,0,,,,
PRODUCT_06155,COMP_0568,2026-09-01 00:00:00,870.99,,-200000,200870.99,
PRODUCT_06161,COMP_0568,2026-09-01 00:00:00,0,,,,
PRODUCT_06545,COMP_0568,2026-09-01 00:00:00,0,,,,
PRODUCT_06892,COMP_0568,2026-09-01 00:00:00,463.15,,-200000,200463.15,463.15
PRODUCT_06959,COMP_0568,2026-09-01 00:00:00,0,,,0,0
PRODUCT_07390,COMP_0568,2026-09-01 00:00:00,0,,,,
PRODUCT_00010,COMP_0569,2026-09-01 00:00:00,16776.46,,,,
PRODUCT_02321,COMP_0569,2026-09-01 00:00:00,863.18,,,,
PRODUCT_03495,COMP_0569,2026-09-01 00:00:00,-32.7,,-300,267.3,267.3
PRODUCT_03629,COMP_0569,2026-09-01 00:00:00,0,,-600,600,188.81
PRODUCT_04551,COMP_0569,2026-09-01 00:00:00,0,,-600,600,338.28
PRODUCT_05253,COMP_0569,2026-09-01 00:00:00,3174.44,,,,
PRODUCT_05469,COMP_0569,2026-09-01 00:00:00,0,,-300,300,251.75
PRODUCT_05918,COMP_0569,2026-09-01 00:00:00,-1181.89,,-1200,18.11,2.86
PRODUCT_06044,COMP_0569,2026-09-01 00:00:00,-17.44,,-600,582.56,453.1
PRODUCT_01255,COMP_0570,2026-09-01 00:00:00,3000,,-3000,6000,
PRODUCT_01477,COMP_0570,2026-09-01 00:00:00,596185.11,,,,
PRODUCT_04263,COMP_0570,2026-09-01 00:00:00,58314.38,,,,
PRODUCT_05071,COMP_0570,2026-09-01 00:00:00,95404,,,,
PRODUCT_05263,COMP_0570,2026-09-01 00:00:00,4000000,,,,
PRODUCT_06754,COMP_0570,2026-09-01 00:00:00,-4000000,,,,
PRODUCT_08006,COMP_0570,2026-09-01 00:00:00,1500,,-1500,3000,
PRODUCT_02963,COMP_0571,2026-09-01 00:00:00,435.62,,,,
PRODUCT_00141,COMP_0572,2026-09-01 00:00:00,735.11,,,,
PRODUCT_02952,COMP_0573,2026-09-01 00:00:00,17497003.69,,,,
PRODUCT_04992,COMP_0574,2026-09-01 00:00:00,5707.39,,,,
PRODUCT_07765,COMP_0574,2026-09-01 00:00:00,5291.9,,,,
PRODUCT_00218,COMP_0575,2026-09-01 00:00:00,1211912.29,,,,
PRODUCT_03146,COMP_0575,2026-09-01 00:00:00,16070.16,,,,
PRODUCT_00374,COMP_0576,2026-09-01 00:00:00,-787486.48,,-799996,12509.52,
PRODUCT_00664,COMP_0576,2026-09-01 00:00:00,774.71,,,,
PRODUCT_02976,COMP_0576,2026-09-01 00:00:00,0,,,,
PRODUCT_03300,COMP_0576,2026-09-01 00:00:00,266451.06,,,,
PRODUCT_03868,COMP_0576,2026-09-01 00:00:00,-474269.46,,-500000,,
PRODUCT_04625,COMP_0576,2026-09-01 00:00:00,34755.59,,,,
PRODUCT_06704,COMP_0576,2026-09-01 00:00:00,3309906.62,,,,
PRODUCT_07136,COMP_0576,2026-09-01 00:00:00,0,,,,
PRODUCT_07490,COMP_0576,2026-09-01 00:00:00,0,,,,
PRODUCT_07663,COMP_0576,2026-09-01 00:00:00,9804.21,,,,
PRODUCT_07891,COMP_0576,2026-09-01 00:00:00,-861422.85,,-4000000,3138577.15,
PRODUCT_03376,COMP_0577,2026-09-01 00:00:00,0,,,,
PRODUCT_04859,COMP_0577,2026-09-01 00:00:00,-84012.26,,-125974.22,,
PRODUCT_05793,COMP_0577,2026-09-01 00:00:00,0,,-250000,250000,
PRODUCT_07532,COMP_0577,2026-09-01 00:00:00,0,,,,
PRODUCT_07609,COMP_0577,2026-09-01 00:00:00,0,,,,
PRODUCT_01623,COMP_0578,2026-09-01 00:00:00,-1241898.96,,-1300000,,
PRODUCT_03001,COMP_0578,2026-09-01 00:00:00,-3545003.99,,-4150858.76,,
PRODUCT_05195,COMP_0578,2026-09-01 00:00:00,42518.37,,,,
PRODUCT_06226,COMP_0578,2026-09-01 00:00:00,6161.13,,,,
PRODUCT_07342,COMP_0578,2026-09-01 00:00:00,0,,,,
PRODUCT_03345,COMP_0579,2026-09-01 00:00:00,7218.37,,,,
PRODUCT_02676,COMP_0580,2026-09-01 00:00:00,0,,,,
PRODUCT_02982,COMP_0580,2026-09-01 00:00:00,0,,,,
PRODUCT_04327,COMP_0580,2026-09-01 00:00:00,6053943.58,,,,
PRODUCT_05807,COMP_0580,2026-09-01 00:00:00,216931.76,,,,
PRODUCT_01897,COMP_0581,2026-09-01 00:00:00,223.52,,,,
PRODUCT_07109,COMP_0581,2026-09-01 00:00:00,2626.25,,,,
PRODUCT_05179,COMP_0582,2026-09-01 00:00:00,297540.21,,,,
PRODUCT_00515,COMP_0583,2026-09-01 00:00:00,0,,,,
PRODUCT_06505,COMP_0583,2026-09-01 00:00:00,0,,,,
PRODUCT_07697,COMP_0583,2026-09-01 00:00:00,807301.15,,,,
PRODUCT_00440,COMP_0584,2026-09-01 00:00:00,424501.85,,,,
PRODUCT_00462,COMP_0584,2026-09-01 00:00:00,3585.39,,,,
PRODUCT_03044,COMP_0584,2026-09-01 00:00:00,424501.85,,,,
PRODUCT_06875,COMP_0584,2026-09-01 00:00:00,3585.39,,,,
PRODUCT_06896,COMP_0585,2026-09-01 00:00:00,48.35,,,,
PRODUCT_00007,COMP_0586,2026-09-01 00:00:00,0,,,,
PRODUCT_04250,COMP_0586,2026-09-01 00:00:00,0,,,,
PRODUCT_05993,COMP_0587,2026-09-01 00:00:00,850.09,,,,
PRODUCT_02873,COMP_0588,2026-09-01 00:00:00,0,,-3000,3000,
PRODUCT_04463,COMP_0588,2026-09-01 00:00:00,103077.88,,,,
PRODUCT_04712,COMP_0588,2026-09-01 00:00:00,2507.79,,,,
PRODUCT_05913,COMP_0588,2026-09-01 00:00:00,0,,,,
PRODUCT_02691,COMP_0589,2026-09-01 00:00:00,16537.61,,,16537.61,16537.61
PRODUCT_06313,COMP_0589,2026-09-01 00:00:00,20176.31,,,,
PRODUCT_06606,COMP_0589,2026-09-01 00:00:00,15944.82,,,,
PRODUCT_07458,COMP_0589,2026-09-01 00:00:00,26583.61,,,,
PRODUCT_03639,COMP_0590,2026-09-01 00:00:00,49061.71,,,,
PRODUCT_04054,COMP_0590,2026-09-01 00:00:00,15041.24,,,,
PRODUCT_00685,COMP_0591,2026-09-01 00:00:00,3863.62,,,,
PRODUCT_01322,COMP_0591,2026-09-01 00:00:00,86725.17,,,,
PRODUCT_01932,COMP_0591,2026-09-01 00:00:00,65436.41,,,,
PRODUCT_03171,COMP_0591,2026-09-01 00:00:00,8645.15,,,,
PRODUCT_03618,COMP_0591,2026-09-01 00:00:00,0,,,,
PRODUCT_03896,COMP_0591,2026-09-01 00:00:00,6995.94,,,,
PRODUCT_00552,COMP_0592,2026-09-01 00:00:00,0,,,,
PRODUCT_03572,COMP_0592,2026-09-01 00:00:00,29962.96,,,,
PRODUCT_07462,COMP_0592,2026-09-01 00:00:00,0,,,,
PRODUCT_07691,COMP_0592,2026-09-01 00:00:00,27543.34,,,,
PRODUCT_07843,COMP_0592,2026-09-01 00:00:00,0,,,,
PRODUCT_04387,COMP_0593,2026-09-01 00:00:00,80810.94,,,,
PRODUCT_04891,COMP_0593,2026-09-01 00:00:00,166.07,,,,
PRODUCT_00646,COMP_0594,2026-09-01 00:00:00,-1200000,,-1200000,,
PRODUCT_01137,COMP_0594,2026-09-01 00:00:00,0,,-329503.73,,
PRODUCT_01307,COMP_0594,2026-09-01 00:00:00,0,,-146427.41,,
PRODUCT_01846,COMP_0594,2026-09-01 00:00:00,0,,-36173.84,,
PRODUCT_02278,COMP_0594,2026-09-01 00:00:00,0,,-180520.35,,
PRODUCT_02397,COMP_0594,2026-09-01 00:00:00,-6419624.42,,-6500000,,
PRODUCT_04692,COMP_0594,2026-09-01 00:00:00,-22901.18,,-29829.6,,
PRODUCT_05910,COMP_0594,2026-09-01 00:00:00,13696.29,,,,
PRODUCT_06290,COMP_0594,2026-09-01 00:00:00,45944.24,,,,
PRODUCT_06630,COMP_0594,2026-09-01 00:00:00,74319.51,,,,
PRODUCT_06680,COMP_0594,2026-09-01 00:00:00,-27335.13,,-35605,,
PRODUCT_07169,COMP_0594,2026-09-01 00:00:00,0,,-260661.12,,
PRODUCT_07492,COMP_0594,2026-09-01 00:00:00,0,,-181789.34,,
PRODUCT_00131,COMP_0595,2026-09-01 00:00:00,890.19,,,,
PRODUCT_01630,COMP_0595,2026-09-01 00:00:00,2111148.45,,,,
PRODUCT_06913,COMP_0595,2026-09-01 00:00:00,26832.17,,,,
PRODUCT_07998,COMP_0595,2026-09-01 00:00:00,0,,,,
PRODUCT_00186,COMP_0596,2026-09-01 00:00:00,47234.51,,,,
PRODUCT_01151,COMP_0596,2026-09-01 00:00:00,30182.29,,,,
PRODUCT_01662,COMP_0596,2026-09-01 00:00:00,500000,,,,
PRODUCT_02927,COMP_0596,2026-09-01 00:00:00,-776000,,-776000,,
PRODUCT_03672,COMP_0596,2026-09-01 00:00:00,-556410.24,,-700000,,
PRODUCT_06815,COMP_0596,2026-09-01 00:00:00,-701999.64,,-776000,,
PRODUCT_00460,COMP_0597,2026-09-01 00:00:00,-232656.21,,-487996.04,,
PRODUCT_00854,COMP_0597,2026-09-01 00:00:00,5685.6,,,,
PRODUCT_00911,COMP_0597,2026-09-01 00:00:00,6409.32,,,,
PRODUCT_00924,COMP_0597,2026-09-01 00:00:00,-1140162.32,,,,
PRODUCT_01461,COMP_0597,2026-09-01 00:00:00,-40147.87,,-52868.28,,
PRODUCT_01979,COMP_0597,2026-09-01 00:00:00,0,,-1253451.11,,
PRODUCT_02286,COMP_0597,2026-09-01 00:00:00,-224072.61,,-236923.53,,
PRODUCT_02765,COMP_0597,2026-09-01 00:00:00,-1041789.4,,,,
PRODUCT_02840,COMP_0597,2026-09-01 00:00:00,-41145.25,,-53943.94,,
PRODUCT_03172,COMP_0597,2026-09-01 00:00:00,0,,,,
PRODUCT_03278,COMP_0597,2026-09-01 00:00:00,-39454.7,,-135801.16,,
PRODUCT_03363,COMP_0597,2026-09-01 00:00:00,-1385599.6,,-1500000,,
PRODUCT_03947,COMP_0597,2026-09-01 00:00:00,-71590.93,,-89070.62,,
PRODUCT_04081,COMP_0597,2026-09-01 00:00:00,-1316585.1,,,,
PRODUCT_04189,COMP_0597,2026-09-01 00:00:00,2584.94,,,,
PRODUCT_04641,COMP_0597,2026-09-01 00:00:00,17234.24,,,,
PRODUCT_04901,COMP_0597,2026-09-01 00:00:00,-144444.45,,-794444.46,,
PRODUCT_05794,COMP_0597,2026-09-01 00:00:00,-1148198.1,,,,
PRODUCT_06031,COMP_0597,2026-09-01 00:00:00,-213762.5,,-274837.5,,
PRODUCT_06182,COMP_0597,2026-09-01 00:00:00,-243158.19,,-380493.72,,
PRODUCT_06267,COMP_0597,2026-09-01 00:00:00,-275000,,-387500,,
PRODUCT_06293,COMP_0597,2026-09-01 00:00:00,-1732525.51,,,,
PRODUCT_06390,COMP_0597,2026-09-01 00:00:00,-115944.64,,-257480.51,,
PRODUCT_06458,COMP_0597,2026-09-01 00:00:00,-86420.69,,-96673.42,,
PRODUCT_07352,COMP_0597,2026-09-01 00:00:00,2035.86,,,,
PRODUCT_07423,COMP_0597,2026-09-01 00:00:00,-782350.89,,-938714.99,,
PRODUCT_07620,COMP_0597,2026-09-01 00:00:00,-27243.81,,-107729.79,,
PRODUCT_07654,COMP_0597,2026-09-01 00:00:00,-78047.5,,,,
PRODUCT_07821,COMP_0597,2026-09-01 00:00:00,0,,,,
PRODUCT_08011,COMP_0597,2026-09-01 00:00:00,-1885660.7,,,,
PRODUCT_01112,COMP_0598,2026-09-01 00:00:00,-10000,,,,
PRODUCT_02383,COMP_0598,2026-09-01 00:00:00,0,,-14020855.48,,
PRODUCT_02555,COMP_0598,2026-09-01 00:00:00,585.49,,,,
PRODUCT_02811,COMP_0598,2026-09-01 00:00:00,5430677.34,,,,
PRODUCT_02817,COMP_0598,2026-09-01 00:00:00,3113021.77,,,,
PRODUCT_03167,COMP_0598,2026-09-01 00:00:00,653625.1,,,,
PRODUCT_04011,COMP_0598,2026-09-01 00:00:00,585.49,,,,
PRODUCT_06773,COMP_0598,2026-09-01 00:00:00,31771.73,,,,
PRODUCT_06824,COMP_0598,2026-09-01 00:00:00,1038019.1,,,1038019.1,1038019.1
PRODUCT_01540,COMP_0599,2026-09-01 00:00:00,75385.2,,,,
PRODUCT_01821,COMP_0599,2026-09-01 00:00:00,47882.43,,,,
PRODUCT_01174,COMP_0600,2026-09-01 00:00:00,625705.76,,-300000,925705.76,623819.74
PRODUCT_01799,COMP_0600,2026-09-01 00:00:00,1335417.81,,,,
PRODUCT_02738,COMP_0600,2026-09-01 00:00:00,2438.19,,,,
PRODUCT_03956,COMP_0600,2026-09-01 00:00:00,61800.82,,,,
PRODUCT_04654,COMP_0600,2026-09-01 00:00:00,3096.99,,,,
PRODUCT_04818,COMP_0600,2026-09-01 00:00:00,0,,,,
PRODUCT_05032,COMP_0600,2026-09-01 00:00:00,2824.75,,,,
PRODUCT_07325,COMP_0600,2026-09-01 00:00:00,-39583,,,,
PRODUCT_08065,COMP_0600,2026-09-01 00:00:00,-32015,,,,
PRODUCT_00315,COMP_0601,2026-09-01 00:00:00,0,,,,
PRODUCT_01993,COMP_0601,2026-09-01 00:00:00,0,,,,
PRODUCT_03290,COMP_0601,2026-09-01 00:00:00,528761.48,,,,
PRODUCT_05114,COMP_0601,2026-09-01 00:00:00,0,,,,
PRODUCT_05135,COMP_0601,2026-09-01 00:00:00,0,,,,
PRODUCT_05202,COMP_0601,2026-09-01 00:00:00,0,,,,
PRODUCT_07129,COMP_0601,2026-09-01 00:00:00,0,,,,
PRODUCT_07536,COMP_0601,2026-09-01 00:00:00,0,,,0,0
PRODUCT_01890,COMP_0602,2026-09-01 00:00:00,300,,,,
PRODUCT_04062,COMP_0602,2026-09-01 00:00:00,1574.92,,,,
PRODUCT_04948,COMP_0602,2026-09-01 00:00:00,1656.59,,,,
PRODUCT_01327,COMP_0603,2026-09-01 00:00:00,102238.39,,,,
PRODUCT_01438,COMP_0603,2026-09-01 00:00:00,18902.38,,,,
PRODUCT_04023,COMP_0603,2026-09-01 00:00:00,194163.71,,,194163.71,194163.71
PRODUCT_06282,COMP_0603,2026-09-01 00:00:00,0,,,,
PRODUCT_07345,COMP_0603,2026-09-01 00:00:00,43776.32,,,,
PRODUCT_00402,COMP_0604,2026-09-01 00:00:00,305,,,,
PRODUCT_00602,COMP_0604,2026-09-01 00:00:00,29200.23,,-30000,59200.23,
PRODUCT_01127,COMP_0604,2026-09-01 00:00:00,5000000,,,,
PRODUCT_01600,COMP_0604,2026-09-01 00:00:00,18900.36,,,18900.36,1000018899.36
PRODUCT_02067,COMP_0604,2026-09-01 00:00:00,-10,,,0,0
PRODUCT_02870,COMP_0604,2026-09-01 00:00:00,1097176.85,,,,
PRODUCT_03050,COMP_0604,2026-09-01 00:00:00,65307.16,,,,
PRODUCT_03291,COMP_0604,2026-09-01 00:00:00,-5021.63,,,,
PRODUCT_03323,COMP_0604,2026-09-01 00:00:00,-5000000,,,0,0
PRODUCT_03351,COMP_0604,2026-09-01 00:00:00,300.55,,,,
PRODUCT_03751,COMP_0604,2026-09-01 00:00:00,0,,,,
PRODUCT_03951,COMP_0604,2026-09-01 00:00:00,-2999993.39,,,,
PRODUCT_04220,COMP_0604,2026-09-01 00:00:00,-9947751.65,,,0,52248.35
PRODUCT_04240,COMP_0604,2026-09-01 00:00:00,4712813.03,,,,
PRODUCT_04603,COMP_0604,2026-09-01 00:00:00,3000,,-3000,6000,
PRODUCT_04744,COMP_0604,2026-09-01 00:00:00,0,,,0,999999999
PRODUCT_05333,COMP_0604,2026-09-01 00:00:00,31014.18,,,31014.18,1000031013.18
PRODUCT_05502,COMP_0604,2026-09-01 00:00:00,0,,,,
PRODUCT_05552,COMP_0604,2026-09-01 00:00:00,2096.67,,-3000,5096.67,
PRODUCT_05598,COMP_0604,2026-09-01 00:00:00,0,,-3000,3000,
PRODUCT_05752,COMP_0604,2026-09-01 00:00:00,30000,,-30000,60000,
PRODUCT_05761,COMP_0604,2026-09-01 00:00:00,-2999431.53,,-3000000,568.47,
PRODUCT_05996,COMP_0604,2026-09-01 00:00:00,275649.36,,,275649.36,275649.36
PRODUCT_06023,COMP_0604,2026-09-01 00:00:00,0,,-2200000,2200000,
PRODUCT_06296,COMP_0604,2026-09-01 00:00:00,162298.43,,,,
PRODUCT_06322,COMP_0604,2026-09-01 00:00:00,-2337234.55,,-6500000,,
PRODUCT_06365,COMP_0604,2026-09-01 00:00:00,0,,-3000,3000,
PRODUCT_06534,COMP_0604,2026-09-01 00:00:00,-20000000,,-20000000,,
PRODUCT_06825,COMP_0604,2026-09-01 00:00:00,5000000,,,,
PRODUCT_06829,COMP_0604,2026-09-01 00:00:00,0,,-3000000,3000000,
PRODUCT_06835,COMP_0604,2026-09-01 00:00:00,-3103947.34,,-3168776,,
PRODUCT_06852,COMP_0604,2026-09-01 00:00:00,1,,-1,2,
PRODUCT_07070,COMP_0604,2026-09-01 00:00:00,5000000,,,,
PRODUCT_07364,COMP_0604,2026-09-01 00:00:00,4012.09,,,,
PRODUCT_07374,COMP_0604,2026-09-01 00:00:00,1000207616.82,,,1000207616.82,1001000207615.82
PRODUCT_05394,COMP_0605,2026-09-01 00:00:00,58385.94,,,,
PRODUCT_07004,COMP_0605,2026-09-01 00:00:00,24110.92,,,24110.92,24110.92
PRODUCT_02553,COMP_0606,2026-09-01 00:00:00,0,,,,
PRODUCT_03741,COMP_0606,2026-09-01 00:00:00,0,,,,
PRODUCT_05505,COMP_0606,2026-09-01 00:00:00,0,,,,
PRODUCT_01518,COMP_0607,2026-09-01 00:00:00,339350.52,,,,
PRODUCT_04844,COMP_0607,2026-09-01 00:00:00,1735528.79,,,,
PRODUCT_01665,COMP_0608,2026-09-01 00:00:00,112040.73,,,112040.73,112040.73
PRODUCT_02139,COMP_0609,2026-09-01 00:00:00,508816.04,,,,
PRODUCT_02896,COMP_0610,2026-09-01 00:00:00,1813907.03,,,,
PRODUCT_06795,COMP_0610,2026-09-01 00:00:00,693.35,,,693.35,332.21
PRODUCT_06942,COMP_0610,2026-09-01 00:00:00,49540.34,,,,
PRODUCT_07127,COMP_0610,2026-09-01 00:00:00,7363.97,,,,
PRODUCT_01126,COMP_0611,2026-09-01 00:00:00,0,,,,
PRODUCT_01656,COMP_0611,2026-09-01 00:00:00,-2199491.34,,,,
PRODUCT_02418,COMP_0611,2026-09-01 00:00:00,-690175.68,,,,
PRODUCT_03630,COMP_0611,2026-09-01 00:00:00,0,,,,
PRODUCT_07429,COMP_0611,2026-09-01 00:00:00,-527300,,,,
PRODUCT_00070,COMP_0612,2026-09-01 00:00:00,104096.42,,,,
PRODUCT_00950,COMP_0612,2026-09-01 00:00:00,0,,-510002.1,,
PRODUCT_01222,COMP_0612,2026-09-01 00:00:00,9649.46,,,,
PRODUCT_02452,COMP_0612,2026-09-01 00:00:00,1873.76,,,,
PRODUCT_02693,COMP_0612,2026-09-01 00:00:00,-324.76,,-1800,1475.24,1475.24
PRODUCT_04266,COMP_0612,2026-09-01 00:00:00,2.48,,,,
PRODUCT_04919,COMP_0612,2026-09-01 00:00:00,802754.37,,,,
PRODUCT_05404,COMP_0612,2026-09-01 00:00:00,8193.19,,,,
PRODUCT_05957,COMP_0612,2026-09-01 00:00:00,20886.28,,,,
PRODUCT_06395,COMP_0612,2026-09-01 00:00:00,2840.72,,,,
PRODUCT_03126,COMP_0613,2026-09-01 00:00:00,0,,,,
PRODUCT_03801,COMP_0613,2026-09-01 00:00:00,20.95,,,,
PRODUCT_05087,COMP_0613,2026-09-01 00:00:00,0,,,,
PRODUCT_05098,COMP_0613,2026-09-01 00:00:00,-224953.8,,-443211.5,,
PRODUCT_05167,COMP_0613,2026-09-01 00:00:00,7731.12,,,,
PRODUCT_06515,COMP_0613,2026-09-01 00:00:00,0,,,,
PRODUCT_07538,COMP_0613,2026-09-01 00:00:00,0,,,,
PRODUCT_01978,COMP_0614,2026-09-01 00:00:00,0,,,0,0
PRODUCT_02189,COMP_0614,2026-09-01 00:00:00,16299.86,,,,
PRODUCT_04129,COMP_0614,2026-09-01 00:00:00,91006.64,,,,
PRODUCT_04549,COMP_0614,2026-09-01 00:00:00,4419.7,,,,
PRODUCT_06879,COMP_0614,2026-09-01 00:00:00,0,,,0,0
PRODUCT_00310,COMP_0615,2026-09-01 00:00:00,5677.56,,,,
PRODUCT_00927,COMP_0615,2026-09-01 00:00:00,184940.14,,,,
PRODUCT_00785,COMP_0616,2026-09-01 00:00:00,63472.51,,,,
PRODUCT_00953,COMP_0616,2026-09-01 00:00:00,414983.91,,,,
PRODUCT_01118,COMP_0616,2026-09-01 00:00:00,1366.05,,,,
PRODUCT_03139,COMP_0616,2026-09-01 00:00:00,-2658.39,,-15000,12341.61,
PRODUCT_03980,COMP_0616,2026-09-01 00:00:00,89590.66,,,,
PRODUCT_05019,COMP_0616,2026-09-01 00:00:00,160809.68,,,,
PRODUCT_05030,COMP_0616,2026-09-01 00:00:00,75767.43,,,,
PRODUCT_05260,COMP_0616,2026-09-01 00:00:00,84600.11,,-1500000,1584600.11,220656.99
PRODUCT_06739,COMP_0616,2026-09-01 00:00:00,-960.05,,-17000,16039.95,
PRODUCT_07612,COMP_0616,2026-09-01 00:00:00,59691.3,,,,
PRODUCT_08131,COMP_0616,2026-09-01 00:00:00,-8774588.25,,-9000000,225411.75,2386822.32
PRODUCT_04178,COMP_0617,2026-09-01 00:00:00,66.9,,,,
PRODUCT_07658,COMP_0617,2026-09-01 00:00:00,1307638.02,,,,
PRODUCT_02063,COMP_0618,2026-09-01 00:00:00,14933.86,,,,
PRODUCT_02165,COMP_0618,2026-09-01 00:00:00,31248.38,,,,
PRODUCT_07776,COMP_0618,2026-09-01 00:00:00,0,,,,
PRODUCT_00465,COMP_0619,2026-09-01 00:00:00,400.88,,,,
PRODUCT_02648,COMP_0619,2026-09-01 00:00:00,79712.45,,,,
PRODUCT_02661,COMP_0619,2026-09-01 00:00:00,133.9,,,,
PRODUCT_05582,COMP_0619,2026-09-01 00:00:00,635.86,,,,
PRODUCT_06579,COMP_0619,2026-09-01 00:00:00,782.47,,,,
PRODUCT_07779,COMP_0619,2026-09-01 00:00:00,4356.19,,,,
PRODUCT_07434,COMP_0620,2026-09-01 00:00:00,27574.23,,,,
PRODUCT_00918,COMP_0621,2026-09-01 00:00:00,4439699.84,,,,
PRODUCT_03045,COMP_0621,2026-09-01 00:00:00,837373.23,,,,
PRODUCT_03289,COMP_0621,2026-09-01 00:00:00,540714.97,,,,
PRODUCT_04449,COMP_0621,2026-09-01 00:00:00,361665.69,,,,
PRODUCT_05238,COMP_0622,2026-09-01 00:00:00,0,,,0,0
PRODUCT_06398,COMP_0622,2026-09-01 00:00:00,35643.78,,,35643.78,35643.78
PRODUCT_08021,COMP_0622,2026-09-01 00:00:00,59.05,,,59.05,59.05
PRODUCT_00075,COMP_0623,2026-09-01 00:00:00,580.18,,,,
PRODUCT_00095,COMP_0623,2026-09-01 00:00:00,-22796.95,,-31698.33,,
PRODUCT_00181,COMP_0623,2026-09-01 00:00:00,160.39,,,,
PRODUCT_00217,COMP_0623,2026-09-01 00:00:00,-1000000,,,,
PRODUCT_00290,COMP_0623,2026-09-01 00:00:00,-960133.41,,-1000000,39866.59,-960133.41
PRODUCT_00481,COMP_0623,2026-09-01 00:00:00,-21659.63,,-36290.91,,
PRODUCT_00684,COMP_0623,2026-09-01 00:00:00,-1000000,,,,
PRODUCT_00687,COMP_0623,2026-09-01 00:00:00,0,,,,
PRODUCT_00715,COMP_0623,2026-09-01 00:00:00,0,,,,0
PRODUCT_00764,COMP_0623,2026-09-01 00:00:00,1.72,,,,
PRODUCT_00957,COMP_0623,2026-09-01 00:00:00,-500268.19,,-599999.96,,
PRODUCT_01187,COMP_0623,2026-09-01 00:00:00,-3300000,,,,
PRODUCT_01264,COMP_0623,2026-09-01 00:00:00,93.2,,,,
PRODUCT_01687,COMP_0623,2026-09-01 00:00:00,-73945.97,,-228739.52,,
PRODUCT_01901,COMP_0623,2026-09-01 00:00:00,-189862.8,,-394997.79,,
PRODUCT_02342,COMP_0623,2026-09-01 00:00:00,0,,,,
PRODUCT_02478,COMP_0623,2026-09-01 00:00:00,5.77,,,,
PRODUCT_02742,COMP_0623,2026-09-01 00:00:00,-2000000,,,,
PRODUCT_02790,COMP_0623,2026-09-01 00:00:00,-372053.29,,-575449.19,,
PRODUCT_03593,COMP_0623,2026-09-01 00:00:00,84,,,,
PRODUCT_04145,COMP_0623,2026-09-01 00:00:00,-400000,,-400000,0,
PRODUCT_04165,COMP_0623,2026-09-01 00:00:00,358.43,,,,
PRODUCT_04201,COMP_0623,2026-09-01 00:00:00,34.41,,,,
PRODUCT_04221,COMP_0623,2026-09-01 00:00:00,0,,-204681.07,,
PRODUCT_04287,COMP_0623,2026-09-01 00:00:00,37.51,,,,
PRODUCT_04709,COMP_0623,2026-09-01 00:00:00,-151747.36,,-271653.57,,
PRODUCT_04713,COMP_0623,2026-09-01 00:00:00,0,,,,
PRODUCT_04801,COMP_0623,2026-09-01 00:00:00,-1833333.33,,,,
PRODUCT_04979,COMP_0623,2026-09-01 00:00:00,-18229.78,,-30699,,
PRODUCT_05359,COMP_0623,2026-09-01 00:00:00,-68718.71,,-237870.65,,
PRODUCT_05375,COMP_0623,2026-09-01 00:00:00,-589180,,-1151863.8,,
PRODUCT_05450,COMP_0623,2026-09-01 00:00:00,-180393.55,,-400000,219606.45,-180393.55
PRODUCT_05803,COMP_0623,2026-09-01 00:00:00,3133.94,,,,
PRODUCT_06178,COMP_0623,2026-09-01 00:00:00,24340.24,,,24340.24,24340.24
PRODUCT_06596,COMP_0623,2026-09-01 00:00:00,33.19,,,,
PRODUCT_06694,COMP_0623,2026-09-01 00:00:00,-609768.65,,-610000,231.35,75176.46
PRODUCT_06952,COMP_0623,2026-09-01 00:00:00,-2000000,,,,
PRODUCT_07414,COMP_0623,2026-09-01 00:00:00,764.97,,,,
PRODUCT_07503,COMP_0623,2026-09-01 00:00:00,-588064.98,,-1261350.88,,
PRODUCT_07632,COMP_0623,2026-09-01 00:00:00,986.35,,,,
PRODUCT_07725,COMP_0623,2026-09-01 00:00:00,-19300.43,,-34591.31,,
PRODUCT_07729,COMP_0623,2026-09-01 00:00:00,-229486.94,,-453311.44,,
PRODUCT_07766,COMP_0623,2026-09-01 00:00:00,377.9,,,,
PRODUCT_07885,COMP_0623,2026-09-01 00:00:00,-291666.61,,-569444.41,,
PRODUCT_07970,COMP_0623,2026-09-01 00:00:00,0,,-140236.04,,
PRODUCT_08008,COMP_0623,2026-09-01 00:00:00,-430287.83,,-849958.86,,
PRODUCT_08106,COMP_0623,2026-09-01 00:00:00,9520.36,,,,
PRODUCT_08114,COMP_0623,2026-09-01 00:00:00,-124972.54,,-355547.23,,
PRODUCT_01365,COMP_0624,2026-09-01 00:00:00,0,,-110000,,
PRODUCT_01594,COMP_0624,2026-09-01 00:00:00,124043.61,,,124043.61,301705
PRODUCT_04794,COMP_0624,2026-09-01 00:00:00,2443.65,,,,
PRODUCT_05185,COMP_0625,2026-09-01 00:00:00,17409.73,,,,
PRODUCT_01063,COMP_0626,2026-09-01 00:00:00,2.28,,,,
PRODUCT_08264,COMP_0626,2026-09-01 00:00:00,6000000,,,,
PRODUCT_02203,COMP_0626,2026-09-01 00:00:00,2.66,,,,
PRODUCT_08265,COMP_0626,2026-09-01 00:00:00,14000000,,,,
PRODUCT_02853,COMP_0626,2026-09-01 00:00:00,1110.93,,,,
PRODUCT_02904,COMP_0626,2026-09-01 00:00:00,7868799.32,,,,
PRODUCT_04184,COMP_0626,2026-09-01 00:00:00,617.08,,,,
PRODUCT_04912,COMP_0626,2026-09-01 00:00:00,778826.28,,,,
PRODUCT_05587,COMP_0626,2026-09-01 00:00:00,1113.68,,,,
PRODUCT_08133,COMP_0626,2026-09-01 00:00:00,18817.06,,,,
PRODUCT_01364,COMP_0627,2026-09-01 00:00:00,0,,,,
PRODUCT_02762,COMP_0627,2026-09-01 00:00:00,0,,,,
PRODUCT_03088,COMP_0627,2026-09-01 00:00:00,0,,,,
PRODUCT_04544,COMP_0627,2026-09-01 00:00:00,223.52,,,,
PRODUCT_04895,COMP_0627,2026-09-01 00:00:00,0,,,,
PRODUCT_05097,COMP_0627,2026-09-01 00:00:00,0,,,,
PRODUCT_06014,COMP_0627,2026-09-01 00:00:00,0,,,,
PRODUCT_06448,COMP_0627,2026-09-01 00:00:00,0,,,,
PRODUCT_07868,COMP_0627,2026-09-01 00:00:00,0,,,,
PRODUCT_02599,COMP_0628,2026-09-01 00:00:00,63287.49,,,63287.49,63287.49
PRODUCT_02980,COMP_0628,2026-09-01 00:00:00,0,,,0,0
PRODUCT_06838,COMP_0628,2026-09-01 00:00:00,144575.7,,,,
PRODUCT_02955,COMP_0629,2026-09-01 00:00:00,192841624.68,,,,
PRODUCT_08028,COMP_0629,2026-09-01 00:00:00,0,,,,
PRODUCT_00170,COMP_0630,2026-09-01 00:00:00,6.39,,,,
PRODUCT_00200,COMP_0630,2026-09-01 00:00:00,-125000000,,-125000000,,
PRODUCT_00274,COMP_0630,2026-09-01 00:00:00,0,,-6000,6000,
PRODUCT_00653,COMP_0630,2026-09-01 00:00:00,530.43,,,,
PRODUCT_00820,COMP_0630,2026-09-01 00:00:00,-4.98,,-5000,4995.02,
PRODUCT_00998,COMP_0630,2026-09-01 00:00:00,-9,,-1500,1491,
PRODUCT_01041,COMP_0630,2026-09-01 00:00:00,-216.45,,-1500,1283.55,
PRODUCT_01090,COMP_0630,2026-09-01 00:00:00,0,,-3000,3000,
PRODUCT_01194,COMP_0630,2026-09-01 00:00:00,0,,-5000,5000,
PRODUCT_01263,COMP_0630,2026-09-01 00:00:00,0,,-1500,1500,
PRODUCT_01314,COMP_0630,2026-09-01 00:00:00,6.39,,,,
PRODUCT_01478,COMP_0630,2026-09-01 00:00:00,-109.01,,-7000,6890.99,
PRODUCT_01628,COMP_0630,2026-09-01 00:00:00,0,,-3000,3000,
PRODUCT_01828,COMP_0630,2026-09-01 00:00:00,530.43,,,,
PRODUCT_01872,COMP_0630,2026-09-01 00:00:00,200006.88,,,200006.88,200006.88
PRODUCT_02007,COMP_0630,2026-09-01 00:00:00,1103803.21,,,,
PRODUCT_02439,COMP_0630,2026-09-01 00:00:00,0,,-8000,8000,
PRODUCT_03004,COMP_0630,2026-09-01 00:00:00,1026283.21,,,,
PRODUCT_03035,COMP_0630,2026-09-01 00:00:00,15420.89,,,,
PRODUCT_03094,COMP_0630,2026-09-01 00:00:00,0,,-6000,6000,
PRODUCT_03299,COMP_0630,2026-09-01 00:00:00,0,,,,
PRODUCT_03347,COMP_0630,2026-09-01 00:00:00,0,,-6000,6000,
PRODUCT_03735,COMP_0630,2026-09-01 00:00:00,0,,-3999999.84,,
PRODUCT_03790,COMP_0630,2026-09-01 00:00:00,0,,-6000,6000,
PRODUCT_03826,COMP_0630,2026-09-01 00:00:00,57207.49,,,,
PRODUCT_04138,COMP_0630,2026-09-01 00:00:00,0,,-1500,1500,
PRODUCT_04173,COMP_0630,2026-09-01 00:00:00,0,,-3000,3000,
PRODUCT_05210,COMP_0630,2026-09-01 00:00:00,0,,,,
PRODUCT_05230,COMP_0630,2026-09-01 00:00:00,10867.43,,,,
PRODUCT_05471,COMP_0630,2026-09-01 00:00:00,0,,,,
PRODUCT_05639,COMP_0630,2026-09-01 00:00:00,0,,-2000,2000,
PRODUCT_05672,COMP_0630,2026-09-01 00:00:00,3444456.14,,,,
PRODUCT_05702,COMP_0630,2026-09-01 00:00:00,300.55,,,,
PRODUCT_06094,COMP_0630,2026-09-01 00:00:00,0,,-200,200,
PRODUCT_06411,COMP_0630,2026-09-01 00:00:00,1551017.93,,,,
PRODUCT_06424,COMP_0630,2026-09-01 00:00:00,0,,-2000,2000,
PRODUCT_06429,COMP_0630,2026-09-01 00:00:00,180.08,,,,
PRODUCT_06456,COMP_0630,2026-09-01 00:00:00,3235522.25,,,,
PRODUCT_06564,COMP_0630,2026-09-01 00:00:00,0,,-8000,8000,
PRODUCT_06612,COMP_0630,2026-09-01 00:00:00,6.39,,,,
PRODUCT_06650,COMP_0630,2026-09-01 00:00:00,4103654.49,,,,
PRODUCT_07238,COMP_0630,2026-09-01 00:00:00,3596.23,,,,
PRODUCT_07241,COMP_0630,2026-09-01 00:00:00,1687115.59,,,,
PRODUCT_07283,COMP_0630,2026-09-01 00:00:00,-16.98,,-3000,2983.02,
PRODUCT_07347,COMP_0630,2026-09-01 00:00:00,0,,-1500,1500,
PRODUCT_07836,COMP_0630,2026-09-01 00:00:00,0,,-4000000,4000000,4000000
PRODUCT_07968,COMP_0630,2026-09-01 00:00:00,-660.49,,-6000,5339.51,
PRODUCT_08054,COMP_0630,2026-09-01 00:00:00,-49.5,,-6000,5950.5,
PRODUCT_08103,COMP_0630,2026-09-01 00:00:00,64.71,,,,
PRODUCT_03409,COMP_0631,2026-09-01 00:00:00,46577.51,,,,
PRODUCT_07059,COMP_0631,2026-09-01 00:00:00,8003.72,,,,
PRODUCT_00034,COMP_0632,2026-09-01 00:00:00,0,,,,
PRODUCT_00691,COMP_0633,2026-09-01 00:00:00,0,,,0,0
PRODUCT_02859,COMP_0633,2026-09-01 00:00:00,8681.62,,,8681.62,8681.62
PRODUCT_04585,COMP_0633,2026-09-01 00:00:00,5847.73,,,5847.73,5847.73
PRODUCT_05919,COMP_0633,2026-09-01 00:00:00,0,,,0,0
PRODUCT_07009,COMP_0633,2026-09-01 00:00:00,57273.27,,,57273.27,57273.27
PRODUCT_07622,COMP_0633,2026-09-01 00:00:00,53321.97,,,53321.97,53321.97
PRODUCT_01668,COMP_0634,2026-09-01 00:00:00,0,,,0,0
PRODUCT_04120,COMP_0634,2026-09-01 00:00:00,228318.05,,,228318.05,228318.05
PRODUCT_04602,COMP_0634,2026-09-01 00:00:00,0,,,0,0
PRODUCT_00420,COMP_0635,2026-09-01 00:00:00,-457543.78,,-495000,37456.22,37456.22
PRODUCT_00496,COMP_0635,2026-09-01 00:00:00,-217166.07,,-319392.02,,
PRODUCT_01014,COMP_0635,2026-09-01 00:00:00,1337.26,,,,
PRODUCT_03265,COMP_0635,2026-09-01 00:00:00,13204.09,,,,
PRODUCT_03475,COMP_0635,2026-09-01 00:00:00,3243.49,,,,
PRODUCT_03692,COMP_0635,2026-09-01 00:00:00,-142578.42,,-150000,7421.58,
PRODUCT_05777,COMP_0635,2026-09-01 00:00:00,29425.5,,,,
PRODUCT_02235,COMP_0636,2026-09-01 00:00:00,0,,,,
PRODUCT_07533,COMP_0636,2026-09-01 00:00:00,0,,,,
PRODUCT_02800,COMP_0637,2026-09-01 00:00:00,0,,,,
PRODUCT_04225,COMP_0637,2026-09-01 00:00:00,-12128.04,,,,
PRODUCT_02761,COMP_0638,2026-09-01 00:00:00,207395.79,,,,
PRODUCT_04214,COMP_0638,2026-09-01 00:00:00,9735.04,,,,
PRODUCT_00291,COMP_0639,2026-09-01 00:00:00,0,,,,
PRODUCT_00348,COMP_0639,2026-09-01 00:00:00,2004865.2,,,,
PRODUCT_01453,COMP_0639,2026-09-01 00:00:00,203.13,,,,
PRODUCT_01784,COMP_0639,2026-09-01 00:00:00,11753.07,,,,
PRODUCT_01896,COMP_0639,2026-09-01 00:00:00,223.52,,,,
PRODUCT_01906,COMP_0639,2026-09-01 00:00:00,53533.81,,,,
PRODUCT_02294,COMP_0639,2026-09-01 00:00:00,0,,,,
PRODUCT_02549,COMP_0639,2026-09-01 00:00:00,16932.95,,-600000,616932.95,16932.95
PRODUCT_02939,COMP_0639,2026-09-01 00:00:00,0,,,,
PRODUCT_04052,COMP_0639,2026-09-01 00:00:00,1458.01,,,1458.01,1458.01
PRODUCT_04405,COMP_0639,2026-09-01 00:00:00,203.13,,,,
PRODUCT_04507,COMP_0639,2026-09-01 00:00:00,1329.21,,,,
PRODUCT_05035,COMP_0639,2026-09-01 00:00:00,0,,,0,0
PRODUCT_05052,COMP_0639,2026-09-01 00:00:00,0,,,,
PRODUCT_05131,COMP_0639,2026-09-01 00:00:00,7436574.46,,,7436574.46,3208016.88
PRODUCT_05164,COMP_0639,2026-09-01 00:00:00,1060309.31,,-200000,1260309.31,
PRODUCT_05785,COMP_0639,2026-09-01 00:00:00,25699.82,,,,
PRODUCT_07359,COMP_0639,2026-09-01 00:00:00,758.71,,,,
PRODUCT_00511,COMP_0640,2026-09-01 00:00:00,0,,,,
PRODUCT_02417,COMP_0640,2026-09-01 00:00:00,-71842.75,,-71842.75,0,
PRODUCT_03902,COMP_0640,2026-09-01 00:00:00,9910252.27,,,,
PRODUCT_05660,COMP_0640,2026-09-01 00:00:00,5507.33,,,,
PRODUCT_05992,COMP_0641,2026-09-01 00:00:00,63886,,,,
PRODUCT_06470,COMP_0641,2026-09-01 00:00:00,174710.5,,,,
PRODUCT_06866,COMP_0641,2026-09-01 00:00:00,18286.89,,,,
PRODUCT_03968,COMP_0642,2026-09-01 00:00:00,247712.42,,,,
PRODUCT_06563,COMP_0642,2026-09-01 00:00:00,-130000,,,,
PRODUCT_06820,COMP_0642,2026-09-01 00:00:00,-5938168.63,,-6167322.78,,
PRODUCT_07808,COMP_0642,2026-09-01 00:00:00,-64031.83,,,,
PRODUCT_02219,COMP_0643,2026-09-01 00:00:00,0,,,,
PRODUCT_03041,COMP_0643,2026-09-01 00:00:00,0,,,,
PRODUCT_03103,COMP_0643,2026-09-01 00:00:00,35700000,,,35700000,0
PRODUCT_04629,COMP_0643,2026-09-01 00:00:00,-50000,,,,
PRODUCT_06302,COMP_0643,2026-09-01 00:00:00,281656.12,,,,
PRODUCT_06816,COMP_0643,2026-09-01 00:00:00,0,,,,
PRODUCT_08019,COMP_0643,2026-09-01 00:00:00,6678566.51,,,,
PRODUCT_03324,COMP_0644,2026-09-01 00:00:00,57445.46,,,,
PRODUCT_03992,COMP_0644,2026-09-01 00:00:00,0,,-1400,1400,
PRODUCT_08072,COMP_0644,2026-09-01 00:00:00,0,,-6400,6400,
PRODUCT_00342,COMP_0645,2026-09-01 00:00:00,0,,,,
PRODUCT_01138,COMP_0645,2026-09-01 00:00:00,0,,,,
PRODUCT_02426,COMP_0645,2026-09-01 00:00:00,96.48,,,,
PRODUCT_07417,COMP_0645,2026-09-01 00:00:00,34154.99,,,,
PRODUCT_00216,COMP_0646,2026-09-01 00:00:00,399014.11,,,,
PRODUCT_00363,COMP_0646,2026-09-01 00:00:00,12150.01,,,,
PRODUCT_03780,COMP_0646,2026-09-01 00:00:00,155155.91,,,,
PRODUCT_04485,COMP_0646,2026-09-01 00:00:00,-155.31,,,,
PRODUCT_07041,COMP_0646,2026-09-01 00:00:00,-400000,,-400000,,
PRODUCT_07551,COMP_0646,2026-09-01 00:00:00,357.54,,,357.54,4240.83
PRODUCT_07614,COMP_0646,2026-09-01 00:00:00,1318.48,,,,
PRODUCT_02871,COMP_0647,2026-09-01 00:00:00,0,,,,
PRODUCT_05461,COMP_0647,2026-09-01 00:00:00,0,,,,
PRODUCT_06789,COMP_0647,2026-09-01 00:00:00,0,,-30000,30000,
PRODUCT_06918,COMP_0647,2026-09-01 00:00:00,0,,,,
PRODUCT_01539,COMP_0648,2026-09-01 00:00:00,162511.39,,,,
PRODUCT_05436,COMP_0648,2026-09-01 00:00:00,0,,,,
PRODUCT_03845,COMP_0649,2026-09-01 00:00:00,888096.71,,,,
PRODUCT_03945,COMP_0649,2026-09-01 00:00:00,5412.79,,,5412.79,
PRODUCT_05107,COMP_0649,2026-09-01 00:00:00,342.97,,,,
PRODUCT_06240,COMP_0650,2026-09-01 00:00:00,3776.4,,,,
PRODUCT_07740,COMP_0650,2026-09-01 00:00:00,1168.84,,,,
PRODUCT_00616,COMP_0651,2026-09-01 00:00:00,3048.57,,,,
PRODUCT_01210,COMP_0651,2026-09-01 00:00:00,-192800.6,,-250000,,
PRODUCT_02033,COMP_0651,2026-09-01 00:00:00,361,,,,
PRODUCT_02415,COMP_0651,2026-09-01 00:00:00,5030.83,,,,
PRODUCT_02636,COMP_0651,2026-09-01 00:00:00,0,,,0,
PRODUCT_02801,COMP_0651,2026-09-01 00:00:00,3096.5,,,,
PRODUCT_03249,COMP_0651,2026-09-01 00:00:00,7979.57,,,,
PRODUCT_04076,COMP_0651,2026-09-01 00:00:00,0,,,0,
PRODUCT_04090,COMP_0651,2026-09-01 00:00:00,0,,,0,
PRODUCT_04329,COMP_0651,2026-09-01 00:00:00,2308.87,,,,
PRODUCT_04926,COMP_0651,2026-09-01 00:00:00,63021.4,,,,
PRODUCT_05235,COMP_0651,2026-09-01 00:00:00,3247.56,,,,
PRODUCT_05513,COMP_0651,2026-09-01 00:00:00,8277.83,,,,
PRODUCT_07256,COMP_0651,2026-09-01 00:00:00,0,,,0,
PRODUCT_00242,COMP_0652,2026-09-01 00:00:00,387364.1,,,,
PRODUCT_05305,COMP_0652,2026-09-01 00:00:00,14732.28,,,,
PRODUCT_00006,COMP_0653,2026-09-01 00:00:00,0,,-350000,,
PRODUCT_00059,COMP_0653,2026-09-01 00:00:00,0,,-100000,,
PRODUCT_00105,COMP_0653,2026-09-01 00:00:00,0,,-50000,,
PRODUCT_00109,COMP_0653,2026-09-01 00:00:00,0,,-300000,,
PRODUCT_00117,COMP_0653,2026-09-01 00:00:00,0,,-60000,,
PRODUCT_00199,COMP_0653,2026-09-01 00:00:00,0,,-100000,,
PRODUCT_00201,COMP_0653,2026-09-01 00:00:00,0,,-25000,,
PRODUCT_00237,COMP_0653,2026-09-01 00:00:00,0,,-265000,,
PRODUCT_00367,COMP_0653,2026-09-01 00:00:00,0,,-430000,,
PRODUCT_00441,COMP_0653,2026-09-01 00:00:00,0,,-55000,,
PRODUCT_00446,COMP_0653,2026-09-01 00:00:00,0,,-400000,,
PRODUCT_00470,COMP_0653,2026-09-01 00:00:00,0,,-100000,,
PRODUCT_00491,COMP_0653,2026-09-01 00:00:00,0,,-100000,,
PRODUCT_00531,COMP_0653,2026-09-01 00:00:00,0,,-50000,,
PRODUCT_00580,COMP_0653,2026-09-01 00:00:00,0,,-120000,,
PRODUCT_00659,COMP_0653,2026-09-01 00:00:00,0,,-60000,,
PRODUCT_00835,COMP_0653,2026-09-01 00:00:00,0,,-15000,,
PRODUCT_01027,COMP_0653,2026-09-01 00:00:00,0,,-40000,,
PRODUCT_01057,COMP_0653,2026-09-01 00:00:00,-31000,,-31000,,
PRODUCT_01107,COMP_0653,2026-09-01 00:00:00,0,,-100000,,
PRODUCT_01136,COMP_0653,2026-09-01 00:00:00,0,,-200000,,
PRODUCT_01140,COMP_0653,2026-09-01 00:00:00,0,,-12000,,
PRODUCT_01142,COMP_0653,2026-09-01 00:00:00,0,,-250000,,
PRODUCT_01145,COMP_0653,2026-09-01 00:00:00,0,,-1000000,,
PRODUCT_01155,COMP_0653,2026-09-01 00:00:00,0,,-75000,,
PRODUCT_01207,COMP_0653,2026-09-01 00:00:00,600000,,,,
PRODUCT_01422,COMP_0653,2026-09-01 00:00:00,339918.19,,,,
PRODUCT_01429,COMP_0653,2026-09-01 00:00:00,0,,-10000,,
PRODUCT_01522,COMP_0653,2026-09-01 00:00:00,0,,-100000,,
PRODUCT_01538,COMP_0653,2026-09-01 00:00:00,0,,-31000,,
PRODUCT_01663,COMP_0653,2026-09-01 00:00:00,0,,-180000,,
PRODUCT_01697,COMP_0653,2026-09-01 00:00:00,0,,-10000,,
PRODUCT_01806,COMP_0653,2026-09-01 00:00:00,0,,-50000,,
PRODUCT_01827,COMP_0653,2026-09-01 00:00:00,0,,-250000,,
PRODUCT_01876,COMP_0653,2026-09-01 00:00:00,0,,-30000,,
PRODUCT_01989,COMP_0653,2026-09-01 00:00:00,0,,-150000,,
PRODUCT_02000,COMP_0653,2026-09-01 00:00:00,0,,-300000,,
PRODUCT_02088,COMP_0653,2026-09-01 00:00:00,0,,-250000,,
PRODUCT_02100,COMP_0653,2026-09-01 00:00:00,0,,-200000,,
PRODUCT_02119,COMP_0653,2026-09-01 00:00:00,0,,-30000,,
PRODUCT_02279,COMP_0653,2026-09-01 00:00:00,0,,-150000,,
PRODUCT_02287,COMP_0653,2026-09-01 00:00:00,0,,-50000,,
PRODUCT_02466,COMP_0653,2026-09-01 00:00:00,-35000,,-35000,,
PRODUCT_02467,COMP_0653,2026-09-01 00:00:00,0,,-700000,,
PRODUCT_02851,COMP_0653,2026-09-01 00:00:00,0,,-200000,,
PRODUCT_02999,COMP_0653,2026-09-01 00:00:00,0,,-130700,,
PRODUCT_03012,COMP_0653,2026-09-01 00:00:00,0,,-40000,,
PRODUCT_03022,COMP_0653,2026-09-01 00:00:00,0,,-200000,,
PRODUCT_03031,COMP_0653,2026-09-01 00:00:00,0,,-100000,,
PRODUCT_03153,COMP_0653,2026-09-01 00:00:00,0,,-40700,,
PRODUCT_03211,COMP_0653,2026-09-01 00:00:00,0,,-150000,,
PRODUCT_03243,COMP_0653,2026-09-01 00:00:00,0,,-100000,,
PRODUCT_03293,COMP_0653,2026-09-01 00:00:00,0,,-100000,,
PRODUCT_03365,COMP_0653,2026-09-01 00:00:00,0,,,,
PRODUCT_03367,COMP_0653,2026-09-01 00:00:00,0,,-20000,,
PRODUCT_03426,COMP_0653,2026-09-01 00:00:00,0,,-17000,,
PRODUCT_03576,COMP_0653,2026-09-01 00:00:00,0,,-40000,,
PRODUCT_03934,COMP_0653,2026-09-01 00:00:00,0,,-600000,,
PRODUCT_04159,COMP_0653,2026-09-01 00:00:00,0,,-100000,,
PRODUCT_04163,COMP_0653,2026-09-01 00:00:00,0,,-100000,,
PRODUCT_04281,COMP_0653,2026-09-01 00:00:00,0,,-30000,,
PRODUCT_04349,COMP_0653,2026-09-01 00:00:00,0,,-450000,,
PRODUCT_04358,COMP_0653,2026-09-01 00:00:00,0,,-95000,,
PRODUCT_04451,COMP_0653,2026-09-01 00:00:00,0,,-100000,,
PRODUCT_04480,COMP_0653,2026-09-01 00:00:00,0,,-35000,,
PRODUCT_04512,COMP_0653,2026-09-01 00:00:00,0,,-270000,,
PRODUCT_04567,COMP_0653,2026-09-01 00:00:00,0,,-1000000,,
PRODUCT_04571,COMP_0653,2026-09-01 00:00:00,0,,-290000,,
PRODUCT_04600,COMP_0653,2026-09-01 00:00:00,0,,-300000,,
PRODUCT_04649,COMP_0653,2026-09-01 00:00:00,0,,-50000,,
PRODUCT_04652,COMP_0653,2026-09-01 00:00:00,0,,-100000,,
PRODUCT_04704,COMP_0653,2026-09-01 00:00:00,0,,-130000,,
PRODUCT_04864,COMP_0653,2026-09-01 00:00:00,0,,-20000,,
PRODUCT_04923,COMP_0653,2026-09-01 00:00:00,0,,-50000,,
PRODUCT_04932,COMP_0653,2026-09-01 00:00:00,0,,-50000,,
PRODUCT_04978,COMP_0653,2026-09-01 00:00:00,0,,-300000,,
PRODUCT_05011,COMP_0653,2026-09-01 00:00:00,0,,-200000,,
PRODUCT_05273,COMP_0653,2026-09-01 00:00:00,0,,-50000,,
PRODUCT_05295,COMP_0653,2026-09-01 00:00:00,0,,-55000,,
PRODUCT_05352,COMP_0653,2026-09-01 00:00:00,0,,-1000000,,
PRODUCT_05389,COMP_0653,2026-09-01 00:00:00,0,,-100000,,
PRODUCT_05439,COMP_0653,2026-09-01 00:00:00,2475147.61,,,,
PRODUCT_05460,COMP_0653,2026-09-01 00:00:00,0,,-30000,,
PRODUCT_05557,COMP_0653,2026-09-01 00:00:00,0,,-100000,,
PRODUCT_05589,COMP_0653,2026-09-01 00:00:00,-100000,,-100000,,
PRODUCT_05615,COMP_0653,2026-09-01 00:00:00,0,,-50000,,
PRODUCT_05723,COMP_0653,2026-09-01 00:00:00,0,,-18000,,
PRODUCT_05731,COMP_0653,2026-09-01 00:00:00,0,,0,,
PRODUCT_05776,COMP_0653,2026-09-01 00:00:00,0,,,,
PRODUCT_05813,COMP_0653,2026-09-01 00:00:00,0,,-257000,,
PRODUCT_05945,COMP_0653,2026-09-01 00:00:00,0,,-150000,,
PRODUCT_06052,COMP_0653,2026-09-01 00:00:00,-40700,,-40700,,
PRODUCT_06067,COMP_0653,2026-09-01 00:00:00,0,,-316000,,
PRODUCT_06157,COMP_0653,2026-09-01 00:00:00,0,,-250000,,
PRODUCT_06174,COMP_0653,2026-09-01 00:00:00,0,,-100000,,
PRODUCT_06179,COMP_0653,2026-09-01 00:00:00,-250000,,-250000,,
PRODUCT_06209,COMP_0653,2026-09-01 00:00:00,0,,-50000,,
PRODUCT_06215,COMP_0653,2026-09-01 00:00:00,0,,-250000,,
PRODUCT_06289,COMP_0653,2026-09-01 00:00:00,0,,-250000,,
PRODUCT_06412,COMP_0653,2026-09-01 00:00:00,0,,-300000,,
PRODUCT_06417,COMP_0653,2026-09-01 00:00:00,0,,-110000,,
PRODUCT_06419,COMP_0653,2026-09-01 00:00:00,0,,-45000,,
PRODUCT_06422,COMP_0653,2026-09-01 00:00:00,0,,-20000,,
PRODUCT_06491,COMP_0653,2026-09-01 00:00:00,0,,-200000,,
PRODUCT_06635,COMP_0653,2026-09-01 00:00:00,0,,-100000,,
PRODUCT_06654,COMP_0653,2026-09-01 00:00:00,0,,-20000,,
PRODUCT_06819,COMP_0653,2026-09-01 00:00:00,0,,-100000,,
PRODUCT_06871,COMP_0653,2026-09-01 00:00:00,0,,-385000,,
PRODUCT_06878,COMP_0653,2026-09-01 00:00:00,0,,-75000,,
PRODUCT_06991,COMP_0653,2026-09-01 00:00:00,0,,-130000,,
PRODUCT_07164,COMP_0653,2026-09-01 00:00:00,0,,-350000,,
PRODUCT_07192,COMP_0653,2026-09-01 00:00:00,0,,-500000,,
PRODUCT_07201,COMP_0653,2026-09-01 00:00:00,0,,-215000,,
PRODUCT_07272,COMP_0653,2026-09-01 00:00:00,0,,-38000,,
PRODUCT_07331,COMP_0653,2026-09-01 00:00:00,0,,-300000,,
PRODUCT_07461,COMP_0653,2026-09-01 00:00:00,0,,-20000,,
PRODUCT_07567,COMP_0653,2026-09-01 00:00:00,0,,-400000,,
PRODUCT_07587,COMP_0653,2026-09-01 00:00:00,0,,-700000,,
PRODUCT_07646,COMP_0653,2026-09-01 00:00:00,0,,-200000,,
PRODUCT_07736,COMP_0653,2026-09-01 00:00:00,0,,-50000,,
PRODUCT_07741,COMP_0653,2026-09-01 00:00:00,0,,-30000,,
PRODUCT_07827,COMP_0653,2026-09-01 00:00:00,0,,-100000,,
PRODUCT_07861,COMP_0653,2026-09-01 00:00:00,0,,-1000000,,
PRODUCT_07896,COMP_0653,2026-09-01 00:00:00,0,,-65000,,
PRODUCT_07917,COMP_0653,2026-09-01 00:00:00,0,,-110000,,
PRODUCT_08032,COMP_0653,2026-09-01 00:00:00,-130700,,-130700,,
PRODUCT_08044,COMP_0653,2026-09-01 00:00:00,0,,-250000,,
PRODUCT_08056,COMP_0653,2026-09-01 00:00:00,0,,-190000,,
PRODUCT_01797,COMP_0654,2026-09-01 00:00:00,1080.92,,,,
PRODUCT_01955,COMP_0654,2026-09-01 00:00:00,0,,,,
PRODUCT_03201,COMP_0654,2026-09-01 00:00:00,276966.73,,,,
PRODUCT_01568,COMP_0655,2026-09-01 00:00:00,0,,,,
PRODUCT_07558,COMP_0655,2026-09-01 00:00:00,10497.06,,,,
PRODUCT_00100,COMP_0656,2026-09-01 00:00:00,0,,,,
PRODUCT_00139,COMP_0656,2026-09-01 00:00:00,14195.55,,,,
PRODUCT_01239,COMP_0656,2026-09-01 00:00:00,0,,,,
PRODUCT_02962,COMP_0656,2026-09-01 00:00:00,350.01,,,,
PRODUCT_04655,COMP_0656,2026-09-01 00:00:00,5088.71,,,,
PRODUCT_05199,COMP_0656,2026-09-01 00:00:00,431366.46,,,,
PRODUCT_06597,COMP_0656,2026-09-01 00:00:00,529304.63,,,,
PRODUCT_06944,COMP_0656,2026-09-01 00:00:00,717470.92,,,,
PRODUCT_00454,COMP_0657,2026-09-01 00:00:00,9463.77,,,,
PRODUCT_04132,COMP_0657,2026-09-01 00:00:00,109605.23,,,,
PRODUCT_03270,COMP_0658,2026-09-01 00:00:00,25767.78,,,,
PRODUCT_03788,COMP_0658,2026-09-01 00:00:00,88651.59,,,,
PRODUCT_05370,COMP_0658,2026-09-01 00:00:00,33774.61,,,,
PRODUCT_07420,COMP_0658,2026-09-01 00:00:00,360344.92,,,,
PRODUCT_00867,COMP_0659,2026-09-01 00:00:00,0,,-54117.02,,
PRODUCT_03306,COMP_0659,2026-09-01 00:00:00,47.17,,,,
PRODUCT_03781,COMP_0659,2026-09-01 00:00:00,0,,-9000,9000,
PRODUCT_05000,COMP_0659,2026-09-01 00:00:00,3003.8,,,,
PRODUCT_06235,COMP_0659,2026-09-01 00:00:00,-594.81,,-1500,905.19,541.81
PRODUCT_07115,COMP_0659,2026-09-01 00:00:00,-109725.4,,,,
PRODUCT_07184,COMP_0659,2026-09-01 00:00:00,0,,-3000,3000,
PRODUCT_08095,COMP_0659,2026-09-01 00:00:00,65.33,,,,
PRODUCT_00813,COMP_0660,2026-09-01 00:00:00,0,,,,
PRODUCT_01835,COMP_0660,2026-09-01 00:00:00,629097.44,,,,
PRODUCT_04370,COMP_0661,2026-09-01 00:00:00,827775.18,,,,
PRODUCT_04503,COMP_0661,2026-09-01 00:00:00,83654.11,,,,
PRODUCT_01199,COMP_0662,2026-09-01 00:00:00,2522.62,,,2522.62,-127477.38
PRODUCT_02129,COMP_0662,2026-09-01 00:00:00,15048.28,,,,
PRODUCT_05043,COMP_0662,2026-09-01 00:00:00,-122707.13,,-130000,7292.87,-122707.13
PRODUCT_08086,COMP_0663,2026-09-01 00:00:00,14279.02,,,,
PRODUCT_00045,COMP_0664,2026-09-01 00:00:00,14453.26,,,,
PRODUCT_01025,COMP_0664,2026-09-01 00:00:00,-334846.61,,-500000,,
PRODUCT_02146,COMP_0664,2026-09-01 00:00:00,553.81,,,,
PRODUCT_02488,COMP_0664,2026-09-01 00:00:00,1181.43,,,,
PRODUCT_02585,COMP_0664,2026-09-01 00:00:00,-108368.25,,-200000,,
PRODUCT_03242,COMP_0664,2026-09-01 00:00:00,-295634.6,,-314442.6,,
PRODUCT_03283,COMP_0664,2026-09-01 00:00:00,-188166.95,,-1000000,811833.05,
PRODUCT_04288,COMP_0664,2026-09-01 00:00:00,-240320.26,,-430000,,
PRODUCT_05237,COMP_0664,2026-09-01 00:00:00,1123.55,,,,
PRODUCT_06354,COMP_0664,2026-09-01 00:00:00,-219647.47,,-243626.11,,
PRODUCT_07320,COMP_0664,2026-09-01 00:00:00,-192963.5,,-300000,,
PRODUCT_07493,COMP_0664,2026-09-01 00:00:00,1837.89,,,1837.89,2437.89
PRODUCT_08140,COMP_0664,2026-09-01 00:00:00,0,,-2000,2000,
PRODUCT_00452,COMP_0665,2026-09-01 00:00:00,1041466.66,,,,
PRODUCT_00941,COMP_0665,2026-09-01 00:00:00,1207251.2,,,,
PRODUCT_01291,COMP_0665,2026-09-01 00:00:00,977.5,,,,
PRODUCT_02830,COMP_0665,2026-09-01 00:00:00,2522940.23,,,,
PRODUCT_03795,COMP_0665,2026-09-01 00:00:00,0,,,,
PRODUCT_06143,COMP_0665,2026-09-01 00:00:00,21392.92,,,,
PRODUCT_07278,COMP_0665,2026-09-01 00:00:00,50000,,,,
PRODUCT_07788,COMP_0665,2026-09-01 00:00:00,1744.18,,,,
PRODUCT_01685,COMP_0666,2026-09-01 00:00:00,0,,,,
PRODUCT_03188,COMP_0666,2026-09-01 00:00:00,3699135,,,,
PRODUCT_03472,COMP_0666,2026-09-01 00:00:00,31101942.35,,,,
PRODUCT_04750,COMP_0666,2026-09-01 00:00:00,2196234.12,,,,
PRODUCT_06068,COMP_0666,2026-09-01 00:00:00,1751.83,,,,
PRODUCT_05426,COMP_0667,2026-09-01 00:00:00,57165.46,,,,
PRODUCT_05812,COMP_0668,2026-09-01 00:00:00,100080.32,,,,
PRODUCT_01931,COMP_0669,2026-09-01 00:00:00,-301014.45,,-1000000,,
PRODUCT_03815,COMP_0669,2026-09-01 00:00:00,235.15,,,,
PRODUCT_04415,COMP_0669,2026-09-01 00:00:00,178334.3,,,,
PRODUCT_06566,COMP_0669,2026-09-01 00:00:00,0,,,,
PRODUCT_00089,COMP_0670,2026-09-01 00:00:00,6029.05,,,6029.05,
PRODUCT_00419,COMP_0670,2026-09-01 00:00:00,13430.97,,,13430.97,
PRODUCT_00569,COMP_0670,2026-09-01 00:00:00,323.27,,,323.27,
PRODUCT_01007,COMP_0670,2026-09-01 00:00:00,0,,,0,
PRODUCT_01777,COMP_0670,2026-09-01 00:00:00,25643.84,,,,
PRODUCT_04438,COMP_0670,2026-09-01 00:00:00,1527.76,,,1527.76,
PRODUCT_07204,COMP_0670,2026-09-01 00:00:00,2999.38,,,2999.38,
PRODUCT_07834,COMP_0670,2026-09-01 00:00:00,291.71,,,291.71,
PRODUCT_08218,COMP_0671,2026-09-01 00:00:00,182914.85,,,,
PRODUCT_02159,COMP_0672,2026-09-01 00:00:00,1372.92,,,,
PRODUCT_03754,COMP_0672,2026-09-01 00:00:00,120.48,,,,
PRODUCT_01819,COMP_0673,2026-09-01 00:00:00,6458.69,,,,
PRODUCT_02517,COMP_0673,2026-09-01 00:00:00,0,,-101071.52,,
PRODUCT_02581,COMP_0673,2026-09-01 00:00:00,13492.99,,,,
PRODUCT_03202,COMP_0673,2026-09-01 00:00:00,-23011.13,,-50000,,
PRODUCT_03927,COMP_0673,2026-09-01 00:00:00,628.02,,,,
PRODUCT_06050,COMP_0673,2026-09-01 00:00:00,6266.85,,,,
PRODUCT_07376,COMP_0673,2026-09-01 00:00:00,0,,-39995.05,,
PRODUCT_00106,COMP_0674,2026-09-01 00:00:00,447.18,,,,
PRODUCT_01038,COMP_0674,2026-09-01 00:00:00,3886.21,,,,
PRODUCT_01373,COMP_0674,2026-09-01 00:00:00,25422.77,,,,
PRODUCT_01637,COMP_0674,2026-09-01 00:00:00,55908,,,,
PRODUCT_02290,COMP_0674,2026-09-01 00:00:00,0.03,,,,
PRODUCT_02650,COMP_0674,2026-09-01 00:00:00,0,,,,
PRODUCT_02832,COMP_0674,2026-09-01 00:00:00,17175.5,,,,
PRODUCT_04478,COMP_0674,2026-09-01 00:00:00,5090.68,,,,
PRODUCT_04920,COMP_0674,2026-09-01 00:00:00,2362904.14,,,,
PRODUCT_05445,COMP_0674,2026-09-01 00:00:00,186.63,,,,
PRODUCT_05906,COMP_0674,2026-09-01 00:00:00,162807.76,,,,
PRODUCT_06372,COMP_0674,2026-09-01 00:00:00,1018.08,,,,
PRODUCT_07173,COMP_0674,2026-09-01 00:00:00,525.23,,,,
PRODUCT_07666,COMP_0674,2026-09-01 00:00:00,872792.55,,,,
PRODUCT_00428,COMP_0675,2026-09-01 00:00:00,-220.96,,-3000,2779.04,
PRODUCT_02042,COMP_0675,2026-09-01 00:00:00,-220.96,,-3000,2779.04,
PRODUCT_05834,COMP_0675,2026-09-01 00:00:00,125117.99,,,,
PRODUCT_04636,COMP_0676,2026-09-01 00:00:00,27372.19,,,,
PRODUCT_00009,COMP_0677,2026-09-01 00:00:00,2588.48,,,2588.48,2588.48
PRODUCT_05880,COMP_0677,2026-09-01 00:00:00,15143.46,,,,
PRODUCT_03027,COMP_0678,2026-09-01 00:00:00,79.88,,,,
PRODUCT_00096,COMP_0679,2026-09-01 00:00:00,0,,,,
PRODUCT_01287,COMP_0680,2026-09-01 00:00:00,0,,,,
PRODUCT_01580,COMP_0680,2026-09-01 00:00:00,0,,,,
PRODUCT_01624,COMP_0680,2026-09-01 00:00:00,694279,,,,
PRODUCT_04222,COMP_0680,2026-09-01 00:00:00,0,,,,
PRODUCT_07897,COMP_0680,2026-09-01 00:00:00,0,,,,
PRODUCT_08212,COMP_0681,2026-09-01 00:00:00,90998.99,,,,
PRODUCT_00297,COMP_0682,2026-09-01 00:00:00,999090,,,,
PRODUCT_04255,COMP_0682,2026-09-01 00:00:00,6817079.85,,,,
PRODUCT_04318,COMP_0682,2026-09-01 00:00:00,39527.32,,,,
PRODUCT_06022,COMP_0682,2026-09-01 00:00:00,2013.81,,,,
PRODUCT_06078,COMP_0682,2026-09-01 00:00:00,31742.46,,,,
PRODUCT_07890,COMP_0682,2026-09-01 00:00:00,0,,-7500000,,
PRODUCT_08168,COMP_0682,2026-09-01 00:00:00,-875000.2,,-3041666.86,,
PRODUCT_02497,COMP_0683,2026-09-01 00:00:00,-327433.92,,-1000000,672566.08,-327433.92
PRODUCT_02621,COMP_0683,2026-09-01 00:00:00,-879499.85,,-1500000,620500.15,-879499.85
PRODUCT_03865,COMP_0683,2026-09-01 00:00:00,-372905.2,,-1000000,627094.8,-372905.2
PRODUCT_05858,COMP_0683,2026-09-01 00:00:00,-473803.44,,-750000,276196.56,-529754.96
PRODUCT_07210,COMP_0683,2026-09-01 00:00:00,-185013.12,,,,
PRODUCT_03653,COMP_0684,2026-09-01 00:00:00,1359490.22,,,,
PRODUCT_05754,COMP_0684,2026-09-01 00:00:00,10528.31,,,,
PRODUCT_07307,COMP_0684,2026-09-01 00:00:00,0,,-31661.61,,
PRODUCT_00493,COMP_0685,2026-09-01 00:00:00,-32.23,,-1500,1467.77,1467.77
PRODUCT_01544,COMP_0685,2026-09-01 00:00:00,-219395.28,,-392388.71,,
PRODUCT_01988,COMP_0685,2026-09-01 00:00:00,0,,-270734.4,,
PRODUCT_01991,COMP_0685,2026-09-01 00:00:00,-467.3,,-3000,2532.7,2532.7
PRODUCT_02210,COMP_0685,2026-09-01 00:00:00,5.68,,,,
PRODUCT_03080,COMP_0685,2026-09-01 00:00:00,1579.54,,,,
PRODUCT_03230,COMP_0685,2026-09-01 00:00:00,-277.7,,-6000,5722.3,5722.3
PRODUCT_04922,COMP_0685,2026-09-01 00:00:00,21.36,,,,
PRODUCT_05570,COMP_0685,2026-09-01 00:00:00,625.84,,,,
PRODUCT_06689,COMP_0685,2026-09-01 00:00:00,0,,-1500,1500,1500
PRODUCT_07600,COMP_0685,2026-09-01 00:00:00,-99751.59,,-100000,248.41,
PRODUCT_00412,COMP_0686,2026-09-01 00:00:00,0,,-1010000,1010000,
PRODUCT_00504,COMP_0686,2026-09-01 00:00:00,0,,-67072.08,,
PRODUCT_00850,COMP_0686,2026-09-01 00:00:00,0,,-7934.97,,
PRODUCT_00952,COMP_0686,2026-09-01 00:00:00,0,,-122919.91,,
PRODUCT_00979,COMP_0686,2026-09-01 00:00:00,-100000,,-100000,0,-3046.67
PRODUCT_01274,COMP_0686,2026-09-01 00:00:00,0,,-1010000,1010000,
PRODUCT_01345,COMP_0686,2026-09-01 00:00:00,0,,-98787.59,,
PRODUCT_01405,COMP_0686,2026-09-01 00:00:00,-150000,,-150000,0,-150000
PRODUCT_01567,COMP_0686,2026-09-01 00:00:00,0,,-18044.25,,
PRODUCT_01805,COMP_0686,2026-09-01 00:00:00,0,,-9582,,
PRODUCT_02391,COMP_0686,2026-09-01 00:00:00,-4651.92,,,,
PRODUCT_02403,COMP_0686,2026-09-01 00:00:00,0,,-1302.48,,
PRODUCT_02690,COMP_0686,2026-09-01 00:00:00,434.11,,,,
PRODUCT_03262,COMP_0686,2026-09-01 00:00:00,24.67,,,,
PRODUCT_03295,COMP_0686,2026-09-01 00:00:00,0,,-340.56,,
PRODUCT_04066,COMP_0686,2026-09-01 00:00:00,0,,,,
PRODUCT_04071,COMP_0686,2026-09-01 00:00:00,0,,-1010000,1010000,
PRODUCT_04417,COMP_0686,2026-09-01 00:00:00,-153.45,,,,
PRODUCT_04666,COMP_0686,2026-09-01 00:00:00,0,,-1946.4,,
PRODUCT_05065,COMP_0686,2026-09-01 00:00:00,0,,-42577.35,,
PRODUCT_05203,COMP_0686,2026-09-01 00:00:00,0,,,,
PRODUCT_05207,COMP_0686,2026-09-01 00:00:00,894.28,,,894.28,
PRODUCT_05749,COMP_0686,2026-09-01 00:00:00,0,,,,
PRODUCT_05832,COMP_0686,2026-09-01 00:00:00,0,,-4066.3,,
PRODUCT_06084,COMP_0686,2026-09-01 00:00:00,-152265.15,,,,
PRODUCT_06095,COMP_0686,2026-09-01 00:00:00,-151834.91,,-250000,98165.09,
PRODUCT_06353,COMP_0686,2026-09-01 00:00:00,19.26,,,,
PRODUCT_06676,COMP_0686,2026-09-01 00:00:00,0,,-1729.28,,
PRODUCT_06793,COMP_0686,2026-09-01 00:00:00,0,,-54608.44,,
PRODUCT_06976,COMP_0686,2026-09-01 00:00:00,-232.3,,,,
PRODUCT_07002,COMP_0686,2026-09-01 00:00:00,-143513.13,,-800000,656486.87,
PRODUCT_07160,COMP_0686,2026-09-01 00:00:00,0,,-18987,18987,
PRODUCT_07249,COMP_0686,2026-09-01 00:00:00,0,,-4452.45,,
PRODUCT_07447,COMP_0686,2026-09-01 00:00:00,-129182.32,,-156667.92,,
PRODUCT_07644,COMP_0686,2026-09-01 00:00:00,0,,-6928.35,,
PRODUCT_08064,COMP_0686,2026-09-01 00:00:00,-234669.8,,-351999.8,,
PRODUCT_00942,COMP_0687,2026-09-01 00:00:00,359676.11,,,,
PRODUCT_04812,COMP_0687,2026-09-01 00:00:00,1314.63,,,,
PRODUCT_01221,COMP_0688,2026-09-01 00:00:00,0,,,,
PRODUCT_01323,COMP_0689,2026-09-01 00:00:00,120718.88,,,,
PRODUCT_00366,COMP_0690,2026-09-01 00:00:00,1132.37,,,,
PRODUCT_05049,COMP_0690,2026-09-01 00:00:00,114450.62,,,,
PRODUCT_05057,COMP_0690,2026-09-01 00:00:00,262838.07,,,,
PRODUCT_05883,COMP_0690,2026-09-01 00:00:00,1117.55,,,,
PRODUCT_00755,COMP_0691,2026-09-01 00:00:00,577666.01,,,,
PRODUCT_03450,COMP_0691,2026-09-01 00:00:00,1000,,,,
PRODUCT_05448,COMP_0691,2026-09-01 00:00:00,250000,,,,
PRODUCT_00639,COMP_0692,2026-09-01 00:00:00,2346.23,,,2346.23,
PRODUCT_00734,COMP_0692,2026-09-01 00:00:00,50881.9,,,50881.9,50881.9
PRODUCT_01772,COMP_0692,2026-09-01 00:00:00,1146.46,,,1146.46,1146.46
PRODUCT_01917,COMP_0692,2026-09-01 00:00:00,6444.59,,,6444.59,6444.59
PRODUCT_02395,COMP_0692,2026-09-01 00:00:00,6460.91,,,6460.91,
PRODUCT_02399,COMP_0692,2026-09-01 00:00:00,2340.31,,,2340.31,2340.31
PRODUCT_03208,COMP_0692,2026-09-01 00:00:00,-4800.91,,,0,-4800.91
PRODUCT_04337,COMP_0692,2026-09-01 00:00:00,141883.02,,,141883.02,141883.02
PRODUCT_06968,COMP_0692,2026-09-01 00:00:00,0,,,0,0
PRODUCT_00107,COMP_0693,2026-09-01 00:00:00,-1682.21,,,,
PRODUCT_00889,COMP_0693,2026-09-01 00:00:00,72877.2,,,,
PRODUCT_01325,COMP_0693,2026-09-01 00:00:00,264.96,,,,
PRODUCT_02376,COMP_0693,2026-09-01 00:00:00,-1736.92,,,,
PRODUCT_04072,COMP_0693,2026-09-01 00:00:00,336411.1,,,,
PRODUCT_06160,COMP_0693,2026-09-01 00:00:00,108547.27,,,,
PRODUCT_07072,COMP_0693,2026-09-01 00:00:00,81090.71,,,,
PRODUCT_07623,COMP_0693,2026-09-01 00:00:00,0,,-100000,100000,
PRODUCT_00167,COMP_0694,2026-09-01 00:00:00,5048.33,,,,
PRODUCT_05576,COMP_0694,2026-09-01 00:00:00,7060.94,,,,
PRODUCT_00150,COMP_0695,2026-09-01 00:00:00,422243.87,,,,
PRODUCT_03890,COMP_0695,2026-09-01 00:00:00,3455.31,,,,
PRODUCT_04232,COMP_0695,2026-09-01 00:00:00,83769.48,,,83769.48,83769.48
PRODUCT_00617,COMP_0696,2026-09-01 00:00:00,-1471395.56,,-4000000,2528604.44,
PRODUCT_00798,COMP_0696,2026-09-01 00:00:00,47210.82,,-3000000,3047210.82,-32595.63
PRODUCT_01587,COMP_0696,2026-09-01 00:00:00,0,,,,
PRODUCT_01718,COMP_0696,2026-09-01 00:00:00,-2715061.54,,-4000000,1284938.46,
PRODUCT_01851,COMP_0696,2026-09-01 00:00:00,-113258.92,,-2350000,2236741.08,-325797.31
PRODUCT_02024,COMP_0696,2026-09-01 00:00:00,0,,-6000,6000,
PRODUCT_02971,COMP_0696,2026-09-01 00:00:00,-608274.16,,-1190000,581725.84,
PRODUCT_02978,COMP_0696,2026-09-01 00:00:00,9.81,,,,
PRODUCT_03164,COMP_0696,2026-09-01 00:00:00,16254.88,,,,
PRODUCT_03305,COMP_0696,2026-09-01 00:00:00,-1313183.15,,-3500000,2186816.85,-1313183.15
PRODUCT_03464,COMP_0696,2026-09-01 00:00:00,23430.02,,,,
PRODUCT_03613,COMP_0696,2026-09-01 00:00:00,-147817.49,,-760000,612182.51,
PRODUCT_04243,COMP_0696,2026-09-01 00:00:00,0,,,,
PRODUCT_05549,COMP_0696,2026-09-01 00:00:00,-1255632.95,,-1400000,144367.05,0
PRODUCT_06028,COMP_0696,2026-09-01 00:00:00,-480699.32,,-1500000,1019300.68,-480699.32
PRODUCT_06522,COMP_0696,2026-09-01 00:00:00,-1363.14,,-1000000,998636.86,
PRODUCT_07504,COMP_0696,2026-09-01 00:00:00,-2399117.33,,-4000000,1600882.67,
PRODUCT_07579,COMP_0696,2026-09-01 00:00:00,6371.57,,,,
PRODUCT_07732,COMP_0696,2026-09-01 00:00:00,5316.38,,,,
PRODUCT_08057,COMP_0696,2026-09-01 00:00:00,-1270654.65,,-1500000,229345.35,
PRODUCT_00401,COMP_0697,2026-09-01 00:00:00,-105000,,-225000,,
PRODUCT_01764,COMP_0697,2026-09-01 00:00:00,-15000,,-135000,,
PRODUCT_02663,COMP_0697,2026-09-01 00:00:00,0,,,,
PRODUCT_03066,COMP_0697,2026-09-01 00:00:00,2158.53,,,,
PRODUCT_06658,COMP_0697,2026-09-01 00:00:00,0,,-600000,,
PRODUCT_06708,COMP_0697,2026-09-01 00:00:00,0,,,,
PRODUCT_06844,COMP_0697,2026-09-01 00:00:00,12768.96,,,,
PRODUCT_07377,COMP_0697,2026-09-01 00:00:00,0,,-400000.02,,
PRODUCT_03525,COMP_0698,2026-09-01 00:00:00,0,,,,
PRODUCT_04404,COMP_0699,2026-09-01 00:00:00,0,,,,
PRODUCT_07601,COMP_0699,2026-09-01 00:00:00,0,,,,
PRODUCT_00144,COMP_0700,2026-09-01 00:00:00,-42429.46,,-100000,57570.54,
PRODUCT_00399,COMP_0700,2026-09-01 00:00:00,20040,,,,
PRODUCT_04421,COMP_0700,2026-09-01 00:00:00,-1426651.34,,-2818949,,
PRODUCT_05801,COMP_0700,2026-09-01 00:00:00,3067.4,,,,
PRODUCT_07329,COMP_0700,2026-09-01 00:00:00,5798.5,,,,
PRODUCT_07393,COMP_0700,2026-09-01 00:00:00,21592.17,,,,
PRODUCT_07436,COMP_0700,2026-09-01 00:00:00,140645,,,140645,140645
PRODUCT_07793,COMP_0700,2026-09-01 00:00:00,-900058,,-1000000,99942,-12707.32
PRODUCT_05058,COMP_0701,2026-09-01 00:00:00,29564.56,,,,
PRODUCT_05225,COMP_0702,2026-09-01 00:00:00,157791.53,,,157791.53,150278.37
PRODUCT_05809,COMP_0702,2026-09-01 00:00:00,0,,-25399.36,,
PRODUCT_00229,COMP_0703,2026-09-01 00:00:00,0,,,,
PRODUCT_00794,COMP_0703,2026-09-01 00:00:00,2455.39,,,,
PRODUCT_02590,COMP_0703,2026-09-01 00:00:00,0,,,,
PRODUCT_05117,COMP_0703,2026-09-01 00:00:00,0,,,,
PRODUCT_05152,COMP_0703,2026-09-01 00:00:00,0,,,,
PRODUCT_05941,COMP_0703,2026-09-01 00:00:00,41759.91,,,,
PRODUCT_07876,COMP_0703,2026-09-01 00:00:00,0,,,,
PRODUCT_00822,COMP_0704,2026-09-01 00:00:00,10779.03,,,,
PRODUCT_00308,COMP_0705,2026-09-01 00:00:00,0,,-3000,3000,3000
PRODUCT_01916,COMP_0705,2026-09-01 00:00:00,99727.97,,,,
PRODUCT_05310,COMP_0705,2026-09-01 00:00:00,0,,-3000,3000,3000
PRODUCT_07495,COMP_0705,2026-09-01 00:00:00,-8387647.3,,-10250000,,
PRODUCT_07577,COMP_0705,2026-09-01 00:00:00,53.14,,,,
PRODUCT_07679,COMP_0705,2026-09-01 00:00:00,618.46,,,,
PRODUCT_00930,COMP_0706,2026-09-01 00:00:00,387045.96,,,,
PRODUCT_07803,COMP_0706,2026-09-01 00:00:00,3270.65,,,,
PRODUCT_08152,COMP_0706,2026-09-01 00:00:00,66776,,,,
PRODUCT_02367,COMP_0707,2026-09-01 00:00:00,63.15,,,,
PRODUCT_02686,COMP_0707,2026-09-01 00:00:00,69.41,,,,
PRODUCT_03037,COMP_0707,2026-09-01 00:00:00,0,,-500000,500000,
PRODUCT_07474,COMP_0707,2026-09-01 00:00:00,0,,-6000,,
PRODUCT_07855,COMP_0707,2026-09-01 00:00:00,1645.65,,,,
PRODUCT_00215,COMP_0708,2026-09-01 00:00:00,2115197.18,,,,
PRODUCT_01332,COMP_0708,2026-09-01 00:00:00,-22.69,,-1000,977.31,477.59
PRODUCT_01609,COMP_0708,2026-09-01 00:00:00,0,,,,
PRODUCT_01746,COMP_0708,2026-09-01 00:00:00,0,,,,
PRODUCT_01937,COMP_0708,2026-09-01 00:00:00,0,,,,
PRODUCT_02118,COMP_0708,2026-09-01 00:00:00,83241.82,,,,
PRODUCT_03757,COMP_0708,2026-09-01 00:00:00,2609.99,,,,
PRODUCT_03807,COMP_0708,2026-09-01 00:00:00,0,,,,
PRODUCT_04765,COMP_0708,2026-09-01 00:00:00,-6939.59,,-15000,8060.41,
PRODUCT_04937,COMP_0708,2026-09-01 00:00:00,0,,,,
PRODUCT_05935,COMP_0708,2026-09-01 00:00:00,-1442.18,,-15000,13557.82,14443.76
PRODUCT_05953,COMP_0708,2026-09-01 00:00:00,-864.27,,-2400,1535.73,1953.67
PRODUCT_06396,COMP_0708,2026-09-01 00:00:00,-1620.9,,-3000,1379.1,
PRODUCT_06748,COMP_0708,2026-09-01 00:00:00,1937564.79,,,,
PRODUCT_06791,COMP_0708,2026-09-01 00:00:00,-740.4,,-750,9.6,
PRODUCT_07764,COMP_0708,2026-09-01 00:00:00,0,,,,
PRODUCT_00711,COMP_0709,2026-09-01 00:00:00,465209.08,,,,
PRODUCT_01445,COMP_0709,2026-09-01 00:00:00,60213.35,,,,
PRODUCT_01946,COMP_0709,2026-09-01 00:00:00,27800.55,,,,
PRODUCT_06351,COMP_0709,2026-09-01 00:00:00,162033.33,,,,
PRODUCT_00204,COMP_0710,2026-09-01 00:00:00,0,,-2000,2000,2000
PRODUCT_00802,COMP_0710,2026-09-01 00:00:00,6406.19,,,,
PRODUCT_03240,COMP_0710,2026-09-01 00:00:00,621.74,,,,
PRODUCT_04703,COMP_0711,2026-09-01 00:00:00,-0.13,,,,
PRODUCT_08188,COMP_0712,2026-09-01 00:00:00,3240.02,,,3240.02,
PRODUCT_00295,COMP_0713,2026-09-01 00:00:00,-95,,-3000,2905,
PRODUCT_00361,COMP_0713,2026-09-01 00:00:00,2503.5,,,,
PRODUCT_00447,COMP_0713,2026-09-01 00:00:00,0,,-8000,8000,
PRODUCT_00678,COMP_0713,2026-09-01 00:00:00,0,,,,
PRODUCT_01101,COMP_0713,2026-09-01 00:00:00,0,,-3000,3000,
PRODUCT_01123,COMP_0713,2026-09-01 00:00:00,0,,-8000,8000,
PRODUCT_01225,COMP_0713,2026-09-01 00:00:00,23.51,,,,
PRODUCT_01960,COMP_0713,2026-09-01 00:00:00,-2,,,,
PRODUCT_01969,COMP_0713,2026-09-01 00:00:00,10770.86,,,,
PRODUCT_02069,COMP_0713,2026-09-01 00:00:00,0,,-4000,4000,
PRODUCT_02530,COMP_0713,2026-09-01 00:00:00,0,,-3000,3000,
PRODUCT_02825,COMP_0713,2026-09-01 00:00:00,3.25,,,,
PRODUCT_02899,COMP_0713,2026-09-01 00:00:00,56916.63,,,,
PRODUCT_02965,COMP_0713,2026-09-01 00:00:00,0,,,,
PRODUCT_03315,COMP_0713,2026-09-01 00:00:00,3603.45,,,,
PRODUCT_03535,COMP_0713,2026-09-01 00:00:00,96501.13,,,,
PRODUCT_04006,COMP_0713,2026-09-01 00:00:00,-796.59,,-10000,9203.41,
PRODUCT_05378,COMP_0713,2026-09-01 00:00:00,0,,-4000,4000,
PRODUCT_05414,COMP_0713,2026-09-01 00:00:00,0,,,,
PRODUCT_05489,COMP_0713,2026-09-01 00:00:00,0,,,,
PRODUCT_05868,COMP_0713,2026-09-01 00:00:00,454407.13,,,,
PRODUCT_05897,COMP_0713,2026-09-01 00:00:00,0,,-3000,3000,
PRODUCT_06058,COMP_0713,2026-09-01 00:00:00,2429718.25,,,,
PRODUCT_06602,COMP_0713,2026-09-01 00:00:00,0,,,,
PRODUCT_06675,COMP_0713,2026-09-01 00:00:00,801214.55,,,,
PRODUCT_06926,COMP_0713,2026-09-01 00:00:00,0,,-8000,8000,
PRODUCT_07841,COMP_0713,2026-09-01 00:00:00,91341.74,,,,
PRODUCT_04530,COMP_0714,2026-09-01 00:00:00,0,,,,
PRODUCT_06977,COMP_0714,2026-09-01 00:00:00,0,,,,
PRODUCT_02166,COMP_0716,2026-09-01 00:00:00,0,,,,
PRODUCT_02410,COMP_0716,2026-09-01 00:00:00,0,,,,
PRODUCT_03701,COMP_0716,2026-09-01 00:00:00,0,,,,
PRODUCT_06775,COMP_0716,2026-09-01 00:00:00,931453.2,,,,
PRODUCT_05456,COMP_0717,2026-09-01 00:00:00,87.93,,,,
PRODUCT_04624,COMP_0718,2026-09-01 00:00:00,10623.57,,,,
PRODUCT_04378,COMP_0719,2026-09-01 00:00:00,29106.78,,,,
PRODUCT_00909,COMP_0721,2026-09-01 00:00:00,0,,,,
PRODUCT_01247,COMP_0721,2026-09-01 00:00:00,40.17,,,,
PRODUCT_01660,COMP_0721,2026-09-01 00:00:00,496292.04,,,,
PRODUCT_01719,COMP_0721,2026-09-01 00:00:00,-10623.39,,-26305.81,,
PRODUCT_02392,COMP_0721,2026-09-01 00:00:00,1421.25,,,,
PRODUCT_03158,COMP_0721,2026-09-01 00:00:00,-360518.59,,-464024.64,,
PRODUCT_03458,COMP_0721,2026-09-01 00:00:00,-1579030.35,,-1715724.83,,
PRODUCT_03880,COMP_0721,2026-09-01 00:00:00,21535.41,,,,
PRODUCT_04141,COMP_0721,2026-09-01 00:00:00,4305.97,,,,
PRODUCT_04536,COMP_0721,2026-09-01 00:00:00,-64388.12,,-121311.93,,
PRODUCT_04677,COMP_0721,2026-09-01 00:00:00,327314.69,,,,
PRODUCT_04904,COMP_0721,2026-09-01 00:00:00,1070.34,,,,
PRODUCT_04936,COMP_0721,2026-09-01 00:00:00,-89065.64,,-120584.66,,
PRODUCT_05304,COMP_0721,2026-09-01 00:00:00,-710931.45,,-1279550.84,,
PRODUCT_05583,COMP_0721,2026-09-01 00:00:00,-31477.69,,-42908.76,,
PRODUCT_07220,COMP_0721,2026-09-01 00:00:00,-837799.15,,-863034.21,,
PRODUCT_08155,COMP_0721,2026-09-01 00:00:00,-20342.25,,-106193.48,,
PRODUCT_07961,COMP_0722,2026-09-01 00:00:00,1182.7,,,,
PRODUCT_00086,COMP_0723,2026-09-01 00:00:00,0,,,,
PRODUCT_00828,COMP_0723,2026-09-01 00:00:00,0,,,,
PRODUCT_00954,COMP_0723,2026-09-01 00:00:00,0,,,,0
PRODUCT_01387,COMP_0723,2026-09-01 00:00:00,0,,,,
PRODUCT_01516,COMP_0723,2026-09-01 00:00:00,15.36,,,,
PRODUCT_01903,COMP_0723,2026-09-01 00:00:00,252.85,,,,
PRODUCT_02413,COMP_0723,2026-09-01 00:00:00,0,,,,
PRODUCT_02443,COMP_0723,2026-09-01 00:00:00,1512.56,,,,
PRODUCT_03024,COMP_0723,2026-09-01 00:00:00,0,,,,0
PRODUCT_06724,COMP_0723,2026-09-01 00:00:00,1105.82,,,,
PRODUCT_07356,COMP_0723,2026-09-01 00:00:00,667.21,,,,
PRODUCT_07645,COMP_0723,2026-09-01 00:00:00,0,,,,
PRODUCT_01111,COMP_0724,2026-09-01 00:00:00,12525.16,,,,
PRODUCT_05867,COMP_0724,2026-09-01 00:00:00,0,,,,
PRODUCT_03680,COMP_0725,2026-09-01 00:00:00,24153.16,,,,
PRODUCT_04552,COMP_0725,2026-09-01 00:00:00,903955.24,,,,
PRODUCT_04400,COMP_0726,2026-09-01 00:00:00,37665.84,,,,
PRODUCT_04574,COMP_0726,2026-09-01 00:00:00,4969.18,,,,
PRODUCT_00163,COMP_0727,2026-09-01 00:00:00,34678.57,,,,
PRODUCT_01023,COMP_0727,2026-09-01 00:00:00,4963.01,,,,
PRODUCT_01635,COMP_0727,2026-09-01 00:00:00,9945.86,,,9945.86,
PRODUCT_02544,COMP_0727,2026-09-01 00:00:00,532642.53,,,532642.53,
PRODUCT_03039,COMP_0727,2026-09-01 00:00:00,1878.8,,,,
PRODUCT_03954,COMP_0727,2026-09-01 00:00:00,0,,,0,
PRODUCT_05434,COMP_0727,2026-09-01 00:00:00,71599.94,,,71599.94,
PRODUCT_02188,COMP_0728,2026-09-01 00:00:00,0,,,,
PRODUCT_04776,COMP_0728,2026-09-01 00:00:00,5000,,,5000,
PRODUCT_07705,COMP_0728,2026-09-01 00:00:00,0,,,,
PRODUCT_08077,COMP_0728,2026-09-01 00:00:00,712755.8,,,712755.8,
PRODUCT_05015,COMP_0729,2026-09-01 00:00:00,4985.65,,,,
PRODUCT_00303,COMP_0730,2026-09-01 00:00:00,289078.29,,,,
PRODUCT_00360,COMP_0730,2026-09-01 00:00:00,258668.39,,,,
PRODUCT_00549,COMP_0730,2026-09-01 00:00:00,1115.28,,,,
PRODUCT_00984,COMP_0730,2026-09-01 00:00:00,0,,,,
PRODUCT_01034,COMP_0730,2026-09-01 00:00:00,3349165.47,,,,
PRODUCT_01230,COMP_0730,2026-09-01 00:00:00,79018.55,,,,
PRODUCT_01572,COMP_0730,2026-09-01 00:00:00,9387.59,,,,
PRODUCT_02504,COMP_0730,2026-09-01 00:00:00,206532.58,,,,
PRODUCT_03691,COMP_0730,2026-09-01 00:00:00,75421.16,,,,
PRODUCT_05715,COMP_0730,2026-09-01 00:00:00,1075169.05,,,,
PRODUCT_06208,COMP_0730,2026-09-01 00:00:00,5836327.85,,,,
PRODUCT_06937,COMP_0730,2026-09-01 00:00:00,1372460.05,,,,
PRODUCT_06992,COMP_0730,2026-09-01 00:00:00,17910.87,,,,
PRODUCT_07274,COMP_0730,2026-09-01 00:00:00,410628.52,,,,
PRODUCT_05748,COMP_0731,2026-09-01 00:00:00,57425.22,,,,
PRODUCT_06151,COMP_0731,2026-09-01 00:00:00,13628.38,,,,
PRODUCT_04471,COMP_0732,2026-09-01 00:00:00,3467.07,,,,
PRODUCT_05696,COMP_0732,2026-09-01 00:00:00,7703.77,,,,7703.77
PRODUCT_07157,COMP_0732,2026-09-01 00:00:00,0,,,,
PRODUCT_01079,COMP_0733,2026-09-01 00:00:00,0,,,,
PRODUCT_02424,COMP_0733,2026-09-01 00:00:00,3228.26,,,,
PRODUCT_04160,COMP_0733,2026-09-01 00:00:00,13017.31,,,,
PRODUCT_05051,COMP_0733,2026-09-01 00:00:00,3551.12,,,,
PRODUCT_07809,COMP_0733,2026-09-01 00:00:00,5597.08,,,,
PRODUCT_02911,COMP_0734,2026-09-01 00:00:00,242362.56,,,,
PRODUCT_04195,COMP_0734,2026-09-01 00:00:00,177788.59,,,,
PRODUCT_04047,COMP_0735,2026-09-01 00:00:00,97893.41,,,,
PRODUCT_02671,COMP_0736,2026-09-01 00:00:00,94385.11,,,,
PRODUCT_03678,COMP_0737,2026-09-01 00:00:00,165029.03,,,,
PRODUCT_07913,COMP_0737,2026-09-01 00:00:00,-36.94,,-2000,1963.06,
PRODUCT_02739,COMP_0738,2026-09-01 00:00:00,46669.46,,,,
PRODUCT_05216,COMP_0738,2026-09-01 00:00:00,202,,,,
PRODUCT_00035,COMP_0739,2026-09-01 00:00:00,6553.11,,,,
PRODUCT_02740,COMP_0739,2026-09-01 00:00:00,149682.71,,,,
PRODUCT_03600,COMP_0739,2026-09-01 00:00:00,0,,,,
PRODUCT_04311,COMP_0739,2026-09-01 00:00:00,0,,,,
PRODUCT_05708,COMP_0739,2026-09-01 00:00:00,90373.9,,,,
PRODUCT_06309,COMP_0739,2026-09-01 00:00:00,0,,,,
PRODUCT_06916,COMP_0739,2026-09-01 00:00:00,305307.18,,,,
PRODUCT_01045,COMP_0740,2026-09-01 00:00:00,33236.96,,,33236.96,33236.96
PRODUCT_06167,COMP_0740,2026-09-01 00:00:00,81397.42,,,81397.42,81397.42
PRODUCT_07844,COMP_0740,2026-09-01 00:00:00,2700.87,,,2700.87,2700.87
PRODUCT_05738,COMP_0741,2026-09-01 00:00:00,265947.76,,,,
PRODUCT_00005,COMP_0742,2026-09-01 00:00:00,-840000,,,,
PRODUCT_00865,COMP_0742,2026-09-01 00:00:00,0,,,,
PRODUCT_01228,COMP_0742,2026-09-01 00:00:00,581.43,,,,
PRODUCT_06965,COMP_0742,2026-09-01 00:00:00,881274.48,,,,
PRODUCT_07229,COMP_0742,2026-09-01 00:00:00,0,,,,
PRODUCT_00961,COMP_0743,2026-09-01 00:00:00,-69720,,,,
PRODUCT_01434,COMP_0743,2026-09-01 00:00:00,-96641.07,,-202000,,
PRODUCT_02080,COMP_0743,2026-09-01 00:00:00,0,,-200000,,
PRODUCT_02685,COMP_0743,2026-09-01 00:00:00,0,,-575000,,
PRODUCT_02719,COMP_0743,2026-09-01 00:00:00,1001926.94,,,,
PRODUCT_03200,COMP_0743,2026-09-01 00:00:00,0,,,0,
PRODUCT_03551,COMP_0743,2026-09-01 00:00:00,-126061.2,,-400000,,
PRODUCT_03941,COMP_0743,2026-09-01 00:00:00,0,,,0,
PRODUCT_04861,COMP_0743,2026-09-01 00:00:00,-41666.68,,-50000,,
PRODUCT_08266,COMP_0743,2026-09-01 00:00:00,0,,,,
PRODUCT_05308,COMP_0743,2026-09-01 00:00:00,-96641.07,,-202000,,
PRODUCT_05833,COMP_0743,2026-09-01 00:00:00,1926.71,,,1926.71,
PRODUCT_06045,COMP_0743,2026-09-01 00:00:00,0,,-1800,1800,1800
PRODUCT_06279,COMP_0743,2026-09-01 00:00:00,0,,,,
PRODUCT_06374,COMP_0743,2026-09-01 00:00:00,0,,-3000,3000,3000
PRODUCT_06553,COMP_0743,2026-09-01 00:00:00,494257.97,,-45000,539257.97,494257.97
PRODUCT_06574,COMP_0743,2026-09-01 00:00:00,44753.93,,,,
PRODUCT_07401,COMP_0743,2026-09-01 00:00:00,0,,-9000,9000,3232
PRODUCT_07733,COMP_0743,2026-09-01 00:00:00,1000,,,,
PRODUCT_07935,COMP_0743,2026-09-01 00:00:00,0,,,,
PRODUCT_00744,COMP_0744,2026-09-01 00:00:00,3647.65,,,,
PRODUCT_02703,COMP_0744,2026-09-01 00:00:00,0,,,,
PRODUCT_06523,COMP_0744,2026-09-01 00:00:00,441471.43,,,441471.43,
PRODUCT_07387,COMP_0744,2026-09-01 00:00:00,0,,,,
PRODUCT_00422,COMP_0745,2026-09-01 00:00:00,0,,-6000,6000,
PRODUCT_00815,COMP_0745,2026-09-01 00:00:00,-1033118.9,,-1088750,,
PRODUCT_01020,COMP_0745,2026-09-01 00:00:00,-158389.05,,-187988.64,,
PRODUCT_01282,COMP_0745,2026-09-01 00:00:00,-815565.59,,-850586,,
PRODUCT_02369,COMP_0745,2026-09-01 00:00:00,-337146.59,,-566000,,
PRODUCT_02786,COMP_0745,2026-09-01 00:00:00,1236.2,,,,
PRODUCT_02799,COMP_0745,2026-09-01 00:00:00,-35605.64,,-1000000,964394.36,-35605.64
PRODUCT_03350,COMP_0745,2026-09-01 00:00:00,6382.21,,,,
PRODUCT_03991,COMP_0745,2026-09-01 00:00:00,-295775.69,,-314736.88,,
PRODUCT_04174,COMP_0745,2026-09-01 00:00:00,-263377.14,,-512268.18,,
PRODUCT_04252,COMP_0745,2026-09-01 00:00:00,7012.59,,,7012.59,7612.59
PRODUCT_04282,COMP_0745,2026-09-01 00:00:00,-418259.98,,-433897.1,,
PRODUCT_05034,COMP_0745,2026-09-01 00:00:00,-131346.99,,-141901.99,,
PRODUCT_05985,COMP_0745,2026-09-01 00:00:00,-328861.85,,-339456.59,,
PRODUCT_06197,COMP_0745,2026-09-01 00:00:00,-624768.96,,-714800,,
PRODUCT_06728,COMP_0745,2026-09-01 00:00:00,-1189972,,-1210092.83,,
PRODUCT_06812,COMP_0745,2026-09-01 00:00:00,1346.06,,,,
PRODUCT_07273,COMP_0745,2026-09-01 00:00:00,-97826.56,,-196000,,
PRODUCT_07497,COMP_0745,2026-09-01 00:00:00,-130315.49,,-142028.22,,
PRODUCT_07557,COMP_0745,2026-09-01 00:00:00,15011.87,,,,
PRODUCT_00540,COMP_0746,2026-09-01 00:00:00,4824.43,,,,
PRODUCT_04889,COMP_0746,2026-09-01 00:00:00,109854.02,,,,
PRODUCT_00112,COMP_0747,2026-09-01 00:00:00,0,,,,
PRODUCT_00431,COMP_0747,2026-09-01 00:00:00,-779284.82,,-945688.82,,
PRODUCT_00567,COMP_0747,2026-09-01 00:00:00,3477.6,,,,
PRODUCT_02615,COMP_0747,2026-09-01 00:00:00,0,,,,
PRODUCT_02635,COMP_0747,2026-09-01 00:00:00,-979.3,,-5000,4020.7,
PRODUCT_03461,COMP_0747,2026-09-01 00:00:00,0,,-204031.81,,
PRODUCT_04134,COMP_0747,2026-09-01 00:00:00,0,,,,
PRODUCT_01051,COMP_0748,2026-09-01 00:00:00,10412.53,,,,
PRODUCT_01514,COMP_0748,2026-09-01 00:00:00,1981.34,,,,
PRODUCT_02320,COMP_0748,2026-09-01 00:00:00,341674.35,,,,
PRODUCT_04527,COMP_0748,2026-09-01 00:00:00,42909.7,,,,
PRODUCT_07298,COMP_0748,2026-09-01 00:00:00,-1500000,,-1500000,0,
PRODUCT_07427,COMP_0748,2026-09-01 00:00:00,0,,-250000,250000,
PRODUCT_00469,COMP_0749,2026-09-01 00:00:00,12968.06,,,12968.06,12968.06
PRODUCT_04045,COMP_0749,2026-09-01 00:00:00,111729.15,,,,
PRODUCT_00563,COMP_0750,2026-09-01 00:00:00,0,,,,
PRODUCT_05467,COMP_0750,2026-09-01 00:00:00,-27016.56,,-76807.68,,
PRODUCT_05741,COMP_0750,2026-09-01 00:00:00,0,,,,
PRODUCT_02444,COMP_0751,2026-09-01 00:00:00,13502.45,,,,
PRODUCT_04111,COMP_0751,2026-09-01 00:00:00,-65.33,,-1200,1134.67,
PRODUCT_04595,COMP_0751,2026-09-01 00:00:00,0,,-1200,1200,
PRODUCT_00884,COMP_0752,2026-09-01 00:00:00,0,,-3000,3000,
PRODUCT_01257,COMP_0752,2026-09-01 00:00:00,0,,-200,200,
PRODUCT_01290,COMP_0752,2026-09-01 00:00:00,70929.19,,,,
PRODUCT_07719,COMP_0752,2026-09-01 00:00:00,0,,-200,200,
PRODUCT_01417,COMP_0753,2026-09-01 00:00:00,1462619.37,,,,
PRODUCT_07225,COMP_0753,2026-09-01 00:00:00,95911.09,,,,
PRODUCT_00786,COMP_0754,2026-09-01 00:00:00,56385.46,,,,
PRODUCT_01481,COMP_0754,2026-09-01 00:00:00,456251.3,,,,
PRODUCT_02428,COMP_0754,2026-09-01 00:00:00,33517.9,,,,
PRODUCT_03565,COMP_0754,2026-09-01 00:00:00,264643.91,,,,
PRODUCT_04306,COMP_0754,2026-09-01 00:00:00,441.29,,,,
PRODUCT_05937,COMP_0754,2026-09-01 00:00:00,35394.71,,,,
PRODUCT_06008,COMP_0754,2026-09-01 00:00:00,11420.22,,,,
PRODUCT_06474,COMP_0754,2026-09-01 00:00:00,87758.51,,,,
PRODUCT_07780,COMP_0754,2026-09-01 00:00:00,346030.94,,,,
PRODUCT_08039,COMP_0754,2026-09-01 00:00:00,158090.19,,,,
PRODUCT_02200,COMP_0755,2026-09-01 00:00:00,5095.9,,,,
PRODUCT_04554,COMP_0755,2026-09-01 00:00:00,1508.66,,,,
PRODUCT_06073,COMP_0755,2026-09-01 00:00:00,10772.15,,,10772.15,10772.15
PRODUCT_06356,COMP_0755,2026-09-01 00:00:00,32984.23,,,,
PRODUCT_00622,COMP_0756,2026-09-01 00:00:00,-1474.59,,-3000,1525.41,1452.24
PRODUCT_01005,COMP_0756,2026-09-01 00:00:00,10757.11,,,,
PRODUCT_01913,COMP_0756,2026-09-01 00:00:00,58337.26,,,,
PRODUCT_02078,COMP_0756,2026-09-01 00:00:00,-5.98,,-200,194.02,158.88
PRODUCT_03204,COMP_0756,2026-09-01 00:00:00,92300.73,,,,
PRODUCT_05932,COMP_0756,2026-09-01 00:00:00,-36.4,,-1800,1763.6,1306.29
PRODUCT_06300,COMP_0756,2026-09-01 00:00:00,18136.59,,,,
PRODUCT_06664,COMP_0756,2026-09-01 00:00:00,30,,,,
PRODUCT_07446,COMP_0756,2026-09-01 00:00:00,295.45,,,,
PRODUCT_07953,COMP_0756,2026-09-01 00:00:00,7683.23,,,7683.23,7683.23
PRODUCT_07120,COMP_0757,2026-09-01 00:00:00,293571.56,,,293571.56,293571.56
PRODUCT_07582,COMP_0757,2026-09-01 00:00:00,2500,,,,
PRODUCT_00264,COMP_0758,2026-09-01 00:00:00,11484.4,,,,
PRODUCT_05341,COMP_0759,2026-09-01 00:00:00,1827.5,,,,
PRODUCT_06666,COMP_0759,2026-09-01 00:00:00,0,,,,
PRODUCT_00858,COMP_0760,2026-09-01 00:00:00,-91740.82,,,,
PRODUCT_05778,COMP_0760,2026-09-01 00:00:00,0,,,,
PRODUCT_07370,COMP_0760,2026-09-01 00:00:00,27521.86,,,,
PRODUCT_03086,COMP_0761,2026-09-01 00:00:00,8895.56,,,,
PRODUCT_04259,COMP_0761,2026-09-01 00:00:00,10484621.15,,,,
PRODUCT_04995,COMP_0761,2026-09-01 00:00:00,963949.53,,,,
PRODUCT_06486,COMP_0761,2026-09-01 00:00:00,84492.73,,,,
PRODUCT_07100,COMP_0762,2026-09-01 00:00:00,18842.53,,,,
PRODUCT_07552,COMP_0762,2026-09-01 00:00:00,23986.46,,,23986.46,23986.46
PRODUCT_05628,COMP_0763,2026-09-01 00:00:00,519.23,,,,
PRODUCT_03744,COMP_0764,2026-09-01 00:00:00,5444.66,,,,
PRODUCT_06064,COMP_0764,2026-09-01 00:00:00,0,,-1200000,,
PRODUCT_07065,COMP_0764,2026-09-01 00:00:00,705.86,,,,
PRODUCT_02950,COMP_0765,2026-09-01 00:00:00,12710,,,,
PRODUCT_07384,COMP_0765,2026-09-01 00:00:00,911395.77,,,,
PRODUCT_02197,COMP_0766,2026-09-01 00:00:00,5000,,,,
PRODUCT_02666,COMP_0766,2026-09-01 00:00:00,5838.58,,,,
PRODUCT_01836,COMP_0767,2026-09-01 00:00:00,3736.96,,,,
PRODUCT_00324,COMP_0768,2026-09-01 00:00:00,0,,,,
PRODUCT_03344,COMP_0768,2026-09-01 00:00:00,3.72,,,,
PRODUCT_03471,COMP_0768,2026-09-01 00:00:00,0,,,,
PRODUCT_04382,COMP_0768,2026-09-01 00:00:00,493.81,,,,
PRODUCT_07064,COMP_0768,2026-09-01 00:00:00,193505.92,,,,
PRODUCT_07280,COMP_0768,2026-09-01 00:00:00,17275.72,,,,
PRODUCT_08112,COMP_0768,2026-09-01 00:00:00,268.12,,,,
PRODUCT_00559,COMP_0769,2026-09-01 00:00:00,66281.82,,,66281.82,66281.82
PRODUCT_08267,COMP_0769,2026-09-01 00:00:00,66281.82,,,,
PRODUCT_01437,COMP_0769,2026-09-01 00:00:00,-37154.82,,-37154.82,,
PRODUCT_01911,COMP_0769,2026-09-01 00:00:00,70047.48,,,,
PRODUCT_02860,COMP_0769,2026-09-01 00:00:00,-33574.24,,-33574.24,,
PRODUCT_03952,COMP_0769,2026-09-01 00:00:00,-1173579.46,,-2387303.91,,
PRODUCT_05258,COMP_0769,2026-09-01 00:00:00,0,,-300000,300000,
PRODUCT_05647,COMP_0769,2026-09-01 00:00:00,726.81,,,,
PRODUCT_06984,COMP_0769,2026-09-01 00:00:00,0,,,,
PRODUCT_07686,COMP_0769,2026-09-01 00:00:00,9.87,,,,
PRODUCT_00996,COMP_0770,2026-09-01 00:00:00,28184.7,,,,
PRODUCT_02526,COMP_0770,2026-09-01 00:00:00,-203034.29,,-254247.73,,
PRODUCT_03626,COMP_0770,2026-09-01 00:00:00,-66766.07,,-84000,,
PRODUCT_04484,COMP_0771,2026-09-01 00:00:00,84740.96,,,84740.96,84740.96
PRODUCT_00716,COMP_0772,2026-09-01 00:00:00,0,,,,
PRODUCT_03438,COMP_0772,2026-09-01 00:00:00,71937.54,,,,
PRODUCT_05667,COMP_0772,2026-09-01 00:00:00,6366.99,,,,
PRODUCT_07441,COMP_0772,2026-09-01 00:00:00,267712.07,,,,
PRODUCT_08179,COMP_0772,2026-09-01 00:00:00,0,,,,
PRODUCT_00601,COMP_0773,2026-09-01 00:00:00,25739.99,,,,
PRODUCT_00623,COMP_0773,2026-09-01 00:00:00,0,,,,
PRODUCT_01839,COMP_0773,2026-09-01 00:00:00,313650.79,,,,
PRODUCT_01995,COMP_0773,2026-09-01 00:00:00,110479.94,,,,
PRODUCT_02168,COMP_0773,2026-09-01 00:00:00,0,,,,
PRODUCT_02225,COMP_0773,2026-09-01 00:00:00,0,,,,
PRODUCT_02670,COMP_0773,2026-09-01 00:00:00,85962.06,,,85962.06,85962.06
PRODUCT_02916,COMP_0773,2026-09-01 00:00:00,11400.29,,,11400.29,
PRODUCT_03413,COMP_0773,2026-09-01 00:00:00,17784.86,,,,
PRODUCT_03541,COMP_0773,2026-09-01 00:00:00,1179394.57,,,,
PRODUCT_04018,COMP_0773,2026-09-01 00:00:00,0,,,,
PRODUCT_06586,COMP_0773,2026-09-01 00:00:00,1288729.92,,,,
PRODUCT_06683,COMP_0773,2026-09-01 00:00:00,100199.96,,,,
PRODUCT_07171,COMP_0773,2026-09-01 00:00:00,975799.66,,,,
PRODUCT_07206,COMP_0773,2026-09-01 00:00:00,19896.96,,,,
PRODUCT_07418,COMP_0773,2026-09-01 00:00:00,11497.05,,,,
PRODUCT_08141,COMP_0773,2026-09-01 00:00:00,107946,,,,
PRODUCT_00829,COMP_0774,2026-09-01 00:00:00,5360.21,,,,
PRODUCT_01176,COMP_0774,2026-09-01 00:00:00,-73072.95,,-150000,,
PRODUCT_02821,COMP_0774,2026-09-01 00:00:00,-72419.81,,-200000,127580.19,-72419.81
PRODUCT_03198,COMP_0774,2026-09-01 00:00:00,-674954.75,,-1348588.23,,
PRODUCT_04469,COMP_0774,2026-09-01 00:00:00,0,,-300000,,
PRODUCT_04376,COMP_0775,2026-09-01 00:00:00,31284.77,,,,
PRODUCT_05684,COMP_0775,2026-09-01 00:00:00,4228.1,,,,
PRODUCT_06099,COMP_0775,2026-09-01 00:00:00,9457.32,,,,
PRODUCT_07410,COMP_0775,2026-09-01 00:00:00,648567.65,,,,
PRODUCT_07750,COMP_0775,2026-09-01 00:00:00,113153.35,,,,
PRODUCT_07815,COMP_0775,2026-09-01 00:00:00,9826.89,,,,
PRODUCT_07826,COMP_0775,2026-09-01 00:00:00,48357.59,,,,
PRODUCT_04601,COMP_0776,2026-09-01 00:00:00,0,,,,
PRODUCT_05115,COMP_0776,2026-09-01 00:00:00,0,,,,
PRODUCT_00345,COMP_0777,2026-09-01 00:00:00,1944565.5,,,,
PRODUCT_05003,COMP_0777,2026-09-01 00:00:00,1953433.1,,,,
PRODUCT_07311,COMP_0777,2026-09-01 00:00:00,1082703.14,,,,
PRODUCT_00656,COMP_0778,2026-09-01 00:00:00,46389.55,,,,
PRODUCT_03383,COMP_0779,2026-09-01 00:00:00,33815.5,,,,
PRODUCT_01800,COMP_0780,2026-09-01 00:00:00,83941.73,,,,
PRODUCT_01927,COMP_0780,2026-09-01 00:00:00,0,,,,
PRODUCT_03392,COMP_0780,2026-09-01 00:00:00,40104.88,,,,
PRODUCT_03612,COMP_0780,2026-09-01 00:00:00,50.28,,,,
PRODUCT_03703,COMP_0780,2026-09-01 00:00:00,0,,-3000,3000,3000
PRODUCT_03108,COMP_0781,2026-09-01 00:00:00,3860.75,,,,
PRODUCT_04556,COMP_0782,2026-09-01 00:00:00,64.2,,,64.2,64.2
PRODUCT_04672,COMP_0782,2026-09-01 00:00:00,150478.56,,,,
PRODUCT_02123,COMP_0783,2026-09-01 00:00:00,73097.37,,,,
PRODUCT_03381,COMP_0783,2026-09-01 00:00:00,23619.88,,,,
PRODUCT_04095,COMP_0783,2026-09-01 00:00:00,737667.05,,,,
PRODUCT_00451,COMP_0785,2026-09-01 00:00:00,2808.94,,,2808.94,2808.94
PRODUCT_02282,COMP_0785,2026-09-01 00:00:00,0,,,,
PRODUCT_06275,COMP_0785,2026-09-01 00:00:00,205.66,,,205.66,205.66
PRODUCT_00210,COMP_0786,2026-09-01 00:00:00,76987.08,,,,
PRODUCT_00437,COMP_0786,2026-09-01 00:00:00,-138.55,,-12000,11861.45,
PRODUCT_01046,COMP_0786,2026-09-01 00:00:00,0,,-6000,6000,
PRODUCT_01050,COMP_0786,2026-09-01 00:00:00,1267.64,,-500000,501267.64,1267.64
PRODUCT_01076,COMP_0786,2026-09-01 00:00:00,-3965.54,,-10000,6034.46,
PRODUCT_01894,COMP_0786,2026-09-01 00:00:00,-138.55,,-12000,11861.45,
PRODUCT_03456,COMP_0786,2026-09-01 00:00:00,3448.64,,,,
PRODUCT_03478,COMP_0786,2026-09-01 00:00:00,-138.55,,-12000,11861.45,
PRODUCT_03575,COMP_0786,2026-09-01 00:00:00,-3965.54,,-10000,6034.46,
PRODUCT_03942,COMP_0786,2026-09-01 00:00:00,22896.33,,,,
PRODUCT_06088,COMP_0786,2026-09-01 00:00:00,-263.05,,-6000,5736.95,
PRODUCT_06525,COMP_0786,2026-09-01 00:00:00,-138.55,,-12000,11861.45,
PRODUCT_07488,COMP_0786,2026-09-01 00:00:00,0,,,,
PRODUCT_00416,COMP_0787,2026-09-01 00:00:00,1574662.49,,,,
PRODUCT_01177,COMP_0787,2026-09-01 00:00:00,16546.21,,,,
PRODUCT_01622,COMP_0787,2026-09-01 00:00:00,11800000,,,11800000,0
PRODUCT_02513,COMP_0787,2026-09-01 00:00:00,0,,,,
PRODUCT_04494,COMP_0787,2026-09-01 00:00:00,0,,,,
PRODUCT_01517,COMP_0788,2026-09-01 00:00:00,-198180.19,,-287287.98,,
PRODUCT_01698,COMP_0788,2026-09-01 00:00:00,0,,,,
PRODUCT_02483,COMP_0788,2026-09-01 00:00:00,7185,,,,
PRODUCT_03406,COMP_0788,2026-09-01 00:00:00,0,,-25000,25000,
PRODUCT_04064,COMP_0788,2026-09-01 00:00:00,-122125.1,,-300000,,
PRODUCT_04958,COMP_0788,2026-09-01 00:00:00,6259.56,,,,
PRODUCT_05517,COMP_0788,2026-09-01 00:00:00,0,,,,
PRODUCT_05850,COMP_0788,2026-09-01 00:00:00,223.52,,,,223.52
PRODUCT_01832,COMP_0789,2026-09-01 00:00:00,0,,,,
PRODUCT_03772,COMP_0789,2026-09-01 00:00:00,0,,,,
PRODUCT_05111,COMP_0789,2026-09-01 00:00:00,0,,,,
PRODUCT_05886,COMP_0789,2026-09-01 00:00:00,0,,,,
PRODUCT_07537,COMP_0789,2026-09-01 00:00:00,0,,,,
PRODUCT_01086,COMP_0790,2026-09-01 00:00:00,37972.41,,,37972.41,38316.67
PRODUCT_03386,COMP_0790,2026-09-01 00:00:00,819920.07,,,,
PRODUCT_03443,COMP_0790,2026-09-01 00:00:00,224677.98,,,,
PRODUCT_03946,COMP_0790,2026-09-01 00:00:00,0,,,,
PRODUCT_01838,COMP_0791,2026-09-01 00:00:00,387443.54,,,,
PRODUCT_05021,COMP_0791,2026-09-01 00:00:00,0,,-12000,12000,
PRODUCT_00463,COMP_0792,2026-09-01 00:00:00,0,,,,
PRODUCT_01254,COMP_0792,2026-09-01 00:00:00,0,,,,
PRODUCT_01742,COMP_0792,2026-09-01 00:00:00,0,,,,
PRODUCT_01967,COMP_0792,2026-09-01 00:00:00,632888,,,,
PRODUCT_03356,COMP_0792,2026-09-01 00:00:00,1178377.73,,,,
PRODUCT_04277,COMP_0792,2026-09-01 00:00:00,11997.54,,,,
PRODUCT_05102,COMP_0792,2026-09-01 00:00:00,1027587.43,,,,
PRODUCT_05124,COMP_0792,2026-09-01 00:00:00,0,,,,
PRODUCT_05282,COMP_0792,2026-09-01 00:00:00,3549286.39,,,,
PRODUCT_05795,COMP_0792,2026-09-01 00:00:00,0,,,,
PRODUCT_06438,COMP_0792,2026-09-01 00:00:00,1148781.61,,,,
PRODUCT_06490,COMP_0792,2026-09-01 00:00:00,0,,,,
PRODUCT_07025,COMP_0792,2026-09-01 00:00:00,233662.2,,,,
PRODUCT_01355,COMP_0793,2026-09-01 00:00:00,999.4,,-120000,120999.4,
PRODUCT_01385,COMP_0793,2026-09-01 00:00:00,12846.6,,,,
PRODUCT_01845,COMP_0793,2026-09-01 00:00:00,8137.78,,,,
PRODUCT_02457,COMP_0793,2026-09-01 00:00:00,13803.89,,,13803.89,13803.89
PRODUCT_03862,COMP_0793,2026-09-01 00:00:00,-195778.7,,-200000,4221.3,-195778.7
PRODUCT_04522,COMP_0793,2026-09-01 00:00:00,51916.05,,,,
PRODUCT_04657,COMP_0793,2026-09-01 00:00:00,201292.4,,,201292.4,199972.75
PRODUCT_04933,COMP_0793,2026-09-01 00:00:00,-187845.2,,-196976.09,,
PRODUCT_04980,COMP_0793,2026-09-01 00:00:00,17574.28,,,,
PRODUCT_05045,COMP_0793,2026-09-01 00:00:00,36405.09,,,,
PRODUCT_05822,COMP_0793,2026-09-01 00:00:00,10212.07,,,10212.07,10212.07
PRODUCT_05895,COMP_0793,2026-09-01 00:00:00,11355.16,,,,
PRODUCT_05936,COMP_0793,2026-09-01 00:00:00,200000,,-200000,400000,0
PRODUCT_05995,COMP_0793,2026-09-01 00:00:00,9429.27,,,,
PRODUCT_06026,COMP_0793,2026-09-01 00:00:00,3788.45,,,,
PRODUCT_06140,COMP_0793,2026-09-01 00:00:00,5241.39,,,,
PRODUCT_06599,COMP_0793,2026-09-01 00:00:00,494117.58,,-150000,644117.58,494117.58
PRODUCT_06753,COMP_0793,2026-09-01 00:00:00,-190752,,-200000,,
PRODUCT_07304,COMP_0793,2026-09-01 00:00:00,-190000.01,,-196666.67,,
PRODUCT_00538,COMP_0794,2026-09-01 00:00:00,108112.75,,,108112.75,108112.75
PRODUCT_01500,COMP_0794,2026-09-01 00:00:00,2768.11,,,,
PRODUCT_06678,COMP_0794,2026-09-01 00:00:00,0,,-1500,1500,1500
PRODUCT_06893,COMP_0794,2026-09-01 00:00:00,255.02,,,,
PRODUCT_00925,COMP_0795,2026-09-01 00:00:00,263.09,,,,
PRODUCT_00955,COMP_0795,2026-09-01 00:00:00,3944.5,,,,
PRODUCT_04717,COMP_0795,2026-09-01 00:00:00,4342,,,,
PRODUCT_07203,COMP_0795,2026-09-01 00:00:00,267827.72,,,,
PRODUCT_00861,COMP_0796,2026-09-01 00:00:00,223.52,,,,
PRODUCT_02232,COMP_0796,2026-09-01 00:00:00,220403.84,,,,
PRODUCT_05144,COMP_0796,2026-09-01 00:00:00,722083.93,,,,
PRODUCT_00791,COMP_0797,2026-09-01 00:00:00,38681.2,,,,
PRODUCT_02639,COMP_0797,2026-09-01 00:00:00,228576.29,,,,
PRODUCT_07412,COMP_0797,2026-09-01 00:00:00,0,,,,
PRODUCT_00054,COMP_0798,2026-09-01 00:00:00,41640.27,,,,
PRODUCT_00306,COMP_0798,2026-09-01 00:00:00,-74.23,,-9000,8925.77,
PRODUCT_00457,COMP_0798,2026-09-01 00:00:00,0,,-600,600,
PRODUCT_00627,COMP_0798,2026-09-01 00:00:00,0,,-300,300,
PRODUCT_00970,COMP_0798,2026-09-01 00:00:00,-3478.31,,-23084.53,,
PRODUCT_01047,COMP_0798,2026-09-01 00:00:00,0,,-300,300,
PRODUCT_01203,COMP_0798,2026-09-01 00:00:00,0,,,,
PRODUCT_01256,COMP_0798,2026-09-01 00:00:00,-10120.98,,-36444.84,,
PRODUCT_01491,COMP_0798,2026-09-01 00:00:00,0,,-300,300,
PRODUCT_01669,COMP_0798,2026-09-01 00:00:00,0,,,,
PRODUCT_02307,COMP_0798,2026-09-01 00:00:00,0,,-300,300,
PRODUCT_02516,COMP_0798,2026-09-01 00:00:00,0,,-300,300,
PRODUCT_02712,COMP_0798,2026-09-01 00:00:00,0,,-600,600,
PRODUCT_02749,COMP_0798,2026-09-01 00:00:00,0,,-600,600,
PRODUCT_02890,COMP_0798,2026-09-01 00:00:00,0,,-27851.24,,
PRODUCT_03702,COMP_0798,2026-09-01 00:00:00,-26078.49,,-37501.96,,
PRODUCT_04434,COMP_0798,2026-09-01 00:00:00,0,,-600,600,
PRODUCT_04773,COMP_0798,2026-09-01 00:00:00,-1959.33,,-22905.8,,
PRODUCT_05243,COMP_0798,2026-09-01 00:00:00,0,,-2000,2000,
PRODUCT_05515,COMP_0798,2026-09-01 00:00:00,0,,-300,300,
PRODUCT_05547,COMP_0798,2026-09-01 00:00:00,0,,-300,300,
PRODUCT_05657,COMP_0798,2026-09-01 00:00:00,-3478.31,,-23084.53,,
PRODUCT_05871,COMP_0798,2026-09-01 00:00:00,25663.86,,,,
PRODUCT_06096,COMP_0798,2026-09-01 00:00:00,0,,-66042.56,,
PRODUCT_06601,COMP_0798,2026-09-01 00:00:00,200495.65,,,,
PRODUCT_06686,COMP_0798,2026-09-01 00:00:00,-3795.02,,-25184.97,,
PRODUCT_06847,COMP_0798,2026-09-01 00:00:00,-1974.85,,-23084.52,,
PRODUCT_06923,COMP_0798,2026-09-01 00:00:00,0,,-600,600,
PRODUCT_07690,COMP_0798,2026-09-01 00:00:00,28172.87,,,,
PRODUCT_07858,COMP_0798,2026-09-01 00:00:00,-1974.85,,-23084.52,,
PRODUCT_08087,COMP_0798,2026-09-01 00:00:00,0,,-600,600,
PRODUCT_01382,COMP_0799,2026-09-01 00:00:00,0,,,0,0
PRODUCT_01722,COMP_0799,2026-09-01 00:00:00,1277047.85,,,,
PRODUCT_02595,COMP_0799,2026-09-01 00:00:00,213109.62,,,213109.62,213109.62
PRODUCT_02946,COMP_0799,2026-09-01 00:00:00,33384.11,,,,
PRODUCT_03307,COMP_0799,2026-09-01 00:00:00,963873.62,,,,
PRODUCT_03657,COMP_0799,2026-09-01 00:00:00,0,,,0,0
PRODUCT_07163,COMP_0799,2026-09-01 00:00:00,3080.17,,,,
PRODUCT_07529,COMP_0799,2026-09-01 00:00:00,0,,,,
PRODUCT_07960,COMP_0799,2026-09-01 00:00:00,0,,,,
PRODUCT_00553,COMP_0801,2026-09-01 00:00:00,77754.4,,,,
PRODUCT_01693,COMP_0801,2026-09-01 00:00:00,0,,,,
PRODUCT_02335,COMP_0801,2026-09-01 00:00:00,85316.13,,,,
PRODUCT_03236,COMP_0801,2026-09-01 00:00:00,0,,-3000,3000,
PRODUCT_07454,COMP_0801,2026-09-01 00:00:00,0,,,,
PRODUCT_00340,COMP_0802,2026-09-01 00:00:00,-40905.58,,-108628.89,,
PRODUCT_00558,COMP_0802,2026-09-01 00:00:00,1084822.16,,,,
PRODUCT_01091,COMP_0802,2026-09-01 00:00:00,9171.11,,,,
PRODUCT_01164,COMP_0802,2026-09-01 00:00:00,36265.68,,,,
PRODUCT_01444,COMP_0802,2026-09-01 00:00:00,9171.11,,,,
PRODUCT_02634,COMP_0802,2026-09-01 00:00:00,36265.68,,,,
PRODUCT_03584,COMP_0802,2026-09-01 00:00:00,0,,-175000,,
PRODUCT_03715,COMP_0802,2026-09-01 00:00:00,0,,-1020000,,
PRODUCT_04026,COMP_0802,2026-09-01 00:00:00,277433.53,,,,
PRODUCT_04959,COMP_0802,2026-09-01 00:00:00,1686.21,,,,
PRODUCT_05069,COMP_0802,2026-09-01 00:00:00,277433.53,,,,
PRODUCT_05366,COMP_0802,2026-09-01 00:00:00,184100.85,,,,
PRODUCT_07985,COMP_0802,2026-09-01 00:00:00,1084822.16,,,,
PRODUCT_00029,COMP_0803,2026-09-01 00:00:00,-1141523.66,,-1300000,158476.34,-1141523.66
PRODUCT_00657,COMP_0803,2026-09-01 00:00:00,0,,-10000,10000,
PRODUCT_00733,COMP_0803,2026-09-01 00:00:00,0,,-325000,,
PRODUCT_00779,COMP_0803,2026-09-01 00:00:00,-139.26,,-6000,5860.74,5860.74
PRODUCT_00981,COMP_0803,2026-09-01 00:00:00,0,,-324999,,
PRODUCT_01048,COMP_0803,2026-09-01 00:00:00,-976.1,,-10000,9023.9,
PRODUCT_01059,COMP_0803,2026-09-01 00:00:00,0,,-324990,,
PRODUCT_01060,COMP_0803,2026-09-01 00:00:00,0,,-215078.6,,
PRODUCT_01162,COMP_0803,2026-09-01 00:00:00,0,,-912573.72,,
PRODUCT_01252,COMP_0803,2026-09-01 00:00:00,0,,-325301.67,,
PRODUCT_01519,COMP_0803,2026-09-01 00:00:00,-508778.27,,-600000,91221.73,33980.05
PRODUCT_01627,COMP_0803,2026-09-01 00:00:00,-0.66,,-650000,,
PRODUCT_01941,COMP_0803,2026-09-01 00:00:00,0,,-216670,,
PRODUCT_01948,COMP_0803,2026-09-01 00:00:00,-108333.34,,-325000,,
PRODUCT_02026,COMP_0803,2026-09-01 00:00:00,0,,-30000,30000,
PRODUCT_02037,COMP_0803,2026-09-01 00:00:00,0,,-216500,,
PRODUCT_02043,COMP_0803,2026-09-01 00:00:00,124.15,,,124.15,124.15
PRODUCT_02094,COMP_0803,2026-09-01 00:00:00,-108355.66,,-325067,,
PRODUCT_02134,COMP_0803,2026-09-01 00:00:00,-107530.34,,-322591,,
PRODUCT_02185,COMP_0803,2026-09-01 00:00:00,0,,,,
PRODUCT_02242,COMP_0803,2026-09-01 00:00:00,208682.74,,,,
PRODUCT_02312,COMP_0803,2026-09-01 00:00:00,0,,-267369.73,,
PRODUCT_02368,COMP_0803,2026-09-01 00:00:00,-72221.66,,,,
PRODUCT_02381,COMP_0803,2026-09-01 00:00:00,-1197.65,,-6000,4802.35,
PRODUCT_02479,COMP_0803,2026-09-01 00:00:00,0,,-325029,,
PRODUCT_02492,COMP_0803,2026-09-01 00:00:00,0,,-6000,6000,
PRODUCT_02748,COMP_0803,2026-09-01 00:00:00,-0.2,,,,
PRODUCT_03209,COMP_0803,2026-09-01 00:00:00,-12643.05,,-21000,8356.95,
PRODUCT_03263,COMP_0803,2026-09-01 00:00:00,0,,-6000,6000,
PRODUCT_03428,COMP_0803,2026-09-01 00:00:00,175625.68,,,,
PRODUCT_03603,COMP_0803,2026-09-01 00:00:00,2705.62,,,,
PRODUCT_03668,COMP_0803,2026-09-01 00:00:00,0,,-108336,,
PRODUCT_03689,COMP_0803,2026-09-01 00:00:00,0,,,,
PRODUCT_03949,COMP_0803,2026-09-01 00:00:00,0,,-230882.43,,
PRODUCT_04128,COMP_0803,2026-09-01 00:00:00,-494.53,,-15000,14505.47,7601.3
PRODUCT_04245,COMP_0803,2026-09-01 00:00:00,0,,-10000,10000,
PRODUCT_04298,COMP_0803,2026-09-01 00:00:00,-71.32,,-6000,5928.68,5763.95
PRODUCT_04564,COMP_0803,2026-09-01 00:00:00,0,,-108422,,
PRODUCT_04678,COMP_0803,2026-09-01 00:00:00,-1270682.95,,-1300000,29317.05,-1270682.95
PRODUCT_04707,COMP_0803,2026-09-01 00:00:00,-108533.66,,-325601,,
PRODUCT_05214,COMP_0803,2026-09-01 00:00:00,0,,-2000,2000,
PRODUCT_05368,COMP_0803,2026-09-01 00:00:00,-108333.34,,,,
PRODUCT_05376,COMP_0803,2026-09-01 00:00:00,0,,-325100,,
PRODUCT_05425,COMP_0803,2026-09-01 00:00:00,0,,-9000,9000,
PRODUCT_05551,COMP_0803,2026-09-01 00:00:00,0,,-259552.81,,
PRODUCT_05797,COMP_0803,2026-09-01 00:00:00,666860.57,,,,
PRODUCT_05870,COMP_0803,2026-09-01 00:00:00,-6500000,,-6500000,,
PRODUCT_05872,COMP_0803,2026-09-01 00:00:00,0,,-8855.28,,
PRODUCT_06086,COMP_0803,2026-09-01 00:00:00,0,,-324498,,
PRODUCT_06239,COMP_0803,2026-09-01 00:00:00,0,,-365007.15,,
PRODUCT_06254,COMP_0803,2026-09-01 00:00:00,0,,,,
PRODUCT_06565,COMP_0803,2026-09-01 00:00:00,19404.4,,,,
PRODUCT_06681,COMP_0803,2026-09-01 00:00:00,-31396.66,,-30000,-1396.66,
PRODUCT_06770,COMP_0803,2026-09-01 00:00:00,58334.73,,,,
PRODUCT_06868,COMP_0803,2026-09-01 00:00:00,0,,-2000,2000,
PRODUCT_07011,COMP_0803,2026-09-01 00:00:00,-36111,,,,
PRODUCT_07119,COMP_0803,2026-09-01 00:00:00,5416.81,,-6000,11416.81,5416.81
PRODUCT_07188,COMP_0803,2026-09-01 00:00:00,-426.58,,-6000,5573.42,
PRODUCT_07397,COMP_0803,2026-09-01 00:00:00,0,,,,
PRODUCT_07498,COMP_0803,2026-09-01 00:00:00,-76323.44,,-75300,-1023.44,
PRODUCT_07568,COMP_0803,2026-09-01 00:00:00,-108333,,-324999,,
PRODUCT_07595,COMP_0803,2026-09-01 00:00:00,0,,-324999,,
PRODUCT_07778,COMP_0803,2026-09-01 00:00:00,-12116.59,,,,
PRODUCT_07975,COMP_0803,2026-09-01 00:00:00,0,,,,
PRODUCT_08045,COMP_0803,2026-09-01 00:00:00,0,,-325000,,
PRODUCT_00343,COMP_0804,2026-09-01 00:00:00,33263.88,,,,
PRODUCT_00456,COMP_0805,2026-09-01 00:00:00,393503.32,,,,
PRODUCT_03891,COMP_0805,2026-09-01 00:00:00,4452.69,,,,
PRODUCT_00025,COMP_0806,2026-09-01 00:00:00,98802.86,,,98802.86,-223953.42
PRODUCT_00335,COMP_0806,2026-09-01 00:00:00,941292.84,,,,
PRODUCT_02735,COMP_0806,2026-09-01 00:00:00,0,,,,
PRODUCT_03231,COMP_0806,2026-09-01 00:00:00,170371.01,,,170371.01,170819.77
PRODUCT_05264,COMP_0806,2026-09-01 00:00:00,0,,-300000,300000,
PRODUCT_06222,COMP_0806,2026-09-01 00:00:00,0,,-900000,900000,0
PRODUCT_07038,COMP_0806,2026-09-01 00:00:00,417318.01,,,,
PRODUCT_07442,COMP_0806,2026-09-01 00:00:00,0,,,,
PRODUCT_04661,COMP_0807,2026-09-01 00:00:00,2155.71,,,,
PRODUCT_04934,COMP_0807,2026-09-01 00:00:00,621.6,,,621.6,
PRODUCT_06307,COMP_0807,2026-09-01 00:00:00,161.05,,,161.05,
PRODUCT_06428,COMP_0807,2026-09-01 00:00:00,0,,,0,
PRODUCT_00033,COMP_0808,2026-09-01 00:00:00,21528.68,,,21528.68,
PRODUCT_03096,COMP_0808,2026-09-01 00:00:00,20220.13,,,,
PRODUCT_03836,COMP_0808,2026-09-01 00:00:00,66408.15,,,,
PRODUCT_04289,COMP_0808,2026-09-01 00:00:00,0,,,0,
PRODUCT_04903,COMP_0808,2026-09-01 00:00:00,69521.84,,,,
PRODUCT_05492,COMP_0808,2026-09-01 00:00:00,906.95,,,,
PRODUCT_06771,COMP_0808,2026-09-01 00:00:00,0,,,0,
PRODUCT_07798,COMP_0808,2026-09-01 00:00:00,100,,,,
PRODUCT_05140,COMP_0809,2026-09-01 00:00:00,72509.69,,,,
PRODUCT_02855,COMP_0810,2026-09-01 00:00:00,10901.72,,,,
PRODUCT_07389,COMP_0810,2026-09-01 00:00:00,0.98,,,,
PRODUCT_05525,COMP_0811,2026-09-01 00:00:00,22991.73,,,,
PRODUCT_00570,COMP_0812,2026-09-01 00:00:00,-90151.82,,-90151.82,,
PRODUCT_02071,COMP_0812,2026-09-01 00:00:00,35121.68,,,,
PRODUCT_02173,COMP_0812,2026-09-01 00:00:00,-21000,,-21000,,
PRODUCT_02901,COMP_0812,2026-09-01 00:00:00,20857.55,,,,
PRODUCT_06758,COMP_0812,2026-09-01 00:00:00,-6010.12,,-6010.12,,
PRODUCT_07296,COMP_0812,2026-09-01 00:00:00,23249.75,,,,
PRODUCT_01407,COMP_0813,2026-09-01 00:00:00,2097.06,,,,
PRODUCT_02334,COMP_0813,2026-09-01 00:00:00,6720.32,,,,
PRODUCT_02852,COMP_0813,2026-09-01 00:00:00,13243.72,,,,
PRODUCT_05912,COMP_0813,2026-09-01 00:00:00,0,,-2000,2000,
PRODUCT_07524,COMP_0813,2026-09-01 00:00:00,156.7,,,,
PRODUCT_07770,COMP_0813,2026-09-01 00:00:00,0,,-2000,2000,
PRODUCT_05156,COMP_0814,2026-09-01 00:00:00,3126.31,,,,
PRODUCT_08201,COMP_0815,2026-09-01 00:00:00,82817.85,,,,
PRODUCT_00063,COMP_0816,2026-09-01 00:00:00,0,,,,
PRODUCT_00618,COMP_0816,2026-09-01 00:00:00,-531269.76,,-2275000,,
PRODUCT_00844,COMP_0816,2026-09-01 00:00:00,-619043.26,,-914381.53,,
PRODUCT_01119,COMP_0816,2026-09-01 00:00:00,-24832.07,,-51638.47,,
PRODUCT_01705,COMP_0816,2026-09-01 00:00:00,-1246795.22,,-2482354.92,,
PRODUCT_01887,COMP_0816,2026-09-01 00:00:00,-36687.35,,-100000.03,,
PRODUCT_02359,COMP_0816,2026-09-01 00:00:00,-41763.92,,,,
PRODUCT_03247,COMP_0816,2026-09-01 00:00:00,-1263747.53,,-1703386.79,,
PRODUCT_04853,COMP_0816,2026-09-01 00:00:00,315.25,,,,
PRODUCT_05106,COMP_0816,2026-09-01 00:00:00,-151377.19,,-301390.26,,
PRODUCT_05130,COMP_0816,2026-09-01 00:00:00,0,,,,
PRODUCT_05159,COMP_0816,2026-09-01 00:00:00,0,,,,
PRODUCT_05380,COMP_0816,2026-09-01 00:00:00,0,,,0,0
PRODUCT_06663,COMP_0816,2026-09-01 00:00:00,-10720.21,,,,
PRODUCT_07521,COMP_0816,2026-09-01 00:00:00,0,,,,
PRODUCT_01881,COMP_0817,2026-09-01 00:00:00,0,,,,
PRODUCT_02682,COMP_0817,2026-09-01 00:00:00,0,,,,
PRODUCT_03136,COMP_0817,2026-09-01 00:00:00,1130.02,,,,
PRODUCT_04088,COMP_0817,2026-09-01 00:00:00,1130.02,,,,
PRODUCT_05602,COMP_0817,2026-09-01 00:00:00,0,,,,
PRODUCT_05626,COMP_0817,2026-09-01 00:00:00,0,,,,
PRODUCT_05671,COMP_0817,2026-09-01 00:00:00,1019567.15,,,,
PRODUCT_06504,COMP_0817,2026-09-01 00:00:00,621983.24,,,,
PRODUCT_01581,COMP_0818,2026-09-01 00:00:00,29231.65,,,,
PRODUCT_02156,COMP_0818,2026-09-01 00:00:00,573.78,,,,
PRODUCT_01319,COMP_0819,2026-09-01 00:00:00,-580079.08,,-940000,,
PRODUCT_04604,COMP_0819,2026-09-01 00:00:00,-1276423.68,,-3000000,,
PRODUCT_05188,COMP_0819,2026-09-01 00:00:00,81660.43,,,,
PRODUCT_08190,COMP_0819,2026-09-01 00:00:00,-206534.83,,-400000,,
PRODUCT_08194,COMP_0819,2026-09-01 00:00:00,11258.99,,,,
PRODUCT_08216,COMP_0819,2026-09-01 00:00:00,353.92,,,353.92,
PRODUCT_00781,COMP_0820,2026-09-01 00:00:00,0,,,,
PRODUCT_01769,COMP_0820,2026-09-01 00:00:00,0,,,,
PRODUCT_03177,COMP_0820,2026-09-01 00:00:00,0,,,,
PRODUCT_05137,COMP_0820,2026-09-01 00:00:00,0,,,,
PRODUCT_00405,COMP_0821,2026-09-01 00:00:00,68517.73,,,,
PRODUCT_01565,COMP_0821,2026-09-01 00:00:00,0,,,,
PRODUCT_04752,COMP_0821,2026-09-01 00:00:00,71592.17,,,,
PRODUCT_05157,COMP_0821,2026-09-01 00:00:00,0,,,,
PRODUCT_04728,COMP_0822,2026-09-01 00:00:00,449139265.61,,,,
PRODUCT_04981,COMP_0823,2026-09-01 00:00:00,1000,,,,
PRODUCT_05682,COMP_0823,2026-09-01 00:00:00,0,,,,
PRODUCT_05705,COMP_0823,2026-09-01 00:00:00,80620.59,,,,
PRODUCT_06543,COMP_0823,2026-09-01 00:00:00,46389.94,,,,
PRODUCT_01715,COMP_0824,2026-09-01 00:00:00,-1009696.86,,,,
PRODUCT_03566,COMP_0824,2026-09-01 00:00:00,-363685.01,,-1500000,1136314.99,0
PRODUCT_05175,COMP_0824,2026-09-01 00:00:00,42357.58,,,,
PRODUCT_00568,COMP_0825,2026-09-01 00:00:00,223.52,,-28732.18,,223.52
PRODUCT_00649,COMP_0825,2026-09-01 00:00:00,223.52,,-57064.93,,223.52
PRODUCT_00668,COMP_0825,2026-09-01 00:00:00,223.52,,-700000,,223.52
PRODUCT_01276,COMP_0825,2026-09-01 00:00:00,-64980.6,,-250000,,
PRODUCT_01591,COMP_0825,2026-09-01 00:00:00,223.52,,-51580.92,,223.52
PRODUCT_01639,COMP_0825,2026-09-01 00:00:00,223.52,,-40590.61,,223.52
PRODUCT_01905,COMP_0825,2026-09-01 00:00:00,-99987.63,,-200000,,
PRODUCT_02297,COMP_0825,2026-09-01 00:00:00,-151573.69,,-250000,,
PRODUCT_02314,COMP_0825,2026-09-01 00:00:00,223.52,,,,
PRODUCT_02361,COMP_0825,2026-09-01 00:00:00,223.52,,-700000,,223.52
PRODUCT_02611,COMP_0825,2026-09-01 00:00:00,-1065.95,,,,
PRODUCT_02647,COMP_0825,2026-09-01 00:00:00,223.52,,,,
PRODUCT_02974,COMP_0825,2026-09-01 00:00:00,223.52,,-57064.93,,223.52
PRODUCT_03010,COMP_0825,2026-09-01 00:00:00,223.52,,-38554.48,,223.52
PRODUCT_03486,COMP_0825,2026-09-01 00:00:00,223.52,,-19812.29,,223.52
PRODUCT_03748,COMP_0825,2026-09-01 00:00:00,223.52,,-200000,,223.52
PRODUCT_03871,COMP_0825,2026-09-01 00:00:00,223.52,,-325000,,223.52
PRODUCT_03979,COMP_0825,2026-09-01 00:00:00,-206661.65,,-250000,43338.35,32749.93
PRODUCT_04055,COMP_0825,2026-09-01 00:00:00,223.52,,-250000,,223.52
PRODUCT_04187,COMP_0825,2026-09-01 00:00:00,223.52,,-28732.18,,223.52
PRODUCT_04204,COMP_0825,2026-09-01 00:00:00,223.52,,,,
PRODUCT_04295,COMP_0825,2026-09-01 00:00:00,193421.43,,,,
PRODUCT_04315,COMP_0825,2026-09-01 00:00:00,506.09,,-300000,300506.09,506.09
PRODUCT_04914,COMP_0825,2026-09-01 00:00:00,-72773.28,,,0,-72773.28
PRODUCT_05090,COMP_0825,2026-09-01 00:00:00,223.52,,,,
PRODUCT_05109,COMP_0825,2026-09-01 00:00:00,223.52,,,,
PRODUCT_05132,COMP_0825,2026-09-01 00:00:00,-94542.38,,-293931.73,,
PRODUCT_05145,COMP_0825,2026-09-01 00:00:00,0,,,,
PRODUCT_05170,COMP_0825,2026-09-01 00:00:00,223.52,,-500000,,223.52
PRODUCT_05173,COMP_0825,2026-09-01 00:00:00,223.52,,-500000,,223.52
PRODUCT_05750,COMP_0825,2026-09-01 00:00:00,-33093.79,,,,
PRODUCT_05917,COMP_0825,2026-09-01 00:00:00,223.52,,-38554.48,,223.52
PRODUCT_06119,COMP_0825,2026-09-01 00:00:00,223.52,,-40590.61,,223.52
PRODUCT_06548,COMP_0825,2026-09-01 00:00:00,19181.17,,,,
PRODUCT_06841,COMP_0825,2026-09-01 00:00:00,223.52,,-217018,,223.52
PRODUCT_06904,COMP_0825,2026-09-01 00:00:00,223.52,,-51580.92,,223.52
PRODUCT_07263,COMP_0825,2026-09-01 00:00:00,223.52,,,,
PRODUCT_08013,COMP_0825,2026-09-01 00:00:00,223.52,,-19812.29,,223.52
PRODUCT_05197,COMP_0826,2026-09-01 00:00:00,73765.85,,,,
PRODUCT_00032,COMP_0827,2026-09-01 00:00:00,0,,,,
PRODUCT_01780,COMP_0827,2026-09-01 00:00:00,9592.18,,,,
PRODUCT_02272,COMP_0827,2026-09-01 00:00:00,0,,,,
PRODUCT_03574,COMP_0827,2026-09-01 00:00:00,4904.49,,,,
PRODUCT_05126,COMP_0827,2026-09-01 00:00:00,8741.39,,,,
PRODUCT_05796,COMP_0827,2026-09-01 00:00:00,-2061.8,,-250000,,
PRODUCT_07040,COMP_0827,2026-09-01 00:00:00,9587.89,,,,
PRODUCT_04710,COMP_0828,2026-09-01 00:00:00,20059.81,,,,
PRODUCT_07431,COMP_0828,2026-09-01 00:00:00,6661793.68,,,,
PRODUCT_01042,COMP_0829,2026-09-01 00:00:00,-880000,,-1000000,,
PRODUCT_03769,COMP_0829,2026-09-01 00:00:00,47043.69,,,,
PRODUCT_05108,COMP_0829,2026-09-01 00:00:00,0,,-906364.92,,
PRODUCT_05843,COMP_0829,2026-09-01 00:00:00,0,,,,
PRODUCT_05879,COMP_0829,2026-09-01 00:00:00,0,,-937499.94,,
PRODUCT_07228,COMP_0829,2026-09-01 00:00:00,-173466.8,,-350000,,
PRODUCT_07561,COMP_0829,2026-09-01 00:00:00,-239473.38,,-348800,,
PRODUCT_00509,COMP_0830,2026-09-01 00:00:00,1858130.38,,,,
PRODUCT_02732,COMP_0830,2026-09-01 00:00:00,599054.17,,,,
PRODUCT_06742,COMP_0831,2026-09-01 00:00:00,333179.55,,,,
PRODUCT_00231,COMP_0832,2026-09-01 00:00:00,0,,,0,
PRODUCT_01012,COMP_0832,2026-09-01 00:00:00,59763.47,,,,
PRODUCT_01277,COMP_0832,2026-09-01 00:00:00,90,,,,
PRODUCT_02164,COMP_0832,2026-09-01 00:00:00,7232.33,,,,
PRODUCT_02384,COMP_0832,2026-09-01 00:00:00,12474.68,,,,
PRODUCT_03523,COMP_0832,2026-09-01 00:00:00,0,,,0,
PRODUCT_04099,COMP_0832,2026-09-01 00:00:00,138.4,,,,
PRODUCT_04909,COMP_0832,2026-09-01 00:00:00,12236.13,,,12236.13,
PRODUCT_05148,COMP_0832,2026-09-01 00:00:00,873579.94,,,873579.94,873579.94
PRODUCT_05168,COMP_0832,2026-09-01 00:00:00,7672.18,,,,
PRODUCT_05914,COMP_0832,2026-09-01 00:00:00,715294.65,,,,
PRODUCT_07371,COMP_0832,2026-09-01 00:00:00,13.49,,,,
PRODUCT_01741,COMP_0833,2026-09-01 00:00:00,0,,,,
PRODUCT_01483,COMP_0834,2026-09-01 00:00:00,5380.14,,,,
PRODUCT_08196,COMP_0835,2026-09-01 00:00:00,469187.84,,,,
PRODUCT_02389,COMP_0836,2026-09-01 00:00:00,0,,,,
PRODUCT_08268,COMP_0836,2026-09-01 00:00:00,14418.95,,,,
PRODUCT_05250,COMP_0836,2026-09-01 00:00:00,21157.6,,,,
PRODUCT_06285,COMP_0836,2026-09-01 00:00:00,87685.19,,,,
PRODUCT_00183,COMP_0837,2026-09-01 00:00:00,500000,,,,
PRODUCT_00278,COMP_0837,2026-09-01 00:00:00,542763.89,,,,
PRODUCT_00648,COMP_0837,2026-09-01 00:00:00,105479.72,,,,
PRODUCT_00735,COMP_0837,2026-09-01 00:00:00,0,,,0,0
PRODUCT_00919,COMP_0837,2026-09-01 00:00:00,2000000,,,,
PRODUCT_01301,COMP_0837,2026-09-01 00:00:00,0,,,,
PRODUCT_01735,COMP_0837,2026-09-01 00:00:00,542763.89,,,,
PRODUCT_02208,COMP_0837,2026-09-01 00:00:00,3978.23,,,,
PRODUCT_02237,COMP_0837,2026-09-01 00:00:00,2691741.22,,,,
PRODUCT_02306,COMP_0837,2026-09-01 00:00:00,500000,,,,
PRODUCT_02447,COMP_0837,2026-09-01 00:00:00,3316488.15,,,,
PRODUCT_02783,COMP_0837,2026-09-01 00:00:00,500000,,,,
PRODUCT_02792,COMP_0837,2026-09-01 00:00:00,6422557.27,,,,
PRODUCT_03033,COMP_0837,2026-09-01 00:00:00,312750.34,,,,
PRODUCT_03468,COMP_0837,2026-09-01 00:00:00,0,,,,
PRODUCT_03481,COMP_0837,2026-09-01 00:00:00,418500,,,,
PRODUCT_03736,COMP_0837,2026-09-01 00:00:00,3023497.77,,,,
PRODUCT_03784,COMP_0837,2026-09-01 00:00:00,3887039,,,,
PRODUCT_03892,COMP_0837,2026-09-01 00:00:00,312750.34,,,,
PRODUCT_04188,COMP_0837,2026-09-01 00:00:00,3469961.04,,,,
PRODUCT_04388,COMP_0837,2026-09-01 00:00:00,665775,,,,
PRODUCT_04461,COMP_0837,2026-09-01 00:00:00,665775,,,,
PRODUCT_04856,COMP_0837,2026-09-01 00:00:00,500000,,,,
PRODUCT_05339,COMP_0837,2026-09-01 00:00:00,2157716,,,,
PRODUCT_05788,COMP_0837,2026-09-01 00:00:00,500000,,,,
PRODUCT_05862,COMP_0837,2026-09-01 00:00:00,3399.57,,,,
PRODUCT_05980,COMP_0837,2026-09-01 00:00:00,0,,,,
PRODUCT_06117,COMP_0837,2026-09-01 00:00:00,253001,,,,
PRODUCT_06888,COMP_0837,2026-09-01 00:00:00,5043610.88,,,,
PRODUCT_07019,COMP_0837,2026-09-01 00:00:00,397.67,,,,
PRODUCT_07178,COMP_0837,2026-09-01 00:00:00,0,,,,
PRODUCT_07310,COMP_0837,2026-09-01 00:00:00,500000,,,,
PRODUCT_07569,COMP_0837,2026-09-01 00:00:00,500000,,,,
PRODUCT_07616,COMP_0837,2026-09-01 00:00:00,2588118.27,,,,
PRODUCT_07742,COMP_0837,2026-09-01 00:00:00,398.64,,,,
PRODUCT_07857,COMP_0837,2026-09-01 00:00:00,500000,,,,
PRODUCT_08214,COMP_0838,2026-09-01 00:00:00,81399.24,,,,
PRODUCT_08225,COMP_0839,2026-09-01 00:00:00,81455.28,,,,
PRODUCT_01366,COMP_0840,2026-09-01 00:00:00,25303.6,,,,
PRODUCT_08192,COMP_0840,2026-09-01 00:00:00,50375.9,,,,
PRODUCT_08221,COMP_0840,2026-09-01 00:00:00,63623.9,,,,
PRODUCT_02462,COMP_0841,2026-09-01 00:00:00,58489.31,,,,
PRODUCT_08219,COMP_0841,2026-09-01 00:00:00,18535.96,,,,
PRODUCT_00783,COMP_0842,2026-09-01 00:00:00,0,,,,
PRODUCT_00838,COMP_0842,2026-09-01 00:00:00,0,,,,
PRODUCT_05640,COMP_0842,2026-09-01 00:00:00,792.04,,,,
PRODUCT_01556,COMP_0843,2026-09-01 00:00:00,219.47,,,,
PRODUCT_02143,COMP_0843,2026-09-01 00:00:00,6483.57,,,,
PRODUCT_02664,COMP_0843,2026-09-01 00:00:00,-396.35,,-1000,603.65,531.21
PRODUCT_02818,COMP_0843,2026-09-01 00:00:00,0,,,,
PRODUCT_03527,COMP_0843,2026-09-01 00:00:00,56712.62,,,,
PRODUCT_04555,COMP_0843,2026-09-01 00:00:00,0,,,,
PRODUCT_05017,COMP_0843,2026-09-01 00:00:00,0,,,,
PRODUCT_02487,COMP_0844,2026-09-01 00:00:00,0,,,,
PRODUCT_03561,COMP_0844,2026-09-01 00:00:00,0,,-44156.22,,
PRODUCT_04966,COMP_0844,2026-09-01 00:00:00,0,,,,
PRODUCT_05659,COMP_0844,2026-09-01 00:00:00,7000,,,,
PRODUCT_02351,COMP_0845,2026-09-01 00:00:00,227696.44,,,,
PRODUCT_03978,COMP_0845,2026-09-01 00:00:00,9119.99,,,,
PRODUCT_04908,COMP_0846,2026-09-01 00:00:00,7046.18,,,,
PRODUCT_07796,COMP_0846,2026-09-01 00:00:00,0,,-50000,50000,
PRODUCT_01555,COMP_0847,2026-09-01 00:00:00,15487.88,,,,
PRODUCT_01847,COMP_0847,2026-09-01 00:00:00,1300,,,,
PRODUCT_00256,COMP_0848,2026-09-01 00:00:00,123307.55,,,123307.55,
PRODUCT_01680,COMP_0848,2026-09-01 00:00:00,58018.49,,,58018.49,
PRODUCT_02672,COMP_0848,2026-09-01 00:00:00,78858.13,,,78858.13,
PRODUCT_06950,COMP_0848,2026-09-01 00:00:00,0,,,0,
PRODUCT_00916,COMP_0849,2026-09-01 00:00:00,-910000,,-910000,0,
PRODUCT_01554,COMP_0849,2026-09-01 00:00:00,0,,-500000,500000,
PRODUCT_01563,COMP_0849,2026-09-01 00:00:00,0,,-505000,505000,
PRODUCT_01760,COMP_0849,2026-09-01 00:00:00,368164.57,,,368164.57,
PRODUCT_04809,COMP_0849,2026-09-01 00:00:00,300000,,-300000,600000,
PRODUCT_07425,COMP_0849,2026-09-01 00:00:00,64442.42,,-64442.42,128884.84,
PRODUCT_00273,COMP_0850,2026-09-01 00:00:00,24459.3,,,,
PRODUCT_00490,COMP_0850,2026-09-01 00:00:00,905.55,,-100000,100905.55,100905.55
PRODUCT_00789,COMP_0850,2026-09-01 00:00:00,-78300,,-78300,,
PRODUCT_01781,COMP_0850,2026-09-01 00:00:00,2321.89,,,,
PRODUCT_02341,COMP_0850,2026-09-01 00:00:00,-54000,,-54000,,
PRODUCT_02646,COMP_0850,2026-09-01 00:00:00,-20096.2,,-240000,219903.8,
PRODUCT_02949,COMP_0850,2026-09-01 00:00:00,-100000,,-100000,0,
PRODUCT_03955,COMP_0850,2026-09-01 00:00:00,-89772.33,,-298000,,
PRODUCT_04294,COMP_0850,2026-09-01 00:00:00,2215.75,,,,
PRODUCT_05365,COMP_0850,2026-09-01 00:00:00,6041.45,,,,
PRODUCT_06234,COMP_0850,2026-09-01 00:00:00,0,,-150000,150000,
PRODUCT_06287,COMP_0850,2026-09-01 00:00:00,0,,-200000,200000,
PRODUCT_06476,COMP_0850,2026-09-01 00:00:00,-122478.38,,-200000,,
PRODUCT_06907,COMP_0850,2026-09-01 00:00:00,-13541.83,,-13541.83,,
PRODUCT_07082,COMP_0850,2026-09-01 00:00:00,0,,-200000,200000,
PRODUCT_07093,COMP_0850,2026-09-01 00:00:00,0,,-50000,50000,
PRODUCT_07638,COMP_0850,2026-09-01 00:00:00,10337.29,,,,
PRODUCT_07982,COMP_0850,2026-09-01 00:00:00,-1900,,-1900,,
PRODUCT_08164,COMP_0850,2026-09-01 00:00:00,0,,-200000,200000,
PRODUCT_00808,COMP_0851,2026-09-01 00:00:00,962577.87,,,,
PRODUCT_03562,COMP_0851,2026-09-01 00:00:00,22074.08,,,,
PRODUCT_01378,COMP_0852,2026-09-01 00:00:00,158.45,,,,
PRODUCT_02068,COMP_0852,2026-09-01 00:00:00,732742.11,,,,
PRODUCT_04063,COMP_0852,2026-09-01 00:00:00,0,,,,
PRODUCT_01766,COMP_0853,2026-09-01 00:00:00,5743639,,,,
PRODUCT_00588,COMP_0854,2026-09-01 00:00:00,-265.99,,-28000,27734.01,
PRODUCT_01505,COMP_0854,2026-09-01 00:00:00,15507.56,,,,
PRODUCT_04736,COMP_0854,2026-09-01 00:00:00,0,,-10000,10000,
PRODUCT_05428,COMP_0854,2026-09-01 00:00:00,0,,,,
PRODUCT_05997,COMP_0854,2026-09-01 00:00:00,25.54,,,,
PRODUCT_07075,COMP_0854,2026-09-01 00:00:00,90.65,,,,
PRODUCT_00304,COMP_0855,2026-09-01 00:00:00,0,,,,
PRODUCT_00424,COMP_0855,2026-09-01 00:00:00,-66.57,,,0,53.43
PRODUCT_00477,COMP_0855,2026-09-01 00:00:00,0,,,0,-125752.37
PRODUCT_00541,COMP_0855,2026-09-01 00:00:00,-696076.59,,-700000,3923.41,
PRODUCT_00673,COMP_0855,2026-09-01 00:00:00,-2787499.15,,-5000000,,
PRODUCT_00747,COMP_0855,2026-09-01 00:00:00,100242.37,,,,
PRODUCT_00978,COMP_0855,2026-09-01 00:00:00,-405399.6,,-750000,344600.4,0
PRODUCT_00999,COMP_0855,2026-09-01 00:00:00,-1123767.86,,-1500000,376232.14,-1123767.86
PRODUCT_01122,COMP_0855,2026-09-01 00:00:00,-89586.37,,-500000,,
PRODUCT_01261,COMP_0855,2026-09-01 00:00:00,34709.93,,,411747.92,
PRODUCT_01595,COMP_0855,2026-09-01 00:00:00,13878.14,,,13878.14,13878.14
PRODUCT_02850,COMP_0855,2026-09-01 00:00:00,-142745.99,,-350000,,
PRODUCT_02867,COMP_0855,2026-09-01 00:00:00,1565.9,,,,
PRODUCT_03143,COMP_0855,2026-09-01 00:00:00,-669200.81,,-1000000,330799.19,-669200.81
PRODUCT_03961,COMP_0855,2026-09-01 00:00:00,112946.92,,,,
PRODUCT_04257,COMP_0855,2026-09-01 00:00:00,-392936.66,,-1200000,807063.34,
PRODUCT_04487,COMP_0855,2026-09-01 00:00:00,-13812212,,,,
PRODUCT_04498,COMP_0855,2026-09-01 00:00:00,-600,,-600,,
PRODUCT_05255,COMP_0855,2026-09-01 00:00:00,42375.52,,-500000,576896.79,
PRODUCT_05355,COMP_0855,2026-09-01 00:00:00,-2000,,-2000,,
PRODUCT_05829,COMP_0855,2026-09-01 00:00:00,95963.7,,,95963.7,95963.7
PRODUCT_06180,COMP_0855,2026-09-01 00:00:00,-15000,,,,
PRODUCT_07132,COMP_0855,2026-09-01 00:00:00,0,,,0,0
PRODUCT_07428,COMP_0855,2026-09-01 00:00:00,-1218406.64,,-1500000,281593.36,-1218406.64
PRODUCT_07831,COMP_0855,2026-09-01 00:00:00,0,,,28787.55,0
PRODUCT_00177,COMP_0856,2026-09-01 00:00:00,0.93,,,,
PRODUCT_00392,COMP_0856,2026-09-01 00:00:00,428.61,,,,
PRODUCT_00542,COMP_0856,2026-09-01 00:00:00,4.36,,,,
PRODUCT_02325,COMP_0856,2026-09-01 00:00:00,16102.94,,,16102.94,16088.77
PRODUCT_02558,COMP_0856,2026-09-01 00:00:00,0,,,,
PRODUCT_03272,COMP_0856,2026-09-01 00:00:00,68440.41,,,68440.41,
PRODUCT_03605,COMP_0856,2026-09-01 00:00:00,0,,,,
PRODUCT_04035,COMP_0856,2026-09-01 00:00:00,0,,,,
PRODUCT_04079,COMP_0856,2026-09-01 00:00:00,0,,,,
PRODUCT_04647,COMP_0856,2026-09-01 00:00:00,1007.28,,,,
PRODUCT_04700,COMP_0856,2026-09-01 00:00:00,-150.75,,,,
PRODUCT_05449,COMP_0856,2026-09-01 00:00:00,9771.75,,,9771.75,
PRODUCT_07592,COMP_0856,2026-09-01 00:00:00,0,,,,
PRODUCT_08185,COMP_0856,2026-09-01 00:00:00,53831.87,,,53831.87,
PRODUCT_04362,COMP_0857,2026-09-01 00:00:00,6948,,,,
PRODUCT_05363,COMP_0857,2026-09-01 00:00:00,0,,,,
PRODUCT_06367,COMP_0857,2026-09-01 00:00:00,0,,,,
PRODUCT_01926,COMP_0858,2026-09-01 00:00:00,14968.47,,,,
PRODUCT_04228,COMP_0858,2026-09-01 00:00:00,12126.56,,,,
PRODUCT_00565,COMP_0859,2026-09-01 00:00:00,28738.29,,,,
PRODUCT_04312,COMP_0859,2026-09-01 00:00:00,0,,,,
PRODUCT_04426,COMP_0859,2026-09-01 00:00:00,0,,,,
PRODUCT_06840,COMP_0859,2026-09-01 00:00:00,654959.78,,,,
PRODUCT_07451,COMP_0859,2026-09-01 00:00:00,0,,,,
PRODUCT_04846,COMP_0860,2026-09-01 00:00:00,11203856,,,,
PRODUCT_07351,COMP_0860,2026-09-01 00:00:00,199443445,,,,
PRODUCT_00179,COMP_0861,2026-09-01 00:00:00,52987.74,,,,
PRODUCT_00243,COMP_0861,2026-09-01 00:00:00,-1395875.02,,-1677500,,
PRODUCT_00283,COMP_0861,2026-09-01 00:00:00,61779.19,,,,
PRODUCT_00544,COMP_0861,2026-09-01 00:00:00,86546.73,,,,
PRODUCT_00604,COMP_0861,2026-09-01 00:00:00,13001.61,,,13001.61,
PRODUCT_00821,COMP_0861,2026-09-01 00:00:00,-713892.15,,-800000,,
PRODUCT_00853,COMP_0861,2026-09-01 00:00:00,79687.18,,,,
PRODUCT_01165,COMP_0861,2026-09-01 00:00:00,17950.81,,,,
PRODUCT_01193,COMP_0861,2026-09-01 00:00:00,35497.48,,,,
PRODUCT_01296,COMP_0861,2026-09-01 00:00:00,0,,-353755.98,,
PRODUCT_02072,COMP_0861,2026-09-01 00:00:00,0,,,,
PRODUCT_02475,COMP_0861,2026-09-01 00:00:00,83981.69,,,,
PRODUCT_02865,COMP_0861,2026-09-01 00:00:00,-163321.78,,-500000,,
PRODUCT_02879,COMP_0861,2026-09-01 00:00:00,177109.98,,,,
PRODUCT_02906,COMP_0861,2026-09-01 00:00:00,243185.6,,,,
PRODUCT_02969,COMP_0861,2026-09-01 00:00:00,45016.96,,,,
PRODUCT_03869,COMP_0861,2026-09-01 00:00:00,522345.09,,,,
PRODUCT_03872,COMP_0861,2026-09-01 00:00:00,1172.48,,,,
PRODUCT_04176,COMP_0861,2026-09-01 00:00:00,-174068.22,,-320050.18,,
PRODUCT_04234,COMP_0861,2026-09-01 00:00:00,-599610,,-799480,,
PRODUCT_04237,COMP_0861,2026-09-01 00:00:00,-600000,,-600000,,
PRODUCT_04833,COMP_0861,2026-09-01 00:00:00,79552.02,,,,
PRODUCT_05022,COMP_0861,2026-09-01 00:00:00,86868.86,,,,
PRODUCT_05521,COMP_0861,2026-09-01 00:00:00,147409.06,,,,
PRODUCT_05810,COMP_0861,2026-09-01 00:00:00,5235.3,,,,
PRODUCT_05844,COMP_0861,2026-09-01 00:00:00,-123877.43,,-150000,,
PRODUCT_05930,COMP_0861,2026-09-01 00:00:00,-246541.5,,-610000,,
PRODUCT_07883,COMP_0861,2026-09-01 00:00:00,0,,,0,0
PRODUCT_02002,COMP_0862,2026-09-01 00:00:00,-23954.15,,,,
PRODUCT_06085,COMP_0862,2026-09-01 00:00:00,0,,,,
PRODUCT_01156,COMP_0863,2026-09-01 00:00:00,80237.21,,,,
PRODUCT_04279,COMP_0863,2026-09-01 00:00:00,-3035474.87,,-5000000,1964525.13,
PRODUCT_04943,COMP_0863,2026-09-01 00:00:00,1404.98,,,,
PRODUCT_05251,COMP_0863,2026-09-01 00:00:00,1190.67,,,,
PRODUCT_00024,COMP_0864,2026-09-01 00:00:00,12553.46,,,,
PRODUCT_00582,COMP_0864,2026-09-01 00:00:00,8217.92,,,,
PRODUCT_01566,COMP_0864,2026-09-01 00:00:00,0,,,,
PRODUCT_03531,COMP_0864,2026-09-01 00:00:00,0,,,,
PRODUCT_03903,COMP_0864,2026-09-01 00:00:00,81870.88,,,,
PRODUCT_05066,COMP_0864,2026-09-01 00:00:00,0,,,,
PRODUCT_05668,COMP_0864,2026-09-01 00:00:00,0,,,,
PRODUCT_06544,COMP_0864,2026-09-01 00:00:00,0,,,,
PRODUCT_06578,COMP_0864,2026-09-01 00:00:00,0,,,,
PRODUCT_06747,COMP_0864,2026-09-01 00:00:00,166555.97,,,,
PRODUCT_07033,COMP_0864,2026-09-01 00:00:00,5.19,,,,
PRODUCT_07489,COMP_0864,2026-09-01 00:00:00,1332.54,,,,
PRODUCT_01281,COMP_0865,2026-09-01 00:00:00,6992.83,,,,
PRODUCT_01956,COMP_0865,2026-09-01 00:00:00,0,,,,
PRODUCT_05901,COMP_0865,2026-09-01 00:00:00,15468.38,,,,
PRODUCT_01504,COMP_0866,2026-09-01 00:00:00,13451.79,,,,
PRODUCT_03878,COMP_0866,2026-09-01 00:00:00,50540.18,,,,
PRODUCT_04653,COMP_0866,2026-09-01 00:00:00,-26204.24,,-500000,,
PRODUCT_05581,COMP_0866,2026-09-01 00:00:00,-344924.62,,-495000,150075.38,-344924.62
PRODUCT_06665,COMP_0866,2026-09-01 00:00:00,2474.6,,,,
PRODUCT_00546,COMP_0867,2026-09-01 00:00:00,4836.93,,,,
PRODUCT_00510,COMP_0868,2026-09-01 00:00:00,3093.76,,,3093.76,
PRODUCT_01347,COMP_0868,2026-09-01 00:00:00,34939.59,,,,
PRODUCT_02343,COMP_0868,2026-09-01 00:00:00,-22500,,-60000,,
PRODUCT_05119,COMP_0868,2026-09-01 00:00:00,-215.43,,-3000,2784.57,
PRODUCT_04399,COMP_0869,2026-09-01 00:00:00,100000,,,,
PRODUCT_00092,COMP_0870,2026-09-01 00:00:00,0,,-3000,3000,
PRODUCT_01689,COMP_0870,2026-09-01 00:00:00,0,,-35000,35000,
PRODUCT_01727,COMP_0870,2026-09-01 00:00:00,9514.52,,,,
PRODUCT_05247,COMP_0870,2026-09-01 00:00:00,0,,,,
PRODUCT_06316,COMP_0870,2026-09-01 00:00:00,337687.93,,,,
PRODUCT_02178,COMP_0871,2026-09-01 00:00:00,6173.02,,,,
PRODUCT_00824,COMP_0872,2026-09-01 00:00:00,0,,-3000,3000,
PRODUCT_04057,COMP_0872,2026-09-01 00:00:00,0,,,,
PRODUCT_05411,COMP_0872,2026-09-01 00:00:00,188752.51,,,,
PRODUCT_05559,COMP_0872,2026-09-01 00:00:00,0,,,,
PRODUCT_06268,COMP_0872,2026-09-01 00:00:00,0,,-3000,3000,
PRODUCT_06330,COMP_0872,2026-09-01 00:00:00,0,,-3000,3000,
PRODUCT_06990,COMP_0872,2026-09-01 00:00:00,5000,,,,
PRODUCT_07261,COMP_0872,2026-09-01 00:00:00,0,,,,
PRODUCT_01153,COMP_0873,2026-09-01 00:00:00,305.92,,,,
PRODUCT_03318,COMP_0873,2026-09-01 00:00:00,35924.72,,,,
PRODUCT_04792,COMP_0873,2026-09-01 00:00:00,70968.41,,,,
PRODUCT_05312,COMP_0873,2026-09-01 00:00:00,160143.09,,,,
PRODUCT_01191,COMP_0874,2026-09-01 00:00:00,10814.22,,,,
PRODUCT_05562,COMP_0874,2026-09-01 00:00:00,0,,,,
PRODUCT_00920,COMP_0875,2026-09-01 00:00:00,191.88,,-100000,100191.88,
PRODUCT_02446,COMP_0875,2026-09-01 00:00:00,648.02,,,,
PRODUCT_03624,COMP_0875,2026-09-01 00:00:00,23908.69,,,,
PRODUCT_03669,COMP_0875,2026-09-01 00:00:00,750.47,,,,
PRODUCT_03796,COMP_0875,2026-09-01 00:00:00,272140.82,,-75000,347140.82,272140.82
PRODUCT_04762,COMP_0875,2026-09-01 00:00:00,0,,-37401.89,,
PRODUCT_05326,COMP_0875,2026-09-01 00:00:00,0,,-150000,150000,0
PRODUCT_05884,COMP_0875,2026-09-01 00:00:00,32.78,,-50000,50032.78,
PRODUCT_05956,COMP_0875,2026-09-01 00:00:00,25358.82,,-100000,125358.82,89927.86
PRODUCT_06733,COMP_0875,2026-09-01 00:00:00,-33.87,,,,
PRODUCT_06873,COMP_0875,2026-09-01 00:00:00,-44826.32,,-100000,55173.68,-44826.32
PRODUCT_07295,COMP_0875,2026-09-01 00:00:00,961.38,,-100000,100961.38,961.38
PRODUCT_00843,COMP_0876,2026-09-01 00:00:00,5704.49,,,,
PRODUCT_00044,COMP_0877,2026-09-01 00:00:00,19085206.8,,-21350000,40435206.8,
PRODUCT_00263,COMP_0877,2026-09-01 00:00:00,43960.33,,,,
PRODUCT_00268,COMP_0877,2026-09-01 00:00:00,0,,-353.92,,
PRODUCT_00551,COMP_0877,2026-09-01 00:00:00,1944.03,,,,
PRODUCT_01381,COMP_0877,2026-09-01 00:00:00,0,,,,
PRODUCT_01717,COMP_0877,2026-09-01 00:00:00,365.62,,,,
PRODUCT_01749,COMP_0877,2026-09-01 00:00:00,-111685.39,,-169384.25,,
PRODUCT_02105,COMP_0877,2026-09-01 00:00:00,21350000,,-21350000,42700000,
PRODUCT_02571,COMP_0877,2026-09-01 00:00:00,1425.48,,,,
PRODUCT_02959,COMP_0877,2026-09-01 00:00:00,61.13,,,,
PRODUCT_03166,COMP_0877,2026-09-01 00:00:00,198.45,,,,
PRODUCT_03416,COMP_0877,2026-09-01 00:00:00,15458.6,,,,
PRODUCT_03847,COMP_0877,2026-09-01 00:00:00,72977,,,,
PRODUCT_04087,COMP_0877,2026-09-01 00:00:00,-299635.21,,-300000,364.79,
PRODUCT_04701,COMP_0877,2026-09-01 00:00:00,570.17,,-200000,200570.17,
PRODUCT_04787,COMP_0877,2026-09-01 00:00:00,0,,,,
PRODUCT_05566,COMP_0877,2026-09-01 00:00:00,792.37,,,,
PRODUCT_05679,COMP_0877,2026-09-01 00:00:00,3124.73,,,,
PRODUCT_05877,COMP_0877,2026-09-01 00:00:00,1261,,-150000,151261,
PRODUCT_05893,COMP_0877,2026-09-01 00:00:00,1000,,,,
PRODUCT_06801,COMP_0877,2026-09-01 00:00:00,0,,-2000,2000,
PRODUCT_06848,COMP_0877,2026-09-01 00:00:00,10424.84,,,,
PRODUCT_07339,COMP_0877,2026-09-01 00:00:00,1035.72,,,,
PRODUCT_07608,COMP_0877,2026-09-01 00:00:00,7.06,,,,
PRODUCT_07628,COMP_0877,2026-09-01 00:00:00,217593.33,,,,
PRODUCT_07751,COMP_0877,2026-09-01 00:00:00,-2745.15,,-7168.43,,
PRODUCT_00573,COMP_0878,2026-09-01 00:00:00,24368.38,,,,
PRODUCT_04892,COMP_0878,2026-09-01 00:00:00,11048.1,,,,
PRODUCT_07382,COMP_0878,2026-09-01 00:00:00,16494.92,,,16494.92,16494.92
PRODUCT_00706,COMP_0879,2026-09-01 00:00:00,10191.75,,,,
PRODUCT_01854,COMP_0879,2026-09-01 00:00:00,7123.42,,,7123.42,7123.42
PRODUCT_01864,COMP_0879,2026-09-01 00:00:00,-143.25,,,,
PRODUCT_08177,COMP_0879,2026-09-01 00:00:00,1319.23,,,,
PRODUCT_04739,COMP_0880,2026-09-01 00:00:00,65726.19,,,,
PRODUCT_07555,COMP_0880,2026-09-01 00:00:00,6999.75,,,,
PRODUCT_07966,COMP_0880,2026-09-01 00:00:00,2832.52,,,,
PRODUCT_00543,COMP_0881,2026-09-01 00:00:00,265717.94,,,,
PRODUCT_01842,COMP_0882,2026-09-01 00:00:00,3172.31,,,,
PRODUCT_06559,COMP_0883,2026-09-01 00:00:00,15280.27,,,,
PRODUCT_04396,COMP_0884,2026-09-01 00:00:00,14012.46,,,,
PRODUCT_06106,COMP_0884,2026-09-01 00:00:00,164686.68,,,,
PRODUCT_00773,COMP_0885,2026-09-01 00:00:00,0,,,,
PRODUCT_01361,COMP_0885,2026-09-01 00:00:00,0,,,,
PRODUCT_01712,COMP_0885,2026-09-01 00:00:00,-39920.03,,,,
PRODUCT_02856,COMP_0885,2026-09-01 00:00:00,0,,,,
PRODUCT_04407,COMP_0885,2026-09-01 00:00:00,0,,,,
PRODUCT_04996,COMP_0885,2026-09-01 00:00:00,0,,,,
PRODUCT_05472,COMP_0885,2026-09-01 00:00:00,-94213.23,,-200000,,
PRODUCT_06615,COMP_0885,2026-09-01 00:00:00,0,,,,
PRODUCT_05193,COMP_0886,2026-09-01 00:00:00,45348.74,,,,
PRODUCT_04671,COMP_0887,2026-09-01 00:00:00,13304.28,,,,
PRODUCT_05593,COMP_0887,2026-09-01 00:00:00,20522.6,,,,
PRODUCT_05751,COMP_0887,2026-09-01 00:00:00,25788.71,,,25788.71,25788.71
PRODUCT_05963,COMP_0887,2026-09-01 00:00:00,5000,,,,
PRODUCT_03514,COMP_0888,2026-09-01 00:00:00,12443.22,,,,
PRODUCT_04360,COMP_0888,2026-09-01 00:00:00,0,,-3000,3000,
PRODUCT_05571,COMP_0888,2026-09-01 00:00:00,-88355.87,,-100000,,
PRODUCT_05948,COMP_0888,2026-09-01 00:00:00,-85000,,-100000,,
PRODUCT_06256,COMP_0888,2026-09-01 00:00:00,18437.36,,,,
PRODUCT_06631,COMP_0888,2026-09-01 00:00:00,0,,-5000,5000,
PRODUCT_08113,COMP_0888,2026-09-01 00:00:00,880.03,,,,
PRODUCT_08154,COMP_0888,2026-09-01 00:00:00,0,,0,,
PRODUCT_03135,COMP_0890,2026-09-01 00:00:00,48550.51,,,,
PRODUCT_05027,COMP_0890,2026-09-01 00:00:00,263819.53,,,,
PRODUCT_08033,COMP_0890,2026-09-01 00:00:00,121651.2,,,,
PRODUCT_00338,COMP_0891,2026-09-01 00:00:00,-3044.7,,-4000,955.3,
PRODUCT_01348,COMP_0891,2026-09-01 00:00:00,-285198.73,,-300000,,
PRODUCT_02649,COMP_0891,2026-09-01 00:00:00,54007.46,,,,
PRODUCT_07948,COMP_0891,2026-09-01 00:00:00,1993.26,,,,
PRODUCT_03089,COMP_0892,2026-09-01 00:00:00,27855.06,,,,
PRODUCT_05055,COMP_0892,2026-09-01 00:00:00,0,,-6277.07,,
PRODUCT_05839,COMP_0892,2026-09-01 00:00:00,0,,-2000,2000,
PRODUCT_06679,COMP_0892,2026-09-01 00:00:00,-885.88,,-4000,3114.12,
PRODUCT_00845,COMP_0893,2026-09-01 00:00:00,26647.43,,,,
PRODUCT_01959,COMP_0893,2026-09-01 00:00:00,-492747.05,,,,
PRODUCT_02421,COMP_0893,2026-09-01 00:00:00,0,,-600000,600000,
PRODUCT_02510,COMP_0893,2026-09-01 00:00:00,14311.29,,,,
PRODUCT_03526,COMP_0893,2026-09-01 00:00:00,69895.31,,,,
PRODUCT_04094,COMP_0893,2026-09-01 00:00:00,55256.1,,,,
PRODUCT_05075,COMP_0893,2026-09-01 00:00:00,-487932.36,,,,
PRODUCT_05595,COMP_0893,2026-09-01 00:00:00,-983561.54,,,,
PRODUCT_06955,COMP_0893,2026-09-01 00:00:00,-297327.49,,,,
PRODUCT_07089,COMP_0893,2026-09-01 00:00:00,-146120.56,,,,
PRODUCT_02337,COMP_0894,2026-09-01 00:00:00,0,,,,
PRODUCT_00271,COMP_0895,2026-09-01 00:00:00,206.31,,,,
PRODUCT_01720,COMP_0895,2026-09-01 00:00:00,2687.7,,,,
PRODUCT_07047,COMP_0895,2026-09-01 00:00:00,0,,,,
PRODUCT_07923,COMP_0895,2026-09-01 00:00:00,1296.08,,,,
PRODUCT_00172,COMP_0896,2026-09-01 00:00:00,-112379.22,,-200000,87620.78,-112379.22
PRODUCT_00292,COMP_0896,2026-09-01 00:00:00,24582.66,,,,
PRODUCT_02076,COMP_0896,2026-09-01 00:00:00,19170.8,,,,
PRODUCT_02928,COMP_0896,2026-09-01 00:00:00,-28425.2,,-28425.2,,
PRODUCT_04446,COMP_0896,2026-09-01 00:00:00,989.97,,,,
PRODUCT_05458,COMP_0896,2026-09-01 00:00:00,259.64,,,,
PRODUCT_05964,COMP_0896,2026-09-01 00:00:00,0,,,,
PRODUCT_02311,COMP_0897,2026-09-01 00:00:00,0,,,,
PRODUCT_02512,COMP_0897,2026-09-01 00:00:00,4267.13,,,,
PRODUCT_03459,COMP_0897,2026-09-01 00:00:00,910,,,,
PRODUCT_03557,COMP_0897,2026-09-01 00:00:00,-94549.92,,-96000,,
PRODUCT_03707,COMP_0897,2026-09-01 00:00:00,0,,,0,
PRODUCT_04622,COMP_0897,2026-09-01 00:00:00,90324.24,,,,
PRODUCT_05484,COMP_0897,2026-09-01 00:00:00,10869.71,,,,
PRODUCT_05759,COMP_0897,2026-09-01 00:00:00,1028.26,,,,
PRODUCT_07276,COMP_0897,2026-09-01 00:00:00,0,,,0,
PRODUCT_07358,COMP_0897,2026-09-01 00:00:00,21654.07,,,,
PRODUCT_07662,COMP_0897,2026-09-01 00:00:00,-87720.46,,-89600,,
PRODUCT_00115,COMP_0898,2026-09-01 00:00:00,52117.46,,,,
PRODUCT_02107,COMP_0898,2026-09-01 00:00:00,12973.76,,,,
PRODUCT_02470,COMP_0898,2026-09-01 00:00:00,39031.86,,,,
PRODUCT_02628,COMP_0898,2026-09-01 00:00:00,140685.2,,,,
PRODUCT_02743,COMP_0898,2026-09-01 00:00:00,69889.54,,,,
PRODUCT_03760,COMP_0898,2026-09-01 00:00:00,-319963.22,,,,
PRODUCT_03874,COMP_0898,2026-09-01 00:00:00,219955.83,,,,
PRODUCT_04122,COMP_0898,2026-09-01 00:00:00,-5819358.43,,-6550000,,
PRODUCT_05887,COMP_0898,2026-09-01 00:00:00,-307762.95,,,,
PRODUCT_06985,COMP_0898,2026-09-01 00:00:00,-268332.12,,-2000000,,
PRODUCT_07317,COMP_0898,2026-09-01 00:00:00,-212223.14,,,,
PRODUCT_01880,COMP_0899,2026-09-01 00:00:00,29353.9,,,,
PRODUCT_02872,COMP_0899,2026-09-01 00:00:00,-47010,,,,
PRODUCT_00951,COMP_0900,2026-09-01 00:00:00,574558.53,,,,
PRODUCT_01994,COMP_0900,2026-09-01 00:00:00,1374799.4,,,,
PRODUCT_02463,COMP_0900,2026-09-01 00:00:00,2428840.87,,,,
PRODUCT_03666,COMP_0900,2026-09-01 00:00:00,185657304.13,,,,
PRODUCT_06439,COMP_0900,2026-09-01 00:00:00,-2570.57,,,,
PRODUCT_07535,COMP_0900,2026-09-01 00:00:00,97116006.74,,,,
PRODUCT_07626,COMP_0900,2026-09-01 00:00:00,96971473.31,,,,
PRODUCT_02161,COMP_0901,2026-09-01 00:00:00,40508.28,,,,
PRODUCT_02181,COMP_0901,2026-09-01 00:00:00,5924.64,,,,
PRODUCT_02775,COMP_0901,2026-09-01 00:00:00,51932.49,,,,
PRODUCT_03212,COMP_0901,2026-09-01 00:00:00,28183.54,,,,
PRODUCT_05491,COMP_0901,2026-09-01 00:00:00,1779.53,,,,
PRODUCT_05673,COMP_0902,2026-09-01 00:00:00,194946.86,,,,
PRODUCT_00745,COMP_0903,2026-09-01 00:00:00,39695.54,,,,
PRODUCT_01474,COMP_0903,2026-09-01 00:00:00,29685.72,,,,
PRODUCT_03074,COMP_0904,2026-09-01 00:00:00,0,,,,
PRODUCT_03553,COMP_0904,2026-09-01 00:00:00,218.7,,,,
PRODUCT_05218,COMP_0904,2026-09-01 00:00:00,8611.99,,,,
PRODUCT_07670,COMP_0904,2026-09-01 00:00:00,19658.76,,,,
PRODUCT_02117,COMP_0905,2026-09-01 00:00:00,0,,-3000,3000,
PRODUCT_03036,COMP_0905,2026-09-01 00:00:00,15450.55,,,,
PRODUCT_05477,COMP_0905,2026-09-01 00:00:00,14880.53,,,,
PRODUCT_03014,COMP_0906,2026-09-01 00:00:00,-181784.97,,-201324.47,,
PRODUCT_06629,COMP_0906,2026-09-01 00:00:00,12025.32,,-50000,62025.32,-102991.09
PRODUCT_05329,COMP_0907,2026-09-01 00:00:00,20728.53,,,,
PRODUCT_05334,COMP_0907,2026-09-01 00:00:00,-31602.51,,-31602.51,0,
PRODUCT_06846,COMP_0908,2026-09-01 00:00:00,2269.51,,,,
PRODUCT_00012,COMP_0909,2026-09-01 00:00:00,10148.36,,,,
PRODUCT_00017,COMP_0909,2026-09-01 00:00:00,0,,,,
PRODUCT_00425,COMP_0909,2026-09-01 00:00:00,0,,-1000000,1000000,0
PRODUCT_00599,COMP_0909,2026-09-01 00:00:00,26876.55,,,,
PRODUCT_00699,COMP_0909,2026-09-01 00:00:00,601237.18,,-600000,1201237.18,1201237.18
PRODUCT_00751,COMP_0909,2026-09-01 00:00:00,-124.33,,-10000,9875.67,
PRODUCT_00769,COMP_0909,2026-09-01 00:00:00,394453.15,,,394453.15,
PRODUCT_00830,COMP_0909,2026-09-01 00:00:00,15317.07,,,,
PRODUCT_00898,COMP_0909,2026-09-01 00:00:00,-36.87,,-3000,2963.13,
PRODUCT_01071,COMP_0909,2026-09-01 00:00:00,0,,-3000000.07,,
PRODUCT_01149,COMP_0909,2026-09-01 00:00:00,1953.6,,,,
PRODUCT_01354,COMP_0909,2026-09-01 00:00:00,-786274.2,,,,
PRODUCT_01571,COMP_0909,2026-09-01 00:00:00,-86.86,,-3000,2913.14,
PRODUCT_01596,COMP_0909,2026-09-01 00:00:00,-1401788.39,,-0.01,,
PRODUCT_01650,COMP_0909,2026-09-01 00:00:00,-1708855.75,,-1709144.25,,
PRODUCT_01708,COMP_0909,2026-09-01 00:00:00,-2646659.7,,0,,
PRODUCT_02055,COMP_0909,2026-09-01 00:00:00,1000000,,,,
PRODUCT_02086,COMP_0909,2026-09-01 00:00:00,0,,,,
PRODUCT_02179,COMP_0909,2026-09-01 00:00:00,0,,-3000,3000,
PRODUCT_02269,COMP_0909,2026-09-01 00:00:00,0,,,,
PRODUCT_02339,COMP_0909,2026-09-01 00:00:00,-30.11,,-22000,21969.89,
PRODUCT_02431,COMP_0909,2026-09-01 00:00:00,645578.48,,,,
PRODUCT_02434,COMP_0909,2026-09-01 00:00:00,0,,-1000000,1000000,
PRODUCT_02449,COMP_0909,2026-09-01 00:00:00,0,,-4000000,4000000,
PRODUCT_02519,COMP_0909,2026-09-01 00:00:00,0,,-3000,3000,
PRODUCT_02631,COMP_0909,2026-09-01 00:00:00,-672707.72,,,,
PRODUCT_02695,COMP_0909,2026-09-01 00:00:00,0,,-7000,7000,
PRODUCT_02709,COMP_0909,2026-09-01 00:00:00,-11024638.96,,-12700000,,
PRODUCT_02764,COMP_0909,2026-09-01 00:00:00,-3846452,,,,
PRODUCT_02835,COMP_0909,2026-09-01 00:00:00,-332.08,,-3000,2667.92,
PRODUCT_02894,COMP_0909,2026-09-01 00:00:00,-316901.63,,,,
PRODUCT_02918,COMP_0909,2026-09-01 00:00:00,-2446613.45,,-12000000,,
PRODUCT_02935,COMP_0909,2026-09-01 00:00:00,7631.41,,-3000000,3007573.93,
PRODUCT_03000,COMP_0909,2026-09-01 00:00:00,0,,,,0
PRODUCT_03133,COMP_0909,2026-09-01 00:00:00,6137.1,,,,
PRODUCT_03141,COMP_0909,2026-09-01 00:00:00,-790608.65,,-0.01,,
PRODUCT_03165,COMP_0909,2026-09-01 00:00:00,1000000,,,,
PRODUCT_03311,COMP_0909,2026-09-01 00:00:00,606799.38,,,,
PRODUCT_03474,COMP_0909,2026-09-01 00:00:00,0,,-20000,,
PRODUCT_03548,COMP_0909,2026-09-01 00:00:00,878.48,,,,
PRODUCT_03625,COMP_0909,2026-09-01 00:00:00,0,,,,
PRODUCT_03637,COMP_0909,2026-09-01 00:00:00,446.37,,,,
PRODUCT_03719,COMP_0909,2026-09-01 00:00:00,300.55,,,,
PRODUCT_03738,COMP_0909,2026-09-01 00:00:00,-2207981.59,,-7000000,4792018.41,
PRODUCT_03753,COMP_0909,2026-09-01 00:00:00,0,,-300,300,
PRODUCT_03817,COMP_0909,2026-09-01 00:00:00,2546774.81,,,,
PRODUCT_03905,COMP_0909,2026-09-01 00:00:00,-118.96,,-3000,2881.04,
PRODUCT_03957,COMP_0909,2026-09-01 00:00:00,583457.8,,,,
PRODUCT_04003,COMP_0909,2026-09-01 00:00:00,0,,-2000000,2000000,
PRODUCT_04010,COMP_0909,2026-09-01 00:00:00,-1803.04,,0,,
PRODUCT_04140,COMP_0909,2026-09-01 00:00:00,0,,-0.01,,
PRODUCT_04233,COMP_0909,2026-09-01 00:00:00,0,,-3500000,,
PRODUCT_04292,COMP_0909,2026-09-01 00:00:00,0,,,,
PRODUCT_04333,COMP_0909,2026-09-01 00:00:00,-880.62,,-8000,7119.38,
PRODUCT_04383,COMP_0909,2026-09-01 00:00:00,-519381.35,,-1500000,,
PRODUCT_04467,COMP_0909,2026-09-01 00:00:00,1049.41,,,,
PRODUCT_04607,COMP_0909,2026-09-01 00:00:00,-2000,,0,,
PRODUCT_04634,COMP_0909,2026-09-01 00:00:00,3391.35,,,,
PRODUCT_04638,COMP_0909,2026-09-01 00:00:00,0,,,,
PRODUCT_04664,COMP_0909,2026-09-01 00:00:00,-23.38,,-12000,11976.62,
PRODUCT_04681,COMP_0909,2026-09-01 00:00:00,0,,-2290602.57,2290602.57,2290602.57
PRODUCT_04772,COMP_0909,2026-09-01 00:00:00,2704838.67,,,,
PRODUCT_04782,COMP_0909,2026-09-01 00:00:00,0,,-3000,3000,
PRODUCT_04821,COMP_0909,2026-09-01 00:00:00,0,,-2000000,2000000,
PRODUCT_04848,COMP_0909,2026-09-01 00:00:00,0,,-1000000,1000000,
PRODUCT_05014,COMP_0909,2026-09-01 00:00:00,0,,,,
PRODUCT_05018,COMP_0909,2026-09-01 00:00:00,500000,,,,
PRODUCT_05037,COMP_0909,2026-09-01 00:00:00,81294.05,,,,
PRODUCT_05063,COMP_0909,2026-09-01 00:00:00,-253608.61,,-1846391.39,,
PRODUCT_05083,COMP_0909,2026-09-01 00:00:00,0,,-4000000,4000000,
PRODUCT_05227,COMP_0909,2026-09-01 00:00:00,0,,,,
PRODUCT_05244,COMP_0909,2026-09-01 00:00:00,0,,-4000000,4000000,
PRODUCT_05261,COMP_0909,2026-09-01 00:00:00,0,,-5000,5000,
PRODUCT_05269,COMP_0909,2026-09-01 00:00:00,0,,,,
PRODUCT_05503,COMP_0909,2026-09-01 00:00:00,200,,,,
PRODUCT_05631,COMP_0909,2026-09-01 00:00:00,814.9,,-1500000,1505288.49,814.9
PRODUCT_05634,COMP_0909,2026-09-01 00:00:00,0.23,,,,
PRODUCT_05652,COMP_0909,2026-09-01 00:00:00,0,,-500000,500000,
PRODUCT_05863,COMP_0909,2026-09-01 00:00:00,-629100.87,,-1000000,370899.13,
PRODUCT_05949,COMP_0909,2026-09-01 00:00:00,-0.03,,-3000,2999.97,
PRODUCT_05969,COMP_0909,2026-09-01 00:00:00,-1750098.7,,2000000,,
PRODUCT_05988,COMP_0909,2026-09-01 00:00:00,-7.6,,-5000,4992.4,
PRODUCT_06006,COMP_0909,2026-09-01 00:00:00,8396.7,,-3000000,3008396.7,-5806663.13
PRODUCT_06121,COMP_0909,2026-09-01 00:00:00,0,,,,
PRODUCT_06128,COMP_0909,2026-09-01 00:00:00,21.21,,,,
PRODUCT_06159,COMP_0909,2026-09-01 00:00:00,-2797832.33,,-10000000,,
PRODUCT_06229,COMP_0909,2026-09-01 00:00:00,0,,-10000,10000,
PRODUCT_06248,COMP_0909,2026-09-01 00:00:00,632.84,,,,
PRODUCT_06298,COMP_0909,2026-09-01 00:00:00,-10609161.56,,-17500000,6890838.44,6777238.9
PRODUCT_06410,COMP_0909,2026-09-01 00:00:00,18399.53,,-800000,818399.53,
PRODUCT_06440,COMP_0909,2026-09-01 00:00:00,0,,-4000000,4000000,
PRODUCT_06463,COMP_0909,2026-09-01 00:00:00,0,,-4000000,4000000,
PRODUCT_06511,COMP_0909,2026-09-01 00:00:00,0,,-4000000,4000000,
PRODUCT_06622,COMP_0909,2026-09-01 00:00:00,223.52,,,,
PRODUCT_06703,COMP_0909,2026-09-01 00:00:00,0,,0,0,
PRODUCT_06705,COMP_0909,2026-09-01 00:00:00,0,,-3000,3000,
PRODUCT_06760,COMP_0909,2026-09-01 00:00:00,-2797832.33,,-2800000,,
PRODUCT_06798,COMP_0909,2026-09-01 00:00:00,-414806.77,,-860000,445193.23,
PRODUCT_06964,COMP_0909,2026-09-01 00:00:00,0,,-500000,500000,
PRODUCT_06972,COMP_0909,2026-09-01 00:00:00,0,,,,
PRODUCT_06986,COMP_0909,2026-09-01 00:00:00,-2124354.07,,,,
PRODUCT_06996,COMP_0909,2026-09-01 00:00:00,-13.2,,-3000,2986.8,
PRODUCT_07037,COMP_0909,2026-09-01 00:00:00,0,,-3000,3000,
PRODUCT_07183,COMP_0909,2026-09-01 00:00:00,0,,-1000000,1000000,0
PRODUCT_07270,COMP_0909,2026-09-01 00:00:00,6.15,,,,
PRODUCT_07291,COMP_0909,2026-09-01 00:00:00,-830.39,,-3000,2169.61,
PRODUCT_07313,COMP_0909,2026-09-01 00:00:00,572.24,,,,
PRODUCT_07318,COMP_0909,2026-09-01 00:00:00,0,,-3000,3000,
PRODUCT_07486,COMP_0909,2026-09-01 00:00:00,-2250352.5,,,,
PRODUCT_07586,COMP_0909,2026-09-01 00:00:00,-415968.21,,-1500000,1084031.79,0
PRODUCT_07604,COMP_0909,2026-09-01 00:00:00,0,,1000000,1000000,0
PRODUCT_07723,COMP_0909,2026-09-01 00:00:00,-1092172.04,,0,,
PRODUCT_07727,COMP_0909,2026-09-01 00:00:00,-464000,,,,
PRODUCT_07852,COMP_0909,2026-09-01 00:00:00,-600,,-3000,2400,
PRODUCT_08063,COMP_0909,2026-09-01 00:00:00,-1000000,,,,
PRODUCT_08092,COMP_0909,2026-09-01 00:00:00,0,,,,
PRODUCT_08107,COMP_0909,2026-09-01 00:00:00,111.09,,,,
PRODUCT_08138,COMP_0909,2026-09-01 00:00:00,-894.33,,-3000,2105.67,
PRODUCT_08148,COMP_0909,2026-09-01 00:00:00,-1761874.1,,-1761874.1,,
PRODUCT_00203,COMP_0910,2026-09-01 00:00:00,15947.1,,,,
PRODUCT_01243,COMP_0910,2026-09-01 00:00:00,-492151.24,,-957650.99,,
PRODUCT_01432,COMP_0910,2026-09-01 00:00:00,0,,-85154.08,,
PRODUCT_03848,COMP_0910,2026-09-01 00:00:00,0,,,,
PRODUCT_05307,COMP_0910,2026-09-01 00:00:00,-87460.05,,,,
PRODUCT_05323,COMP_0910,2026-09-01 00:00:00,0,,,,
PRODUCT_05800,COMP_0911,2026-09-01 00:00:00,0,,,,
PRODUCT_02003,COMP_0912,2026-09-01 00:00:00,1314645.59,,,,
PRODUCT_02155,COMP_0912,2026-09-01 00:00:00,0,,,,
PRODUCT_02332,COMP_0912,2026-09-01 00:00:00,255228.13,,,,
PRODUCT_03331,COMP_0912,2026-09-01 00:00:00,0,,-12000,12000,
PRODUCT_03944,COMP_0912,2026-09-01 00:00:00,0,,-3000,3000,
PRODUCT_04040,COMP_0912,2026-09-01 00:00:00,243.3,,,,
PRODUCT_04049,COMP_0912,2026-09-01 00:00:00,0,,-3000,3000,
PRODUCT_04146,COMP_0912,2026-09-01 00:00:00,0,,-3000,3000,
PRODUCT_04208,COMP_0912,2026-09-01 00:00:00,309912.79,,,,
PRODUCT_05500,COMP_0912,2026-09-01 00:00:00,0,,-3000,3000,
PRODUCT_07344,COMP_0912,2026-09-01 00:00:00,0,,-1500,1500,
PRODUCT_08023,COMP_0912,2026-09-01 00:00:00,0,,,,
PRODUCT_03771,COMP_0913,2026-09-01 00:00:00,2743.7,,,,
PRODUCT_04510,COMP_0913,2026-09-01 00:00:00,20071.38,,,,
PRODUCT_03756,COMP_0914,2026-09-01 00:00:00,375.54,,,,
PRODUCT_05393,COMP_0914,2026-09-01 00:00:00,1487.59,,,,
PRODUCT_06237,COMP_0914,2026-09-01 00:00:00,-39621.07,,-200000,,
PRODUCT_01265,COMP_0915,2026-09-01 00:00:00,0,,,,
PRODUCT_01843,COMP_0915,2026-09-01 00:00:00,-30000,,,,
PRODUCT_01953,COMP_0915,2026-09-01 00:00:00,26156.4,,,,
PRODUCT_02027,COMP_0915,2026-09-01 00:00:00,-3000,,,,
PRODUCT_03155,COMP_0915,2026-09-01 00:00:00,0,,,,
PRODUCT_04985,COMP_0915,2026-09-01 00:00:00,3322.64,,,,
PRODUCT_05284,COMP_0915,2026-09-01 00:00:00,-90000,,,,
PRODUCT_06164,COMP_0915,2026-09-01 00:00:00,0,,,,
PRODUCT_07720,COMP_0915,2026-09-01 00:00:00,-21000,,,,
PRODUCT_01400,COMP_0916,2026-09-01 00:00:00,6257.28,,,,
PRODUCT_01999,COMP_0916,2026-09-01 00:00:00,3066.5,,,,
PRODUCT_03332,COMP_0916,2026-09-01 00:00:00,356451.53,,,,
PRODUCT_08167,COMP_0916,2026-09-01 00:00:00,5451.14,,,,
PRODUCT_06594,COMP_0917,2026-09-01 00:00:00,11946.29,,,,
PRODUCT_04301,COMP_0918,2026-09-01 00:00:00,45425.61,,,,
PRODUCT_00162,COMP_0919,2026-09-01 00:00:00,0,,,,
PRODUCT_00270,COMP_0919,2026-09-01 00:00:00,0,,,,0
PRODUCT_00352,COMP_0919,2026-09-01 00:00:00,6019.07,,,,
PRODUCT_00448,COMP_0919,2026-09-01 00:00:00,0,,-1250000,1250000,
PRODUCT_00864,COMP_0919,2026-09-01 00:00:00,0,,,,
PRODUCT_01197,COMP_0919,2026-09-01 00:00:00,0,,,,0
PRODUCT_01393,COMP_0919,2026-09-01 00:00:00,241.84,,,,
PRODUCT_01396,COMP_0919,2026-09-01 00:00:00,0,,-1250000,1250000,
PRODUCT_01713,COMP_0919,2026-09-01 00:00:00,0,,,,0
PRODUCT_01776,COMP_0919,2026-09-01 00:00:00,0,,,,
PRODUCT_01875,COMP_0919,2026-09-01 00:00:00,220398.13,,,220398.13,220398.13
PRODUCT_01878,COMP_0919,2026-09-01 00:00:00,0,,,,
PRODUCT_01914,COMP_0919,2026-09-01 00:00:00,0,,-1250000,1250000,
PRODUCT_01962,COMP_0919,2026-09-01 00:00:00,0,,-1250000,1250000,
PRODUCT_02006,COMP_0919,2026-09-01 00:00:00,0,,,,
PRODUCT_02183,COMP_0919,2026-09-01 00:00:00,-2438068.61,,-2500000,61931.39,
PRODUCT_02270,COMP_0919,2026-09-01 00:00:00,237881.88,,-1,237882.88,211634.56
PRODUCT_02550,COMP_0919,2026-09-01 00:00:00,31234.33,,,,
PRODUCT_02562,COMP_0919,2026-09-01 00:00:00,0,,,,0
PRODUCT_02567,COMP_0919,2026-09-01 00:00:00,0,,,,
PRODUCT_02929,COMP_0919,2026-09-01 00:00:00,0,,-1250000,1250000,
PRODUCT_03006,COMP_0919,2026-09-01 00:00:00,0,,,,
PRODUCT_03174,COMP_0919,2026-09-01 00:00:00,-11013515.37,,-11324999.54,,
PRODUCT_03199,COMP_0919,2026-09-01 00:00:00,0,,-1250000,1250000,
PRODUCT_03254,COMP_0919,2026-09-01 00:00:00,-175411.89,,-1250000,1074588.11,
PRODUCT_03393,COMP_0919,2026-09-01 00:00:00,-1195878.29,,-1250000,54121.71,
PRODUCT_03529,COMP_0919,2026-09-01 00:00:00,151102.57,,,,
PRODUCT_03636,COMP_0919,2026-09-01 00:00:00,-657420.56,,,,
PRODUCT_04015,COMP_0919,2026-09-01 00:00:00,141.6,,,,
PRODUCT_04384,COMP_0919,2026-09-01 00:00:00,0,,,,
PRODUCT_04631,COMP_0919,2026-09-01 00:00:00,69876.3,,,,
PRODUCT_04860,COMP_0919,2026-09-01 00:00:00,536.1,,,,
PRODUCT_05268,COMP_0919,2026-09-01 00:00:00,11338.35,,,,
PRODUCT_05487,COMP_0919,2026-09-01 00:00:00,0,,,,0
PRODUCT_05501,COMP_0919,2026-09-01 00:00:00,-490535.49,,-500000,9464.51,9464.51
PRODUCT_05837,COMP_0919,2026-09-01 00:00:00,1532.44,,,,
PRODUCT_05962,COMP_0919,2026-09-01 00:00:00,0,,-4000000,4000000,
PRODUCT_06021,COMP_0919,2026-09-01 00:00:00,0,,-1250000,1250000,
PRODUCT_06265,COMP_0919,2026-09-01 00:00:00,-678581.23,,-1250000,571418.77,
PRODUCT_06342,COMP_0919,2026-09-01 00:00:00,-1981204.25,,-2200000,218795.75,218795.75
PRODUCT_06373,COMP_0919,2026-09-01 00:00:00,0,,-1250000,1250000,
PRODUCT_06421,COMP_0919,2026-09-01 00:00:00,0,,,,0
PRODUCT_06497,COMP_0919,2026-09-01 00:00:00,0,,,,
PRODUCT_06849,COMP_0919,2026-09-01 00:00:00,12475.35,,,,
PRODUCT_07045,COMP_0919,2026-09-01 00:00:00,373.2,,,,
PRODUCT_07208,COMP_0919,2026-09-01 00:00:00,0,,,,
PRODUCT_07869,COMP_0919,2026-09-01 00:00:00,-28858815.63,,-29675000.46,,
PRODUCT_08051,COMP_0919,2026-09-01 00:00:00,0,,,,0
PRODUCT_08123,COMP_0919,2026-09-01 00:00:00,0,,,,
PRODUCT_00238,COMP_0920,2026-09-01 00:00:00,98425.46,,,,
PRODUCT_02190,COMP_0920,2026-09-01 00:00:00,637643.34,,,,
PRODUCT_07189,COMP_0920,2026-09-01 00:00:00,74097.06,,,,
PRODUCT_03195,COMP_0921,2026-09-01 00:00:00,40.82,,,,
PRODUCT_06836,COMP_0921,2026-09-01 00:00:00,0,,,0,0
PRODUCT_07795,COMP_0921,2026-09-01 00:00:00,13644.47,,,13644.47,13644.47
PRODUCT_00532,COMP_0922,2026-09-01 00:00:00,34137.73,,,,
PRODUCT_06386,COMP_0923,2026-09-01 00:00:00,653065.07,,,,
PRODUCT_00013,COMP_0924,2026-09-01 00:00:00,10000,,,,
PRODUCT_00276,COMP_0924,2026-09-01 00:00:00,-1686858.3,,-2312038.95,,
PRODUCT_00737,COMP_0924,2026-09-01 00:00:00,-6200000,,-6200000,,
PRODUCT_01008,COMP_0924,2026-09-01 00:00:00,0,,,,
PRODUCT_01377,COMP_0924,2026-09-01 00:00:00,300.55,,,,
PRODUCT_01507,COMP_0924,2026-09-01 00:00:00,1500,,-1500,3000,
PRODUCT_01807,COMP_0924,2026-09-01 00:00:00,-1276506.89,,-2000000,723493.11,
PRODUCT_02557,COMP_0924,2026-09-01 00:00:00,923493.11,,,923493.11,923493.11
PRODUCT_02972,COMP_0924,2026-09-01 00:00:00,0,,,,
PRODUCT_03349,COMP_0924,2026-09-01 00:00:00,15073.44,,,,
PRODUCT_03479,COMP_0924,2026-09-01 00:00:00,1000,,-1000,2000,
PRODUCT_03675,COMP_0924,2026-09-01 00:00:00,0,,-3000,3000,
PRODUCT_04444,COMP_0924,2026-09-01 00:00:00,5680.52,,,,
PRODUCT_05973,COMP_0924,2026-09-01 00:00:00,1,,,,
PRODUCT_06074,COMP_0924,2026-09-01 00:00:00,-4.99,,-30000,29995.01,
PRODUCT_06717,COMP_0924,2026-09-01 00:00:00,-1017078.21,,-1388822.05,,
PRODUCT_07001,COMP_0924,2026-09-01 00:00:00,0,,-4252.06,,
PRODUCT_07251,COMP_0924,2026-09-01 00:00:00,488.76,,,,
PRODUCT_07349,COMP_0924,2026-09-01 00:00:00,4472.29,,,,
PRODUCT_07422,COMP_0924,2026-09-01 00:00:00,168303.8,,,,
PRODUCT_07651,COMP_0924,2026-09-01 00:00:00,0,,-20000,20000,
PRODUCT_07699,COMP_0924,2026-09-01 00:00:00,0,,-2166666.66,,
PRODUCT_01704,COMP_0925,2026-09-01 00:00:00,8220.24,,,,
PRODUCT_00085,COMP_0926,2026-09-01 00:00:00,6633095.67,,,,
PRODUCT_01211,COMP_0926,2026-09-01 00:00:00,0,,,,
PRODUCT_01219,COMP_0926,2026-09-01 00:00:00,0,,,,
PRODUCT_03372,COMP_0926,2026-09-01 00:00:00,1982824.99,,,,
PRODUCT_05321,COMP_0926,2026-09-01 00:00:00,1.18,,,,
PRODUCT_06653,COMP_0926,2026-09-01 00:00:00,0,,,,
PRODUCT_06698,COMP_0926,2026-09-01 00:00:00,0.03,,,,
PRODUCT_07130,COMP_0926,2026-09-01 00:00:00,0.1,,,,
PRODUCT_01716,COMP_0927,2026-09-01 00:00:00,77639.08,,,,
PRODUCT_01824,COMP_0927,2026-09-01 00:00:00,1271.07,,,,
PRODUCT_02755,COMP_0927,2026-09-01 00:00:00,14081.76,,,,
PRODUCT_04460,COMP_0927,2026-09-01 00:00:00,0,,-12000,12000,
PRODUCT_05384,COMP_0927,2026-09-01 00:00:00,7201.84,,,,
PRODUCT_05908,COMP_0927,2026-09-01 00:00:00,222823.32,,,,
PRODUCT_01245,COMP_0928,2026-09-01 00:00:00,0,,-200000,200000,
PRODUCT_01259,COMP_0928,2026-09-01 00:00:00,-616556.54,,-928273.96,,
PRODUCT_01443,COMP_0928,2026-09-01 00:00:00,0,,,,
PRODUCT_01547,COMP_0928,2026-09-01 00:00:00,0,,,,
PRODUCT_01898,COMP_0928,2026-09-01 00:00:00,1487.03,,,,
PRODUCT_01939,COMP_0928,2026-09-01 00:00:00,17387.07,,,,
PRODUCT_02288,COMP_0928,2026-09-01 00:00:00,0,,,,
PRODUCT_02987,COMP_0928,2026-09-01 00:00:00,-228589.08,,-304785.44,,
PRODUCT_03508,COMP_0928,2026-09-01 00:00:00,5612.16,,,5612.16,
PRODUCT_03813,COMP_0928,2026-09-01 00:00:00,-266107.2,,-350000,83892.8,
PRODUCT_03882,COMP_0928,2026-09-01 00:00:00,-301014.25,,-455565.1,,
PRODUCT_04300,COMP_0928,2026-09-01 00:00:00,-148413.67,,-150000,1586.33,-148413.67
PRODUCT_04840,COMP_0928,2026-09-01 00:00:00,-32754.28,,-48718.57,,
PRODUCT_05033,COMP_0928,2026-09-01 00:00:00,-166737.06,,-203791.06,,
PRODUCT_05068,COMP_0928,2026-09-01 00:00:00,954.28,,,,
PRODUCT_05204,COMP_0928,2026-09-01 00:00:00,-30815.62,,-36391.75,,
PRODUCT_05346,COMP_0928,2026-09-01 00:00:00,0,,,,
PRODUCT_05619,COMP_0928,2026-09-01 00:00:00,-16414,,-65656,,
PRODUCT_05624,COMP_0928,2026-09-01 00:00:00,1820.35,,,,
PRODUCT_05806,COMP_0928,2026-09-01 00:00:00,0,,-300000,300000,
PRODUCT_06034,COMP_0928,2026-09-01 00:00:00,0.84,,,,
PRODUCT_06054,COMP_0928,2026-09-01 00:00:00,-145833.34,,-215277.79,,
PRODUCT_06495,COMP_0928,2026-09-01 00:00:00,0,,,,
PRODUCT_06783,COMP_0928,2026-09-01 00:00:00,0.12,,,,
PRODUCT_06975,COMP_0928,2026-09-01 00:00:00,0,,-86482.26,,
PRODUCT_07305,COMP_0928,2026-09-01 00:00:00,-148.29,,-3000,2851.71,
PRODUCT_07518,COMP_0928,2026-09-01 00:00:00,0,,-25000,25000,
PRODUCT_07596,COMP_0928,2026-09-01 00:00:00,156.98,,,,
PRODUCT_07624,COMP_0928,2026-09-01 00:00:00,0,,,,
PRODUCT_00439,COMP_0929,2026-09-01 00:00:00,-104245.69,,-150000,26618.64,
PRODUCT_00880,COMP_0929,2026-09-01 00:00:00,0,,-3000,3000,3000
PRODUCT_01601,COMP_0929,2026-09-01 00:00:00,789.91,,,,
PRODUCT_01653,COMP_0929,2026-09-01 00:00:00,1093473.32,,,,
PRODUCT_01951,COMP_0929,2026-09-01 00:00:00,-15,,,,1000035
PRODUCT_02942,COMP_0929,2026-09-01 00:00:00,-510608.88,,-600000,89391.12,
PRODUCT_03026,COMP_0929,2026-09-01 00:00:00,155516.72,,,,
PRODUCT_03191,COMP_0929,2026-09-01 00:00:00,576.71,,,,
PRODUCT_03674,COMP_0929,2026-09-01 00:00:00,0,,,,1000050
PRODUCT_04617,COMP_0929,2026-09-01 00:00:00,-24758.08,,-75600,,
PRODUCT_04825,COMP_0929,2026-09-01 00:00:00,0,,,,
PRODUCT_06177,COMP_0929,2026-09-01 00:00:00,-31527.51,,-100000,,
PRODUCT_02509,COMP_0930,2026-09-01 00:00:00,14781.41,,,14781.41,
PRODUCT_02588,COMP_0930,2026-09-01 00:00:00,-171000,,-171000,0,
PRODUCT_06963,COMP_0930,2026-09-01 00:00:00,0,,,,
PRODUCT_00694,COMP_0931,2026-09-01 00:00:00,4687.67,,,,
PRODUCT_04495,COMP_0931,2026-09-01 00:00:00,177016.54,,,,
PRODUCT_04925,COMP_0931,2026-09-01 00:00:00,107468.94,,,,
PRODUCT_02171,COMP_0932,2026-09-01 00:00:00,16841.09,,,,
PRODUCT_01337,COMP_0933,2026-09-01 00:00:00,52239.81,,,,
PRODUCT_02951,COMP_0933,2026-09-01 00:00:00,20222.77,,,,
PRODUCT_03997,COMP_0933,2026-09-01 00:00:00,21187.91,,,,
PRODUCT_01447,COMP_0934,2026-09-01 00:00:00,50267.13,,,,
PRODUCT_03325,COMP_0935,2026-09-01 00:00:00,48886,,,,
PRODUCT_04096,COMP_0935,2026-09-01 00:00:00,-434561.65,,,,
PRODUCT_04115,COMP_0935,2026-09-01 00:00:00,0,,,,
PRODUCT_04588,COMP_0935,2026-09-01 00:00:00,0,,,,
PRODUCT_05361,COMP_0935,2026-09-01 00:00:00,0,,,,
PRODUCT_06954,COMP_0935,2026-09-01 00:00:00,0,,,,
PRODUCT_07361,COMP_0935,2026-09-01 00:00:00,4955.97,,,,
PRODUCT_07972,COMP_0935,2026-09-01 00:00:00,90.61,,-1,91.61,
PRODUCT_02806,COMP_0936,2026-09-01 00:00:00,99959.73,,,,
PRODUCT_02994,COMP_0936,2026-09-01 00:00:00,427.35,,,,
PRODUCT_03867,COMP_0937,2026-09-01 00:00:00,12632.35,,,,
PRODUCT_07981,COMP_0937,2026-09-01 00:00:00,0,,,,
PRODUCT_00502,COMP_0939,2026-09-01 00:00:00,22.6,,,,
PRODUCT_02694,COMP_0939,2026-09-01 00:00:00,602122.48,,,602122.48,602122.48
PRODUCT_02861,COMP_0939,2026-09-01 00:00:00,55578.44,,,95578.44,
PRODUCT_03635,COMP_0939,2026-09-01 00:00:00,386167.07,,,386167.07,369823.78
PRODUCT_03824,COMP_0939,2026-09-01 00:00:00,140113.04,,,140113.04,140113.04
PRODUCT_05009,COMP_0939,2026-09-01 00:00:00,431.98,,,,
PRODUCT_02048,COMP_0940,2026-09-01 00:00:00,0.44,,,,
PRODUCT_03008,COMP_0940,2026-09-01 00:00:00,0,,,,
PRODUCT_07439,COMP_0940,2026-09-01 00:00:00,0,,,,
PRODUCT_07556,COMP_0940,2026-09-01 00:00:00,0,,,,
PRODUCT_07817,COMP_0940,2026-09-01 00:00:00,6470884.62,,,,
PRODUCT_00726,COMP_0941,2026-09-01 00:00:00,0,,,,
PRODUCT_02893,COMP_0941,2026-09-01 00:00:00,0,,,,
PRODUCT_07997,COMP_0941,2026-09-01 00:00:00,0,,,,
PRODUCT_01052,COMP_0942,2026-09-01 00:00:00,0,,-159999.99,,
PRODUCT_01088,COMP_0942,2026-09-01 00:00:00,-6010.12,,-6010.12,,
PRODUCT_02657,COMP_0942,2026-09-01 00:00:00,-12500,,-12500,,
PRODUCT_04880,COMP_0942,2026-09-01 00:00:00,10967.89,,,,
PRODUCT_05089,COMP_0942,2026-09-01 00:00:00,3719.71,,,,
PRODUCT_05151,COMP_0942,2026-09-01 00:00:00,-6010.12,,-6010.12,,
PRODUCT_06097,COMP_0942,2026-09-01 00:00:00,-20000,,,,
PRODUCT_06467,COMP_0942,2026-09-01 00:00:00,-20000,,-20000,,
PRODUCT_07340,COMP_0942,2026-09-01 00:00:00,-5500,,-5500,,
PRODUCT_08059,COMP_0943,2026-09-01 00:00:00,496924.04,,,,
PRODUCT_01634,COMP_0944,2026-09-01 00:00:00,-1231.27,,-3000,1768.73,1472
PRODUCT_01655,COMP_0944,2026-09-01 00:00:00,-407440.54,,-430910.66,,
PRODUCT_03563,COMP_0944,2026-09-01 00:00:00,206147.95,,,,
PRODUCT_04000,COMP_0944,2026-09-01 00:00:00,3769.94,,,,
PRODUCT_04409,COMP_0944,2026-09-01 00:00:00,-92939.26,,-109400,,
PRODUCT_05666,COMP_0944,2026-09-01 00:00:00,76528.21,,,76528.21,76528.21
PRODUCT_06995,COMP_0944,2026-09-01 00:00:00,222417.93,,,,
PRODUCT_00137,COMP_0945,2026-09-01 00:00:00,6635.78,,,,
PRODUCT_01116,COMP_0945,2026-09-01 00:00:00,70352.11,,,,
PRODUCT_01351,COMP_0945,2026-09-01 00:00:00,4100.32,,,,
PRODUCT_02357,COMP_0945,2026-09-01 00:00:00,2543.63,,,,
PRODUCT_03861,COMP_0945,2026-09-01 00:00:00,73487.07,,,,
PRODUCT_04711,COMP_0945,2026-09-01 00:00:00,152579.99,,,,
PRODUCT_05105,COMP_0945,2026-09-01 00:00:00,-76855.52,,,,
PRODUCT_05136,COMP_0945,2026-09-01 00:00:00,1990.16,,,,
PRODUCT_05184,COMP_0945,2026-09-01 00:00:00,1877.63,,,,
PRODUCT_05194,COMP_0945,2026-09-01 00:00:00,566.34,,,,
PRODUCT_08217,COMP_0945,2026-09-01 00:00:00,863.61,,,,
PRODUCT_08222,COMP_0945,2026-09-01 00:00:00,2008.77,,,,
PRODUCT_02826,COMP_0946,2026-09-01 00:00:00,2564.59,,,,
PRODUCT_04648,COMP_0946,2026-09-01 00:00:00,367944.18,,,,
PRODUCT_07336,COMP_0946,2026-09-01 00:00:00,6316.15,,,6316.15,
PRODUCT_02548,COMP_0947,2026-09-01 00:00:00,0,,,,
PRODUCT_03742,COMP_0947,2026-09-01 00:00:00,0,,,,
PRODUCT_04073,COMP_0947,2026-09-01 00:00:00,0,,,,
PRODUCT_04380,COMP_0947,2026-09-01 00:00:00,0,,,,
PRODUCT_04488,COMP_0947,2026-09-01 00:00:00,0,,,,
PRODUCT_07523,COMP_0947,2026-09-01 00:00:00,0,,,,
PRODUCT_07629,COMP_0948,2026-09-01 00:00:00,40102.61,,,40102.61,
PRODUCT_02915,COMP_0949,2026-09-01 00:00:00,2720.03,,,,
PRODUCT_01352,COMP_0950,2026-09-01 00:00:00,0,,,,
PRODUCT_01616,COMP_0950,2026-09-01 00:00:00,0,,-4200,4200,4200
PRODUCT_01787,COMP_0950,2026-09-01 00:00:00,223.52,,0,223.52,223.52
PRODUCT_02587,COMP_0950,2026-09-01 00:00:00,0,,-8430.03,,
PRODUCT_04260,COMP_0950,2026-09-01 00:00:00,0,,,,
PRODUCT_04309,COMP_0950,2026-09-01 00:00:00,0,,-10144.59,,
PRODUCT_05313,COMP_0950,2026-09-01 00:00:00,-115000,,-107897.95,-7102.05,-115000
PRODUCT_06936,COMP_0950,2026-09-01 00:00:00,-7500,,-7500,0,
PRODUCT_07058,COMP_0950,2026-09-01 00:00:00,-400.21,,-21612.72,,
PRODUCT_07363,COMP_0950,2026-09-01 00:00:00,9509.58,,,,
PRODUCT_07539,COMP_0950,2026-09-01 00:00:00,0,,-10938.99,,
PRODUCT_07689,COMP_0950,2026-09-01 00:00:00,0,,,,
PRODUCT_01357,COMP_0951,2026-09-01 00:00:00,26697.87,,,26697.87,26697.87
PRODUCT_02441,COMP_0951,2026-09-01 00:00:00,-332.73,,-1800,1467.27,1174.88
PRODUCT_03906,COMP_0951,2026-09-01 00:00:00,31038.05,,,31038.05,31038.05
PRODUCT_04019,COMP_0951,2026-09-01 00:00:00,944122.81,,,,
PRODUCT_04210,COMP_0951,2026-09-01 00:00:00,0,,,0,0
PRODUCT_07126,COMP_0951,2026-09-01 00:00:00,606089,,,,
PRODUCT_05245,COMP_0952,2026-09-01 00:00:00,6680.58,,,,
PRODUCT_05493,COMP_0952,2026-09-01 00:00:00,-3424.28,,-100000,96575.72,
PRODUCT_08173,COMP_0952,2026-09-01 00:00:00,32791.3,,,,
PRODUCT_01249,COMP_0953,2026-09-01 00:00:00,4098047,,,,
PRODUCT_03649,COMP_0953,2026-09-01 00:00:00,1452817.05,,,,
PRODUCT_07593,COMP_0954,2026-09-01 00:00:00,15521.46,,,,
PRODUCT_08184,COMP_0954,2026-09-01 00:00:00,21807.26,,,,
PRODUCT_06027,COMP_0955,2026-09-01 00:00:00,3636.55,,,,
PRODUCT_00118,COMP_0956,2026-09-01 00:00:00,308203.63,,-45000,353203.63,308203.63
PRODUCT_00135,COMP_0956,2026-09-01 00:00:00,-5167.95,,-20000,14832.05,
PRODUCT_00351,COMP_0956,2026-09-01 00:00:00,0,,-1000,1000,
PRODUCT_00512,COMP_0956,2026-09-01 00:00:00,0,,-30000,30000,
PRODUCT_00575,COMP_0956,2026-09-01 00:00:00,-83680.48,,-84500,819.52,-83680.48
PRODUCT_00750,COMP_0956,2026-09-01 00:00:00,10739.15,,,,
PRODUCT_00819,COMP_0956,2026-09-01 00:00:00,0,,-1000,1000,
PRODUCT_00968,COMP_0956,2026-09-01 00:00:00,-119124.75,,-120000,875.25,
PRODUCT_00983,COMP_0956,2026-09-01 00:00:00,-84.04,,-3000,2915.96,
PRODUCT_01158,COMP_0956,2026-09-01 00:00:00,0,,-1000,1000,
PRODUCT_01213,COMP_0956,2026-09-01 00:00:00,63407.45,,,,
PRODUCT_01302,COMP_0956,2026-09-01 00:00:00,0,,-3000,3000,
PRODUCT_01615,COMP_0956,2026-09-01 00:00:00,-129630.83,,-200000,,
PRODUCT_01997,COMP_0956,2026-09-01 00:00:00,0,,-6000,6000,
PRODUCT_02040,COMP_0956,2026-09-01 00:00:00,-23064.52,,-41100,,
PRODUCT_02056,COMP_0956,2026-09-01 00:00:00,-54.82,,-6000,5945.18,
PRODUCT_02366,COMP_0956,2026-09-01 00:00:00,0,,-1500,1500,
PRODUCT_02402,COMP_0956,2026-09-01 00:00:00,0,,-78000,,
PRODUCT_02409,COMP_0956,2026-09-01 00:00:00,-84.04,,-3000,2915.96,
PRODUCT_02469,COMP_0956,2026-09-01 00:00:00,0,,-1500,1500,
PRODUCT_02625,COMP_0956,2026-09-01 00:00:00,37773.02,,,,
PRODUCT_02773,COMP_0956,2026-09-01 00:00:00,-5506,,-5506,,
PRODUCT_02989,COMP_0956,2026-09-01 00:00:00,-16956.91,,-16956.91,,
PRODUCT_03097,COMP_0956,2026-09-01 00:00:00,6050,,,,
PRODUCT_03189,COMP_0956,2026-09-01 00:00:00,-29345.54,,-29345.54,,
PRODUCT_03294,COMP_0956,2026-09-01 00:00:00,-27383.75,,-27383.75,,
PRODUCT_03302,COMP_0956,2026-09-01 00:00:00,-5506,,-5506,,
PRODUCT_03378,COMP_0956,2026-09-01 00:00:00,0,,-6000,6000,
PRODUCT_03592,COMP_0956,2026-09-01 00:00:00,0,,-1200,1200,1200
PRODUCT_03688,COMP_0956,2026-09-01 00:00:00,-5506,,-5506,,
PRODUCT_03704,COMP_0956,2026-09-01 00:00:00,0,,-6000,6000,
PRODUCT_03886,COMP_0956,2026-09-01 00:00:00,-5506,,-5506,,
PRODUCT_03931,COMP_0956,2026-09-01 00:00:00,0,,-1200,1200,1200
PRODUCT_03974,COMP_0956,2026-09-01 00:00:00,0,,-3000,3000,
PRODUCT_04139,COMP_0956,2026-09-01 00:00:00,-5506,,-5506,,
PRODUCT_04738,COMP_0956,2026-09-01 00:00:00,-39601.35,,-200000,,
PRODUCT_04838,COMP_0956,2026-09-01 00:00:00,0,,-1000,1000,
PRODUCT_05004,COMP_0956,2026-09-01 00:00:00,0,,-1000,1000,
PRODUCT_05259,COMP_0956,2026-09-01 00:00:00,0,,-1000,1000,
PRODUCT_05272,COMP_0956,2026-09-01 00:00:00,0,,-1000,1000,
PRODUCT_05276,COMP_0956,2026-09-01 00:00:00,-18167.66,,-18167.66,,
PRODUCT_05596,COMP_0956,2026-09-01 00:00:00,1644.42,,,1644.42,-82855.58
PRODUCT_05597,COMP_0956,2026-09-01 00:00:00,-5506,,-5506,,
PRODUCT_05623,COMP_0956,2026-09-01 00:00:00,-5026.74,,-5026.74,,
PRODUCT_05855,COMP_0956,2026-09-01 00:00:00,0,,-6000,6000,
PRODUCT_06116,COMP_0956,2026-09-01 00:00:00,-34009.79,,-34009.79,,
PRODUCT_06149,COMP_0956,2026-09-01 00:00:00,-3960.13,,-130000,,
PRODUCT_06242,COMP_0956,2026-09-01 00:00:00,-44993.37,,-44993.37,,
PRODUCT_06308,COMP_0956,2026-09-01 00:00:00,-6050,,-6050,,
PRODUCT_06485,COMP_0956,2026-09-01 00:00:00,151467.74,,,,
PRODUCT_06513,COMP_0956,2026-09-01 00:00:00,-12150,,-12150,,
PRODUCT_06628,COMP_0956,2026-09-01 00:00:00,-27383.75,,,,
PRODUCT_06648,COMP_0956,2026-09-01 00:00:00,87357.95,,,,
PRODUCT_06765,COMP_0956,2026-09-01 00:00:00,-4132.23,,-4132.23,,
PRODUCT_07114,COMP_0956,2026-09-01 00:00:00,0,,-1000,1000,
PRODUCT_07182,COMP_0956,2026-09-01 00:00:00,0,,-1000,1000,
PRODUCT_07197,COMP_0956,2026-09-01 00:00:00,0,,-1000,1000,
PRODUCT_07754,COMP_0956,2026-09-01 00:00:00,-9985.56,,-43500,,
PRODUCT_07835,COMP_0956,2026-09-01 00:00:00,0,,-1500,1500,
PRODUCT_07892,COMP_0956,2026-09-01 00:00:00,-13592.49,,-75000,61407.51,
PRODUCT_07902,COMP_0956,2026-09-01 00:00:00,-27383.75,,-27383.75,,
PRODUCT_07954,COMP_0956,2026-09-01 00:00:00,-5167.95,,-20000,14832.05,
PRODUCT_00157,COMP_0957,2026-09-01 00:00:00,0,,,0,0
PRODUCT_00840,COMP_0957,2026-09-01 00:00:00,-12000,,,,
PRODUCT_01441,COMP_0957,2026-09-01 00:00:00,195227.17,,-300000,495227.17,195227.17
PRODUCT_02933,COMP_0957,2026-09-01 00:00:00,-47061.34,,-50000,2938.66,
PRODUCT_04206,COMP_0957,2026-09-01 00:00:00,0,,,0,-80119.78
PRODUCT_04570,COMP_0957,2026-09-01 00:00:00,0,,-500000,500000,
PRODUCT_05046,COMP_0957,2026-09-01 00:00:00,1583.76,,-500000,501583.76,1583.76
PRODUCT_05875,COMP_0957,2026-09-01 00:00:00,339.34,,,,
PRODUCT_01159,COMP_0958,2026-09-01 00:00:00,475582.74,,,,
PRODUCT_02626,COMP_0958,2026-09-01 00:00:00,-67.99,,-3000,2932.01,
PRODUCT_02754,COMP_0958,2026-09-01 00:00:00,-258.5,,-3000,2741.5,
PRODUCT_02812,COMP_0958,2026-09-01 00:00:00,0,,-200,200,
PRODUCT_03343,COMP_0958,2026-09-01 00:00:00,5235027.35,,,,
PRODUCT_04230,COMP_0958,2026-09-01 00:00:00,91726.79,,,,
PRODUCT_04616,COMP_0958,2026-09-01 00:00:00,0,,-200,200,
PRODUCT_04774,COMP_0958,2026-09-01 00:00:00,0,,,,
PRODUCT_05791,COMP_0958,2026-09-01 00:00:00,0,,-15000,15000,
PRODUCT_05831,COMP_0958,2026-09-01 00:00:00,0,,-3000,3000,
PRODUCT_06066,COMP_0958,2026-09-01 00:00:00,0,,,,
PRODUCT_06187,COMP_0958,2026-09-01 00:00:00,0,,-3000,3000,
PRODUCT_06193,COMP_0958,2026-09-01 00:00:00,-43.7,,-15000,14956.3,
PRODUCT_06358,COMP_0958,2026-09-01 00:00:00,0,,-3000,3000,
PRODUCT_06393,COMP_0958,2026-09-01 00:00:00,-2765.99,,-7000,4234.01,
PRODUCT_06900,COMP_0958,2026-09-01 00:00:00,0,,-7000,7000,
PRODUCT_07448,COMP_0958,2026-09-01 00:00:00,-591.31,,-3000,2408.69,
PRODUCT_02688,COMP_0959,2026-09-01 00:00:00,53974.23,,,53974.23,
PRODUCT_04075,COMP_0959,2026-09-01 00:00:00,45985.93,,,45985.93,
PRODUCT_00831,COMP_0960,2026-09-01 00:00:00,0,,,,
PRODUCT_03679,COMP_0960,2026-09-01 00:00:00,0,,,,
PRODUCT_06981,COMP_0960,2026-09-01 00:00:00,45851.26,,,,
PRODUCT_07599,COMP_0960,2026-09-01 00:00:00,-1053.46,,,,
PRODUCT_02957,COMP_0961,2026-09-01 00:00:00,0,,,0,0
PRODUCT_03334,COMP_0961,2026-09-01 00:00:00,8489.76,,,8489.76,8489.76
PRODUCT_05060,COMP_0961,2026-09-01 00:00:00,19478.76,,,19478.76,
PRODUCT_07246,COMP_0961,2026-09-01 00:00:00,4800,,,4800,4800
PRODUCT_06636,COMP_0962,2026-09-01 00:00:00,-48.45,,,,-48.45
PRODUCT_04557,COMP_0963,2026-09-01 00:00:00,19005.74,,,,
PRODUCT_05181,COMP_0963,2026-09-01 00:00:00,9377.97,,,,
PRODUCT_02061,COMP_0964,2026-09-01 00:00:00,2076.93,,,,
PRODUCT_02301,COMP_0964,2026-09-01 00:00:00,0,,,,
PRODUCT_06109,COMP_0964,2026-09-01 00:00:00,21177.12,,,,
PRODUCT_07170,COMP_0964,2026-09-01 00:00:00,510742.08,,,,
PRODUCT_07565,COMP_0964,2026-09-01 00:00:00,0,,,,
PRODUCT_08069,COMP_0964,2026-09-01 00:00:00,0,,,,
PRODUCT_00628,COMP_0965,2026-09-01 00:00:00,-2390046.98,,-2460163.17,,
PRODUCT_00662,COMP_0965,2026-09-01 00:00:00,-274927.84,,,,
PRODUCT_01150,COMP_0965,2026-09-01 00:00:00,-73646.5,,-110398.16,,
PRODUCT_01857,COMP_0965,2026-09-01 00:00:00,252.41,,,,
PRODUCT_02081,COMP_0965,2026-09-01 00:00:00,-2327814.17,,-2449151.03,,
PRODUCT_02177,COMP_0965,2026-09-01 00:00:00,-709198.85,,-753217.97,,
PRODUCT_03253,COMP_0965,2026-09-01 00:00:00,-3567300.23,,-3637097.97,,
PRODUCT_03387,COMP_0965,2026-09-01 00:00:00,-3530190.34,,-3589731,,
PRODUCT_03470,COMP_0965,2026-09-01 00:00:00,-1326215.7,,-1419531.02,,
PRODUCT_03619,COMP_0965,2026-09-01 00:00:00,-357202.54,,-396644.36,,
PRODUCT_03651,COMP_0965,2026-09-01 00:00:00,248523,,,,
PRODUCT_03709,COMP_0965,2026-09-01 00:00:00,-125309.95,,-187853.99,,
PRODUCT_03842,COMP_0965,2026-09-01 00:00:00,-150972.01,,-301625.1,,
PRODUCT_03930,COMP_0965,2026-09-01 00:00:00,1,,,,
PRODUCT_04137,COMP_0965,2026-09-01 00:00:00,-407052.45,,-609806.71,,
PRODUCT_04453,COMP_0965,2026-09-01 00:00:00,-1901638.36,,-4334318.77,,
PRODUCT_04593,COMP_0965,2026-09-01 00:00:00,7551.42,,,,
PRODUCT_04651,COMP_0965,2026-09-01 00:00:00,-1419425.02,,-1443365.23,,
PRODUCT_05632,COMP_0965,2026-09-01 00:00:00,-26453.96,,,,
PRODUCT_06047,COMP_0965,2026-09-01 00:00:00,-9156115.19,,-9394397.29,,
PRODUCT_06452,COMP_0965,2026-09-01 00:00:00,-2423044.86,,-2657229.67,,
PRODUCT_07409,COMP_0965,2026-09-01 00:00:00,-181932.17,,-226925.09,,
PRODUCT_07955,COMP_0965,2026-09-01 00:00:00,-4491825.05,,-4691275.77,,
PRODUCT_02643,COMP_0966,2026-09-01 00:00:00,489153.01,,,,
PRODUCT_03320,COMP_0966,2026-09-01 00:00:00,0,,,,
PRODUCT_01759,COMP_0967,2026-09-01 00:00:00,-50531.98,,-168439.84,,
PRODUCT_01840,COMP_0967,2026-09-01 00:00:00,-1727.58,,-4000,2272.42,
PRODUCT_02474,COMP_0967,2026-09-01 00:00:00,-43932.15,,-146440.43,,
PRODUCT_04521,COMP_0967,2026-09-01 00:00:00,0,,-5000,5000,
PRODUCT_04886,COMP_0967,2026-09-01 00:00:00,-295367.44,,-295367.46,,
PRODUCT_06774,COMP_0967,2026-09-01 00:00:00,32430.3,,,,
PRODUCT_02338,COMP_0968,2026-09-01 00:00:00,18665.91,,,,
PRODUCT_01796,COMP_0969,2026-09-01 00:00:00,246.87,,,,
PRODUCT_02058,COMP_0969,2026-09-01 00:00:00,-174827.78,,-275000,100172.22,-174827.78
PRODUCT_02598,COMP_0969,2026-09-01 00:00:00,87755.32,,,87755.32,60689.46
PRODUCT_02791,COMP_0969,2026-09-01 00:00:00,0,,,,
PRODUCT_03316,COMP_0969,2026-09-01 00:00:00,-6497.57,,-300000,,
PRODUCT_03644,COMP_0969,2026-09-01 00:00:00,281.01,,,,
PRODUCT_03695,COMP_0969,2026-09-01 00:00:00,-119551.13,,-238024.92,,
PRODUCT_03894,COMP_0969,2026-09-01 00:00:00,0,,,0,0
PRODUCT_04296,COMP_0969,2026-09-01 00:00:00,0,,,,
PRODUCT_04835,COMP_0969,2026-09-01 00:00:00,-195636.11,,,0,-114558.95
PRODUCT_05113,COMP_0969,2026-09-01 00:00:00,-40045.02,,-1664000,1623954.98,
PRODUCT_06674,COMP_0969,2026-09-01 00:00:00,-78911.36,,-83333.34,4421.98,
PRODUCT_06980,COMP_0969,2026-09-01 00:00:00,-3486129.39,,-4760979.61,,
PRODUCT_00513,COMP_0970,2026-09-01 00:00:00,25396.06,,,,
PRODUCT_00521,COMP_0970,2026-09-01 00:00:00,15870.76,,,,
PRODUCT_00871,COMP_0970,2026-09-01 00:00:00,6083.94,,,,
PRODUCT_00878,COMP_0970,2026-09-01 00:00:00,-400000,,-400000,,
PRODUCT_03591,COMP_0970,2026-09-01 00:00:00,50016.85,,,,
PRODUCT_04029,COMP_0970,2026-09-01 00:00:00,0,,-200000,200000,
PRODUCT_04283,COMP_0970,2026-09-01 00:00:00,10044.15,,,,
PRODUCT_04364,COMP_0970,2026-09-01 00:00:00,13387.23,,,,
PRODUCT_05435,COMP_0970,2026-09-01 00:00:00,0,,,,
PRODUCT_06019,COMP_0970,2026-09-01 00:00:00,-474884.77,,,,
PRODUCT_07408,COMP_0970,2026-09-01 00:00:00,7042.18,,,,
PRODUCT_08105,COMP_0970,2026-09-01 00:00:00,-289300,,,,
PRODUCT_01611,COMP_0971,2026-09-01 00:00:00,643105.28,,,,
PRODUCT_02849,COMP_0971,2026-09-01 00:00:00,23708.23,,,,
PRODUCT_06343,COMP_0972,2026-09-01 00:00:00,2059189.53,,,,
PRODUCT_01758,COMP_0973,2026-09-01 00:00:00,131021.53,,,,
PRODUCT_00386,COMP_0974,2026-09-01 00:00:00,0,,-2000,2000,
PRODUCT_00672,COMP_0974,2026-09-01 00:00:00,-36.55,,-1000,963.45,
PRODUCT_01485,COMP_0974,2026-09-01 00:00:00,4000000,,,,
PRODUCT_01535,COMP_0974,2026-09-01 00:00:00,0,,-2000,2000,
PRODUCT_01621,COMP_0974,2026-09-01 00:00:00,4775922.27,,,,
PRODUCT_02895,COMP_0974,2026-09-01 00:00:00,0,,-6000,6000,
PRODUCT_04171,COMP_0974,2026-09-01 00:00:00,0,,-2000,2000,
PRODUCT_05415,COMP_0974,2026-09-01 00:00:00,0,,-6000,6000,
PRODUCT_05538,COMP_0974,2026-09-01 00:00:00,0,,-6000,6000,
PRODUCT_06762,COMP_0974,2026-09-01 00:00:00,-14.53,,-3000,2985.47,
PRODUCT_06867,COMP_0974,2026-09-01 00:00:00,-14.53,,-3000,2985.47,
PRODUCT_06931,COMP_0974,2026-09-01 00:00:00,0,,,,
PRODUCT_07735,COMP_0974,2026-09-01 00:00:00,-71.4,,-1000,928.6,
PRODUCT_07823,COMP_0974,2026-09-01 00:00:00,0,,-1000,1000,
PRODUCT_07162,COMP_0975,2026-09-01 00:00:00,0,,,,
PRODUCT_07864,COMP_0975,2026-09-01 00:00:00,87587.66,,,,
PRODUCT_06590,COMP_0977,2026-09-01 00:00:00,3127930.4,,,,
PRODUCT_07380,COMP_0977,2026-09-01 00:00:00,0,,-15000,15000,
PRODUCT_00944,COMP_0978,2026-09-01 00:00:00,56734.36,,-3000000,3056734.36,56734.36
PRODUCT_02378,COMP_0978,2026-09-01 00:00:00,7470.94,,,,
PRODUCT_02529,COMP_0978,2026-09-01 00:00:00,0,,-300,300,
PRODUCT_02979,COMP_0978,2026-09-01 00:00:00,46109.2,,,,
PRODUCT_04440,COMP_0978,2026-09-01 00:00:00,-10398.06,,-15000,4601.94,
PRODUCT_05827,COMP_0978,2026-09-01 00:00:00,0,,,,
PRODUCT_06311,COMP_0978,2026-09-01 00:00:00,-22.99,,-500000,499977.01,
PRODUCT_06738,COMP_0978,2026-09-01 00:00:00,14551.66,,,,
PRODUCT_06886,COMP_0978,2026-09-01 00:00:00,5029.12,,,,
PRODUCT_07230,COMP_0978,2026-09-01 00:00:00,-2255896.82,,-5000000,2744103.18,
PRODUCT_07240,COMP_0978,2026-09-01 00:00:00,1393.91,,,,
PRODUCT_07386,COMP_0978,2026-09-01 00:00:00,5734.31,,,,
PRODUCT_07874,COMP_0978,2026-09-01 00:00:00,-2036.6,,-15000,12963.4,
PRODUCT_08172,COMP_0978,2026-09-01 00:00:00,-885.21,,-20000,19114.79,
PRODUCT_06437,COMP_0979,2026-09-01 00:00:00,13116.68,,,,
PRODUCT_06619,COMP_0980,2026-09-01 00:00:00,3028.03,,,,
PRODUCT_03390,COMP_0981,2026-09-01 00:00:00,3935.14,,,3935.14,
PRODUCT_00151,COMP_0982,2026-09-01 00:00:00,-32.45,,-10000,9967.55,
PRODUCT_00443,COMP_0982,2026-09-01 00:00:00,-57.2,,-6000,5942.8,
PRODUCT_00651,COMP_0982,2026-09-01 00:00:00,0,,-250000,250000,
PRODUCT_00945,COMP_0982,2026-09-01 00:00:00,118530.1,,,,
PRODUCT_01375,COMP_0982,2026-09-01 00:00:00,-14529.83,,-200000,185470.17,
PRODUCT_01747,COMP_0982,2026-09-01 00:00:00,0,,-10000,10000,
PRODUCT_01985,COMP_0982,2026-09-01 00:00:00,0,,-10000,10000,
PRODUCT_02363,COMP_0982,2026-09-01 00:00:00,5265.81,,-400000,405265.81,5265.81
PRODUCT_02481,COMP_0982,2026-09-01 00:00:00,18.18,,,18.18,18.18
PRODUCT_03064,COMP_0982,2026-09-01 00:00:00,0,,-6000,6000,
PRODUCT_03180,COMP_0982,2026-09-01 00:00:00,0,,-296846.73,,
PRODUCT_03183,COMP_0982,2026-09-01 00:00:00,-33,,-6000,5967,
PRODUCT_03250,COMP_0982,2026-09-01 00:00:00,-646.05,,-10000,9353.95,
PRODUCT_03389,COMP_0982,2026-09-01 00:00:00,0,,-200000,200000,
PRODUCT_03499,COMP_0982,2026-09-01 00:00:00,93.1,,,,
PRODUCT_03698,COMP_0982,2026-09-01 00:00:00,-225154.23,,-250000,24845.77,24845.77
PRODUCT_03725,COMP_0982,2026-09-01 00:00:00,0,,-1500000,,
PRODUCT_04043,COMP_0982,2026-09-01 00:00:00,29.16,,,29.16,29.16
PRODUCT_04161,COMP_0982,2026-09-01 00:00:00,0,,-6000,6000,
PRODUCT_04253,COMP_0982,2026-09-01 00:00:00,0,,-6000,6000,
PRODUCT_04391,COMP_0982,2026-09-01 00:00:00,0,,-10000,10000,
PRODUCT_04423,COMP_0982,2026-09-01 00:00:00,-3831.07,,-220000,,
PRODUCT_04741,COMP_0982,2026-09-01 00:00:00,-797.81,,-10000,9202.19,
PRODUCT_04997,COMP_0982,2026-09-01 00:00:00,18803,,,,
PRODUCT_05327,COMP_0982,2026-09-01 00:00:00,0,,-190000,,
PRODUCT_05550,COMP_0982,2026-09-01 00:00:00,-184052.63,,-200000,15947.37,
PRODUCT_05568,COMP_0982,2026-09-01 00:00:00,0,,-10000,10000,
PRODUCT_05586,COMP_0982,2026-09-01 00:00:00,0,,-200000,200000,
PRODUCT_05678,COMP_0982,2026-09-01 00:00:00,-522669.15,,-1000000,,
PRODUCT_05780,COMP_0982,2026-09-01 00:00:00,970.46,,,,
PRODUCT_06129,COMP_0982,2026-09-01 00:00:00,-464441.54,,,,
PRODUCT_06184,COMP_0982,2026-09-01 00:00:00,18573,,,,
PRODUCT_06189,COMP_0982,2026-09-01 00:00:00,-408306.19,,-706877.11,,
PRODUCT_06402,COMP_0982,2026-09-01 00:00:00,-395816.64,,-500000,104183.36,86182.07
PRODUCT_07007,COMP_0982,2026-09-01 00:00:00,0,,-6000,6000,
PRODUCT_07099,COMP_0982,2026-09-01 00:00:00,-577825.54,,-1000000,422174.46,
PRODUCT_07444,COMP_0982,2026-09-01 00:00:00,0,,-6000,6000,
PRODUCT_00014,COMP_0983,2026-09-01 00:00:00,0,,,,
PRODUCT_01095,COMP_0983,2026-09-01 00:00:00,4237.7,,,,
PRODUCT_02372,COMP_0983,2026-09-01 00:00:00,13943.49,,,,
PRODUCT_02708,COMP_0983,2026-09-01 00:00:00,26346.61,,,,
PRODUCT_07958,COMP_0983,2026-09-01 00:00:00,21544.58,,,,
PRODUCT_03266,COMP_0984,2026-09-01 00:00:00,30784.61,,,,
PRODUCT_04083,COMP_0984,2026-09-01 00:00:00,293.98,,,,
PRODUCT_05790,COMP_0984,2026-09-01 00:00:00,23949.86,,,,
PRODUCT_06573,COMP_0984,2026-09-01 00:00:00,3825.77,,,,
PRODUCT_07284,COMP_0984,2026-09-01 00:00:00,0,,-150,150,150
PRODUCT_08036,COMP_0984,2026-09-01 00:00:00,2066.99,,,,
PRODUCT_01588,COMP_0985,2026-09-01 00:00:00,0,,-75000,75000,0
PRODUCT_04474,COMP_0985,2026-09-01 00:00:00,25987.51,,,,
PRODUCT_06118,COMP_0985,2026-09-01 00:00:00,927,,,,
PRODUCT_03989,COMP_0986,2026-09-01 00:00:00,10351.48,,,10351.48,10351.48
PRODUCT_00949,COMP_0987,2026-09-01 00:00:00,3228.57,,-6000,9228.57,3228.57
PRODUCT_03785,COMP_0987,2026-09-01 00:00:00,48.19,,,,
PRODUCT_05338,COMP_0987,2026-09-01 00:00:00,-200000,,-200000,0,
PRODUCT_05905,COMP_0987,2026-09-01 00:00:00,958.41,,,,
PRODUCT_07875,COMP_0987,2026-09-01 00:00:00,4325.34,,-6000,10325.34,4325.34
PRODUCT_00064,COMP_0988,2026-09-01 00:00:00,0,,-5000,5000,
PRODUCT_00169,COMP_0988,2026-09-01 00:00:00,0,,-3000,3000,
PRODUCT_00180,COMP_0988,2026-09-01 00:00:00,17514.99,,,,
PRODUCT_00258,COMP_0988,2026-09-01 00:00:00,-241090.29,,-341592.34,,
PRODUCT_00323,COMP_0988,2026-09-01 00:00:00,0,,-19000,19000,
PRODUCT_00534,COMP_0988,2026-09-01 00:00:00,17679.67,,,,
PRODUCT_01267,COMP_0988,2026-09-01 00:00:00,0,,-15000,15000,
PRODUCT_01427,COMP_0988,2026-09-01 00:00:00,-171985.42,,-255902.89,,
PRODUCT_01428,COMP_0988,2026-09-01 00:00:00,4279.07,,,,
PRODUCT_01498,COMP_0988,2026-09-01 00:00:00,-5343.33,,-1000000,994656.67,262880.4
PRODUCT_01508,COMP_0988,2026-09-01 00:00:00,0,,-533876.27,,
PRODUCT_01557,COMP_0988,2026-09-01 00:00:00,-312068.29,,-380263.74,,
PRODUCT_01958,COMP_0988,2026-09-01 00:00:00,0,,-9000,9000,
PRODUCT_02152,COMP_0988,2026-09-01 00:00:00,-845089.04,,-1089411.87,,
PRODUCT_02256,COMP_0988,2026-09-01 00:00:00,0,,-300842.48,,
PRODUCT_02398,COMP_0988,2026-09-01 00:00:00,0,,-1500,1500,
PRODUCT_02576,COMP_0988,2026-09-01 00:00:00,-88622.6,,-263455.31,,
PRODUCT_02809,COMP_0988,2026-09-01 00:00:00,-284.93,,-3000,2715.07,
PRODUCT_02988,COMP_0988,2026-09-01 00:00:00,0,,-3000,3000,
PRODUCT_03277,COMP_0988,2026-09-01 00:00:00,-60.3,,-3000,2939.7,
PRODUCT_03783,COMP_0988,2026-09-01 00:00:00,-154.4,,-1500,1345.6,
PRODUCT_03893,COMP_0988,2026-09-01 00:00:00,0,,-15000,15000,
PRODUCT_03897,COMP_0988,2026-09-01 00:00:00,-760000,,-1140000,,
PRODUCT_03965,COMP_0988,2026-09-01 00:00:00,-24.27,,-3000,2975.73,
PRODUCT_04412,COMP_0988,2026-09-01 00:00:00,0,,-3000,3000,
PRODUCT_04490,COMP_0988,2026-09-01 00:00:00,0,,-600,600,
PRODUCT_04693,COMP_0988,2026-09-01 00:00:00,139668.02,,,139668.02,-863927.58
PRODUCT_04699,COMP_0988,2026-09-01 00:00:00,5559.43,,,,
PRODUCT_04850,COMP_0988,2026-09-01 00:00:00,0,,,,
PRODUCT_04993,COMP_0988,2026-09-01 00:00:00,-1210349.05,,-1250000,,
PRODUCT_05254,COMP_0988,2026-09-01 00:00:00,6220.18,,,,
PRODUCT_05625,COMP_0988,2026-09-01 00:00:00,0,,-1500,1500,
PRODUCT_06065,COMP_0988,2026-09-01 00:00:00,-154.4,,-1500,1345.6,
PRODUCT_06481,COMP_0988,2026-09-01 00:00:00,-93786.68,,-500000,571912.44,
PRODUCT_06722,COMP_0988,2026-09-01 00:00:00,0,,-600,600,
PRODUCT_06808,COMP_0988,2026-09-01 00:00:00,0,,-5000,5000,
PRODUCT_06911,COMP_0988,2026-09-01 00:00:00,8708.24,,,,
PRODUCT_07322,COMP_0988,2026-09-01 00:00:00,-300829.35,,-600000,299170.65,
PRODUCT_07693,COMP_0988,2026-09-01 00:00:00,-919310.4,,-1000000,,
PRODUCT_07706,COMP_0988,2026-09-01 00:00:00,0,,-600,600,
PRODUCT_07717,COMP_0988,2026-09-01 00:00:00,-435382.39,,-554362.92,,
PRODUCT_07941,COMP_0988,2026-09-01 00:00:00,0,,-3000,3000,
PRODUCT_08147,COMP_0988,2026-09-01 00:00:00,0,,-9000,9000,
PRODUCT_01886,COMP_0989,2026-09-01 00:00:00,20476.74,,,,
PRODUCT_03900,COMP_0989,2026-09-01 00:00:00,5446.34,,,,
PRODUCT_00630,COMP_0990,2026-09-01 00:00:00,262013.56,,,,
PRODUCT_07685,COMP_0990,2026-09-01 00:00:00,318322.84,,,,
PRODUCT_01397,COMP_0991,2026-09-01 00:00:00,2843.69,,,,
PRODUCT_07814,COMP_0991,2026-09-01 00:00:00,90719.13,,-300000,390719.13,
PRODUCT_02586,COMP_0992,2026-09-01 00:00:00,0,,,,
PRODUCT_02973,COMP_0992,2026-09-01 00:00:00,10779.39,,,,
PRODUCT_06453,COMP_0992,2026-09-01 00:00:00,1963.58,,,,
PRODUCT_00021,COMP_0993,2026-09-01 00:00:00,0,,,,
PRODUCT_00905,COMP_0993,2026-09-01 00:00:00,19410.12,,,,
PRODUCT_01612,COMP_0993,2026-09-01 00:00:00,-5112.4,,,,
PRODUCT_01740,COMP_0993,2026-09-01 00:00:00,14659.3,,,,
PRODUCT_01825,COMP_0993,2026-09-01 00:00:00,0,,-2000,2000,
PRODUCT_02077,COMP_0993,2026-09-01 00:00:00,-124369.54,,-150000,,
PRODUCT_02967,COMP_0993,2026-09-01 00:00:00,95232.68,,,,
PRODUCT_03686,COMP_0993,2026-09-01 00:00:00,171592.07,,-175000,346592.07,171592.07
PRODUCT_03876,COMP_0993,2026-09-01 00:00:00,21970.19,,,,
PRODUCT_04381,COMP_0993,2026-09-01 00:00:00,0,,-100000,100000,
PRODUCT_04755,COMP_0993,2026-09-01 00:00:00,22875.87,,,,
PRODUCT_05711,COMP_0993,2026-09-01 00:00:00,827.92,,,,
PRODUCT_05747,COMP_0993,2026-09-01 00:00:00,-27325.39,,-200000,,
PRODUCT_05933,COMP_0993,2026-09-01 00:00:00,0,,,,
PRODUCT_08269,COMP_0993,2026-08-27 00:00:00,-124502.21,,-150000,,
PRODUCT_08270,COMP_0993,2026-08-27 00:00:00,0,,,0,
PRODUCT_07112,COMP_0993,2026-09-01 00:00:00,178712.35,,,,
PRODUCT_07123,COMP_0993,2026-09-01 00:00:00,0,,-2000,2000,
PRODUCT_08076,COMP_0993,2026-09-01 00:00:00,0,,-100000,100000,
PRODUCT_08271,COMP_0993,2026-08-27 00:00:00,-27325.39,,-200000,,
PRODUCT_01412,COMP_0994,2026-09-01 00:00:00,11033.41,,,,
PRODUCT_01725,COMP_0994,2026-09-01 00:00:00,340929.18,,,,
PRODUCT_01945,COMP_0994,2026-09-01 00:00:00,-75000000,,-75000000,,
PRODUCT_02810,COMP_0994,2026-09-01 00:00:00,7350.08,,,,
PRODUCT_03838,COMP_0994,2026-09-01 00:00:00,48068.59,,,,
PRODUCT_04274,COMP_0994,2026-09-01 00:00:00,4240.96,,,,
PRODUCT_04375,COMP_0994,2026-09-01 00:00:00,1696.05,,,,
PRODUCT_04615,COMP_0994,2026-09-01 00:00:00,-95025000,,-105000000,,
PRODUCT_04632,COMP_0994,2026-09-01 00:00:00,-10000000,,-10000000,,
PRODUCT_05407,COMP_0994,2026-09-01 00:00:00,0,,,,
PRODUCT_05543,COMP_0994,2026-09-01 00:00:00,10929.15,,,,
PRODUCT_06953,COMP_0994,2026-09-01 00:00:00,7423.79,,,,
PRODUCT_07328,COMP_0994,2026-09-01 00:00:00,0,,-50000000,,
PRODUCT_00146,COMP_0995,2026-09-01 00:00:00,505263.29,,,,
PRODUCT_00233,COMP_0995,2026-09-01 00:00:00,4213.84,,,,
PRODUCT_00379,COMP_0995,2026-09-01 00:00:00,218.74,,-300000,300218.74,312.43
PRODUCT_00752,COMP_0995,2026-09-01 00:00:00,0,,0,,
PRODUCT_02725,COMP_0995,2026-09-01 00:00:00,2659.86,,,,
PRODUCT_03003,COMP_0995,2026-09-01 00:00:00,669.21,,,,
PRODUCT_06901,COMP_0995,2026-09-01 00:00:00,1656.64,,,,
PRODUCT_07035,COMP_0995,2026-09-01 00:00:00,0,,0,,
PRODUCT_07921,COMP_0995,2026-09-01 00:00:00,240940.08,,,,
PRODUCT_08180,COMP_0995,2026-09-01 00:00:00,600008.04,,-150000,750008.04,598908.69
PRODUCT_01644,COMP_0996,2026-09-01 00:00:00,5826.08,,,,
PRODUCT_06020,COMP_0996,2026-09-01 00:00:00,20280.44,,,,
PRODUCT_07758,COMP_0997,2026-09-01 00:00:00,392125.23,,,,
PRODUCT_07965,COMP_0997,2026-09-01 00:00:00,392125.23,,,,
PRODUCT_01811,COMP_0998,2026-09-01 00:00:00,471573.69,,,,
PRODUCT_02707,COMP_0998,2026-09-01 00:00:00,1588826.16,,,,
PRODUCT_02944,COMP_0999,2026-09-01 00:00:00,846313.81,,,,
PRODUCT_04858,COMP_0999,2026-09-01 00:00:00,80096.89,,,,
PRODUCT_07222,COMP_1000,2026-09-01 00:00:00,407968.74,,,,
PRODUCT_00248,COMP_1001,2026-09-01 00:00:00,0,,-150000,150000,
PRODUCT_02450,COMP_1001,2026-09-01 00:00:00,139907,,,,
PRODUCT_06621,COMP_1001,2026-09-01 00:00:00,19350.25,,,,
PRODUCT_06978,COMP_1001,2026-09-01 00:00:00,-34150.81,,-300000,265849.19,
PRODUCT_07232,COMP_1001,2026-09-01 00:00:00,3469.64,,,,
PRODUCT_07323,COMP_1001,2026-09-01 00:00:00,-150000,,-150000,0,
PRODUCT_04323,COMP_1002,2026-09-01 00:00:00,0,,,,
PRODUCT_02304,COMP_1003,2026-09-01 00:00:00,8050673.09,,,,
PRODUCT_05899,COMP_1003,2026-09-01 00:00:00,977731.85,,,,
PRODUCT_07648,COMP_1003,2026-09-01 00:00:00,4044.45,,,,
PRODUCT_00522,COMP_1004,2026-09-01 00:00:00,5658,,,,
PRODUCT_00535,COMP_1004,2026-09-01 00:00:00,1314050.36,,,1314050.36,1323554.41
PRODUCT_07155,COMP_1004,2026-09-01 00:00:00,0,,,0,-72411.28
PRODUCT_03229,COMP_1005,2026-09-01 00:00:00,0,,,,
PRODUCT_03567,COMP_1005,2026-09-01 00:00:00,-11653.81,,-15762.74,,
PRODUCT_04639,COMP_1005,2026-09-01 00:00:00,-14628.43,,-19785.98,,
PRODUCT_04875,COMP_1005,2026-09-01 00:00:00,344270.81,,,,
PRODUCT_05432,COMP_1005,2026-09-01 00:00:00,-14628.43,,-19785.98,,
PRODUCT_07017,COMP_1005,2026-09-01 00:00:00,-229150.34,,-286049.98,,
PRODUCT_07179,COMP_1005,2026-09-01 00:00:00,0,,,,
PRODUCT_00047,COMP_1006,2026-09-01 00:00:00,1939667.44,,,,
PRODUCT_00192,COMP_1006,2026-09-01 00:00:00,0,,-2500,2500,
PRODUCT_00483,COMP_1006,2026-09-01 00:00:00,0,,-2500,2500,
PRODUCT_00704,COMP_1006,2026-09-01 00:00:00,-10.51,,-5000,4989.49,
PRODUCT_00988,COMP_1006,2026-09-01 00:00:00,226265.48,,,,
PRODUCT_03493,COMP_1006,2026-09-01 00:00:00,0,,,,
PRODUCT_04037,COMP_1006,2026-09-01 00:00:00,10504.42,,,,
PRODUCT_04479,COMP_1006,2026-09-01 00:00:00,478209.36,,,,
PRODUCT_04814,COMP_1006,2026-09-01 00:00:00,5265.13,,,,
PRODUCT_05591,COMP_1006,2026-09-01 00:00:00,0,,-10000,10000,
PRODUCT_06301,COMP_1006,2026-09-01 00:00:00,581831.53,,,,
PRODUCT_06334,COMP_1006,2026-09-01 00:00:00,0,,,,
PRODUCT_07277,COMP_1006,2026-09-01 00:00:00,11591.05,,,,
PRODUCT_07763,COMP_1006,2026-09-01 00:00:00,1956.37,,,,
PRODUCT_01305,COMP_1007,2026-09-01 00:00:00,85239.15,,,,
PRODUCT_01815,COMP_1007,2026-09-01 00:00:00,1962.99,,,,
PRODUCT_08272,COMP_1007,2026-09-01 00:00:00,0,,-500000,500000,0
PRODUCT_04724,COMP_1007,2026-09-01 00:00:00,-2000,,-1000000,998000,-2000
PRODUCT_06903,COMP_1007,2026-09-01 00:00:00,-922724.22,,-1000000,,
PRODUCT_07214,COMP_1007,2026-09-01 00:00:00,-674042.01,,-1000000,325957.99,-674042.01
PRODUCT_08079,COMP_1007,2026-09-01 00:00:00,273.14,,,,
PRODUCT_08193,COMP_1007,2026-09-01 00:00:00,461793.27,,,,
PRODUCT_00002,COMP_1008,2026-09-01 00:00:00,-395483.14,,,,
PRODUCT_00195,COMP_1008,2026-09-01 00:00:00,4010955.64,,,,
PRODUCT_00962,COMP_1008,2026-09-01 00:00:00,1200.52,,,,
PRODUCT_01976,COMP_1008,2026-09-01 00:00:00,1432584.3,,,,
PRODUCT_02476,COMP_1008,2026-09-01 00:00:00,4010496.04,,,,
PRODUCT_03051,COMP_1008,2026-09-01 00:00:00,2311577.54,,,,
PRODUCT_04342,COMP_1008,2026-09-01 00:00:00,719458.33,,,719458.33,
PRODUCT_05285,COMP_1008,2026-09-01 00:00:00,2851895.37,,,,
PRODUCT_07800,COMP_1008,2026-09-01 00:00:00,0,,,,
PRODUCT_07907,COMP_1008,2026-09-01 00:00:00,1337755.32,,,1337755.32,
PRODUCT_07926,COMP_1008,2026-09-01 00:00:00,-196002.4,,,,
PRODUCT_06216,COMP_1009,2026-09-01 00:00:00,34920.75,,,,
PRODUCT_07285,COMP_1009,2026-09-01 00:00:00,11095.92,,,,
PRODUCT_00341,COMP_1010,2026-09-01 00:00:00,7792.51,,,,
PRODUCT_02706,COMP_1010,2026-09-01 00:00:00,83974.31,,,83974.31,83974.31
PRODUCT_05024,COMP_1010,2026-09-01 00:00:00,356.59,,,,
PRODUCT_01202,COMP_1011,2026-09-01 00:00:00,-24554.34,,,,
PRODUCT_04540,COMP_1011,2026-09-01 00:00:00,51477.01,,,,
PRODUCT_00223,COMP_1012,2026-09-01 00:00:00,379446.87,,,,
PRODUCT_00660,COMP_1012,2026-09-01 00:00:00,-26450.31,,-51758.76,,
PRODUCT_00724,COMP_1012,2026-09-01 00:00:00,-4674.53,,-9000,4325.47,2081.9
PRODUCT_01283,COMP_1012,2026-09-01 00:00:00,-471182.3,,-500000,,
PRODUCT_01380,COMP_1012,2026-09-01 00:00:00,-219483.81,,-327514.81,,
PRODUCT_01541,COMP_1012,2026-09-01 00:00:00,36224.87,,,,
PRODUCT_02620,COMP_1012,2026-09-01 00:00:00,0,,-3000,3000,
PRODUCT_02717,COMP_1012,2026-09-01 00:00:00,56.45,,,,
PRODUCT_03491,COMP_1012,2026-09-01 00:00:00,0,,-4000,4000,
PRODUCT_04181,COMP_1012,2026-09-01 00:00:00,42215.79,,,,
PRODUCT_04190,COMP_1012,2026-09-01 00:00:00,-65772.52,,-115460.14,,
PRODUCT_05567,COMP_1012,2026-09-01 00:00:00,50000,,,,
PRODUCT_05720,COMP_1012,2026-09-01 00:00:00,2200000,,,,
PRODUCT_05903,COMP_1012,2026-09-01 00:00:00,-112500,,-300000,,
PRODUCT_06105,COMP_1012,2026-09-01 00:00:00,-249999.96,,-499999.92,,
PRODUCT_06460,COMP_1012,2026-09-01 00:00:00,0,,-3000,3000,
PRODUCT_06701,COMP_1012,2026-09-01 00:00:00,7266.55,,,,
PRODUCT_06768,COMP_1012,2026-09-01 00:00:00,-333333.28,,-499999.92,,
PRODUCT_07244,COMP_1012,2026-09-01 00:00:00,0,,-3000,3000,
PRODUCT_07929,COMP_1012,2026-09-01 00:00:00,-2000000,,,,
PRODUCT_08129,COMP_1012,2026-09-01 00:00:00,0,,,,
PRODUCT_06706,COMP_1013,2026-09-01 00:00:00,793.42,,,,
PRODUCT_06831,COMP_1013,2026-09-01 00:00:00,4314.7,,,,
PRODUCT_07122,COMP_1013,2026-09-01 00:00:00,6261.56,,,,
PRODUCT_00134,COMP_1014,2026-09-01 00:00:00,11460.82,,,,
PRODUCT_06132,COMP_1014,2026-09-01 00:00:00,493882.72,,,,
PRODUCT_06845,COMP_1014,2026-09-01 00:00:00,23299.25,,,,
PRODUCT_04587,COMP_1015,2026-09-01 00:00:00,0,,,,
PRODUCT_05635,COMP_1015,2026-09-01 00:00:00,89.01,,,,
PRODUCT_06127,COMP_1015,2026-09-01 00:00:00,0,,,,
PRODUCT_07903,COMP_1015,2026-09-01 00:00:00,0,,,,
PRODUCT_00189,COMP_1016,2026-09-01 00:00:00,0,,-1000,1000,
PRODUCT_00377,COMP_1016,2026-09-01 00:00:00,0,,-1000,1000,
PRODUCT_00690,COMP_1016,2026-09-01 00:00:00,0,,-1000,1000,
PRODUCT_00749,COMP_1016,2026-09-01 00:00:00,-65,,-6000,5935,
PRODUCT_00938,COMP_1016,2026-09-01 00:00:00,145602.58,,,145602.58,145602.58
PRODUCT_01163,COMP_1016,2026-09-01 00:00:00,0,,-1000,1000,
PRODUCT_01278,COMP_1016,2026-09-01 00:00:00,0,,-1000,1000,
PRODUCT_01402,COMP_1016,2026-09-01 00:00:00,0,,-1000,1000,
PRODUCT_01598,COMP_1016,2026-09-01 00:00:00,0,,-1500,1500,
PRODUCT_01924,COMP_1016,2026-09-01 00:00:00,-401.35,,-1000,598.65,
PRODUCT_02109,COMP_1016,2026-09-01 00:00:00,-876.67,,-1000,123.33,
PRODUCT_02191,COMP_1016,2026-09-01 00:00:00,0,,-1000,1000,
PRODUCT_02524,COMP_1016,2026-09-01 00:00:00,0,,-2000,2000,
PRODUCT_02609,COMP_1016,2026-09-01 00:00:00,0,,-1000,1000,
PRODUCT_02641,COMP_1016,2026-09-01 00:00:00,0,,-1000,1000,
PRODUCT_02796,COMP_1016,2026-09-01 00:00:00,0,,-2000,2000,
PRODUCT_02903,COMP_1016,2026-09-01 00:00:00,0,,-500,500,
PRODUCT_03002,COMP_1016,2026-09-01 00:00:00,-71.67,,-2000,1928.33,
PRODUCT_03444,COMP_1016,2026-09-01 00:00:00,-91.22,,-1000,908.78,
PRODUCT_03560,COMP_1016,2026-09-01 00:00:00,11962.72,,,,
PRODUCT_03687,COMP_1016,2026-09-01 00:00:00,0,,-1000,1000,
PRODUCT_03758,COMP_1016,2026-09-01 00:00:00,0,,-500,500,
PRODUCT_03918,COMP_1016,2026-09-01 00:00:00,0,,-1000,1000,
PRODUCT_04177,COMP_1016,2026-09-01 00:00:00,0,,-1000,1000,
PRODUCT_04249,COMP_1016,2026-09-01 00:00:00,3000,,-3000,6000,
PRODUCT_04511,COMP_1016,2026-09-01 00:00:00,0,,-1000,1000,
PRODUCT_04546,COMP_1016,2026-09-01 00:00:00,-999.99,,-1000,0.01,
PRODUCT_04967,COMP_1016,2026-09-01 00:00:00,0,,,,
PRODUCT_06196,COMP_1016,2026-09-01 00:00:00,0,,-1000,1000,
PRODUCT_06230,COMP_1016,2026-09-01 00:00:00,1,,-1,2,
PRODUCT_06323,COMP_1016,2026-09-01 00:00:00,0,,-10000,10000,
PRODUCT_06380,COMP_1016,2026-09-01 00:00:00,0,,-1000,1000,
PRODUCT_06552,COMP_1016,2026-09-01 00:00:00,0,,-1000,1000,
PRODUCT_06560,COMP_1016,2026-09-01 00:00:00,0,,-150000,,
PRODUCT_06906,COMP_1016,2026-09-01 00:00:00,0,,-1500,1500,
PRODUCT_06914,COMP_1016,2026-09-01 00:00:00,0,,-2000,2000,
PRODUCT_07478,COMP_1016,2026-09-01 00:00:00,0,,-1000,1000,
PRODUCT_07499,COMP_1016,2026-09-01 00:00:00,0,,-1000,1000,
PRODUCT_07659,COMP_1016,2026-09-01 00:00:00,0,,-1000,1000,
PRODUCT_07704,COMP_1016,2026-09-01 00:00:00,54507.16,,,54507.16,59292.61
PRODUCT_07849,COMP_1016,2026-09-01 00:00:00,0,,-150000,150000,
PRODUCT_07231,COMP_1017,2026-09-01 00:00:00,9778.25,,,,
PRODUCT_08037,COMP_1017,2026-09-01 00:00:00,654850.22,,,,
PRODUCT_03048,COMP_1018,2026-09-01 00:00:00,2179891.79,,,,
PRODUCT_03142,COMP_1018,2026-09-01 00:00:00,5913211,,,,
PRODUCT_03811,COMP_1018,2026-09-01 00:00:00,-2147810.3,,,,
PRODUCT_03938,COMP_1018,2026-09-01 00:00:00,-4956075.23,,,,
PRODUCT_01620,COMP_1019,2026-09-01 00:00:00,63595.91,,,63595.91,63595.91
PRODUCT_03238,COMP_1019,2026-09-01 00:00:00,0,,,,
PRODUCT_07063,COMP_1019,2026-09-01 00:00:00,3977.07,,,,
PRODUCT_08273,COMP_1020,2026-09-01 00:00:00,-100,,-2500,2400,
PRODUCT_01699,COMP_1020,2026-09-01 00:00:00,0,,,,
PRODUCT_01869,COMP_1020,2026-09-01 00:00:00,0,,-2500,2500,
PRODUCT_04297,COMP_1020,2026-09-01 00:00:00,47840.77,,,,
PRODUCT_00036,COMP_1021,2026-09-01 00:00:00,129439.13,,,,
PRODUCT_07994,COMP_1021,2026-08-29 00:00:00,133657.64,,,,
PRODUCT_03448,COMP_1022,2026-09-01 00:00:00,15774139.5,,,,
PRODUCT_02613,COMP_1023,2026-09-01 00:00:00,96832.73,,,,
PRODUCT_04851,COMP_1023,2026-09-01 00:00:00,164554.34,,,,
PRODUCT_06249,COMP_1023,2026-09-01 00:00:00,960,,,,
PRODUCT_06270,COMP_1023,2026-09-01 00:00:00,2458.62,,,,
PRODUCT_06822,COMP_1023,2026-09-01 00:00:00,448.97,,,,
PRODUCT_07873,COMP_1023,2026-09-01 00:00:00,1707.67,,,,
PRODUCT_00527,COMP_1024,2026-09-01 00:00:00,-149346.9,,-500000,,
PRODUCT_00746,COMP_1024,2026-09-01 00:00:00,0,,-2000,2000,
PRODUCT_00827,COMP_1024,2026-09-01 00:00:00,0,,-50000,50000,
PRODUCT_01368,COMP_1024,2026-09-01 00:00:00,5837.05,,,,
PRODUCT_01671,COMP_1024,2026-09-01 00:00:00,453727.34,,,,
PRODUCT_03522,COMP_1024,2026-09-01 00:00:00,17762.89,,,,
PRODUCT_03590,COMP_1024,2026-09-01 00:00:00,-56728.26,,,,
PRODUCT_03733,COMP_1024,2026-09-01 00:00:00,21202.28,,,,
PRODUCT_04365,COMP_1024,2026-09-01 00:00:00,0,,-50000,50000,
PRODUCT_05028,COMP_1024,2026-09-01 00:00:00,-4641.61,,-9000,4358.39,3023.98
PRODUCT_07141,COMP_1024,2026-09-01 00:00:00,0,,-2000,2000,
PRODUCT_00018,COMP_1025,2026-09-01 00:00:00,0,,-2000,2000,
PRODUCT_00057,COMP_1025,2026-09-01 00:00:00,-46834.3,,-46834.3,,
PRODUCT_00222,COMP_1025,2026-09-01 00:00:00,0,,-2000,2000,
PRODUCT_01921,COMP_1025,2026-09-01 00:00:00,10573.54,,,,
PRODUCT_03482,COMP_1025,2026-09-01 00:00:00,-66.52,,-2000,1933.48,
PRODUCT_03487,COMP_1025,2026-09-01 00:00:00,0,,-320000,320000,
PRODUCT_04313,COMP_1025,2026-09-01 00:00:00,4899.17,,,,
PRODUCT_04944,COMP_1025,2026-09-01 00:00:00,0,,-50000,,
PRODUCT_06107,COMP_1025,2026-09-01 00:00:00,-240.95,,-2000,1759.05,
PRODUCT_06148,COMP_1025,2026-09-01 00:00:00,23409.37,,,,
PRODUCT_06228,COMP_1025,2026-09-01 00:00:00,0,,-2000,2000,
PRODUCT_04039,COMP_1026,2026-09-01 00:00:00,2416.94,,,,
PRODUCT_04196,COMP_1026,2026-09-01 00:00:00,3300.78,,,,
PRODUCT_05540,COMP_1026,2026-09-01 00:00:00,12570.76,,,,
PRODUCT_06233,COMP_1026,2026-09-01 00:00:00,1383.78,,,,
PRODUCT_07774,COMP_1026,2026-09-01 00:00:00,-9200000,,,,
PRODUCT_01031,COMP_1027,2026-09-01 00:00:00,5166.25,,,,
PRODUCT_01266,COMP_1027,2026-09-01 00:00:00,871.09,,,,
PRODUCT_01338,COMP_1027,2026-09-01 00:00:00,137.97,,,137.97,137.97
PRODUCT_07288,COMP_1027,2026-09-01 00:00:00,55.62,,,,
PRODUCT_00455,COMP_1028,2026-09-01 00:00:00,3000,,-3000,6000,
PRODUCT_00806,COMP_1028,2026-09-01 00:00:00,0,,-25000,25000,
PRODUCT_00934,COMP_1028,2026-09-01 00:00:00,0,,-2000,2000,
PRODUCT_01545,COMP_1028,2026-09-01 00:00:00,0,,-1000,1000,
PRODUCT_01774,COMP_1028,2026-09-01 00:00:00,-24.2,,-4000,3975.8,
PRODUCT_02453,COMP_1028,2026-09-01 00:00:00,610,,,,
PRODUCT_03706,COMP_1028,2026-09-01 00:00:00,444.6,,,444.6,444.6
PRODUCT_04852,COMP_1028,2026-09-01 00:00:00,12209.57,,,,
PRODUCT_04990,COMP_1028,2026-09-01 00:00:00,136699.49,,,136699.49,56917.29
PRODUCT_04999,COMP_1028,2026-09-01 00:00:00,1,,-1,2,
PRODUCT_05889,COMP_1028,2026-09-01 00:00:00,0,,-2000,2000,
PRODUCT_07215,COMP_1028,2026-09-01 00:00:00,0,,-2000,2000,
PRODUCT_07455,COMP_1028,2026-09-01 00:00:00,0,,,,
PRODUCT_00058,COMP_1029,2026-09-01 00:00:00,900.99,,,,
PRODUCT_04007,COMP_1029,2026-09-01 00:00:00,900.99,,,,
PRODUCT_05561,COMP_1029,2026-09-01 00:00:00,122.11,,,,
PRODUCT_02923,COMP_1030,2026-09-01 00:00:00,7196.02,,,,
PRODUCT_07517,COMP_1030,2026-09-01 00:00:00,13024.73,,,,
PRODUCT_04785,COMP_1031,2026-09-01 00:00:00,2057256.46,,,,
PRODUCT_08050,COMP_1032,2026-09-01 00:00:00,27258.34,,,,
PRODUCT_02049,COMP_1033,2026-09-01 00:00:00,17733.83,,,,
PRODUCT_06036,COMP_1033,2026-09-01 00:00:00,1358.36,,,,
PRODUCT_03466,COMP_1034,2026-09-01 00:00:00,236562.16,,,,
PRODUCT_04688,COMP_1034,2026-09-01 00:00:00,446379.41,,,,
PRODUCT_00015,COMP_1035,2026-09-01 00:00:00,0,,-3000,3000,
PRODUCT_01674,COMP_1035,2026-09-01 00:00:00,40.41,,,,
PRODUCT_02138,COMP_1035,2026-09-01 00:00:00,-39003.27,,-82680.8,,
PRODUCT_02253,COMP_1035,2026-09-01 00:00:00,-229.97,,-5000,4770.03,
PRODUCT_03034,COMP_1035,2026-09-01 00:00:00,0,,0,0,
PRODUCT_03568,COMP_1035,2026-09-01 00:00:00,500,,,,
PRODUCT_03740,COMP_1035,2026-09-01 00:00:00,0,,,,
PRODUCT_04262,COMP_1035,2026-09-01 00:00:00,1098.47,,,,
PRODUCT_04675,COMP_1035,2026-09-01 00:00:00,500,,,,
PRODUCT_04802,COMP_1035,2026-09-01 00:00:00,1919.72,,,,
PRODUCT_06220,COMP_1035,2026-09-01 00:00:00,-229.97,,-5000,4770.03,
PRODUCT_06260,COMP_1035,2026-09-01 00:00:00,64.14,,,,
PRODUCT_06499,COMP_1035,2026-09-01 00:00:00,500,,,,
PRODUCT_06797,COMP_1035,2026-09-01 00:00:00,0,,,,
PRODUCT_07026,COMP_1035,2026-09-01 00:00:00,0,,-3000,3000,
PRODUCT_07110,COMP_1035,2026-09-01 00:00:00,13.34,,,,
PRODUCT_08142,COMP_1035,2026-09-01 00:00:00,500,,,,
PRODUCT_00049,COMP_1036,2026-09-01 00:00:00,-249057.16,,-495000,,
PRODUCT_08274,COMP_1036,2026-08-27 00:00:00,-349908.44,,-540000,,
PRODUCT_00221,COMP_1036,2026-09-01 00:00:00,-4030194.03,,-10000000,,
PRODUCT_00228,COMP_1036,2026-09-01 00:00:00,-349908.44,,-540000,,
PRODUCT_00230,COMP_1036,2026-09-01 00:00:00,8121.92,,,,
PRODUCT_00246,COMP_1036,2026-09-01 00:00:00,-143091.67,,-259500,,
PRODUCT_00387,COMP_1036,2026-09-01 00:00:00,-4012058.05,,-5000000,,
PRODUCT_00611,COMP_1036,2026-09-01 00:00:00,-349908.44,,-540000,,
PRODUCT_00818,COMP_1036,2026-09-01 00:00:00,-440068.39,,-700000,,
PRODUCT_01097,COMP_1036,2026-09-01 00:00:00,0,,,,
PRODUCT_01102,COMP_1036,2026-09-01 00:00:00,0,,,,
PRODUCT_01198,COMP_1036,2026-09-01 00:00:00,-4.05,,-500,495.95,
PRODUCT_01253,COMP_1036,2026-09-01 00:00:00,-178542.63,,-403000,,
PRODUCT_01756,COMP_1036,2026-09-01 00:00:00,3768946.25,,,,
PRODUCT_01783,COMP_1036,2026-09-01 00:00:00,-1367344.85,,-1417809.34,,
PRODUCT_02323,COMP_1036,2026-09-01 00:00:00,3365258.3,,,,
PRODUCT_02540,COMP_1036,2026-09-01 00:00:00,194576.69,,,,
PRODUCT_02654,COMP_1036,2026-09-01 00:00:00,1005836.08,,,,
PRODUCT_02669,COMP_1036,2026-09-01 00:00:00,-45923.64,,-106370550,,
PRODUCT_02679,COMP_1036,2026-09-01 00:00:00,-500271.96,,-1179015,,
PRODUCT_02711,COMP_1036,2026-09-01 00:00:00,0,,-6000,6000,
PRODUCT_02737,COMP_1036,2026-09-01 00:00:00,0,,,,
PRODUCT_02869,COMP_1036,2026-09-01 00:00:00,2504656.58,,,,
PRODUCT_03131,COMP_1036,2026-09-01 00:00:00,0,,,,
PRODUCT_03333,COMP_1036,2026-09-01 00:00:00,369739.8,,,,
PRODUCT_03547,COMP_1036,2026-09-01 00:00:00,-155074.73,,-350000,,
PRODUCT_03586,COMP_1036,2026-09-01 00:00:00,50696.3,,,,
PRODUCT_03755,COMP_1036,2026-09-01 00:00:00,0,,-500000,500000,
PRODUCT_03863,COMP_1036,2026-09-01 00:00:00,0,,,,
PRODUCT_04044,COMP_1036,2026-09-01 00:00:00,0,,,,
PRODUCT_04116,COMP_1036,2026-09-01 00:00:00,-1373.45,,-6000,4626.55,
PRODUCT_04169,COMP_1036,2026-09-01 00:00:00,-474893.43,,-547000,,
PRODUCT_04172,COMP_1036,2026-09-01 00:00:00,-16.94,,-6000,5983.06,
PRODUCT_04336,COMP_1036,2026-09-01 00:00:00,0,,-2000000,2000000,
PRODUCT_04346,COMP_1036,2026-09-01 00:00:00,59855.62,,,,
PRODUCT_04425,COMP_1036,2026-09-01 00:00:00,300.55,,,,
PRODUCT_04596,COMP_1036,2026-09-01 00:00:00,-329856.23,,-563500,,
PRODUCT_04613,COMP_1036,2026-09-01 00:00:00,-121761.99,,-700000,,
PRODUCT_08275,COMP_1036,2026-08-27 00:00:00,-313177.61,,,,
PRODUCT_04725,COMP_1036,2026-09-01 00:00:00,0,,-300,300,
PRODUCT_04726,COMP_1036,2026-09-01 00:00:00,0,,-500000,500000,
PRODUCT_05343,COMP_1036,2026-09-01 00:00:00,-7.85,,-500,492.15,
PRODUCT_05369,COMP_1036,2026-09-01 00:00:00,-2000000,,-2000000,0,
PRODUCT_05402,COMP_1036,2026-09-01 00:00:00,-128787.79,,-495000,,
PRODUCT_05468,COMP_1036,2026-09-01 00:00:00,-195143.01,,-506000,,
PRODUCT_05473,COMP_1036,2026-09-01 00:00:00,-569594.55,,-1085000,,
PRODUCT_05544,COMP_1036,2026-09-01 00:00:00,0,,,,0
PRODUCT_05548,COMP_1036,2026-09-01 00:00:00,-474893.43,,-547000,,
PRODUCT_05590,COMP_1036,2026-09-01 00:00:00,0,,-2500000,2500000,
PRODUCT_05846,COMP_1036,2026-09-01 00:00:00,-589606.9,,-1019460.16,,
PRODUCT_06029,COMP_1036,2026-09-01 00:00:00,0,,,,
PRODUCT_06062,COMP_1036,2026-09-01 00:00:00,-128787.79,,-495000,,
PRODUCT_06063,COMP_1036,2026-09-01 00:00:00,-890459.24,,-1057940,,
PRODUCT_06124,COMP_1036,2026-09-01 00:00:00,0,,,,
PRODUCT_06133,COMP_1036,2026-09-01 00:00:00,-92087.15,,-423324.4,,
PRODUCT_06142,COMP_1036,2026-09-01 00:00:00,-279856.22,,-495000,,
PRODUCT_06434,COMP_1036,2026-09-01 00:00:00,18169674.52,,,,
PRODUCT_06730,COMP_1036,2026-09-01 00:00:00,-195143.01,,-506000,,
PRODUCT_06874,COMP_1036,2026-09-01 00:00:00,0,,-2854000,2854000,
PRODUCT_06891,COMP_1036,2026-09-01 00:00:00,-6000,,-600000,,
PRODUCT_06949,COMP_1036,2026-09-01 00:00:00,-129427.59,,-998000,,
PRODUCT_06979,COMP_1036,2026-09-01 00:00:00,128161.87,,,,
PRODUCT_06987,COMP_1036,2026-09-01 00:00:00,0,,-3000,3000,
PRODUCT_07186,COMP_1036,2026-09-01 00:00:00,2000000,,,,
PRODUCT_07289,COMP_1036,2026-09-01 00:00:00,68030.78,,,,
PRODUCT_07334,COMP_1036,2026-09-01 00:00:00,3134876.67,,,,
PRODUCT_07385,COMP_1036,2026-09-01 00:00:00,35782.1,,,,
PRODUCT_08276,COMP_1036,2026-08-28 00:00:00,-460405,,,,
PRODUCT_07678,COMP_1036,2026-09-01 00:00:00,-33330.23,,-3000000,2966669.77,
PRODUCT_07683,COMP_1036,2026-09-01 00:00:00,-7500,,-175000,,
PRODUCT_07848,COMP_1036,2026-09-01 00:00:00,0,,-3500000,3500000,
PRODUCT_08030,COMP_1036,2026-09-01 00:00:00,0,,-500,500,
PRODUCT_00074,COMP_1037,2026-09-01 00:00:00,53950.96,,,,
PRODUCT_00965,COMP_1037,2026-09-01 00:00:00,0,,,0,
PRODUCT_01019,COMP_1037,2026-09-01 00:00:00,-197354.21,,-250000,,250000
PRODUCT_01311,COMP_1037,2026-09-01 00:00:00,0,,,0,
PRODUCT_02627,COMP_1037,2026-09-01 00:00:00,-247505.3,,-260405.92,,
PRODUCT_02722,COMP_1037,2026-09-01 00:00:00,23195.35,,,,
PRODUCT_02751,COMP_1037,2026-09-01 00:00:00,22602.47,,,,
PRODUCT_02753,COMP_1037,2026-09-01 00:00:00,4325.44,,,,
PRODUCT_02836,COMP_1037,2026-09-01 00:00:00,0,,,,
PRODUCT_04070,COMP_1037,2026-09-01 00:00:00,-12100,,-50000,,16666.66
PRODUCT_05364,COMP_1037,2026-09-01 00:00:00,251.8,,,,
PRODUCT_05481,COMP_1037,2026-09-01 00:00:00,0,,-10524.78,,
PRODUCT_05718,COMP_1037,2026-09-01 00:00:00,0,,,0,
PRODUCT_06221,COMP_1037,2026-09-01 00:00:00,0,,,,
PRODUCT_06533,COMP_1037,2026-09-01 00:00:00,228.88,,,,
PRODUCT_06715,COMP_1037,2026-09-01 00:00:00,7672.87,,,,
PRODUCT_07237,COMP_1037,2026-09-01 00:00:00,4400.37,,,,
PRODUCT_07330,COMP_1037,2026-09-01 00:00:00,0,,,0,
PRODUCT_07463,COMP_1037,2026-09-01 00:00:00,4203.87,,,,
PRODUCT_08187,COMP_1037,2026-09-01 00:00:00,3111.89,,,,
PRODUCT_00140,COMP_1038,2026-09-01 00:00:00,0,,,,
PRODUCT_00193,COMP_1038,2026-09-01 00:00:00,0,,,,
PRODUCT_00433,COMP_1038,2026-09-01 00:00:00,19395.67,,,,
PRODUCT_00464,COMP_1038,2026-09-01 00:00:00,0,,,,
PRODUCT_00647,COMP_1038,2026-09-01 00:00:00,0,,-2000,2000,
PRODUCT_00689,COMP_1038,2026-09-01 00:00:00,-1607099.47,,-5074242.19,,
PRODUCT_00956,COMP_1038,2026-09-01 00:00:00,86.06,,,,
PRODUCT_00960,COMP_1038,2026-09-01 00:00:00,67.33,,,,
PRODUCT_01242,COMP_1038,2026-09-01 00:00:00,21252.78,,,,
PRODUCT_01497,COMP_1038,2026-09-01 00:00:00,59462,,,,
PRODUCT_01640,COMP_1038,2026-09-01 00:00:00,-645910.37,,-727110.88,,
PRODUCT_01957,COMP_1038,2026-09-01 00:00:00,-204204.67,,-220000,,
PRODUCT_02012,COMP_1038,2026-09-01 00:00:00,207812,,,,
PRODUCT_02157,COMP_1038,2026-09-01 00:00:00,2726.23,,,,
PRODUCT_02616,COMP_1038,2026-09-01 00:00:00,-44666.72,,-74425.93,,
PRODUCT_02668,COMP_1038,2026-09-01 00:00:00,-16928.28,,-260000,,
PRODUCT_03186,COMP_1038,2026-09-01 00:00:00,60343.57,,,,
PRODUCT_03213,COMP_1038,2026-09-01 00:00:00,-177250.13,,-208500,,
PRODUCT_03321,COMP_1038,2026-09-01 00:00:00,0,,-169000,,
PRODUCT_03364,COMP_1038,2026-09-01 00:00:00,-72263.15,,-150000,,
PRODUCT_03425,COMP_1038,2026-09-01 00:00:00,-30618.76,,-95334.43,,
PRODUCT_03601,COMP_1038,2026-09-01 00:00:00,0,,-10000000,10000000,
PRODUCT_03608,COMP_1038,2026-09-01 00:00:00,0,,-3000,3000,
PRODUCT_03615,COMP_1038,2026-09-01 00:00:00,0,,,,
PRODUCT_04069,COMP_1038,2026-09-01 00:00:00,330.19,,,,
PRODUCT_04241,COMP_1038,2026-09-01 00:00:00,-88403.32,,-104250,,
PRODUCT_04251,COMP_1038,2026-09-01 00:00:00,1037,,,,
PRODUCT_04506,COMP_1038,2026-09-01 00:00:00,42.77,,,,
PRODUCT_04938,COMP_1038,2026-09-01 00:00:00,793768.4,,,,
PRODUCT_04961,COMP_1038,2026-09-01 00:00:00,0,,-10000000,10000000,
PRODUCT_05669,COMP_1038,2026-09-01 00:00:00,0,,-1286644.73,,
PRODUCT_05716,COMP_1038,2026-09-01 00:00:00,0,,-226236.23,,
PRODUCT_05811,COMP_1038,2026-09-01 00:00:00,-298763.05,,-303130,,
PRODUCT_05852,COMP_1038,2026-09-01 00:00:00,-75238.4,,-4761.6,,
PRODUCT_05931,COMP_1038,2026-09-01 00:00:00,-204204.67,,-220000,,
PRODUCT_06110,COMP_1038,2026-09-01 00:00:00,-329762.56,,-437573.86,,
PRODUCT_06165,COMP_1038,2026-09-01 00:00:00,2975,,,,
PRODUCT_06521,COMP_1038,2026-09-01 00:00:00,0,,,,
PRODUCT_06539,COMP_1038,2026-09-01 00:00:00,0,,-10000000,10000000,
PRODUCT_06541,COMP_1038,2026-09-01 00:00:00,0,,-10000000,10000000,
PRODUCT_06670,COMP_1038,2026-09-01 00:00:00,-181390.4,,-196000,,
PRODUCT_06700,COMP_1038,2026-09-01 00:00:00,30.75,,,,
PRODUCT_06731,COMP_1038,2026-09-01 00:00:00,10,,,,
PRODUCT_06751,COMP_1038,2026-09-01 00:00:00,0,,-2000,2000,
PRODUCT_06908,COMP_1038,2026-09-01 00:00:00,-60571.19,,-74799.98,,
PRODUCT_07034,COMP_1038,2026-09-01 00:00:00,0,,-10000000,10000000,
PRODUCT_07290,COMP_1038,2026-09-01 00:00:00,146.15,,,,
PRODUCT_07590,COMP_1038,2026-09-01 00:00:00,0,,-10000000,10000000,
PRODUCT_07674,COMP_1038,2026-09-01 00:00:00,-1097919.85,,-1250000,,
PRODUCT_07819,COMP_1038,2026-09-01 00:00:00,-65949.3,,-150000,,
PRODUCT_07863,COMP_1038,2026-09-01 00:00:00,250000,,,,
PRODUCT_07900,COMP_1038,2026-09-01 00:00:00,0,,-4000,4000,
PRODUCT_07931,COMP_1038,2026-09-01 00:00:00,11210.13,,,,
PRODUCT_07984,COMP_1038,2026-09-01 00:00:00,0,,-500000,,
PRODUCT_08046,COMP_1038,2026-09-01 00:00:00,-105039.82,,-113500,,
PRODUCT_08089,COMP_1038,2026-09-01 00:00:00,191000,,,,
PRODUCT_00851,COMP_1039,2026-09-01 00:00:00,-69664.8,,,,
PRODUCT_01930,COMP_1039,2026-09-01 00:00:00,0.34,,,,
PRODUCT_02246,COMP_1039,2026-09-01 00:00:00,747.7,,,,
PRODUCT_03342,COMP_1039,2026-09-01 00:00:00,0,,-50000,,
PRODUCT_03690,COMP_1039,2026-09-01 00:00:00,-51992.76,,-80000,28007.24,-51992.76
PRODUCT_03916,COMP_1039,2026-09-01 00:00:00,0,,-2000,2000,2000
PRODUCT_05013,COMP_1039,2026-09-01 00:00:00,0,,-80000,80000,
PRODUCT_05804,COMP_1039,2026-09-01 00:00:00,-101.89,,-6000,5898.11,
PRODUCT_07221,COMP_1039,2026-09-01 00:00:00,0,,-80000,80000,
PRODUCT_02266,COMP_1040,2026-09-01 00:00:00,40704.97,,,,
PRODUCT_05036,COMP_1040,2026-09-01 00:00:00,78929.11,,,,
PRODUCT_01861,COMP_1041,2026-09-01 00:00:00,4858,,,,
PRODUCT_01992,COMP_1041,2026-09-01 00:00:00,139116.89,,,,
PRODUCT_01584,COMP_1042,2026-09-01 00:00:00,1096900,,,,
PRODUCT_03521,COMP_1042,2026-09-01 00:00:00,371542,,,,
PRODUCT_04175,COMP_1042,2026-09-01 00:00:00,91600,,,,
PRODUCT_04379,COMP_1042,2026-09-01 00:00:00,243200,,,,
PRODUCT_07061,COMP_1042,2026-09-01 00:00:00,1430738.2,,,,
PRODUCT_01965,COMP_1043,2026-09-01 00:00:00,0,,,,
PRODUCT_05613,COMP_1043,2026-09-01 00:00:00,0,,,,
PRODUCT_05942,COMP_1043,2026-09-01 00:00:00,0,,,,
PRODUCT_00196,COMP_1044,2026-09-01 00:00:00,0,,,,
PRODUCT_00255,COMP_1044,2026-09-01 00:00:00,0,,,,
PRODUCT_02176,COMP_1044,2026-09-01 00:00:00,0,,,,
PRODUCT_02543,COMP_1044,2026-09-01 00:00:00,0,,,,
PRODUCT_03336,COMP_1044,2026-09-01 00:00:00,0,,,,
PRODUCT_03374,COMP_1044,2026-09-01 00:00:00,19425.16,,,,
PRODUCT_03804,COMP_1044,2026-09-01 00:00:00,845189.58,,,,
PRODUCT_07996,COMP_1044,2026-09-01 00:00:00,854561.25,,,,
PRODUCT_08098,COMP_1044,2026-09-01 00:00:00,0,,,,
PRODUCT_01251,COMP_1045,2026-09-01 00:00:00,99973.01,,,,
PRODUCT_05535,COMP_1045,2026-09-01 00:00:00,4219.04,,,,
PRODUCT_06033,COMP_1045,2026-09-01 00:00:00,-34105.5,,-34450,344.5,729.9
PRODUCT_01642,COMP_1046,2026-09-01 00:00:00,-37809.9,,-49067.1,,
PRODUCT_02921,COMP_1046,2026-09-01 00:00:00,54.64,,,,
PRODUCT_03292,COMP_1046,2026-09-01 00:00:00,0,,,,
PRODUCT_04395,COMP_1046,2026-09-01 00:00:00,1267889.11,,-2000000,3267889.11,-732110.89
PRODUCT_04558,COMP_1046,2026-09-01 00:00:00,0,,-3000000,3000000,
PRODUCT_05757,COMP_1046,2026-09-01 00:00:00,-41148.48,,-55721.9,,
PRODUCT_07161,COMP_1046,2026-09-01 00:00:00,-7108.41,,-14228.74,,
PRODUCT_07287,COMP_1046,2026-09-01 00:00:00,0,,,,
PRODUCT_07905,COMP_1046,2026-09-01 00:00:00,0,,,,
PRODUCT_07943,COMP_1046,2026-09-01 00:00:00,-2923264.87,,-3000000,76735.13,-1432753.3
PRODUCT_08135,COMP_1046,2026-09-01 00:00:00,2331.87,,,,
PRODUCT_08162,COMP_1046,2026-09-01 00:00:00,0,,-500000,500000,
PRODUCT_01001,COMP_1047,2026-09-01 00:00:00,0,,-2500,2500,
PRODUCT_03446,COMP_1047,2026-09-01 00:00:00,306268.48,,,,
PRODUCT_06125,COMP_1047,2026-09-01 00:00:00,59914.73,,,,
PRODUCT_06335,COMP_1047,2026-09-01 00:00:00,-870033.79,,,,
PRODUCT_00213,COMP_1048,2026-09-01 00:00:00,0,,,,1000050
PRODUCT_00807,COMP_1048,2026-09-01 00:00:00,1001599.58,,,,
PRODUCT_01104,COMP_1048,2026-09-01 00:00:00,205111.94,,,,
PRODUCT_02284,COMP_1048,2026-09-01 00:00:00,826384.46,,,,
PRODUCT_02502,COMP_1048,2026-09-01 00:00:00,0,,-1050,1050,1050
PRODUCT_03841,COMP_1048,2026-09-01 00:00:00,9324.1,,,,
PRODUCT_05940,COMP_1048,2026-09-01 00:00:00,-136.35,,-1800,1663.65,172.23
PRODUCT_07140,COMP_1048,2026-09-01 00:00:00,0,,-600,600,558.14
PRODUCT_07525,COMP_1048,2026-09-01 00:00:00,-78818.72,,-250000,,
PRODUCT_07724,COMP_1048,2026-09-01 00:00:00,67859.99,,,,
PRODUCT_00214,COMP_1049,2026-09-01 00:00:00,0,,-3000,3000,
PRODUCT_00833,COMP_1049,2026-09-01 00:00:00,0,,,,
PRODUCT_00967,COMP_1049,2026-09-01 00:00:00,-18050.79,,-330000,311949.21,39143.76
PRODUCT_01085,COMP_1049,2026-09-01 00:00:00,5780.03,,,,
PRODUCT_01300,COMP_1049,2026-09-01 00:00:00,-200284.88,,-250000,49715.12,-200284.88
PRODUCT_01695,COMP_1049,2026-09-01 00:00:00,387.37,,,,
PRODUCT_02445,COMP_1049,2026-09-01 00:00:00,-18577.4,,-75000,,
PRODUCT_02554,COMP_1049,2026-09-01 00:00:00,52623.16,,,,
PRODUCT_02769,COMP_1049,2026-09-01 00:00:00,0,,,,
PRODUCT_02802,COMP_1049,2026-09-01 00:00:00,0,,-3000,3000,
PRODUCT_03107,COMP_1049,2026-09-01 00:00:00,512.08,,,,
PRODUCT_03664,COMP_1049,2026-09-01 00:00:00,0,,-4000,4000,
PRODUCT_04246,COMP_1049,2026-09-01 00:00:00,0,,,,
PRODUCT_04491,COMP_1049,2026-09-01 00:00:00,0,,-0.1,0.1,
PRODUCT_04708,COMP_1049,2026-09-01 00:00:00,1471.13,,,,
PRODUCT_05079,COMP_1049,2026-09-01 00:00:00,17051.4,,,,
PRODUCT_05316,COMP_1049,2026-09-01 00:00:00,11704.4,,,,
PRODUCT_06404,COMP_1049,2026-09-01 00:00:00,1418.89,,-0.1,1418.99,
PRODUCT_07050,COMP_1049,2026-09-01 00:00:00,467.16,,-0.1,467.26,
PRODUCT_00852,COMP_1050,2026-09-01 00:00:00,0,,,,
PRODUCT_01923,COMP_1050,2026-09-01 00:00:00,1830271.27,,,,
PRODUCT_03627,COMP_1051,2026-09-01 00:00:00,12130.34,,,,
PRODUCT_05648,COMP_1051,2026-09-01 00:00:00,4879.22,,,,
PRODUCT_01114,COMP_1052,2026-09-01 00:00:00,48713.45,,,,
PRODUCT_06939,COMP_1052,2026-09-01 00:00:00,14823.15,,,,
PRODUCT_00098,COMP_1053,2026-09-01 00:00:00,2104650.09,,,,
PRODUCT_00132,COMP_1053,2026-09-01 00:00:00,6314.63,,,,
PRODUCT_00254,COMP_1053,2026-09-01 00:00:00,-8374.06,,-8374.06,0,
PRODUCT_01065,COMP_1053,2026-09-01 00:00:00,-61522.49,,-61522.49,0,
PRODUCT_01066,COMP_1053,2026-09-01 00:00:00,2180.97,,,,
PRODUCT_01096,COMP_1053,2026-09-01 00:00:00,-33590,,-33590,0,
PRODUCT_01614,COMP_1053,2026-09-01 00:00:00,0,,,,
PRODUCT_01733,COMP_1053,2026-09-01 00:00:00,0,,,,
PRODUCT_01904,COMP_1053,2026-09-01 00:00:00,-1833809.88,,-2225000,,
PRODUCT_01974,COMP_1053,2026-09-01 00:00:00,0,,,,
PRODUCT_01983,COMP_1053,2026-09-01 00:00:00,14500.5,,,,
PRODUCT_02280,COMP_1053,2026-09-01 00:00:00,-2542697.64,,,,
PRODUCT_02459,COMP_1053,2026-09-01 00:00:00,-63000,,-63000,0,
PRODUCT_02539,COMP_1053,2026-09-01 00:00:00,0,,,,
PRODUCT_02760,COMP_1053,2026-09-01 00:00:00,-107250,,-107250,0,
PRODUCT_02820,COMP_1053,2026-09-01 00:00:00,-24363.59,,-24363.59,0,
PRODUCT_02888,COMP_1053,2026-09-01 00:00:00,2404.73,,,,
PRODUCT_03068,COMP_1053,2026-09-01 00:00:00,17741.61,,,,
PRODUCT_03264,COMP_1053,2026-09-01 00:00:00,-724179.18,,,,
PRODUCT_03489,COMP_1053,2026-09-01 00:00:00,14941.34,,,,
PRODUCT_03599,COMP_1053,2026-09-01 00:00:00,0,,-80000,80000,
PRODUCT_04050,COMP_1053,2026-09-01 00:00:00,-2803550.3,,-3200000,396449.7,
PRODUCT_04304,COMP_1053,2026-09-01 00:00:00,111069.07,,,,
PRODUCT_04372,COMP_1053,2026-09-01 00:00:00,14259.05,,,,
PRODUCT_04695,COMP_1053,2026-09-01 00:00:00,54459,,,,
PRODUCT_04718,COMP_1053,2026-09-01 00:00:00,158223.68,,,,
PRODUCT_04720,COMP_1053,2026-09-01 00:00:00,0,,-1750000,1750000,
PRODUCT_04734,COMP_1053,2026-09-01 00:00:00,5159.95,,,,
PRODUCT_04748,COMP_1053,2026-09-01 00:00:00,-42000,,-42000,0,
PRODUCT_04811,COMP_1053,2026-09-01 00:00:00,-72000,,-72000,0,
PRODUCT_05262,COMP_1053,2026-09-01 00:00:00,-1108581.82,,-1750000,641418.18,
PRODUCT_05289,COMP_1053,2026-09-01 00:00:00,-195000,,-195000,0,
PRODUCT_06176,COMP_1053,2026-09-01 00:00:00,-202536.17,,-500000,297463.83,
PRODUCT_06310,COMP_1053,2026-09-01 00:00:00,49058.78,,,,
PRODUCT_06364,COMP_1053,2026-09-01 00:00:00,-195602.86,,-275000,,
PRODUCT_06406,COMP_1053,2026-09-01 00:00:00,5023.65,,,,
PRODUCT_06435,COMP_1053,2026-09-01 00:00:00,3595.82,,,,
PRODUCT_06932,COMP_1053,2026-09-01 00:00:00,36551.08,,,,
PRODUCT_06958,COMP_1053,2026-09-01 00:00:00,2104318,,,,
PRODUCT_07149,COMP_1053,2026-09-01 00:00:00,14351.61,,,,
PRODUCT_07165,COMP_1053,2026-09-01 00:00:00,0,,,,
PRODUCT_07190,COMP_1053,2026-09-01 00:00:00,-250000,,-250000,,
PRODUCT_07245,COMP_1053,2026-09-01 00:00:00,193349.17,,,,
PRODUCT_07314,COMP_1053,2026-09-01 00:00:00,-8178815.78,,-8511310.83,,
PRODUCT_07357,COMP_1053,2026-09-01 00:00:00,-864212.37,,-999999,135786.63,
PRODUCT_07466,COMP_1053,2026-09-01 00:00:00,-1657516.49,,,,
PRODUCT_07512,COMP_1053,2026-09-01 00:00:00,12858,,,,
PRODUCT_07871,COMP_1053,2026-09-01 00:00:00,-272576.01,,-300000,27423.99,
PRODUCT_07920,COMP_1053,2026-09-01 00:00:00,334685.49,,,,
PRODUCT_08125,COMP_1053,2026-09-01 00:00:00,3558.44,,,,
PRODUCT_07053,COMP_1054,2026-09-01 00:00:00,94152.55,,,,
PRODUCT_06154,COMP_1055,2026-09-01 00:00:00,46438.41,,,,
PRODUCT_06200,COMP_1055,2026-09-01 00:00:00,846.66,,,,
PRODUCT_01293,COMP_1056,2026-09-01 00:00:00,99.01,,,,
PRODUCT_01728,COMP_1056,2026-09-01 00:00:00,0,,,,
PRODUCT_02733,COMP_1056,2026-09-01 00:00:00,4830.82,,,,
PRODUCT_02828,COMP_1056,2026-09-01 00:00:00,49350.82,,,,
PRODUCT_04525,COMP_1056,2026-09-01 00:00:00,22048.76,,,,
PRODUCT_04907,COMP_1056,2026-09-01 00:00:00,6580.87,,,,
PRODUCT_05223,COMP_1056,2026-09-01 00:00:00,0,,,,
PRODUCT_05608,COMP_1056,2026-09-01 00:00:00,0,,,,
PRODUCT_05753,COMP_1056,2026-09-01 00:00:00,4932.06,,,,
PRODUCT_06556,COMP_1056,2026-09-01 00:00:00,10000,,,,
PRODUCT_06941,COMP_1056,2026-09-01 00:00:00,8509.65,,,,
PRODUCT_07042,COMP_1056,2026-09-01 00:00:00,0,,,,
PRODUCT_00645,COMP_1057,2026-09-01 00:00:00,204.56,,,204.56,204.56
PRODUCT_06017,COMP_1057,2026-09-01 00:00:00,2847.46,,,,
PRODUCT_06407,COMP_1057,2026-09-01 00:00:00,5643.77,,,,
PRODUCT_07695,COMP_1057,2026-09-01 00:00:00,619.5,,,619.5,619.5
PRODUCT_00655,COMP_1058,2026-09-01 00:00:00,17522.59,,,,
PRODUCT_03503,COMP_1058,2026-09-01 00:00:00,1034.5,,,,
PRODUCT_01360,COMP_1059,2026-09-01 00:00:00,-485.38,,-4800,4314.62,3107.05
PRODUCT_01676,COMP_1059,2026-09-01 00:00:00,192.87,,,,
PRODUCT_01700,COMP_1059,2026-09-01 00:00:00,-186135.92,,-186135.92,,
PRODUCT_04476,COMP_1059,2026-09-01 00:00:00,48829.49,,,,
PRODUCT_04808,COMP_1059,2026-09-01 00:00:00,-1351.73,,,,
PRODUCT_05206,COMP_1059,2026-09-01 00:00:00,0,,,,
PRODUCT_00123,COMP_1060,2026-09-01 00:00:00,32808.28,,,,
PRODUCT_00560,COMP_1060,2026-09-01 00:00:00,51614.64,,,,
PRODUCT_01235,COMP_1060,2026-09-01 00:00:00,4224.9,,,,
PRODUCT_01532,COMP_1060,2026-09-01 00:00:00,57336.24,,,,
PRODUCT_01578,COMP_1060,2026-09-01 00:00:00,8639.23,,,8639.23,8639.23
PRODUCT_02997,COMP_1060,2026-09-01 00:00:00,4904.35,,,4904.35,4904.35
PRODUCT_03488,COMP_1060,2026-09-01 00:00:00,3164.39,,,,
PRODUCT_03662,COMP_1060,2026-09-01 00:00:00,8185.67,,,,
PRODUCT_08100,COMP_1060,2026-09-01 00:00:00,341.28,,,,
PRODUCT_04321,COMP_1061,2026-09-01 00:00:00,55818.04,,,,
PRODUCT_04328,COMP_1061,2026-09-01 00:00:00,128252.28,,,,
PRODUCT_02914,COMP_1062,2026-09-01 00:00:00,129302.74,,,,
PRODUCT_00987,COMP_1063,2026-09-01 00:00:00,896621.03,,,,
PRODUCT_02212,COMP_1063,2026-09-01 00:00:00,140670.87,,,,
PRODUCT_01105,COMP_1064,2026-09-01 00:00:00,0,,-3000,3000,
PRODUCT_08277,COMP_1064,2026-08-28 00:00:00,1536.15,,,,
PRODUCT_01952,COMP_1064,2026-09-01 00:00:00,638.71,,,,
PRODUCT_02140,COMP_1064,2026-09-01 00:00:00,24272.11,,,,
PRODUCT_02192,COMP_1064,2026-09-01 00:00:00,3196.71,,,,
PRODUCT_06569,COMP_1064,2026-09-01 00:00:00,2425.55,,,2425.55,2496.12
PRODUCT_04754,COMP_1065,2026-09-01 00:00:00,0,,-2000,,
PRODUCT_08067,COMP_1065,2026-09-01 00:00:00,1091892.27,,,,
PRODUCT_00495,COMP_1066,2026-09-01 00:00:00,-89389.71,,-116052.48,,
PRODUCT_00626,COMP_1066,2026-09-01 00:00:00,302237.53,,,,
PRODUCT_01094,COMP_1066,2026-09-01 00:00:00,0,,-267543.89,,
PRODUCT_01487,COMP_1066,2026-09-01 00:00:00,-87734.86,,-500000,412265.14,412265.14
PRODUCT_02050,COMP_1066,2026-09-01 00:00:00,0,,-23964.83,,
PRODUCT_02095,COMP_1066,2026-09-01 00:00:00,-158356.36,,-200000,,
PRODUCT_02566,COMP_1066,2026-09-01 00:00:00,0,,-100000,100000,
PRODUCT_03082,COMP_1066,2026-09-01 00:00:00,250000,,-250000,500000,
PRODUCT_03606,COMP_1066,2026-09-01 00:00:00,0,,-250000,250000,
PRODUCT_04568,COMP_1066,2026-09-01 00:00:00,-386581.81,,-800000,,
PRODUCT_06166,COMP_1066,2026-09-01 00:00:00,0,,-250000,250000,
PRODUCT_06245,COMP_1066,2026-09-01 00:00:00,607115.65,,,,
PRODUCT_06409,COMP_1066,2026-09-01 00:00:00,63638.69,,,,
PRODUCT_06945,COMP_1066,2026-09-01 00:00:00,-295356.09,,-400000,,
PRODUCT_07196,COMP_1066,2026-09-01 00:00:00,3169.23,,,,
PRODUCT_07217,COMP_1066,2026-09-01 00:00:00,-88388.11,,-121515.85,,
PRODUCT_07487,COMP_1066,2026-09-01 00:00:00,0,,-217689.45,,
PRODUCT_07856,COMP_1066,2026-09-01 00:00:00,0,,-15856.81,,
PRODUCT_07927,COMP_1066,2026-09-01 00:00:00,-211233.19,,-250000,38766.81,38766.81
PRODUCT_08002,COMP_1066,2026-09-01 00:00:00,63.79,,,63.79,
PRODUCT_08170,COMP_1066,2026-09-01 00:00:00,-92963.57,,-153042.97,,
PRODUCT_00197,COMP_1067,2026-09-01 00:00:00,99430.23,,,,
PRODUCT_00686,COMP_1067,2026-09-01 00:00:00,1.75,,,,
PRODUCT_00849,COMP_1067,2026-09-01 00:00:00,5656.38,,,,
PRODUCT_01599,COMP_1067,2026-09-01 00:00:00,669621.19,,,,
PRODUCT_01834,COMP_1067,2026-09-01 00:00:00,2648.67,,,,
PRODUCT_02070,COMP_1067,2026-09-01 00:00:00,61147.61,,,,
PRODUCT_02594,COMP_1067,2026-09-01 00:00:00,283435.07,,,,
PRODUCT_03248,COMP_1067,2026-09-01 00:00:00,601677.83,,,,
PRODUCT_03694,COMP_1067,2026-09-01 00:00:00,290997.29,,,,
PRODUCT_04098,COMP_1067,2026-09-01 00:00:00,1948654.92,,,,
PRODUCT_04144,COMP_1067,2026-09-01 00:00:00,5473.12,,,,
PRODUCT_04229,COMP_1067,2026-09-01 00:00:00,3933.96,,,,
PRODUCT_05001,COMP_1067,2026-09-01 00:00:00,90674.05,,,,
PRODUCT_06141,COMP_1067,2026-09-01 00:00:00,66624.44,,,,
PRODUCT_06414,COMP_1067,2026-09-01 00:00:00,8322.19,,,,
PRODUCT_07151,COMP_1067,2026-09-01 00:00:00,4936.62,,,,
PRODUCT_07895,COMP_1067,2026-09-01 00:00:00,6072.91,,,,
PRODUCT_00001,COMP_1068,2026-09-01 00:00:00,99999990850,,,,
PRODUCT_00316,COMP_1068,2026-09-01 00:00:00,-1000,,,,
PRODUCT_00603,COMP_1068,2026-09-01 00:00:00,1000000,,,,
PRODUCT_01304,COMP_1068,2026-09-01 00:00:00,18000,,,,
PRODUCT_01376,COMP_1068,2026-09-01 00:00:00,250,,,,
PRODUCT_01379,COMP_1068,2026-09-01 00:00:00,17000,,,,
PRODUCT_01401,COMP_1068,2026-09-01 00:00:00,-50000,,,,
PRODUCT_01564,COMP_1068,2026-09-01 00:00:00,30000,,,,
PRODUCT_02209,COMP_1068,2026-09-01 00:00:00,1258976,,,,
PRODUCT_02303,COMP_1068,2026-09-01 00:00:00,10000,,,,
PRODUCT_02344,COMP_1068,2026-09-01 00:00:00,-400,,,,
PRODUCT_02490,COMP_1068,2026-09-01 00:00:00,-2000,,,,
PRODUCT_02767,COMP_1068,2026-09-01 00:00:00,5000,,,,
PRODUCT_03524,COMP_1068,2026-09-01 00:00:00,450,,,,
PRODUCT_04046,COMP_1068,2026-09-01 00:00:00,-2531.18,,-5000,,
PRODUCT_04514,COMP_1068,2026-09-01 00:00:00,-1000,,,,
PRODUCT_04597,COMP_1068,2026-09-01 00:00:00,0,,-300,,
PRODUCT_05620,COMP_1068,2026-09-01 00:00:00,-100,,,,
PRODUCT_06169,COMP_1068,2026-09-01 00:00:00,0,,-300,,
PRODUCT_06643,COMP_1068,2026-09-01 00:00:00,50000,,,,
PRODUCT_06651,COMP_1068,2026-09-01 00:00:00,5000,,,,
PRODUCT_07052,COMP_1068,2026-09-01 00:00:00,-10000,,-100000,,
PRODUCT_07457,COMP_1068,2026-09-01 00:00:00,0,,,,
PRODUCT_07460,COMP_1068,2026-09-01 00:00:00,-4257.71,,-10000,,
PRODUCT_07794,COMP_1068,2026-09-01 00:00:00,-1000,,,,
PRODUCT_00339,COMP_1069,2026-09-01 00:00:00,6628.1,,,,
PRODUCT_05121,COMP_1069,2026-09-01 00:00:00,3054.04,,,,
PRODUCT_00031,COMP_1070,2026-09-01 00:00:00,0,,-104500,,
PRODUCT_01131,COMP_1070,2026-09-01 00:00:00,-60578.46,,,,
PRODUCT_01494,COMP_1070,2026-09-01 00:00:00,-74350.7,,-100321.74,,
PRODUCT_01692,COMP_1070,2026-09-01 00:00:00,-41681.73,,-123463.45,,
PRODUCT_01855,COMP_1070,2026-09-01 00:00:00,-62500.14,,-129166.7,,
PRODUCT_02198,COMP_1070,2026-09-01 00:00:00,0,,-134301.24,,
PRODUCT_02382,COMP_1070,2026-09-01 00:00:00,89677.3,,,,
PRODUCT_02677,COMP_1070,2026-09-01 00:00:00,-90850.17,,-158185.28,,
PRODUCT_03712,COMP_1070,2026-09-01 00:00:00,-60,,,,
PRODUCT_04322,COMP_1070,2026-09-01 00:00:00,0,,-60000,,
PRODUCT_04702,COMP_1070,2026-09-01 00:00:00,152255.06,,,,
PRODUCT_06340,COMP_1070,2026-09-01 00:00:00,40475.87,,,,
PRODUCT_06826,COMP_1070,2026-09-01 00:00:00,228665.6,,,,
PRODUCT_06853,COMP_1070,2026-09-01 00:00:00,23590,,,,
PRODUCT_07071,COMP_1070,2026-09-01 00:00:00,0,,-45402.62,,
PRODUCT_07306,COMP_1070,2026-09-01 00:00:00,-198817.08,,,,
PRODUCT_02844,COMP_1071,2026-09-01 00:00:00,10,,,,
PRODUCT_03304,COMP_1071,2026-09-01 00:00:00,5600.3,,,,
PRODUCT_03308,COMP_1071,2026-09-01 00:00:00,0,,,0,0
PRODUCT_06529,COMP_1071,2026-09-01 00:00:00,0,,,0,0
PRODUCT_07708,COMP_1071,2026-09-01 00:00:00,271.46,,,,
PRODUCT_08071,COMP_1071,2026-09-01 00:00:00,1405.74,,,1405.74,1442.49
PRODUCT_00334,COMP_1072,2026-09-01 00:00:00,-100078.57,,-250000,,150000
PRODUCT_00426,COMP_1072,2026-09-01 00:00:00,9963.51,,,,
PRODUCT_02021,COMP_1072,2026-09-01 00:00:00,3501.45,,,,
PRODUCT_02147,COMP_1072,2026-09-01 00:00:00,2423.42,,,,
PRODUCT_03749,COMP_1072,2026-09-01 00:00:00,2890.22,,,,
PRODUCT_04028,COMP_1072,2026-09-01 00:00:00,35609.37,,,,
PRODUCT_04502,COMP_1072,2026-09-01 00:00:00,0,,,0,
PRODUCT_04606,COMP_1072,2026-09-01 00:00:00,9519.31,,,,
PRODUCT_04905,COMP_1072,2026-09-01 00:00:00,0,,,0,
PRODUCT_05303,COMP_1072,2026-09-01 00:00:00,1313.36,,,,
PRODUCT_05408,COMP_1072,2026-09-01 00:00:00,-154847.09,,-162138.3,,
PRODUCT_05417,COMP_1072,2026-09-01 00:00:00,116000,,,,
PRODUCT_05496,COMP_1072,2026-09-01 00:00:00,0,,,0,
PRODUCT_05646,COMP_1072,2026-09-01 00:00:00,6131.86,,,,
PRODUCT_06082,COMP_1072,2026-09-01 00:00:00,0,,,0,
PRODUCT_06616,COMP_1072,2026-09-01 00:00:00,0,,,0,
PRODUCT_06989,COMP_1072,2026-09-01 00:00:00,107.69,,,,
PRODUCT_07012,COMP_1072,2026-09-01 00:00:00,0,,,,
PRODUCT_08043,COMP_1072,2026-09-01 00:00:00,6279.68,,,,
PRODUCT_08078,COMP_1073,2026-09-01 00:00:00,4238.56,,,,
PRODUCT_00161,COMP_1074,2026-09-01 00:00:00,16986.09,,,,
PRODUCT_01130,COMP_1074,2026-09-01 00:00:00,3522.75,,,3522.75,
PRODUCT_01011,COMP_1075,2026-09-01 00:00:00,0,,,0,0
PRODUCT_03069,COMP_1075,2026-09-01 00:00:00,-5319.5,,,0,-5319.5
PRODUCT_07195,COMP_1075,2026-09-01 00:00:00,62225.35,,,,
PRODUCT_07580,COMP_1075,2026-09-01 00:00:00,479.86,,,479.86,479.86
PRODUCT_01606,COMP_1076,2026-09-01 00:00:00,-385.69,,-2000,1614.31,
PRODUCT_02528,COMP_1076,2026-09-01 00:00:00,0,,,,
PRODUCT_02660,COMP_1076,2026-09-01 00:00:00,-3971.38,,-10212.12,,
PRODUCT_05239,COMP_1076,2026-09-01 00:00:00,33.4,,,,
PRODUCT_00562,COMP_1077,2026-09-01 00:00:00,43427.96,,,,
PRODUCT_01299,COMP_1077,2026-09-01 00:00:00,21371.29,,,,
PRODUCT_01476,COMP_1077,2026-09-01 00:00:00,0,,-2000,2000,
PRODUCT_02174,COMP_1077,2026-09-01 00:00:00,0,,-2000,2000,
PRODUCT_02347,COMP_1077,2026-09-01 00:00:00,0,,-1000,1000,
PRODUCT_02877,COMP_1077,2026-09-01 00:00:00,-347218.69,,-500000,,291683.09
PRODUCT_04882,COMP_1077,2026-09-01 00:00:00,0,,,,
PRODUCT_05050,COMP_1077,2026-09-01 00:00:00,22966.31,,,,
PRODUCT_05454,COMP_1077,2026-09-01 00:00:00,-404.94,,,,
PRODUCT_05928,COMP_1077,2026-09-01 00:00:00,5187.43,,,,
PRODUCT_06745,COMP_1077,2026-09-01 00:00:00,0,,-4000,4000,
PRODUCT_06764,COMP_1077,2026-09-01 00:00:00,48708.08,,,,
PRODUCT_07430,COMP_1077,2026-09-01 00:00:00,0,,-15000,15000,
PRODUCT_07543,COMP_1077,2026-09-01 00:00:00,0,,-1500,1500,
PRODUCT_06756,COMP_1078,2026-09-01 00:00:00,262,,,,
PRODUCT_08055,COMP_1078,2026-09-01 00:00:00,44126.08,,,,
PRODUCT_01688,COMP_1079,2026-09-01 00:00:00,29.71,,-75000,75029.71,29.71
PRODUCT_02243,COMP_1079,2026-09-01 00:00:00,848.48,,,,
PRODUCT_02393,COMP_1079,2026-09-01 00:00:00,11126.74,,-1,11127.74,11126.74
PRODUCT_02617,COMP_1079,2026-09-01 00:00:00,11013.19,,-100000,111013.19,11013.19
PRODUCT_03021,COMP_1079,2026-09-01 00:00:00,411.55,,-100000,100411.55,411.55
PRODUCT_05569,COMP_1079,2026-09-01 00:00:00,544.44,,-100000,100544.44,-57784
PRODUCT_07056,COMP_1079,2026-09-01 00:00:00,0,,,,
PRODUCT_07760,COMP_1079,2026-09-01 00:00:00,1018.08,,,,
PRODUCT_07872,COMP_1079,2026-09-01 00:00:00,309.8,,-70000,70309.8,
PRODUCT_03385,COMP_1080,2026-09-01 00:00:00,269259.23,,,,
PRODUCT_00104,COMP_1081,2026-09-01 00:00:00,24868.99,,,,
PRODUCT_01910,COMP_1081,2026-09-01 00:00:00,7551.14,,,,
PRODUCT_02289,COMP_1081,2026-09-01 00:00:00,9511.32,,,,
PRODUCT_02318,COMP_1081,2026-09-01 00:00:00,1380.84,,,,
PRODUCT_05029,COMP_1081,2026-09-01 00:00:00,8337.8,,,,
PRODUCT_00071,COMP_1082,2026-09-01 00:00:00,817.48,,,,
PRODUCT_01026,COMP_1082,2026-09-01 00:00:00,1498.04,,,,
PRODUCT_01902,COMP_1082,2026-09-01 00:00:00,43921.02,,,,
PRODUCT_04002,COMP_1082,2026-09-01 00:00:00,30267.84,,,,
PRODUCT_00344,COMP_1083,2026-09-01 00:00:00,1912,,,,
PRODUCT_02713,COMP_1083,2026-09-01 00:00:00,2543.4,,,,
PRODUCT_03368,COMP_1083,2026-09-01 00:00:00,20155.61,,,,
PRODUCT_04420,COMP_1083,2026-09-01 00:00:00,4901.49,,,,
PRODUCT_05974,COMP_1083,2026-09-01 00:00:00,23722.38,,,,
PRODUCT_05217,COMP_1084,2026-09-01 00:00:00,0,,,,
PRODUCT_01248,COMP_1085,2026-09-01 00:00:00,5230,,,,
PRODUCT_02498,COMP_1085,2026-09-01 00:00:00,2740.82,,,,
PRODUCT_03147,COMP_1085,2026-09-01 00:00:00,3823,,,,
PRODUCT_00099,COMP_1086,2026-09-01 00:00:00,223.52,,,,223.52
PRODUCT_00697,COMP_1086,2026-09-01 00:00:00,23.51,,,23.51,
PRODUCT_01021,COMP_1086,2026-09-01 00:00:00,-45013.23,,-50000,,
PRODUCT_01087,COMP_1086,2026-09-01 00:00:00,0,,,0,
PRODUCT_01169,COMP_1086,2026-09-01 00:00:00,0,,,,
PRODUCT_02689,COMP_1086,2026-09-01 00:00:00,23481.82,,,,
PRODUCT_02702,COMP_1086,2026-09-01 00:00:00,223.52,,,,
PRODUCT_03585,COMP_1086,2026-09-01 00:00:00,223.52,,-15000,,223.52
PRODUCT_03652,COMP_1086,2026-09-01 00:00:00,223.52,,,,
PRODUCT_03994,COMP_1086,2026-09-01 00:00:00,223.52,,,,
PRODUCT_04398,COMP_1086,2026-09-01 00:00:00,0,,,0,
PRODUCT_04834,COMP_1086,2026-09-01 00:00:00,495.08,,,,
PRODUCT_06192,COMP_1086,2026-09-01 00:00:00,2311.99,,,,
PRODUCT_06693,COMP_1086,2026-09-01 00:00:00,6344.81,,,,
PRODUCT_07153,COMP_1086,2026-09-01 00:00:00,0,,,0,
PRODUCT_02572,COMP_1087,2026-09-01 00:00:00,-905.79,,,,
PRODUCT_07415,COMP_1088,2026-09-01 00:00:00,27298.44,,,,
PRODUCT_04870,COMP_1089,2026-09-01 00:00:00,2619.96,,,2619.96,
PRODUCT_05783,COMP_1089,2026-09-01 00:00:00,7738.29,,,,
PRODUCT_03777,COMP_1090,2026-09-01 00:00:00,0,,,,
PRODUCT_03987,COMP_1090,2026-09-01 00:00:00,766400.79,,,,
PRODUCT_05511,COMP_1090,2026-09-01 00:00:00,0,,,,
PRODUCT_06013,COMP_1090,2026-09-01 00:00:00,44209.79,,,,
PRODUCT_06777,COMP_1090,2026-09-01 00:00:00,3000000,,,,
PRODUCT_06947,COMP_1090,2026-09-01 00:00:00,44149.79,,,,
PRODUCT_07995,COMP_1090,2026-09-01 00:00:00,476576.95,,,,
PRODUCT_00436,COMP_1091,2026-09-01 00:00:00,-1315513.42,,-2371584,,
PRODUCT_00449,COMP_1091,2026-09-01 00:00:00,26581.83,,,,
PRODUCT_01610,COMP_1091,2026-09-01 00:00:00,26558.6,,,,
PRODUCT_02074,COMP_1091,2026-09-01 00:00:00,-138702.44,,-200000,61297.56,
PRODUCT_03329,COMP_1091,2026-09-01 00:00:00,-725242.67,,-2000000,,
PRODUCT_03462,COMP_1091,2026-09-01 00:00:00,5360.57,,,,
PRODUCT_05331,COMP_1091,2026-09-01 00:00:00,-1184520.43,,-2135432,,
PRODUCT_05446,COMP_1091,2026-09-01 00:00:00,-1441845.18,,-2800000,,
PRODUCT_06974,COMP_1091,2026-09-01 00:00:00,437.3,,,,
PRODUCT_07194,COMP_1091,2026-09-01 00:00:00,-422785.73,,-500000,77214.27,-422785.73
PRODUCT_07505,COMP_1091,2026-09-01 00:00:00,0,,-500000,,
PRODUCT_00641,COMP_1092,2026-09-01 00:00:00,38383.51,,,,
PRODUCT_03844,COMP_1092,2026-09-01 00:00:00,0,,-10000,10000,
PRODUCT_03984,COMP_1092,2026-09-01 00:00:00,0,,-10000,10000,
PRODUCT_00763,COMP_1093,2026-09-01 00:00:00,3935.7,,,,
PRODUCT_01935,COMP_1093,2026-09-01 00:00:00,52913.49,,,,
PRODUCT_02261,COMP_1093,2026-09-01 00:00:00,3302.67,,,,
PRODUCT_03023,COMP_1093,2026-09-01 00:00:00,840.16,,,,
PRODUCT_03834,COMP_1093,2026-09-01 00:00:00,339705.19,,,,
PRODUCT_04143,COMP_1093,2026-09-01 00:00:00,5293.55,,,,
PRODUCT_02023,COMP_1094,2026-09-01 00:00:00,0,,,,
PRODUCT_03170,COMP_1094,2026-09-01 00:00:00,82646.45,,,,
PRODUCT_00741,COMP_1095,2026-09-01 00:00:00,0,,,,
PRODUCT_04119,COMP_1095,2026-09-01 00:00:00,4437.64,,,,
PRODUCT_05890,COMP_1095,2026-09-01 00:00:00,5469,,,,
PRODUCT_01409,COMP_1096,2026-09-01 00:00:00,16583.58,,,,
PRODUCT_03303,COMP_1096,2026-09-01 00:00:00,0,,,,
PRODUCT_03717,COMP_1096,2026-09-01 00:00:00,25592.15,,,25592.15,
PRODUCT_06104,COMP_1096,2026-09-01 00:00:00,5000,,,,
PRODUCT_06195,COMP_1096,2026-09-01 00:00:00,14751.06,,,,
PRODUCT_07191,COMP_1096,2026-09-01 00:00:00,21977.15,,,,
PRODUCT_02922,COMP_1097,2026-09-01 00:00:00,0,,,,
PRODUCT_03009,COMP_1097,2026-09-01 00:00:00,294884.78,,,,
PRODUCT_05943,COMP_1097,2026-09-01 00:00:00,0,,,,
PRODUCT_08278,COMP_1097,2026-09-01 00:00:00,294885.3,,,,
PRODUCT_08279,COMP_1097,2026-09-01 00:00:00,308368.8,,,,
PRODUCT_07404,COMP_1098,2026-09-01 00:00:00,93353.04,,,,
PRODUCT_01279,COMP_1099,2026-09-01 00:00:00,110463.23,,,110463.23,110463.23
PRODUCT_05413,COMP_1099,2026-09-01 00:00:00,1298.66,,,,
PRODUCT_01200,COMP_1100,2026-09-01 00:00:00,11004.8,,,,
PRODUCT_04687,COMP_1100,2026-09-01 00:00:00,24180.61,,,,
PRODUCT_00076,COMP_1101,2026-09-01 00:00:00,515435.69,,,,
PRODUCT_02104,COMP_1101,2026-09-01 00:00:00,-54802.25,,-127197.12,,
PRODUCT_04799,COMP_1102,2026-09-01 00:00:00,125978.29,,,,
PRODUCT_01406,COMP_1103,2026-09-01 00:00:00,0,,,,
PRODUCT_05607,COMP_1103,2026-09-01 00:00:00,54.95,,,,
PRODUCT_06682,COMP_1103,2026-09-01 00:00:00,606.09,,,,
PRODUCT_07928,COMP_1103,2026-09-01 00:00:00,4161.4,,,,
PRODUCT_07933,COMP_1103,2026-09-01 00:00:00,7068.23,,,,
PRODUCT_00485,COMP_1104,2026-09-01 00:00:00,11347.14,,,,
PRODUCT_04355,COMP_1104,2026-09-01 00:00:00,163.48,,,,
PRODUCT_05923,COMP_1104,2026-09-01 00:00:00,981332.67,,,,
PRODUCT_03203,COMP_1105,2026-09-01 00:00:00,627794087,,,,
PRODUCT_08280,COMP_1106,2026-08-28 00:00:00,-28570.27,,-100000,71429.73,
PRODUCT_00842,COMP_1106,2026-09-01 00:00:00,-80849.2,,-100000,19150.8,
PRODUCT_01341,COMP_1106,2026-09-01 00:00:00,7433.86,,,,
PRODUCT_02299,COMP_1106,2026-09-01 00:00:00,0,,-150000,150000,
PRODUCT_02328,COMP_1106,2026-09-01 00:00:00,1930,,,,
PRODUCT_03640,COMP_1106,2026-09-01 00:00:00,2560.15,,,,
PRODUCT_08281,COMP_1106,2026-08-28 00:00:00,0,,-150000,150000,
PRODUCT_04270,COMP_1106,2026-09-01 00:00:00,-65000,,,,
PRODUCT_05519,COMP_1106,2026-09-01 00:00:00,2037.34,,,,
PRODUCT_06781,COMP_1106,2026-09-01 00:00:00,-114408.79,,-600000,485591.21,485591.21
PRODUCT_08282,COMP_1106,2026-08-28 00:00:00,1577.14,,,,
PRODUCT_01607,COMP_1107,2026-09-01 00:00:00,-61940.6,,-125000,,
PRODUCT_02098,COMP_1107,2026-09-01 00:00:00,-106773.5,,-129000,,
PRODUCT_02429,COMP_1107,2026-09-01 00:00:00,9502.51,,,,
PRODUCT_03156,COMP_1107,2026-09-01 00:00:00,933002.45,,,,
PRODUCT_06055,COMP_1107,2026-09-01 00:00:00,-129575.02,,-212000,,
PRODUCT_01802,COMP_1108,2026-09-01 00:00:00,3.74,,,,
PRODUCT_04048,COMP_1108,2026-09-01 00:00:00,230886.68,,,,
PRODUCT_06070,COMP_1108,2026-09-01 00:00:00,4774.18,,,,
PRODUCT_00198,COMP_1109,2026-09-01 00:00:00,0,,-15000,15000,
PRODUCT_07867,COMP_1109,2026-09-01 00:00:00,515326.73,,,,
PRODUCT_00160,COMP_1110,2026-09-01 00:00:00,3511.54,,,,
PRODUCT_02683,COMP_1110,2026-09-01 00:00:00,21278.57,,,,
PRODUCT_05412,COMP_1110,2026-09-01 00:00:00,3025.19,,,,
PRODUCT_05792,COMP_1110,2026-09-01 00:00:00,9041.8,,,,
PRODUCT_00921,COMP_1111,2026-09-01 00:00:00,87021.54,,,,
PRODUCT_03964,COMP_1112,2026-09-01 00:00:00,55634.68,,,55634.68,55634.68
PRODUCT_01297,COMP_1113,2026-09-01 00:00:00,1039.61,,,,
PRODUCT_01893,COMP_1113,2026-09-01 00:00:00,75000,,,,
PRODUCT_02101,COMP_1113,2026-09-01 00:00:00,510184.91,,,,
PRODUCT_08144,COMP_1113,2026-09-01 00:00:00,-129603.28,,-135200,,
PRODUCT_06115,COMP_1114,2026-09-01 00:00:00,101463.11,,,,
PRODUCT_01816,COMP_1115,2026-09-01 00:00:00,2294391.19,,,,
PRODUCT_02601,COMP_1115,2026-09-01 00:00:00,23682.04,,,,
PRODUCT_02305,COMP_1116,2026-09-01 00:00:00,68212.55,,,,
PRODUCT_00778,COMP_1117,2026-09-01 00:00:00,-495734.93,,-552018.27,,
PRODUCT_07029,COMP_1117,2026-09-01 00:00:00,0,,,,
PRODUCT_00016,COMP_1118,2026-09-01 00:00:00,16041.4,,,,
PRODUCT_01295,COMP_1119,2026-09-01 00:00:00,80994.58,,,,
PRODUCT_02564,COMP_1119,2026-09-01 00:00:00,11375.78,,,,
PRODUCT_05112,COMP_1120,2026-09-01 00:00:00,36968.71,,,,
PRODUCT_07003,COMP_1121,2026-09-01 00:00:00,-10461.69,,-22270.76,,
PRODUCT_07630,COMP_1121,2026-09-01 00:00:00,-17674.75,,-21633.83,,
PRODUCT_03685,COMP_1122,2026-09-01 00:00:00,502451.36,,,,
PRODUCT_01271,COMP_1123,2026-09-01 00:00:00,10016615.87,,,,
PRODUCT_08283,COMP_1123,2026-09-01 00:00:00,11000000,,,,
PRODUCT_08284,COMP_1123,2026-09-01 00:00:00,13000000,,,,
PRODUCT_01613,COMP_1124,2026-09-01 00:00:00,0,,-3000,3000,
PRODUCT_01856,COMP_1124,2026-09-01 00:00:00,46.6,,,,
PRODUCT_02291,COMP_1124,2026-09-01 00:00:00,-10646.68,,-31513.32,,
PRODUCT_02464,COMP_1124,2026-09-01 00:00:00,203.49,,,,
PRODUCT_02958,COMP_1124,2026-09-01 00:00:00,0,,-5872.26,,
PRODUCT_03895,COMP_1124,2026-09-01 00:00:00,0,,,,
PRODUCT_03973,COMP_1124,2026-09-01 00:00:00,-29949.37,,,,
PRODUCT_05443,COMP_1124,2026-09-01 00:00:00,0,,-6580.77,,
PRODUCT_06320,COMP_1124,2026-09-01 00:00:00,0,,-3000,3000,
PRODUCT_05447,COMP_1125,2026-09-01 00:00:00,22.1,,,,
PRODUCT_07818,COMP_1125,2026-09-01 00:00:00,2362.36,,,,
PRODUCT_01657,COMP_1126,2026-09-01 00:00:00,43510.45,,,,
PRODUCT_03778,COMP_1126,2026-09-01 00:00:00,74255.42,,,,
PRODUCT_04455,COMP_1126,2026-09-01 00:00:00,153651.17,,,,
PRODUCT_05391,COMP_1126,2026-09-01 00:00:00,98094.74,,,,
PRODUCT_01424,COMP_1127,2026-09-01 00:00:00,3521.01,,,,
PRODUCT_02148,COMP_1127,2026-09-01 00:00:00,10988.62,,,,
PRODUCT_02244,COMP_1127,2026-09-01 00:00:00,250533.31,,,,
PRODUCT_03972,COMP_1127,2026-09-01 00:00:00,449.08,,,,
PRODUCT_05531,COMP_1127,2026-09-01 00:00:00,0,,,,
PRODUCT_05825,COMP_1127,2026-09-01 00:00:00,9024.17,,,,
PRODUCT_02864,COMP_1128,2026-09-01 00:00:00,2900507.89,,,,
PRODUCT_00669,COMP_1129,2026-09-01 00:00:00,1555.22,,,,
PRODUCT_04291,COMP_1129,2026-09-01 00:00:00,-11870.53,,-400000,388129.47,388129.47
PRODUCT_05301,COMP_1129,2026-09-01 00:00:00,37327.49,,,,
PRODUCT_05758,COMP_1129,2026-09-01 00:00:00,147338.87,,,,
PRODUCT_06120,COMP_1129,2026-09-01 00:00:00,204527.16,,,,
PRODUCT_06796,COMP_1129,2026-09-01 00:00:00,33466.6,,,,
PRODUCT_07514,COMP_1129,2026-09-01 00:00:00,-3480.56,,-100000,96519.44,0
PRODUCT_07684,COMP_1129,2026-09-01 00:00:00,935223.4,,-1000000,1935223.4,158543.83
PRODUCT_00027,COMP_1130,2026-09-01 00:00:00,0,,-0.01,0.01,
PRODUCT_00574,COMP_1130,2026-09-01 00:00:00,0,,,,
PRODUCT_00948,COMP_1130,2026-09-01 00:00:00,0,,,,
PRODUCT_04121,COMP_1130,2026-09-01 00:00:00,75390.44,,,,
PRODUCT_06909,COMP_1130,2026-09-01 00:00:00,0,,,,
PRODUCT_07471,COMP_1130,2026-09-01 00:00:00,1500000,,,,
PRODUCT_00208,COMP_1131,2026-09-01 00:00:00,33049.82,,,,
PRODUCT_01135,COMP_1132,2026-09-01 00:00:00,431.97,,,,
PRODUCT_02029,COMP_1132,2026-09-01 00:00:00,0,,,,
PRODUCT_06041,COMP_1132,2026-09-01 00:00:00,19682.47,,,,
PRODUCT_00068,COMP_1133,2026-09-01 00:00:00,-462457.48,,-671784.98,,
PRODUCT_00350,COMP_1133,2026-09-01 00:00:00,0,,-186440.91,,
PRODUCT_01436,COMP_1133,2026-09-01 00:00:00,141.74,,,141.74,141.74
PRODUCT_01786,COMP_1133,2026-09-01 00:00:00,58075.21,,,58075.21,58075.21
PRODUCT_01791,COMP_1133,2026-09-01 00:00:00,0,,,0,
PRODUCT_02954,COMP_1133,2026-09-01 00:00:00,292705.58,,,292705.58,292705.58
PRODUCT_03802,COMP_1133,2026-09-01 00:00:00,523.2,,,523.2,523.2
PRODUCT_03840,COMP_1133,2026-09-01 00:00:00,293376.44,,,293376.44,293376.44
PRODUCT_06319,COMP_1133,2026-09-01 00:00:00,-50066.32,,-197102.62,,
PRODUCT_03399,COMP_1134,2026-09-01 00:00:00,5207.11,,,,
PRODUCT_03830,COMP_1134,2026-09-01 00:00:00,223.52,,,,
PRODUCT_05248,COMP_1134,2026-09-01 00:00:00,767.93,,,,
PRODUCT_05286,COMP_1134,2026-09-01 00:00:00,0,,,,
PRODUCT_05990,COMP_1134,2026-09-01 00:00:00,0,,-3000,3000,3000
PRODUCT_06626,COMP_1134,2026-09-01 00:00:00,0,,,,
PRODUCT_06769,COMP_1134,2026-09-01 00:00:00,-2594.65,,-6912.88,,
PRODUCT_07267,COMP_1134,2026-09-01 00:00:00,0,,-9000,9000,
PRODUCT_07375,COMP_1134,2026-09-01 00:00:00,-129075.92,,-161798.26,,
PRODUCT_07664,COMP_1134,2026-09-01 00:00:00,-92177.28,,-132844.08,,
PRODUCT_00037,COMP_1135,2026-09-01 00:00:00,7359.32,,,,
PRODUCT_01172,COMP_1135,2026-09-01 00:00:00,6345.62,,,,
PRODUCT_01492,COMP_1135,2026-09-01 00:00:00,102168.23,,,,
PRODUCT_01852,COMP_1135,2026-09-01 00:00:00,7479.18,,,,
PRODUCT_02720,COMP_1135,2026-09-01 00:00:00,11724.54,,,,
PRODUCT_03786,COMP_1135,2026-09-01 00:00:00,38.14,,,,
PRODUCT_03920,COMP_1135,2026-09-01 00:00:00,0,,,0,
PRODUCT_04202,COMP_1135,2026-09-01 00:00:00,2536.41,,,,
PRODUCT_04489,COMP_1135,2026-09-01 00:00:00,0,,,0,
PRODUCT_04496,COMP_1135,2026-09-01 00:00:00,5855.21,,,,
PRODUCT_04630,COMP_1135,2026-09-01 00:00:00,6349.98,,,,
PRODUCT_04969,COMP_1135,2026-09-01 00:00:00,68050.67,,,,
PRODUCT_06633,COMP_1135,2026-09-01 00:00:00,0,,,0,
PRODUCT_07756,COMP_1135,2026-09-01 00:00:00,-85666.47,,-90000,,
PRODUCT_05012,COMP_1136,2026-09-01 00:00:00,603649.6,,,,
PRODUCT_07338,COMP_1136,2026-09-01 00:00:00,138744.96,,,,
PRODUCT_07407,COMP_1137,2026-09-01 00:00:00,238537.55,,,,
PRODUCT_01683,COMP_1138,2026-09-01 00:00:00,2500.92,,,2500.92,2972.76
PRODUCT_02438,COMP_1139,2026-09-01 00:00:00,625.89,,,,
PRODUCT_03269,COMP_1139,2026-09-01 00:00:00,6901.75,,,,
PRODUCT_00728,COMP_1140,2026-09-01 00:00:00,14449.99,,,,
PRODUCT_04608,COMP_1140,2026-09-01 00:00:00,5110.2,,,,
PRODUCT_05686,COMP_1140,2026-09-01 00:00:00,5484.71,,,,
PRODUCT_07947,COMP_1140,2026-09-01 00:00:00,39279.27,,,,
PRODUCT_00060,COMP_1141,2026-09-01 00:00:00,15615500.59,,,,
PRODUCT_00247,COMP_1141,2026-09-01 00:00:00,5019.45,,,5019.45,5019.45
PRODUCT_01524,COMP_1141,2026-09-01 00:00:00,38777.6,,,,
PRODUCT_04436,COMP_1141,2026-09-01 00:00:00,0,,,,
PRODUCT_04618,COMP_1141,2026-09-01 00:00:00,0,,,0,0
PRODUCT_04764,COMP_1141,2026-09-01 00:00:00,204.63,,,,
PRODUCT_04963,COMP_1141,2026-09-01 00:00:00,158153.34,,,,
PRODUCT_06122,COMP_1141,2026-09-01 00:00:00,599.58,,,,
PRODUCT_06326,COMP_1141,2026-09-01 00:00:00,249202.47,,,249202.47,
PRODUCT_07343,COMP_1141,2026-09-01 00:00:00,21432724.64,,,,
PRODUCT_07840,COMP_1141,2026-09-01 00:00:00,3.15,,,,
PRODUCT_08027,COMP_1141,2026-09-01 00:00:00,526.05,,,,
PRODUCT_06389,COMP_1142,2026-09-01 00:00:00,1253.04,,,,
PRODUCT_07574,COMP_1142,2026-09-01 00:00:00,921235.67,,,,
PRODUCT_00423,COMP_1143,2026-09-01 00:00:00,0,,,,
PRODUCT_02008,COMP_1143,2026-09-01 00:00:00,-7854.28,,-14280.64,,
PRODUCT_02745,COMP_1143,2026-09-01 00:00:00,0,,-500000,500000,
PRODUCT_03273,COMP_1143,2026-09-01 00:00:00,0,,-106058.74,,
PRODUCT_03793,COMP_1143,2026-09-01 00:00:00,302.3,,,,
PRODUCT_04577,COMP_1143,2026-09-01 00:00:00,-11713.41,,-26606.7,,
PRODUCT_05911,COMP_1143,2026-09-01 00:00:00,0,,,,
PRODUCT_06053,COMP_1143,2026-09-01 00:00:00,0,,,,
PRODUCT_07494,COMP_1143,2026-09-01 00:00:00,370.71,,,,
PRODUCT_07886,COMP_1143,2026-09-01 00:00:00,0,,-1610.83,,
PRODUCT_02511,COMP_1144,2026-09-01 00:00:00,194.83,,,,
PRODUCT_03015,COMP_1144,2026-09-01 00:00:00,43468.87,,,,
PRODUCT_04735,COMP_1145,2026-09-01 00:00:00,53846.48,,,,
PRODUCT_08128,COMP_1145,2026-09-01 00:00:00,0,,-1500,1500,
PRODUCT_01470,COMP_1146,2026-09-01 00:00:00,1472.3,,,,
PRODUCT_01731,COMP_1146,2026-09-01 00:00:00,55591.69,,,,
PRODUCT_07378,COMP_1146,2026-09-01 00:00:00,130788.23,,,,
PRODUCT_02624,COMP_1147,2026-09-01 00:00:00,307401.79,,,,
PRODUCT_06830,COMP_1148,2026-09-01 00:00:00,663.7,,,,
PRODUCT_00693,COMP_1149,2026-09-01 00:00:00,0,,-9000,9000,
PRODUCT_01024,COMP_1149,2026-09-01 00:00:00,94040.5,,,,
PRODUCT_01410,COMP_1149,2026-09-01 00:00:00,1187280,,,,
PRODUCT_01459,COMP_1149,2026-09-01 00:00:00,-14817.64,,-21308.46,,
PRODUCT_01577,COMP_1149,2026-09-01 00:00:00,5185.34,,,,
PRODUCT_02120,COMP_1149,2026-09-01 00:00:00,232272,,,,
PRODUCT_02340,COMP_1149,2026-09-01 00:00:00,0,,,,
PRODUCT_02610,COMP_1149,2026-09-01 00:00:00,-11931.73,,-23673.19,,
PRODUCT_02632,COMP_1149,2026-09-01 00:00:00,0,,-2500,2500,
PRODUCT_02839,COMP_1149,2026-09-01 00:00:00,294420,,,,
PRODUCT_02932,COMP_1149,2026-09-01 00:00:00,-25646.34,,-47078.6,,
PRODUCT_03579,COMP_1149,2026-09-01 00:00:00,16672.15,,,,
PRODUCT_03728,COMP_1149,2026-09-01 00:00:00,0,,,,
PRODUCT_04080,COMP_1149,2026-09-01 00:00:00,97460.5,,,,
PRODUCT_04643,COMP_1149,2026-09-01 00:00:00,0,,-9000,9000,
PRODUCT_04843,COMP_1149,2026-09-01 00:00:00,0,,,,
PRODUCT_05685,COMP_1149,2026-09-01 00:00:00,1000000,,,,
PRODUCT_06363,COMP_1149,2026-09-01 00:00:00,81273.01,,,,
PRODUCT_06540,COMP_1149,2026-09-01 00:00:00,-936035.61,,-2880000,,
PRODUCT_06877,COMP_1149,2026-09-01 00:00:00,7949.33,,,,
PRODUCT_07159,COMP_1149,2026-09-01 00:00:00,0,,-2500,2500,
PRODUCT_07301,COMP_1149,2026-09-01 00:00:00,-17354.96,,-34433.4,,
PRODUCT_07450,COMP_1149,2026-09-01 00:00:00,0,,,,
PRODUCT_07696,COMP_1149,2026-09-01 00:00:00,2095.26,,,,
PRODUCT_07974,COMP_1149,2026-09-01 00:00:00,230352,,,,
PRODUCT_07989,COMP_1149,2026-09-01 00:00:00,616825.22,,,,
PRODUCT_00114,COMP_1150,2026-09-01 00:00:00,118506.72,,,,
PRODUCT_00396,COMP_1150,2026-09-01 00:00:00,40705.51,,,,
PRODUCT_00906,COMP_1150,2026-09-01 00:00:00,0,,-24449.61,,
PRODUCT_01413,COMP_1150,2026-09-01 00:00:00,73979.21,,,,
PRODUCT_01602,COMP_1150,2026-09-01 00:00:00,0,,-280591.43,,
PRODUCT_01971,COMP_1150,2026-09-01 00:00:00,-37000.91,,-47039.25,,
PRODUCT_02260,COMP_1150,2026-09-01 00:00:00,4883892.76,,,,
PRODUCT_02293,COMP_1150,2026-09-01 00:00:00,206197.35,,,,
PRODUCT_02698,COMP_1150,2026-09-01 00:00:00,1000000,,,,
PRODUCT_03054,COMP_1150,2026-09-01 00:00:00,-55850.27,,-172101.94,,
PRODUCT_03214,COMP_1150,2026-09-01 00:00:00,0,,-221708.14,,
PRODUCT_04356,COMP_1150,2026-09-01 00:00:00,-34234.98,,-303441.6,,
PRODUCT_06144,COMP_1150,2026-09-01 00:00:00,28652.18,,,,
PRODUCT_07234,COMP_1150,2026-09-01 00:00:00,-1612.08,,-6000,4387.92,4387.92
PRODUCT_07597,COMP_1150,2026-09-01 00:00:00,592.89,,,,
PRODUCT_07675,COMP_1150,2026-09-01 00:00:00,0,,,,
PRODUCT_08026,COMP_1150,2026-09-01 00:00:00,2760.05,,,,
PRODUCT_03825,COMP_1151,2026-09-01 00:00:00,12146.88,,,,
PRODUCT_00251,COMP_1152,2026-09-01 00:00:00,1927233.55,,,,
PRODUCT_02432,COMP_1152,2026-09-01 00:00:00,0,,,,
PRODUCT_03122,COMP_1152,2026-09-01 00:00:00,0,,,,
PRODUCT_03555,COMP_1152,2026-09-01 00:00:00,0,,,,
PRODUCT_04389,COMP_1152,2026-09-01 00:00:00,0,,,,
PRODUCT_04797,COMP_1152,2026-09-01 00:00:00,0,,,,
PRODUCT_05476,COMP_1152,2026-09-01 00:00:00,223528.53,,,,
PRODUCT_05885,COMP_1152,2026-09-01 00:00:00,0,,,,
PRODUCT_06001,COMP_1152,2026-09-01 00:00:00,0,,,,
PRODUCT_06069,COMP_1152,2026-09-01 00:00:00,0,,,,
PRODUCT_06535,COMP_1152,2026-09-01 00:00:00,1528055.78,,,,
PRODUCT_07925,COMP_1152,2026-09-01 00:00:00,0,,,,
PRODUCT_03966,COMP_1153,2026-09-01 00:00:00,6463.06,,,,
PRODUCT_05010,COMP_1153,2026-09-01 00:00:00,209479.87,,,,
PRODUCT_05347,COMP_1153,2026-09-01 00:00:00,20578.48,,,,
PRODUCT_00390,COMP_1154,2026-09-01 00:00:00,185149.39,,,,
PRODUCT_01367,COMP_1155,2026-09-01 00:00:00,25767.08,,,,
PRODUCT_02220,COMP_1155,2026-09-01 00:00:00,0,,,,
PRODUCT_03609,COMP_1155,2026-09-01 00:00:00,0,,,,
PRODUCT_05658,COMP_1155,2026-09-01 00:00:00,0,,,0,
PRODUCT_01308,COMP_1156,2026-09-01 00:00:00,0,,,,
PRODUCT_05864,COMP_1156,2026-09-01 00:00:00,82886.65,,,,
PRODUCT_02728,COMP_1157,2026-09-01 00:00:00,0,,,,
PRODUCT_03537,COMP_1157,2026-09-01 00:00:00,11986.43,,,,
PRODUCT_06662,COMP_1157,2026-09-01 00:00:00,0,,,,
PRODUCT_02437,COMP_1158,2026-09-01 00:00:00,2419.01,,,,
PRODUCT_07712,COMP_1158,2026-09-01 00:00:00,10326.45,,,,
PRODUCT_00581,COMP_1159,2026-09-01 00:00:00,22043.04,,,,
PRODUCT_01570,COMP_1159,2026-09-01 00:00:00,724556.27,,,,
PRODUCT_01895,COMP_1159,2026-09-01 00:00:00,202738.98,,,,
PRODUCT_04036,COMP_1159,2026-09-01 00:00:00,731103.94,,,,
PRODUCT_04435,COMP_1159,2026-09-01 00:00:00,18589.24,,,,
PRODUCT_04779,COMP_1159,2026-09-01 00:00:00,221.82,,,,
PRODUCT_04952,COMP_1159,2026-09-01 00:00:00,111690.11,,,,
PRODUCT_05256,COMP_1159,2026-09-01 00:00:00,1128711.44,,,,
PRODUCT_06910,COMP_1159,2026-09-01 00:00:00,1721043.66,,,,
PRODUCT_07845,COMP_1159,2026-09-01 00:00:00,1324673.07,,,,
PRODUCT_00739,COMP_1160,2026-09-01 00:00:00,0,,,,
PRODUCT_03196,COMP_1160,2026-09-01 00:00:00,0,,,,
PRODUCT_03787,COMP_1160,2026-09-01 00:00:00,122.97,,,,
PRODUCT_04406,COMP_1160,2026-09-01 00:00:00,0,,,,
PRODUCT_04429,COMP_1160,2026-09-01 00:00:00,-177954.72,,-400000,,
PRODUCT_05104,COMP_1160,2026-09-01 00:00:00,1750.14,,,,
PRODUCT_05165,COMP_1160,2026-09-01 00:00:00,0,,,,
PRODUCT_06060,COMP_1160,2026-09-01 00:00:00,0,,,,
PRODUCT_07055,COMP_1160,2026-09-01 00:00:00,0,,,,
PRODUCT_08014,COMP_1160,2026-09-01 00:00:00,0,,,,
PRODUCT_00129,COMP_1161,2026-09-01 00:00:00,3382351.87,,,,
PRODUCT_01626,COMP_1161,2026-09-01 00:00:00,183650.91,,,,
PRODUCT_03100,COMP_1161,2026-09-01 00:00:00,1245.6,,,,
PRODUCT_06024,COMP_1161,2026-09-01 00:00:00,1397114.48,,,,
PRODUCT_01234,COMP_1162,2026-09-01 00:00:00,126.16,,,,
PRODUCT_02236,COMP_1162,2026-09-01 00:00:00,2771.43,,,,
PRODUCT_02276,COMP_1162,2026-09-01 00:00:00,0,,,,
PRODUCT_03358,COMP_1162,2026-09-01 00:00:00,0,,,,
PRODUCT_03800,COMP_1162,2026-09-01 00:00:00,0,,,,
PRODUCT_04619,COMP_1162,2026-09-01 00:00:00,0,,,,
PRODUCT_05118,COMP_1162,2026-09-01 00:00:00,0,,,,
PRODUCT_06537,COMP_1162,2026-09-01 00:00:00,0,,-12000,12000,
PRODUCT_06710,COMP_1162,2026-09-01 00:00:00,0,,,,
PRODUCT_07605,COMP_1162,2026-09-01 00:00:00,0,,-12000,12000,
PRODUCT_00346,COMP_1163,2026-09-01 00:00:00,25933.01,,,25933.01,
PRODUCT_01798,COMP_1163,2026-09-01 00:00:00,61108.5,,,61108.5,
PRODUCT_01812,COMP_1163,2026-09-01 00:00:00,26362.72,,,,
PRODUCT_02348,COMP_1163,2026-09-01 00:00:00,76.59,,,,
PRODUCT_03251,COMP_1163,2026-09-01 00:00:00,6.46,,,,
PRODUCT_05020,COMP_1163,2026-09-01 00:00:00,0,,,,
PRODUCT_06181,COMP_1163,2026-09-01 00:00:00,9594.54,,,9594.54,
PRODUCT_01294,COMP_1164,2026-09-01 00:00:00,259.14,,,,
PRODUCT_01702,COMP_1164,2026-09-01 00:00:00,-65387.74,,-100000,34612.26,
PRODUCT_01790,COMP_1164,2026-09-01 00:00:00,515.64,,,,
PRODUCT_05399,COMP_1164,2026-09-01 00:00:00,876.14,,,,
PRODUCT_06639,COMP_1164,2026-09-01 00:00:00,3368.87,,,,
PRODUCT_06713,COMP_1164,2026-09-01 00:00:00,0,,,,
PRODUCT_01446,COMP_1165,2026-09-01 00:00:00,1932.68,,,,
PRODUCT_02388,COMP_1165,2026-09-01 00:00:00,4269.49,,,,
PRODUCT_03939,COMP_1165,2026-09-01 00:00:00,10701.9,,,,
PRODUCT_04217,COMP_1165,2026-09-01 00:00:00,10884,,,,
PRODUCT_03102,COMP_1166,2026-09-01 00:00:00,224144.6,,,224144.6,473508.51
PRODUCT_06997,COMP_1166,2026-09-01 00:00:00,97.36,,,,
PRODUCT_00883,COMP_1167,2026-09-01 00:00:00,10720.87,,,,
PRODUCT_00995,COMP_1167,2026-09-01 00:00:00,0,,-199995.46,,
PRODUCT_02435,COMP_1167,2026-09-01 00:00:00,0,,,,
PRODUCT_02784,COMP_1167,2026-09-01 00:00:00,7968.9,,,,
PRODUCT_03132,COMP_1167,2026-09-01 00:00:00,0,,,,
PRODUCT_03969,COMP_1167,2026-09-01 00:00:00,1896.35,,,,
PRODUCT_06199,COMP_1167,2026-09-01 00:00:00,0,,,,
PRODUCT_04030,COMP_1168,2026-09-01 00:00:00,17527.24,,,,
PRODUCT_07443,COMP_1168,2026-09-01 00:00:00,9090.37,,,,
PRODUCT_00055,COMP_1169,2026-09-01 00:00:00,-183638.71,,-160000,-23638.71,
PRODUCT_00279,COMP_1169,2026-09-01 00:00:00,-90000,,,,
PRODUCT_00284,COMP_1169,2026-09-01 00:00:00,0,,,,
PRODUCT_00349,COMP_1169,2026-09-01 00:00:00,458.47,,,,
PRODUCT_00526,COMP_1169,2026-09-01 00:00:00,-172854.08,,-330000,,
PRODUCT_00530,COMP_1169,2026-09-01 00:00:00,0,,-270000,,
PRODUCT_00539,COMP_1169,2026-09-01 00:00:00,-40618.05,,-43961.19,,
PRODUCT_00765,COMP_1169,2026-09-01 00:00:00,0,,-130561.4,,
PRODUCT_00774,COMP_1169,2026-09-01 00:00:00,-5361.11,,-15481.27,,
PRODUCT_01340,COMP_1169,2026-09-01 00:00:00,14199.87,,,14199.87,16769.93
PRODUCT_01419,COMP_1169,2026-09-01 00:00:00,0,,-159000,,
PRODUCT_01480,COMP_1169,2026-09-01 00:00:00,3834.53,,,,
PRODUCT_01530,COMP_1169,2026-09-01 00:00:00,-24727.71,,-26762.97,,
PRODUCT_01643,COMP_1169,2026-09-01 00:00:00,6631.86,,,,
PRODUCT_01765,COMP_1169,2026-09-01 00:00:00,0,,-118000,,
PRODUCT_01882,COMP_1169,2026-09-01 00:00:00,-28438.49,,-73510.98,,
PRODUCT_01980,COMP_1169,2026-09-01 00:00:00,0,,-80000,,
PRODUCT_02162,COMP_1169,2026-09-01 00:00:00,1382.76,,,,
PRODUCT_02653,COMP_1169,2026-09-01 00:00:00,0,,-72000,,
PRODUCT_03162,COMP_1169,2026-09-01 00:00:00,-72402.72,,-100000,27597.28,
PRODUCT_03176,COMP_1169,2026-09-01 00:00:00,0,,-300000,,
PRODUCT_03631,COMP_1169,2026-09-01 00:00:00,0,,-4000000,4000000,
PRODUCT_03708,COMP_1169,2026-09-01 00:00:00,-14611.45,,-900000,,
PRODUCT_03721,COMP_1169,2026-09-01 00:00:00,-7566.74,,-17704.47,,
PRODUCT_04009,COMP_1169,2026-09-01 00:00:00,-187293.8,,-200000,12706.2,-187293.8
PRODUCT_04061,COMP_1169,2026-09-01 00:00:00,-107347.13,,-160800,,
PRODUCT_04114,COMP_1169,2026-09-01 00:00:00,-4073.62,,-11777,,
PRODUCT_04231,COMP_1169,2026-09-01 00:00:00,4732.09,,,,
PRODUCT_04497,COMP_1169,2026-09-01 00:00:00,-8178.73,,-15476.95,,
PRODUCT_05278,COMP_1169,2026-09-01 00:00:00,-4434226.17,,-5100000,665773.83,
PRODUCT_05575,COMP_1169,2026-09-01 00:00:00,-11790.99,,-20015.89,,
PRODUCT_05599,COMP_1169,2026-09-01 00:00:00,-702483.93,,-1200000,,
PRODUCT_05649,COMP_1169,2026-09-01 00:00:00,-645608.28,,,,
PRODUCT_05689,COMP_1169,2026-09-01 00:00:00,0,,-142000,,
PRODUCT_05798,COMP_1169,2026-09-01 00:00:00,-471.16,,-21246.66,,
PRODUCT_06223,COMP_1169,2026-09-01 00:00:00,-30101.12,,-100000.3,,
PRODUCT_06225,COMP_1169,2026-09-01 00:00:00,0,,-67000,,
PRODUCT_06359,COMP_1169,2026-09-01 00:00:00,-96000,,,,
PRODUCT_06502,COMP_1169,2026-09-01 00:00:00,0,,,,
PRODUCT_06576,COMP_1169,2026-09-01 00:00:00,-1089,,,,
PRODUCT_07316,COMP_1169,2026-09-01 00:00:00,0,,-120000,,
PRODUCT_07647,COMP_1169,2026-09-01 00:00:00,2600.65,,,,
PRODUCT_07657,COMP_1169,2026-09-01 00:00:00,-98723.52,,-2500000,2401276.48,
PRODUCT_07746,COMP_1169,2026-09-01 00:00:00,7542.59,,,,
PRODUCT_07816,COMP_1169,2026-09-01 00:00:00,0,,-137000,,
PRODUCT_07820,COMP_1169,2026-09-01 00:00:00,0,,-150000,,
PRODUCT_08119,COMP_1169,2026-09-01 00:00:00,-108171.42,,-350000,,
PRODUCT_05614,COMP_1170,2026-09-01 00:00:00,399.92,,,,
PRODUCT_06516,COMP_1170,2026-09-01 00:00:00,72330.69,,,,
PRODUCT_00152,COMP_1171,2026-09-01 00:00:00,0,,-1010000,1010000,
PRODUCT_00908,COMP_1171,2026-09-01 00:00:00,0,,,,
PRODUCT_01679,COMP_1171,2026-09-01 00:00:00,0,,-100000,100000,
PRODUCT_01730,COMP_1171,2026-09-01 00:00:00,70.56,,,,
PRODUCT_01889,COMP_1171,2026-09-01 00:00:00,6.44,,,,
PRODUCT_02705,COMP_1171,2026-09-01 00:00:00,0,,-100000,100000,
PRODUCT_02984,COMP_1171,2026-09-01 00:00:00,0,,-100000,100000,
PRODUCT_03056,COMP_1171,2026-09-01 00:00:00,0,,,,
PRODUCT_03118,COMP_1171,2026-09-01 00:00:00,0,,-100000,100000,
PRODUCT_03849,COMP_1171,2026-09-01 00:00:00,20.1,,,,
PRODUCT_03986,COMP_1171,2026-09-01 00:00:00,0,,-1010000,1010000,
PRODUCT_05374,COMP_1171,2026-09-01 00:00:00,-35850.95,,-57047.48,,
PRODUCT_05830,COMP_1171,2026-09-01 00:00:00,0,,,,
PRODUCT_06081,COMP_1171,2026-09-01 00:00:00,-120375.26,,-800000,679624.74,
PRODUCT_06531,COMP_1171,2026-09-01 00:00:00,0,,-1010000,1010000,
PRODUCT_04548,COMP_1172,2026-09-01 00:00:00,0,,,,
PRODUCT_06828,COMP_1172,2026-09-01 00:00:00,130377.41,,,,
PRODUCT_01148,COMP_1173,2026-09-01 00:00:00,4235.55,,,,
PRODUCT_02953,COMP_1173,2026-09-01 00:00:00,-1210000,,,,
PRODUCT_04317,COMP_1173,2026-09-01 00:00:00,80769.82,,,,
PRODUCT_04584,COMP_1173,2026-09-01 00:00:00,19884.13,,,,
PRODUCT_06833,COMP_1173,2026-09-01 00:00:00,-1000000,,-1000000,,
PRODUCT_07396,COMP_1173,2026-09-01 00:00:00,32.5,,,,
PRODUCT_02115,COMP_1174,2026-09-01 00:00:00,6.07,,,,
PRODUCT_07000,COMP_1174,2026-09-01 00:00:00,0,,,,
PRODUCT_07990,COMP_1174,2026-09-01 00:00:00,0,,-3000,3000,
PRODUCT_04800,COMP_1175,2026-09-01 00:00:00,3113623.82,,,,
PRODUCT_05655,COMP_1176,2026-09-01 00:00:00,12308.97,,,12308.97,12308.97
PRODUCT_02295,COMP_1177,2026-09-01 00:00:00,0,,,,
PRODUCT_02281,COMP_1178,2026-09-01 00:00:00,9653.18,,,,
PRODUCT_02908,COMP_1178,2026-09-01 00:00:00,-1389051.33,,-4737000,,
PRODUCT_03284,COMP_1178,2026-09-01 00:00:00,98142.87,,,,
PRODUCT_04133,COMP_1178,2026-09-01 00:00:00,707404.29,,,,
PRODUCT_05866,COMP_1178,2026-09-01 00:00:00,7715.45,,,,
PRODUCT_05924,COMP_1178,2026-09-01 00:00:00,27482.03,,,,
PRODUCT_06315,COMP_1178,2026-09-01 00:00:00,15265.6,,,,
PRODUCT_07200,COMP_1178,2026-09-01 00:00:00,-177069.17,,,,
PRODUCT_07853,COMP_1178,2026-09-01 00:00:00,20289.2,,,,
PRODUCT_07973,COMP_1178,2026-09-01 00:00:00,-6913.7,,,,
PRODUCT_01586,COMP_1179,2026-09-01 00:00:00,79791.74,,,,
PRODUCT_01734,COMP_1179,2026-09-01 00:00:00,29001.87,,,29001.87,29001.87
PRODUCT_02885,COMP_1180,2026-09-01 00:00:00,128011.2,,,,
PRODUCT_02816,COMP_1181,2026-09-01 00:00:00,838435.73,,,,
PRODUCT_06385,COMP_1181,2026-09-01 00:00:00,443458.19,,,443458.19,443458.19
PRODUCT_06627,COMP_1181,2026-09-01 00:00:00,367001.04,,,,
PRODUCT_00398,COMP_1182,2026-09-01 00:00:00,0,,-5000,5000,
PRODUCT_01006,COMP_1182,2026-09-01 00:00:00,2341.84,,,,
PRODUCT_01867,COMP_1182,2026-09-01 00:00:00,609146.72,,,609146.72,
PRODUCT_02259,COMP_1182,2026-09-01 00:00:00,-22.39,,-10000,9977.61,
PRODUCT_02327,COMP_1182,2026-09-01 00:00:00,-43.9,,5000,4956.1,
PRODUCT_02345,COMP_1182,2026-09-01 00:00:00,0,,-5000,5000,
PRODUCT_02451,COMP_1182,2026-09-01 00:00:00,0,,,0,
PRODUCT_02744,COMP_1182,2026-09-01 00:00:00,-336.09,,-10000,9663.91,
PRODUCT_02841,COMP_1182,2026-09-01 00:00:00,-611.75,,-10000,9388.25,
PRODUCT_04305,COMP_1182,2026-09-01 00:00:00,-336.09,,-10000,9663.91,
PRODUCT_05291,COMP_1182,2026-09-01 00:00:00,297.97,,,297.97,
PRODUCT_05975,COMP_1182,2026-09-01 00:00:00,0,,,,
PRODUCT_07459,COMP_1182,2026-09-01 00:00:00,516250,,-206500,722750,
PRODUCT_07563,COMP_1182,2026-09-01 00:00:00,6353981.02,,,,
PRODUCT_07668,COMP_1182,2026-09-01 00:00:00,0,,-5000,5000,
PRODUCT_07833,COMP_1182,2026-09-01 00:00:00,1010629.08,,,,
PRODUCT_07938,COMP_1182,2026-09-01 00:00:00,-189.66,,-5000,4810.34,
PRODUCT_06887,COMP_1183,2026-09-01 00:00:00,200254.87,,,,
PRODUCT_01201,COMP_1184,2026-09-01 00:00:00,338.5,,,,
PRODUCT_03833,COMP_1184,2026-09-01 00:00:00,113934.29,,,,
PRODUCT_00642,COMP_1185,2026-09-01 00:00:00,1191270,,,,
PRODUCT_00725,COMP_1185,2026-09-01 00:00:00,0,,,,
PRODUCT_00732,COMP_1185,2026-09-01 00:00:00,4180742.14,,,,
PRODUCT_02248,COMP_1185,2026-09-01 00:00:00,1191270,,,,
PRODUCT_03052,COMP_1185,2026-09-01 00:00:00,0,,,,
PRODUCT_03163,COMP_1185,2026-09-01 00:00:00,16642.63,,,,
PRODUCT_04024,COMP_1185,2026-09-01 00:00:00,0,,-0.02,0.02,
PRODUCT_04414,COMP_1185,2026-09-01 00:00:00,3243423.59,,,,
PRODUCT_06966,COMP_1185,2026-09-01 00:00:00,0,,,,
PRODUCT_06967,COMP_1185,2026-09-01 00:00:00,0,,,,
PRODUCT_07771,COMP_1185,2026-09-01 00:00:00,0.18,,-1695861.49,,
PRODUCT_04847,COMP_1186,2026-09-01 00:00:00,6200285.26,,,,
PRODUCT_00028,COMP_1187,2026-09-01 00:00:00,1141.75,,,1141.75,
PRODUCT_00427,COMP_1187,2026-09-01 00:00:00,0,,,0,
PRODUCT_00475,COMP_1187,2026-09-01 00:00:00,643,,,643,
PRODUCT_01673,COMP_1187,2026-09-01 00:00:00,0,,,0,
PRODUCT_01949,COMP_1187,2026-09-01 00:00:00,0,,,0,
PRODUCT_02275,COMP_1187,2026-09-01 00:00:00,100,,,100,
PRODUCT_02506,COMP_1187,2026-09-01 00:00:00,0,,,0,
PRODUCT_02662,COMP_1187,2026-09-01 00:00:00,0,,,0,
PRODUCT_03544,COMP_1187,2026-09-01 00:00:00,2840.53,,,2840.53,
PRODUCT_04017,COMP_1187,2026-09-01 00:00:00,0,,,0,
PRODUCT_04331,COMP_1187,2026-09-01 00:00:00,0,,,0,
PRODUCT_04674,COMP_1187,2026-09-01 00:00:00,0,,,0,
PRODUCT_04781,COMP_1187,2026-09-01 00:00:00,164546.3,,,164546.3,
PRODUCT_05392,COMP_1187,2026-09-01 00:00:00,1294.34,,,1294.34,
PRODUCT_05395,COMP_1187,2026-09-01 00:00:00,0,,,0,
PRODUCT_05959,COMP_1187,2026-09-01 00:00:00,568.37,,,568.37,
PRODUCT_06048,COMP_1187,2026-09-01 00:00:00,500.08,,,500.08,
PRODUCT_06922,COMP_1187,2026-09-01 00:00:00,13,,,13,
PRODUCT_07252,COMP_1187,2026-09-01 00:00:00,0,,,0,
PRODUCT_07445,COMP_1187,2026-09-01 00:00:00,0,,,0,
PRODUCT_07485,COMP_1187,2026-09-01 00:00:00,1000,,,1000,
PRODUCT_07738,COMP_1187,2026-09-01 00:00:00,0,,,0,
PRODUCT_07782,COMP_1187,2026-09-01 00:00:00,0,,,0,
PRODUCT_07787,COMP_1187,2026-09-01 00:00:00,0,,,0,
PRODUCT_06637,COMP_1188,2026-09-01 00:00:00,122.16,,,,
PRODUCT_01475,COMP_1189,2026-09-01 00:00:00,393928.08,,,,
PRODUCT_03434,COMP_1190,2026-09-01 00:00:00,11373.35,,,,
PRODUCT_03483,COMP_1190,2026-09-01 00:00:00,358.09,,,,
PRODUCT_06784,COMP_1190,2026-09-01 00:00:00,342799.33,,,,
PRODUCT_06999,COMP_1190,2026-09-01 00:00:00,7.48,,,,
PRODUCT_00004,COMP_1191,2026-09-01 00:00:00,0,,,,
PRODUCT_00166,COMP_1191,2026-09-01 00:00:00,0,,,,
PRODUCT_02255,COMP_1191,2026-09-01 00:00:00,0,,-140000,140000,
PRODUCT_03222,COMP_1191,2026-09-01 00:00:00,0,,-1010000,1010000,
PRODUCT_04563,COMP_1191,2026-09-01 00:00:00,-381532.61,,-800000,418467.39,
PRODUCT_04994,COMP_1191,2026-09-01 00:00:00,0,,,,
PRODUCT_05746,COMP_1191,2026-09-01 00:00:00,26479.46,,,,
PRODUCT_06219,COMP_1191,2026-09-01 00:00:00,0,,-140000,140000,
PRODUCT_06305,COMP_1191,2026-09-01 00:00:00,0,,-140000,140000,
PRODUCT_07603,COMP_1191,2026-09-01 00:00:00,0,,-140000,140000,
PRODUCT_07866,COMP_1191,2026-09-01 00:00:00,78.39,,,,
PRODUCT_07988,COMP_1191,2026-09-01 00:00:00,0,,-1010000,1010000,
PRODUCT_08003,COMP_1191,2026-09-01 00:00:00,0,,,,
PRODUCT_06072,COMP_1192,2026-09-01 00:00:00,916085980.2,,,,
PRODUCT_02771,COMP_1193,2026-09-01 00:00:00,188839.8,,,,
PRODUCT_04353,COMP_1193,2026-09-01 00:00:00,0,,-2000,2000,
PRODUCT_05275,COMP_1193,2026-09-01 00:00:00,46234.75,,,,
PRODUCT_06188,COMP_1193,2026-09-01 00:00:00,4503.02,,,,
PRODUCT_00506,COMP_1194,2026-09-01 00:00:00,13525.58,,,13525.58,13525.58
PRODUCT_00812,COMP_1194,2026-09-01 00:00:00,34.2,,,34.2,34.2
PRODUCT_03437,COMP_1194,2026-09-01 00:00:00,1765.93,,,1765.93,1765.93
PRODUCT_03922,COMP_1194,2026-09-01 00:00:00,-183488.77,,-300000,,
PRODUCT_04670,COMP_1194,2026-09-01 00:00:00,-219189.11,,,0,-219189.11
PRODUCT_05242,COMP_1194,2026-09-01 00:00:00,-494539.38,,,0,-494539.38
PRODUCT_06384,COMP_1194,2026-09-01 00:00:00,134841.32,,,134841.32,134841.32
PRODUCT_00586,COMP_1195,2026-09-01 00:00:00,9164.71,,,,
PRODUCT_00825,COMP_1195,2026-09-01 00:00:00,-97044.02,,-100000,2955.98,-115480.08
PRODUCT_01751,COMP_1195,2026-09-01 00:00:00,9933.97,,,,
PRODUCT_02377,COMP_1195,2026-09-01 00:00:00,-2325.32,,,,
PRODUCT_06038,COMP_1195,2026-09-01 00:00:00,2759.37,,,,
PRODUCT_04167,COMP_1196,2026-09-01 00:00:00,14106.76,,,,
PRODUCT_04698,COMP_1196,2026-09-01 00:00:00,95852.76,,,,
PRODUCT_01465,COMP_1197,2026-09-01 00:00:00,0.44,,,,
PRODUCT_02136,COMP_1197,2026-09-01 00:00:00,0,,,,
PRODUCT_03485,COMP_1197,2026-09-01 00:00:00,0,,,,
PRODUCT_03734,COMP_1197,2026-09-01 00:00:00,0,,,,
PRODUCT_07797,COMP_1197,2026-09-01 00:00:00,9009395.52,,,,
PRODUCT_00003,COMP_1198,2026-09-01 00:00:00,0,,,,
PRODUCT_02887,COMP_1198,2026-09-01 00:00:00,79060.24,,,,
PRODUCT_04067,COMP_1198,2026-09-01 00:00:00,252.93,,,,
PRODUCT_04437,COMP_1198,2026-09-01 00:00:00,72041.16,,,,
PRODUCT_05041,COMP_1198,2026-09-01 00:00:00,-12.1,,,,
PRODUCT_07790,COMP_1198,2026-09-01 00:00:00,0,,,,
PRODUCT_07986,COMP_1198,2026-09-01 00:00:00,47.38,,,,
PRODUCT_03764,COMP_1199,2026-09-01 00:00:00,1259.59,,,,
PRODUCT_00738,COMP_1200,2026-09-01 00:00:00,2130.44,,,2130.44,2130.44
PRODUCT_04100,COMP_1200,2026-09-01 00:00:00,42159.17,,,,
PRODUCT_05944,COMP_1201,2026-09-01 00:00:00,4096604.58,,,,
PRODUCT_06572,COMP_1201,2026-09-01 00:00:00,44842.5,,,,
PRODUCT_08108,COMP_1201,2026-09-01 00:00:00,86460.18,,,,
PRODUCT_03622,COMP_1202,2026-09-01 00:00:00,0,,,,
PRODUCT_05122,COMP_1202,2026-09-01 00:00:00,0,,,,
PRODUCT_05127,COMP_1202,2026-09-01 00:00:00,0,,,,
PRODUCT_05134,COMP_1202,2026-09-01 00:00:00,1000,,,,
PRODUCT_05153,COMP_1202,2026-09-01 00:00:00,223.52,,,,
PRODUCT_00874,COMP_1203,2026-09-01 00:00:00,75387.63,,,,
PRODUCT_01333,COMP_1203,2026-09-01 00:00:00,116995.02,,,,
PRODUCT_01984,COMP_1203,2026-09-01 00:00:00,-23439448.15,,,0,-23439448.15
PRODUCT_02633,COMP_1203,2026-09-01 00:00:00,18768040.2,,,,
PRODUCT_03394,COMP_1203,2026-09-01 00:00:00,43034.55,,,,
PRODUCT_04778,COMP_1203,2026-09-01 00:00:00,802.49,,,,
PRODUCT_04916,COMP_1203,2026-09-01 00:00:00,0,,,,
PRODUCT_06695,COMP_1203,2026-09-01 00:00:00,0,,,,
PRODUCT_00325,COMP_1204,2026-09-01 00:00:00,479510.83,,,,
PRODUCT_05514,COMP_1204,2026-09-01 00:00:00,37204.23,,-200000,237204.23,37204.23
PRODUCT_06012,COMP_1204,2026-09-01 00:00:00,405584.65,,-150000,555584.65,405584.65
PRODUCT_06243,COMP_1204,2026-09-01 00:00:00,121881.72,,,,
PRODUCT_06813,COMP_1204,2026-09-01 00:00:00,1492286.05,,,,
PRODUCT_07015,COMP_1204,2026-09-01 00:00:00,-19024.82,,-24947.85,,
PRODUCT_03899,COMP_1205,2026-09-01 00:00:00,19330.41,,,,
PRODUCT_01748,COMP_1206,2026-09-01 00:00:00,2299.67,,,,
PRODUCT_04320,COMP_1206,2026-09-01 00:00:00,87633.71,,,,
PRODUCT_07224,COMP_1206,2026-09-01 00:00:00,264467.58,,,,
PRODUCT_02684,COMP_1207,2026-09-01 00:00:00,0,,,,
PRODUCT_05826,COMP_1207,2026-09-01 00:00:00,0,,,,
PRODUCT_00397,COMP_1208,2026-09-01 00:00:00,30478.39,,,,
PRODUCT_00489,COMP_1208,2026-09-01 00:00:00,-31506.76,,-28995.84,-2510.92,
PRODUCT_00571,COMP_1208,2026-09-01 00:00:00,339.57,,,,
PRODUCT_00729,COMP_1208,2026-09-01 00:00:00,0,,,,
PRODUCT_01268,COMP_1208,2026-09-01 00:00:00,-29679.72,,-30000,320.28,
PRODUCT_01534,COMP_1208,2026-09-01 00:00:00,1268.57,,,1268.57,1268.57
PRODUCT_02630,COMP_1208,2026-09-01 00:00:00,1008.52,,,,
PRODUCT_02847,COMP_1208,2026-09-01 00:00:00,-7656.88,,-50000,42343.12,
PRODUCT_06592,COMP_1208,2026-09-01 00:00:00,0,,,,
PRODUCT_06920,COMP_1208,2026-09-01 00:00:00,0,,-100000,100000,
PRODUCT_02182,COMP_1209,2026-09-01 00:00:00,4799.04,,,,
PRODUCT_03812,COMP_1209,2026-09-01 00:00:00,8593.51,,,,
PRODUCT_04158,COMP_1209,2026-09-01 00:00:00,2352.23,,,,
PRODUCT_07613,COMP_1209,2026-09-01 00:00:00,1381.51,,,,
PRODUCT_03338,COMP_1210,2026-09-01 00:00:00,118403.86,,,,
PRODUCT_05226,COMP_1210,2026-09-01 00:00:00,100,,,,
PRODUCT_01306,COMP_1211,2026-09-01 00:00:00,32618.48,,,,
PRODUCT_05044,COMP_1211,2026-09-01 00:00:00,1230.79,,,,
PRODUCT_06338,COMP_1211,2026-09-01 00:00:00,18028.26,,,,
PRODUCT_02920,COMP_1212,2026-09-01 00:00:00,53.87,,,,
PRODUCT_03145,COMP_1212,2026-09-01 00:00:00,0,,,,
PRODUCT_03578,COMP_1212,2026-09-01 00:00:00,1103.59,,,,
PRODUCT_03901,COMP_1212,2026-09-01 00:00:00,2076.12,,,,
PRODUCT_07976,COMP_1212,2026-09-01 00:00:00,132.22,,,,
PRODUCT_00011,COMP_1213,2026-09-01 00:00:00,0,,,,
PRODUCT_00042,COMP_1213,2026-09-01 00:00:00,0,,,,
PRODUCT_01833,COMP_1213,2026-09-01 00:00:00,0,,,,
PRODUCT_05163,COMP_1213,2026-09-01 00:00:00,0,,,,
PRODUCT_05293,COMP_1213,2026-09-01 00:00:00,0,,,,
PRODUCT_01625,COMP_1214,2026-09-01 00:00:00,4728.25,,,,
PRODUCT_06203,COMP_1214,2026-09-01 00:00:00,0,,,,
PRODUCT_00030,COMP_1215,2026-09-01 00:00:00,322237.23,,,,
PRODUCT_00681,COMP_1215,2026-09-01 00:00:00,0,,-2500,2500,
PRODUCT_00868,COMP_1215,2026-09-01 00:00:00,0,,,,
PRODUCT_01171,COMP_1215,2026-09-01 00:00:00,0,,-2500,2500,
PRODUCT_01885,COMP_1215,2026-09-01 00:00:00,0,,,,
PRODUCT_04509,COMP_1215,2026-09-01 00:00:00,412048.87,,,,
PRODUCT_05047,COMP_1215,2026-09-01 00:00:00,0,,-2500,2500,
PRODUCT_05556,COMP_1215,2026-09-01 00:00:00,0,,-2000,2000,
PRODUCT_06040,COMP_1215,2026-09-01 00:00:00,0,,-3000,3000,
PRODUCT_06345,COMP_1215,2026-09-01 00:00:00,0,,,,
PRODUCT_06349,COMP_1215,2026-09-01 00:00:00,0,,-2500,2500,
PRODUCT_06588,COMP_1215,2026-09-01 00:00:00,626,,,,
PRODUCT_06714,COMP_1215,2026-09-01 00:00:00,0,,-2500,2500,
PRODUCT_07212,COMP_1215,2026-09-01 00:00:00,-13.34,,-3000,2986.66,
PRODUCT_07405,COMP_1215,2026-09-01 00:00:00,0,,-2500,2500,
PRODUCT_07791,COMP_1215,2026-09-01 00:00:00,-67.6,,-2500,2432.4,
PRODUCT_08042,COMP_1215,2026-09-01 00:00:00,0,,-2500,2500,
PRODUCT_00322,COMP_1216,2026-09-01 00:00:00,1112.44,,,,
PRODUCT_01049,COMP_1216,2026-09-01 00:00:00,12159.97,,,,
PRODUCT_01099,COMP_1216,2026-09-01 00:00:00,3825.08,,,,
PRODUCT_01551,COMP_1216,2026-09-01 00:00:00,20337183.68,,-21350000,41687183.68,
PRODUCT_01573,COMP_1216,2026-09-01 00:00:00,0,,,,
PRODUCT_01966,COMP_1216,2026-09-01 00:00:00,1252,,-100000,101252,
PRODUCT_02052,COMP_1216,2026-09-01 00:00:00,1342.58,,,,
PRODUCT_02746,COMP_1216,2026-09-01 00:00:00,3349.98,,,,
PRODUCT_03439,COMP_1216,2026-09-01 00:00:00,6.05,,,,
PRODUCT_04441,COMP_1216,2026-09-01 00:00:00,1846.23,,,,
PRODUCT_04971,COMP_1216,2026-09-01 00:00:00,3210.56,,,,
PRODUCT_05067,COMP_1216,2026-09-01 00:00:00,268535.66,,,,
PRODUCT_05314,COMP_1216,2026-09-01 00:00:00,-1366.13,,-5824.57,,
PRODUCT_05319,COMP_1216,2026-09-01 00:00:00,251.42,,,,
PRODUCT_05859,COMP_1216,2026-09-01 00:00:00,3339.27,,,,
PRODUCT_05861,COMP_1216,2026-09-01 00:00:00,198698.06,,,,
PRODUCT_06101,COMP_1216,2026-09-01 00:00:00,1291.08,,,,
PRODUCT_06514,COMP_1216,2026-09-01 00:00:00,0,,-2000,2000,
PRODUCT_06729,COMP_1216,2026-09-01 00:00:00,0,,,,
PRODUCT_07326,COMP_1216,2026-09-01 00:00:00,0,,,,
PRODUCT_07880,COMP_1216,2026-09-01 00:00:00,-120992.54,,-183499.61,,
PRODUCT_00260,COMP_1217,2026-09-01 00:00:00,4075.01,,,,
PRODUCT_06925,COMP_1218,2026-09-01 00:00:00,100741.9,,,,
PRODUCT_00298,COMP_1219,2026-09-01 00:00:00,0,,,,
PRODUCT_02507,COMP_1219,2026-09-01 00:00:00,14138.18,,,,
PRODUCT_04505,COMP_1219,2026-09-01 00:00:00,30401.76,,,,
PRODUCT_00041,COMP_1220,2026-09-01 00:00:00,79073.16,,,,
PRODUCT_01647,COMP_1221,2026-09-01 00:00:00,319882.95,,,319882.95,319882.95
PRODUCT_01672,COMP_1221,2026-09-01 00:00:00,203838.49,,,,
PRODUCT_03921,COMP_1221,2026-09-01 00:00:00,1964.18,,,1964.18,1964.18
PRODUCT_05005,COMP_1221,2026-09-01 00:00:00,3123456.1,,,,
PRODUCT_06205,COMP_1221,2026-09-01 00:00:00,2830587.51,,,2830587.51,2830587.51
PRODUCT_06469,COMP_1221,2026-09-01 00:00:00,251.13,,,,
PRODUCT_00612,COMP_1222,2026-09-01 00:00:00,0,,,,
PRODUCT_00775,COMP_1222,2026-09-01 00:00:00,0.01,,,,
PRODUCT_00863,COMP_1222,2026-09-01 00:00:00,0,,,,
PRODUCT_00870,COMP_1222,2026-09-01 00:00:00,0,,,,
PRODUCT_03697,COMP_1222,2026-09-01 00:00:00,24762.48,,,,
PRODUCT_04518,COMP_1222,2026-09-01 00:00:00,0,,,,
PRODUCT_04520,COMP_1222,2026-09-01 00:00:00,0,,,,
PRODUCT_05849,COMP_1222,2026-09-01 00:00:00,2016010.07,,,,
PRODUCT_06332,COMP_1222,2026-09-01 00:00:00,0,,,,
PRODUCT_07156,COMP_1222,2026-09-01 00:00:00,280836.33,,,,
PRODUCT_07838,COMP_1222,2026-09-01 00:00:00,2220.18,,,,
PRODUCT_00788,COMP_1223,2026-09-01 00:00:00,45514.18,,,,
PRODUCT_07859,COMP_1223,2026-09-01 00:00:00,23478.15,,,,
PRODUCT_03803,COMP_1224,2026-09-01 00:00:00,16119.27,,,,
PRODUCT_04786,COMP_1224,2026-09-01 00:00:00,526.61,,,,
PRODUCT_00902,COMP_1225,2026-09-01 00:00:00,36.77,,,,
PRODUCT_01129,COMP_1225,2026-09-01 00:00:00,647429.84,,,,
PRODUCT_01456,COMP_1225,2026-09-01 00:00:00,-19352401.48,,-34000000,,
PRODUCT_03125,COMP_1225,2026-09-01 00:00:00,0,,,,
PRODUCT_03665,COMP_1225,2026-09-01 00:00:00,-19786045.65,,-20000000,,
PRODUCT_03877,COMP_1225,2026-09-01 00:00:00,9764.84,,,,
PRODUCT_04110,COMP_1225,2026-09-01 00:00:00,-3957209.12,,-4999999.99,,
PRODUCT_04526,COMP_1225,2026-09-01 00:00:00,-4748650.94,,-5999999.99,,
PRODUCT_06071,COMP_1225,2026-09-01 00:00:00,0,,,,
PRODUCT_06659,COMP_1225,2026-09-01 00:00:00,0,,,,
PRODUCT_07465,COMP_1225,2026-09-01 00:00:00,0,,,,
PRODUCT_07865,COMP_1225,2026-09-01 00:00:00,-10874217.58,,-15000000.01,,
PRODUCT_05406,COMP_1226,2026-09-01 00:00:00,31983.73,,,,
PRODUCT_00533,COMP_1227,2026-09-01 00:00:00,562.63,,,,
PRODUCT_05816,COMP_1227,2026-09-01 00:00:00,177110.57,,,,
PRODUCT_06471,COMP_1228,2026-09-01 00:00:00,410320.67,,,,
PRODUCT_00039,COMP_1229,2026-09-01 00:00:00,5535.94,,,,
PRODUCT_02515,COMP_1229,2026-09-01 00:00:00,0,,,,
PRODUCT_05002,COMP_1229,2026-09-01 00:00:00,0,,,,
PRODUCT_07051,COMP_1229,2026-09-01 00:00:00,8014.95,,,,
PRODUCT_00795,COMP_1230,2026-09-01 00:00:00,0,,-75000,,
PRODUCT_01232,COMP_1230,2026-09-01 00:00:00,-75000,,,,
PRODUCT_02172,COMP_1230,2026-09-01 00:00:00,-190990.22,,-200000,,
PRODUCT_03072,COMP_1230,2026-09-01 00:00:00,0,,,,
PRODUCT_05546,COMP_1230,2026-09-01 00:00:00,0,,,,
PRODUCT_05701,COMP_1230,2026-09-01 00:00:00,-143189.69,,-150000,6810.31,
PRODUCT_06465,COMP_1230,2026-09-01 00:00:00,0,,,,
PRODUCT_07303,COMP_1230,2026-09-01 00:00:00,2157.84,,-75000,77157.84,64122.72
PRODUCT_07395,COMP_1230,2026-09-01 00:00:00,0,,,,
PRODUCT_07716,COMP_1230,2026-09-01 00:00:00,6297.86,,,,
PRODUCT_00378,COMP_1231,2026-09-01 00:00:00,1652.16,,,,
PRODUCT_04278,COMP_1231,2026-09-01 00:00:00,2485780.46,,,,
PRODUCT_06445,COMP_1231,2026-09-01 00:00:00,27617.37,,,,
PRODUCT_00052,COMP_1232,2026-09-01 00:00:00,0,,,,
PRODUCT_01250,COMP_1232,2026-09-01 00:00:00,-6,,-1,-5,
PRODUCT_07854,COMP_1232,2026-09-01 00:00:00,47892.75,,,,
PRODUCT_00265,COMP_1233,2026-09-01 00:00:00,2663.14,,,2663.14,2663.14
PRODUCT_00536,COMP_1233,2026-09-01 00:00:00,0,,,0,0
PRODUCT_01036,COMP_1233,2026-09-01 00:00:00,1090,,,1090,
PRODUCT_01399,COMP_1233,2026-09-01 00:00:00,0,,-636800,,
PRODUCT_01755,COMP_1233,2026-09-01 00:00:00,516.46,,,516.46,516.46
PRODUCT_02032,COMP_1233,2026-09-01 00:00:00,-963558.48,,,,
PRODUCT_03396,COMP_1233,2026-09-01 00:00:00,584000,,,,
PRODUCT_05955,COMP_1233,2026-09-01 00:00:00,137467.43,,,,
PRODUCT_07553,COMP_1233,2026-09-01 00:00:00,5127.12,,,,
PRODUCT_07999,COMP_1233,2026-09-01 00:00:00,488608.8,,,,
PRODUCT_01335,COMP_1234,2026-09-01 00:00:00,17180.06,,,,
PRODUCT_03963,COMP_1234,2026-09-01 00:00:00,16882.51,,,,
PRODUCT_08121,COMP_1234,2026-09-01 00:00:00,0,,-5000,5000,
PRODUCT_08149,COMP_1234,2026-09-01 00:00:00,0,,-4000,4000,
PRODUCT_00804,COMP_1235,2026-09-01 00:00:00,5461.95,,,,
PRODUCT_01022,COMP_1236,2026-09-01 00:00:00,54.37,,,,
PRODUCT_01227,COMP_1236,2026-09-01 00:00:00,51.78,,,,
PRODUCT_05524,COMP_1236,2026-09-01 00:00:00,259.47,,,,
PRODUCT_06842,COMP_1236,2026-09-01 00:00:00,1111.82,,,,
PRODUCT_00982,COMP_1237,2026-09-01 00:00:00,0,,,,
PRODUCT_04824,COMP_1237,2026-09-01 00:00:00,1.96,,,,
PRODUCT_06299,COMP_1237,2026-09-01 00:00:00,1515669.61,,,,
PRODUCT_07571,COMP_1237,2026-09-01 00:00:00,1267628.49,,,,
PRODUCT_06655,COMP_1238,2026-09-01 00:00:00,7621.58,,,,
PRODUCT_05174,COMP_1239,2026-09-01 00:00:00,81129.71,,,,
PRODUCT_08207,COMP_1240,2026-09-01 00:00:00,80747.05,,,,
PRODUCT_06016,COMP_1241,2026-09-01 00:00:00,80948.61,,,,
PRODUCT_03398,COMP_1242,2026-09-01 00:00:00,364738.76,,,,
PRODUCT_04012,COMP_1242,2026-09-01 00:00:00,38272.19,,,,
PRODUCT_00244,COMP_1243,2026-09-01 00:00:00,24821.71,,,,
PRODUCT_02370,COMP_1243,2026-09-01 00:00:00,-1185.65,,-4200,3014.35,3911.79
PRODUCT_02603,COMP_1243,2026-09-01 00:00:00,-192297.44,,-205364.94,,
PRODUCT_05302,COMP_1243,2026-09-01 00:00:00,24795.14,,,,
PRODUCT_05763,COMP_1243,2026-09-01 00:00:00,-453.64,,-1200,746.36,403.92
PRODUCT_06649,COMP_1243,2026-09-01 00:00:00,2911.42,,,,
PRODUCT_02546,COMP_1244,2026-09-01 00:00:00,23956217.11,,,,
PRODUCT_03040,COMP_1245,2026-09-01 00:00:00,466087.46,,,,
PRODUCT_03113,COMP_1245,2026-09-01 00:00:00,31602.51,,-31602.51,63205.02,
PRODUCT_04628,COMP_1245,2026-09-01 00:00:00,71842.75,,-71842.75,143685.5,
PRODUCT_00249,COMP_1246,2026-09-01 00:00:00,81004.63,,,,
PRODUCT_00625,COMP_1246,2026-09-01 00:00:00,50922.95,,,,
PRODUCT_02047,COMP_1246,2026-09-01 00:00:00,1123.69,,,,
PRODUCT_06862,COMP_1246,2026-09-01 00:00:00,35.97,,,,
PRODUCT_07745,COMP_1246,2026-09-01 00:00:00,23045.3,,,23045.3,23045.3
PRODUCT_07748,COMP_1246,2026-09-01 00:00:00,6384.86,,,,
PRODUCT_01865,COMP_1247,2026-09-01 00:00:00,34944.85,,,,
PRODUCT_03246,COMP_1247,2026-09-01 00:00:00,65442.57,,,,
PRODUCT_05545,COMP_1247,2026-09-01 00:00:00,0,,,,
PRODUCT_07137,COMP_1247,2026-09-01 00:00:00,0.56,,,,
PRODUCT_08081,COMP_1247,2026-09-01 00:00:00,0.03,,,,
PRODUCT_01724,COMP_1248,2026-09-01 00:00:00,4506.62,,,,
PRODUCT_03424,COMP_1248,2026-09-01 00:00:00,179.05,,,,
PRODUCT_03533,COMP_1248,2026-09-01 00:00:00,3022.05,,,,
PRODUCT_04742,COMP_1248,2026-09-01 00:00:00,40504.63,,,,
PRODUCT_05016,COMP_1248,2026-09-01 00:00:00,38374.36,,,,
PRODUCT_07881,COMP_1248,2026-09-01 00:00:00,93030.21,,,,
PRODUCT_08139,COMP_1248,2026-09-01 00:00:00,841.1,,,,
PRODUCT_00056,COMP_1249,2026-09-01 00:00:00,804.41,,,,
PRODUCT_00328,COMP_1249,2026-09-01 00:00:00,-104869.41,,-200000,95130.59,-104869.41
PRODUCT_00760,COMP_1249,2026-09-01 00:00:00,4733.82,,,,
PRODUCT_01553,COMP_1249,2026-09-01 00:00:00,0,,,,
PRODUCT_01934,COMP_1249,2026-09-01 00:00:00,0,,,,
PRODUCT_02874,COMP_1249,2026-09-01 00:00:00,0,,,,
PRODUCT_03115,COMP_1249,2026-09-01 00:00:00,-32160.24,,-53258.4,,
PRODUCT_03182,COMP_1249,2026-09-01 00:00:00,-8456.38,,-13727.2,,
PRODUCT_03233,COMP_1249,2026-09-01 00:00:00,0,,,,
PRODUCT_03234,COMP_1249,2026-09-01 00:00:00,-1656.68,,-19000,17343.32,
PRODUCT_03633,COMP_1249,2026-09-01 00:00:00,32468.73,,,,
PRODUCT_04097,COMP_1249,2026-09-01 00:00:00,-407057.08,,-437569.62,,
PRODUCT_04276,COMP_1249,2026-09-01 00:00:00,-29183.94,,-44838.99,,
PRODUCT_06236,COMP_1249,2026-09-01 00:00:00,-347312.75,,-389670.49,,
PRODUCT_06519,COMP_1249,2026-09-01 00:00:00,11215.23,,,,
PRODUCT_06971,COMP_1249,2026-09-01 00:00:00,-203.15,,-200000,199796.85,-203.15
PRODUCT_07909,COMP_1249,2026-09-01 00:00:00,36.26,,,,
PRODUCT_08127,COMP_1249,2026-09-01 00:00:00,27.18,,,,
PRODUCT_02834,COMP_1250,2026-09-01 00:00:00,0,,-3000,3000,
PRODUCT_03258,COMP_1250,2026-09-01 00:00:00,575.54,,,,
PRODUCT_05480,COMP_1250,2026-09-01 00:00:00,68205.64,,,,
PRODUCT_06921,COMP_1250,2026-09-01 00:00:00,0,,,,
PRODUCT_00885,COMP_1251,2026-09-01 00:00:00,17992.37,,,,
PRODUCT_03366,COMP_1251,2026-09-01 00:00:00,7316.59,,,,
PRODUCT_00523,COMP_1252,2026-09-01 00:00:00,0,,,,
PRODUCT_01605,COMP_1252,2026-09-01 00:00:00,425.03,,,,
PRODUCT_02158,COMP_1252,2026-09-01 00:00:00,0,,,,
PRODUCT_02206,COMP_1252,2026-09-01 00:00:00,512.6,,,,
PRODUCT_02589,COMP_1252,2026-09-01 00:00:00,1648.56,,,,
PRODUCT_04668,COMP_1252,2026-09-01 00:00:00,0,,,,
PRODUCT_05116,COMP_1252,2026-09-01 00:00:00,1,,,1,1
PRODUCT_06593,COMP_1252,2026-09-01 00:00:00,0,,,,
PRODUCT_07101,COMP_1252,2026-09-01 00:00:00,2184485.77,,,,
PRODUCT_07575,COMP_1252,2026-09-01 00:00:00,81245.71,,,,
PRODUCT_08025,COMP_1252,2026-09-01 00:00:00,0,,,,
PRODUCT_03159,COMP_1253,2026-09-01 00:00:00,72618.16,,,,
PRODUCT_04226,COMP_1254,2026-09-01 00:00:00,1543.64,,,,
PRODUCT_08285,COMP_1254,2026-08-25 00:00:00,0,,,,
PRODUCT_05495,COMP_1254,2026-09-01 00:00:00,0,,,,
PRODUCT_06500,COMP_1254,2026-09-01 00:00:00,23044.74,,,,
PRODUCT_01286,COMP_1255,2026-09-01 00:00:00,0,,,0,
PRODUCT_01466,COMP_1255,2026-09-01 00:00:00,0,,,0,0
PRODUCT_02268,COMP_1255,2026-09-01 00:00:00,0,,,0,
PRODUCT_05267,COMP_1255,2026-09-01 00:00:00,0,,,0,
PRODUCT_05208,COMP_1256,2026-09-01 00:00:00,266485.24,,,,
PRODUCT_05987,COMP_1256,2026-09-01 00:00:00,31956.25,,,,
PRODUCT_01509,COMP_1257,2026-09-01 00:00:00,1.5,,,,
PRODUCT_05756,COMP_1257,2026-09-01 00:00:00,172427.15,,,,
PRODUCT_07653,COMP_1257,2026-09-01 00:00:00,90245.03,,,,
PRODUCT_07934,COMP_1257,2026-09-01 00:00:00,0,,-1500,1500,
PRODUCT_04236,COMP_1258,2026-09-01 00:00:00,0,,,,
PRODUCT_06494,COMP_1258,2026-09-01 00:00:00,5677.85,,,5677.85,7760.45
PRODUCT_02795,COMP_1259,2026-09-01 00:00:00,3186.84,,,,
PRODUCT_00062,COMP_1260,2026-09-01 00:00:00,24291.67,,,,
PRODUCT_01809,COMP_1260,2026-09-01 00:00:00,7823.6,,,,
PRODUCT_02680,COMP_1260,2026-09-01 00:00:00,59813.9,,,,
PRODUCT_03552,COMP_1260,2026-09-01 00:00:00,27570.38,,,,
PRODUCT_04673,COMP_1260,2026-09-01 00:00:00,28070.17,,,,
PRODUCT_06583,COMP_1260,2026-09-01 00:00:00,0,,,,
PRODUCT_07193,COMP_1260,2026-09-01 00:00:00,14140.27,,,,
PRODUCT_01928,COMP_1261,2026-09-01 00:00:00,-562472.86,,-572717.55,,
PRODUCT_04185,COMP_1261,2026-09-01 00:00:00,-923231.76,,-1000000,,
PRODUCT_05512,COMP_1261,2026-09-01 00:00:00,5762.75,,,,
PRODUCT_06360,COMP_1261,2026-09-01 00:00:00,11075.4,,,,
PRODUCT_06721,COMP_1261,2026-09-01 00:00:00,12861.76,,,,
PRODUCT_00517,COMP_1262,2026-09-01 00:00:00,7685.1,,,,
PRODUCT_00520,COMP_1262,2026-09-01 00:00:00,21203.85,,,,
PRODUCT_01185,COMP_1262,2026-09-01 00:00:00,5385.73,,,5385.73,5385.73
PRODUCT_01238,COMP_1262,2026-09-01 00:00:00,0,,,,
PRODUCT_01589,COMP_1262,2026-09-01 00:00:00,87.99,,,,
PRODUCT_06709,COMP_1262,2026-09-01 00:00:00,-1095728.13,,-1126169.18,,
PRODUCT_07005,COMP_1262,2026-09-01 00:00:00,29586.06,,,,
PRODUCT_07714,COMP_1262,2026-09-01 00:00:00,9750.53,,,,
PRODUCT_08029,COMP_1262,2026-09-01 00:00:00,0,,,,
PRODUCT_01510,COMP_1263,2026-09-01 00:00:00,9915.25,,,,
PRODUCT_06007,COMP_1263,2026-09-01 00:00:00,58832.59,,,,
PRODUCT_06475,COMP_1263,2026-09-01 00:00:00,32034.51,,,,
PRODUCT_08058,COMP_1263,2026-09-01 00:00:00,-300000,,-300000,0,
PRODUCT_00235,COMP_1264,2026-09-01 00:00:00,190.64,,,,
PRODUCT_01785,COMP_1264,2026-09-01 00:00:00,8118.28,,,,
PRODUCT_05091,COMP_1264,2026-09-01 00:00:00,16298.1,,,16298.1,
PRODUCT_01362,COMP_1265,2026-09-01 00:00:00,0,,,,
PRODUCT_01117,COMP_1266,2026-09-01 00:00:00,623252.78,,,,
PRODUCT_02656,COMP_1266,2026-09-01 00:00:00,15247.86,,,,
PRODUCT_00081,COMP_1267,2026-09-01 00:00:00,0,,-24999.99,,
PRODUCT_00101,COMP_1267,2026-09-01 00:00:00,-262058.41,,-2500000,2237941.59,
PRODUCT_00935,COMP_1267,2026-09-01 00:00:00,6365.16,,,,
PRODUCT_00958,COMP_1267,2026-09-01 00:00:00,0,,-20700,,
PRODUCT_01093,COMP_1267,2026-09-01 00:00:00,-18666.67,,-28000,,
PRODUCT_01585,COMP_1267,2026-09-01 00:00:00,683.22,,,,
PRODUCT_02114,COMP_1267,2026-09-01 00:00:00,5632.31,,,,
PRODUCT_02251,COMP_1267,2026-09-01 00:00:00,-33600,,-84000,,
PRODUCT_02405,COMP_1267,2026-09-01 00:00:00,-31021.56,,-46500,,
PRODUCT_03038,COMP_1267,2026-09-01 00:00:00,-8669.42,,,,
PRODUCT_03814,COMP_1267,2026-09-01 00:00:00,-16373.22,,-23824.56,,
PRODUCT_04005,COMP_1267,2026-09-01 00:00:00,-34036.71,,-35720.1,,
PRODUCT_04553,COMP_1267,2026-09-01 00:00:00,3510.21,,,,
PRODUCT_04560,COMP_1267,2026-09-01 00:00:00,0,,-24300,,
PRODUCT_04586,COMP_1267,2026-09-01 00:00:00,0,,-20000,,
PRODUCT_04760,COMP_1267,2026-09-01 00:00:00,1000,,,,
PRODUCT_04819,COMP_1267,2026-09-01 00:00:00,-45000,,,,
PRODUCT_04991,COMP_1267,2026-09-01 00:00:00,-54335.39,,-57022.71,,
PRODUCT_05857,COMP_1267,2026-09-01 00:00:00,-9203.73,,-9658.93,,
PRODUCT_06204,COMP_1267,2026-09-01 00:00:00,0,,-45000,,
PRODUCT_06493,COMP_1267,2026-09-01 00:00:00,-123506.47,,-150000,26493.53,-123506.47
PRODUCT_07085,COMP_1267,2026-09-01 00:00:00,71581.29,,,,
PRODUCT_07091,COMP_1267,2026-09-01 00:00:00,0,,-20000,,
PRODUCT_07402,COMP_1267,2026-09-01 00:00:00,-43921.9,,-46094.19,,
PRODUCT_07484,COMP_1267,2026-09-01 00:00:00,-71539.37,,-205000,133460.63,
PRODUCT_07656,COMP_1267,2026-09-01 00:00:00,-21485.12,,-150000,128514.88,
PRODUCT_07940,COMP_1267,2026-09-01 00:00:00,0,,-62400,,
PRODUCT_08110,COMP_1267,2026-09-01 00:00:00,0,,-244904.76,,
PRODUCT_00932,COMP_1268,2026-09-01 00:00:00,12397.4,,,,
PRODUCT_01218,COMP_1268,2026-09-01 00:00:00,-89164.1,,-600000,510835.9,
PRODUCT_01316,COMP_1268,2026-09-01 00:00:00,6641.03,,,,
PRODUCT_01543,COMP_1268,2026-09-01 00:00:00,54457.86,,,,
PRODUCT_02917,COMP_1268,2026-09-01 00:00:00,-303670.67,,-700000,,
PRODUCT_03676,COMP_1268,2026-09-01 00:00:00,1474862.96,,,,
PRODUCT_03726,COMP_1268,2026-09-01 00:00:00,-121989.53,,-121989.53,0,
PRODUCT_04031,COMP_1268,2026-09-01 00:00:00,686363.67,,,,
PRODUCT_04397,COMP_1268,2026-09-01 00:00:00,47614.86,,,,
PRODUCT_06083,COMP_1268,2026-09-01 00:00:00,41177.78,,,,
PRODUCT_07046,COMP_1268,2026-09-01 00:00:00,-261721.16,,-500000,,
PRODUCT_07128,COMP_1268,2026-09-01 00:00:00,26962.13,,,,
PRODUCT_08035,COMP_1268,2026-09-01 00:00:00,852791.44,,,852791.44,873106.38
PRODUCT_00111,COMP_1269,2026-09-01 00:00:00,-117.02,,-1500,1382.98,
PRODUCT_01147,COMP_1269,2026-09-01 00:00:00,0,,-1500,1500,
PRODUCT_01794,COMP_1269,2026-09-01 00:00:00,-100000,,-310000,210000,
PRODUCT_02704,COMP_1269,2026-09-01 00:00:00,1211.58,,,1211.58,
PRODUCT_04611,COMP_1269,2026-09-01 00:00:00,0,,-20000,20000,
PRODUCT_06147,COMP_1269,2026-09-01 00:00:00,66968.96,,,,
PRODUCT_07757,COMP_1269,2026-09-01 00:00:00,0,,-205000,205000,
PRODUCT_00928,COMP_1270,2026-09-01 00:00:00,12098.78,,,,
PRODUCT_00583,COMP_1271,2026-09-01 00:00:00,0,,,,
PRODUCT_01002,COMP_1271,2026-09-01 00:00:00,0,,,,
PRODUCT_01120,COMP_1271,2026-09-01 00:00:00,-31146.69,,-41865.06,,
PRODUCT_01310,COMP_1271,2026-09-01 00:00:00,0,,,,
PRODUCT_05554,COMP_1271,2026-09-01 00:00:00,10255.58,,,,
PRODUCT_06897,COMP_1271,2026-09-01 00:00:00,0,,-204031.81,,
PRODUCT_00597,COMP_1272,2026-09-01 00:00:00,52210.06,,,,
PRODUCT_00667,COMP_1272,2026-09-01 00:00:00,-8867.1,,-30818.7,,
PRODUCT_00985,COMP_1272,2026-09-01 00:00:00,-4564.12,,-8000,3435.88,
PRODUCT_01233,COMP_1272,2026-09-01 00:00:00,622042.12,,,,
PRODUCT_01303,COMP_1272,2026-09-01 00:00:00,-630000,,-720000,,
PRODUCT_01473,COMP_1272,2026-09-01 00:00:00,551176.9,,,,
PRODUCT_01711,COMP_1272,2026-09-01 00:00:00,-579986,,-662846,,
PRODUCT_01892,COMP_1272,2026-09-01 00:00:00,1393.39,,,,
PRODUCT_01944,COMP_1272,2026-09-01 00:00:00,0,,-17394.68,,
PRODUCT_02296,COMP_1272,2026-09-01 00:00:00,-18000,,-200000,182000,0
PRODUCT_02913,COMP_1272,2026-09-01 00:00:00,2566.11,,,2566.11,
PRODUCT_03110,COMP_1272,2026-09-01 00:00:00,6970.86,,,,
PRODUCT_03134,COMP_1272,2026-09-01 00:00:00,94460.46,,,,
PRODUCT_03261,COMP_1272,2026-09-01 00:00:00,0,,-1678.16,,
PRODUCT_03543,COMP_1272,2026-09-01 00:00:00,0,,-21659.18,,
PRODUCT_03693,COMP_1272,2026-09-01 00:00:00,-145118.44,,-225000,79881.56,-145118.44
PRODUCT_03767,COMP_1272,2026-09-01 00:00:00,0,,-30121.07,,
PRODUCT_04022,COMP_1272,2026-09-01 00:00:00,5714.8,,,,
PRODUCT_04432,COMP_1272,2026-09-01 00:00:00,-386657,,-441897,,
PRODUCT_04620,COMP_1272,2026-09-01 00:00:00,9752.41,,,,
PRODUCT_04820,COMP_1272,2026-09-01 00:00:00,-924348.76,,-2000000,,
PRODUCT_04984,COMP_1272,2026-09-01 00:00:00,-4938.92,,-17868.83,,
PRODUCT_05062,COMP_1272,2026-09-01 00:00:00,87788.61,,,,
PRODUCT_05438,COMP_1272,2026-09-01 00:00:00,1094551.2,,,,
PRODUCT_05485,COMP_1272,2026-09-01 00:00:00,-903894,,-979219,,
PRODUCT_05818,COMP_1272,2026-09-01 00:00:00,-83660.54,,-200000,116339.46,60174.29
PRODUCT_05958,COMP_1272,2026-09-01 00:00:00,210627.22,,,,
PRODUCT_06201,COMP_1272,2026-09-01 00:00:00,11002.88,,,,
PRODUCT_06244,COMP_1272,2026-09-01 00:00:00,-473882.98,,-500000,,
PRODUCT_06418,COMP_1272,2026-09-01 00:00:00,4572.53,,,,
PRODUCT_06667,COMP_1272,2026-09-01 00:00:00,409496.83,,,409496.83,
PRODUCT_06740,COMP_1272,2026-09-01 00:00:00,-75233.28,,-150000,74766.72,-75233.28
PRODUCT_06969,COMP_1272,2026-09-01 00:00:00,-439531.15,,-481653.81,,
PRODUCT_07233,COMP_1272,2026-09-01 00:00:00,0,,-6774.34,,
PRODUCT_07391,COMP_1272,2026-09-01 00:00:00,7862.95,,,,
PRODUCT_08061,COMP_1272,2026-09-01 00:00:00,283608.56,,,,
PRODUCT_08083,COMP_1272,2026-09-01 00:00:00,-945000,,-1080000,,
PRODUCT_08124,COMP_1272,2026-09-01 00:00:00,0,,-8000,8000,
PRODUCT_08178,COMP_1272,2026-09-01 00:00:00,-150000,,-750000,600000,
PRODUCT_01098,COMP_1273,2026-09-01 00:00:00,0,,,,
PRODUCT_02354,COMP_1273,2026-09-01 00:00:00,0,,,,
PRODUCT_02618,COMP_1273,2026-09-01 00:00:00,0,,,,
PRODUCT_06600,COMP_1274,2026-09-01 00:00:00,5395.07,,,,
PRODUCT_02968,COMP_1275,2026-09-01 00:00:00,17783.21,,,17783.21,18633.21
PRODUCT_03710,COMP_1275,2026-09-01 00:00:00,0,,-127837.39,,
PRODUCT_04721,COMP_1275,2026-09-01 00:00:00,-5539.62,,-402554.63,,
PRODUCT_05224,COMP_1275,2026-09-01 00:00:00,2.93,,,,
PRODUCT_05770,COMP_1275,2026-09-01 00:00:00,-516987.37,,-1100000,,
PRODUCT_00771,COMP_1276,2026-09-01 00:00:00,9844.5,,,,
PRODUCT_05529,COMP_1276,2026-09-01 00:00:00,6011.1,,,,
PRODUCT_08060,COMP_1276,2026-09-01 00:00:00,36054.35,,,,
PRODUCT_05296,COMP_1277,2026-09-01 00:00:00,146534.77,,,,
PRODUCT_08156,COMP_1277,2026-09-01 00:00:00,92251.43,,,,
PRODUCT_03477,COMP_1278,2026-09-01 00:00:00,167734.09,,,,
PRODUCT_00097,COMP_1279,2026-09-01 00:00:00,-197755.24,,,,
PRODUCT_00288,COMP_1279,2026-09-01 00:00:00,-483.04,,-1200,716.96,621.13
PRODUCT_00301,COMP_1279,2026-09-01 00:00:00,0,,-10778.01,,
PRODUCT_00371,COMP_1279,2026-09-01 00:00:00,223.52,,,,
PRODUCT_00421,COMP_1279,2026-09-01 00:00:00,0,,-5000,5000,
PRODUCT_00896,COMP_1279,2026-09-01 00:00:00,1047.35,,,1047.35,
PRODUCT_00947,COMP_1279,2026-09-01 00:00:00,0,,-168709.14,,
PRODUCT_01386,COMP_1279,2026-09-01 00:00:00,49.64,,,,
PRODUCT_01664,COMP_1279,2026-09-01 00:00:00,255.95,,,,
PRODUCT_03337,COMP_1279,2026-09-01 00:00:00,0,,-135639.09,,
PRODUCT_04082,COMP_1279,2026-09-01 00:00:00,-99953.19,,-156038.95,,
PRODUCT_04104,COMP_1279,2026-09-01 00:00:00,75.4,,,,
PRODUCT_04109,COMP_1279,2026-09-01 00:00:00,220.62,,,,
PRODUCT_05074,COMP_1279,2026-09-01 00:00:00,223.52,,,,
PRODUCT_05201,COMP_1279,2026-09-01 00:00:00,-187780.29,,-320500,,
PRODUCT_05388,COMP_1279,2026-09-01 00:00:00,0,,-180000,,
PRODUCT_05573,COMP_1279,2026-09-01 00:00:00,0,,-219513.38,,
PRODUCT_05740,COMP_1279,2026-09-01 00:00:00,2281.45,,,,
PRODUCT_06723,COMP_1279,2026-09-01 00:00:00,0,,-186372.32,186372.32,0
PRODUCT_06827,COMP_1279,2026-09-01 00:00:00,717.61,,,,
PRODUCT_07134,COMP_1279,2026-09-01 00:00:00,0,,-122925,,
PRODUCT_07158,COMP_1279,2026-09-01 00:00:00,223.52,,-6000,6223.52,223.52
PRODUCT_07181,COMP_1279,2026-09-01 00:00:00,-1092.54,,-2000,907.46,907.46
PRODUCT_07341,COMP_1279,2026-09-01 00:00:00,-244306.36,,-465000,,
PRODUCT_01782,COMP_1280,2026-09-01 00:00:00,6092.64,,,,
PRODUCT_02390,COMP_1280,2026-09-01 00:00:00,21829.91,,,,
PRODUCT_05869,COMP_1280,2026-09-01 00:00:00,6759.14,,,,
PRODUCT_06480,COMP_1280,2026-09-01 00:00:00,21495.89,,,,
PRODUCT_07531,COMP_1280,2026-09-01 00:00:00,15511.58,,,,
PRODUCT_02112,COMP_1281,2026-09-01 00:00:00,0,,,,
PRODUCT_02329,COMP_1281,2026-09-01 00:00:00,323.49,,,,
PRODUCT_04459,COMP_1281,2026-09-01 00:00:00,71653,,,,
PRODUCT_07513,COMP_1281,2026-09-01 00:00:00,3424.69,,,,
PRODUCT_00088,COMP_1282,2026-09-01 00:00:00,-3131.22,,-25000,21868.78,
PRODUCT_00245,COMP_1282,2026-09-01 00:00:00,0,,-6000,6000,
PRODUCT_00487,COMP_1282,2026-09-01 00:00:00,-490392.23,,-662460.23,,
PRODUCT_01454,COMP_1282,2026-09-01 00:00:00,0,,,,
PRODUCT_01841,COMP_1282,2026-09-01 00:00:00,0,,,,
PRODUCT_02238,COMP_1282,2026-09-01 00:00:00,0,,,,
PRODUCT_02757,COMP_1282,2026-09-01 00:00:00,0,,,,
PRODUCT_03288,COMP_1282,2026-09-01 00:00:00,0,,-765003.15,,
PRODUCT_03469,COMP_1282,2026-09-01 00:00:00,329985.28,,,,
PRODUCT_03642,COMP_1282,2026-09-01 00:00:00,0,,,,
PRODUCT_03670,COMP_1282,2026-09-01 00:00:00,47.44,,,,
PRODUCT_03866,COMP_1282,2026-09-01 00:00:00,0,,-300000,300000,0
PRODUCT_04813,COMP_1282,2026-09-01 00:00:00,0,,,,
PRODUCT_05719,COMP_1282,2026-09-01 00:00:00,0,,-415000,415000,0
PRODUCT_05916,COMP_1282,2026-09-01 00:00:00,124520.85,,,,
PRODUCT_06191,COMP_1282,2026-09-01 00:00:00,9460.13,,,,
PRODUCT_06431,COMP_1282,2026-09-01 00:00:00,388.28,,,,
PRODUCT_06711,COMP_1282,2026-09-01 00:00:00,329840.08,,,329840.08,
PRODUCT_07433,COMP_1282,2026-09-01 00:00:00,0,,,,
PRODUCT_07619,COMP_1282,2026-09-01 00:00:00,0,,-100000,,
PRODUCT_07743,COMP_1282,2026-09-01 00:00:00,0,,,,
PRODUCT_08088,COMP_1282,2026-09-01 00:00:00,0,,,,
PRODUCT_00695,COMP_1283,2026-09-01 00:00:00,127165.18,,,,
PRODUCT_00393,COMP_1284,2026-09-01 00:00:00,32824.49,,,,
PRODUCT_01350,COMP_1284,2026-09-01 00:00:00,-671453.03,,-694692.41,,
PRODUCT_01576,COMP_1284,2026-09-01 00:00:00,-85989.08,,-88571.94,,
PRODUCT_01767,COMP_1284,2026-09-01 00:00:00,-3981.82,,-4101.44,,
PRODUCT_01963,COMP_1284,2026-09-01 00:00:00,-3725.32,,-3837.19,,
PRODUCT_02103,COMP_1284,2026-09-01 00:00:00,-62603.81,,-64935.19,,
PRODUCT_02217,COMP_1284,2026-09-01 00:00:00,-160207.09,,-165019.25,,
PRODUCT_03673,COMP_1284,2026-09-01 00:00:00,-85989.08,,-88571.94,,
PRODUCT_03739,COMP_1284,2026-09-01 00:00:00,0,,-8014.81,,
PRODUCT_04102,COMP_1284,2026-09-01 00:00:00,-51261.29,,-53170.3,,
PRODUCT_04458,COMP_1284,2026-09-01 00:00:00,-4770.79,,-4914.12,,
PRODUCT_04973,COMP_1284,2026-09-01 00:00:00,-5744.24,,-5947.77,,
PRODUCT_05382,COMP_1284,2026-09-01 00:00:00,-153232.97,,-157835.64,,
PRODUCT_06011,COMP_1284,2026-09-01 00:00:00,-4770.79,,-4914.12,,
PRODUCT_06623,COMP_1284,2026-09-01 00:00:00,-133764.83,,-138504.49,,
PRODUCT_07057,COMP_1284,2026-09-01 00:00:00,-57050.12,,-59174.67,,
PRODUCT_07144,COMP_1284,2026-09-01 00:00:00,-214083.24,,-226475.12,,
PRODUCT_07145,COMP_1284,2026-09-01 00:00:00,357.1,,,,
PRODUCT_07482,COMP_1284,2026-09-01 00:00:00,-5688.41,,-5859.27,,
PRODUCT_07715,COMP_1284,2026-09-01 00:00:00,-4770.79,,-4914.12,,
PRODUCT_07804,COMP_1284,2026-09-01 00:00:00,-93167.39,,-95965.87,,
PRODUCT_08096,COMP_1284,2026-09-01 00:00:00,474.59,,,,
PRODUCT_01452,COMP_1286,2026-09-01 00:00:00,0,,,,
PRODUCT_01569,COMP_1286,2026-09-01 00:00:00,-1943.83,,-4000,2056.17,
PRODUCT_02015,COMP_1286,2026-09-01 00:00:00,0,,-1000,1000,
PRODUCT_02099,COMP_1286,2026-09-01 00:00:00,-700000,,,,
PRODUCT_02263,COMP_1286,2026-09-01 00:00:00,-1738.24,,-2000,261.76,
PRODUCT_02833,COMP_1286,2026-09-01 00:00:00,35708.29,,-100000,135708.29,33994
PRODUCT_03098,COMP_1286,2026-09-01 00:00:00,0.99,,,,
PRODUCT_03621,COMP_1286,2026-09-01 00:00:00,-1729616.61,,-2100000,,
PRODUCT_03909,COMP_1286,2026-09-01 00:00:00,46253.68,,,,
PRODUCT_04987,COMP_1286,2026-09-01 00:00:00,166154.29,,,,
PRODUCT_05209,COMP_1286,2026-09-01 00:00:00,-344189.74,,-500000,,
PRODUCT_07152,COMP_1286,2026-09-01 00:00:00,5216.07,,,,
PRODUCT_07566,COMP_1286,2026-09-01 00:00:00,7720,,,,
PRODUCT_07755,COMP_1286,2026-09-01 00:00:00,27658.73,,,,
PRODUCT_07969,COMP_1286,2026-09-01 00:00:00,0,,-1000000,1000000,
