product_id,company_id,label,type,bank_name,service,currency,created_at
PRODUCT_00001,COMP_1068,CHECKING_01,checking,Banco Sabadell Empresas,sabadell_emp,EUR,2026-02-19 15:46:46
PRODUCT_00003,COMP_1198,CHECKING_01,checking,Banco Santander,santander_emp,EUR,2024-02-09 11:17:38
PRODUCT_00004,COMP_1191,CHECKING_01,checking,iberCaja,ibercaja,EUR,2025-10-21 11:53:35
PRODUCT_00007,COMP_0586,CHECKING_01,checking,Banco Sabadell Empresas,sabadell_emp,EUR,2026-03-03 14:37:27
PRODUCT_00008,COMP_0034,CHECKING_01,checking,Bankinter Empresas,bankinter_emp,EUR,2025-05-22 14:56:19
PRODUCT_00009,COMP_0677,CHECKING_01,checking,Banco Sabadell Empresas,sabadell_emp,EUR,2026-04-16 12:56:05
PRODUCT_00010,COMP_0569,CHECKING_01,checking,Banco Santander Empresas,santander_emp,EUR,2026-05-21 08:57:39
PRODUCT_00011,COMP_1213,CHECKING_01,checking,RuralVia,ruralvia_emp,EUR,2024-03-01 08:57:54
PRODUCT_00012,COMP_0909,CHECKING_01,checking,Banca March,bancamarch,EUR,2024-04-03 07:36:47
PRODUCT_00013,COMP_0924,CHECKING_01,checking,Deutsche Bank (ES) - Empresas,ins_127317,EUR,2025-02-12 11:31:25
PRODUCT_00014,COMP_0983,CHECKING_01,checking,Stripe,stripe,EUR,2026-01-27 09:45:27
PRODUCT_00015,COMP_1035,CARD_01,card,Bankinter Empresas,bankinter_emp,EUR,2026-02-10 08:43:18
PRODUCT_00016,COMP_1118,CHECKING_01,checking,Banco Sabadell Empresas,sabadell_emp,EUR,2026-04-07 15:35:51
PRODUCT_00017,COMP_0909,CHECKING_02,checking,RuralVia Empresas,ruralvia_emp,EUR,2025-02-04 15:13:16
PRODUCT_00018,COMP_1025,CARD_01,card,Banco Santander Empresas,santander_emp,EUR,2026-02-18 14:39:18
PRODUCT_00019,COMP_0449,CHECKING_01,checking,Caixabank Empresas,caixa_emp,EUR,2026-07-30 08:44:13
PRODUCT_00020,COMP_0444,CHECKING_01,checking,Millennium bcp,millenniumbcp,EUR,2026-03-16 15:34:40
PRODUCT_00021,COMP_0993,CHECKING_01,checking,Caixabank Empresas,caixa_emp,EUR,2025-10-15 13:07:18
PRODUCT_00022,COMP_0130,CHECKING_01,checking,iberCaja,ibercaja,EUR,2024-12-03 12:22:09
PRODUCT_00024,COMP_0864,CHECKING_01,checking,Caixabank,caixa_emp,EUR,2024-02-09 12:04:03
PRODUCT_00025,COMP_0806,CHECKING_01,checking,Banco Santander Empresas,santander_emp,EUR,2025-08-25 09:19:30
PRODUCT_00026,COMP_0411,CHECKING_01,checking,Volkswagen Financial Services,volkswagenbank,EUR,2023-06-13 07:47:40
PRODUCT_00028,COMP_1187,CHECKING_01,checking,Banking Circle GLOBAL,bc,EUR,2026-02-06 11:38:00
PRODUCT_00030,COMP_1215,CHECKING_01,checking,Caixabank Empresas,caixa_emp,EUR,2026-07-15 10:04:46
PRODUCT_00033,COMP_0808,CHECKING_01,checking,Revolut,revolut,USD,2023-11-07 17:15:06
PRODUCT_00034,COMP_0632,CHECKING_01,checking,Banco Sabadell T. sec - CAL Empresas,sabadell_emp_sec,EUR,2025-09-18 10:41:47
PRODUCT_00035,COMP_0739,EXPENSESPLATFORM_01,expensesPlatform,Caixabank,caixa_emp,EUR,2024-02-19 10:18:25
PRODUCT_00036,COMP_1021,CHECKING_01,checking,Commerzbank AG,commerzbank,EUR,2026-08-07 14:27:11
PRODUCT_00037,COMP_1135,CHECKING_01,checking,Banca March,bancamarch,EUR,2026-02-18 09:44:05
PRODUCT_00038,COMP_0101,CHECKING_01,checking,Payhawk,payhawk,EUR,2024-12-11 12:41:25
PRODUCT_00039,COMP_1229,CHECKING_01,checking,HSBC Corporate,hsbccorporate,GBP,2026-01-13 20:58:20
PRODUCT_00040,COMP_0136,CARD_01,card,Banco Sabadell T. sec - CAL Empresas,sabadell_emp_sec,EUR,2024-09-17 13:28:16
PRODUCT_00041,COMP_1220,CHECKING_01,checking,UniCredit eBanking Global by HypoVereinsbank - UniCredit Bank AG,unicreditbusiness_de,EUR,2025-09-16 13:26:45
PRODUCT_00042,COMP_1213,CHECKING_02,checking,Banco Santander,santander_emp,EUR,2023-05-29 08:08:15
PRODUCT_00043,COMP_0365,CHECKING_01,checking,HSBC Corporate EU,hsbccorporate_eu,EUR,2026-03-23 15:44:41
PRODUCT_00045,COMP_0664,CHECKING_01,checking,Banco Santander Empresas,santander_emp,EUR,2026-02-25 09:39:18
PRODUCT_00046,COMP_0376,CHECKING_01,checking,Banco Sabadell Empresas,sabadell_emp,EUR,2025-09-16 11:04:53
PRODUCT_00047,COMP_1006,INVESTMENT_01,investment,Banca March,bancamarch,EUR,2024-02-15 14:30:25
PRODUCT_00048,COMP_0293,INVESTMENT_01,investment,Banco Santander,santander_emp,EUR,2026-07-02 15:00:06
PRODUCT_00051,COMP_0252,CHECKING_01,checking,Banking Circle GLOBAL,bc,AED,2026-05-18 09:49:25
PRODUCT_00053,COMP_0542,CHECKING_01,checking,Banco Sabadell T. sec - CAL Empresas,sabadell_emp_sec,EUR,2025-03-24 12:10:37
PRODUCT_00054,COMP_0798,CHECKING_01,checking,BBVA Net Cash Empresas,bbva_emp,EUR,2025-09-12 08:33:05
PRODUCT_00056,COMP_1249,CHECKING_01,checking,Bankinter Empresas,bankinter_emp,EUR,2026-01-28 14:20:50
PRODUCT_00058,COMP_1029,CHECKING_01,checking,Banco Santander Empresas,santander_emp,EUR,2025-09-12 10:10:05
PRODUCT_00060,COMP_1141,CHECKING_01,checking,Other (customer-defined),custom,USD,2026-04-17 08:28:55
PRODUCT_00061,COMP_0343,CHECKING_01,checking,Caixabank Empresas,caixa_emp,EUR,2025-10-17 06:53:04
PRODUCT_00062,COMP_1260,CHECKING_01,checking,Caixabank Empresas,caixa_emp,EUR,2026-03-03 11:16:45
PRODUCT_00063,COMP_0816,CHECKING_01,checking,BBVA,bbva_emp,EUR,2023-05-29 17:08:54
PRODUCT_00064,COMP_0988,CARD_01,card,Caixabank Empresas,caixa_emp,EUR,2026-03-03 12:11:50
PRODUCT_00065,COMP_0124,CARD_01,card,Banco Santander Empresas,santander_emp,EUR,2026-05-27 13:50:00
PRODUCT_00066,COMP_0361,CHECKING_01,checking,Paypal,paypal,AUD,2023-08-28 08:41:44
PRODUCT_00067,COMP_0199,CHECKING_01,checking,Bank Austria 24You,unicredit_at,EUR,2026-05-08 14:21:10
PRODUCT_00069,COMP_0083,CHECKING_01,checking,Caixabank Empresas,caixa_emp,EUR,2026-03-24 11:51:27
PRODUCT_00070,COMP_0612,CHECKING_01,checking,BBVA,bbva_emp,USD,2024-02-09 12:08:01
PRODUCT_00071,COMP_1082,CHECKING_01,checking,BBVA Net Cash Empresas,bbva_emp,EUR,2024-09-18 09:20:06
PRODUCT_00072,COMP_0444,CARD_01,card,Banco Sabadell Empresas,sabadell_emp,EUR,2026-03-13 12:08:09
PRODUCT_00073,COMP_0560,CHECKING_01,checking,Caixabank,caixa,EUR,2025-03-03 12:49:06
PRODUCT_00074,COMP_1037,CHECKING_01,checking,BBVA Net Cash Empresas,bbva_emp,EUR,2026-03-16 12:20:44
PRODUCT_00075,COMP_0623,CHECKING_01,checking,Caixabank Empresas,caixa_emp,EUR,2025-04-09 10:47:22
PRODUCT_00076,COMP_1101,CHECKING_01,checking,Caixabank Empresas,caixa_emp,EUR,2026-03-04 08:08:18
PRODUCT_00078,COMP_0279,CHECKING_01,checking,Bankinter Empresas,bankinter_emp,USD,2024-07-30 12:42:03
PRODUCT_00080,COMP_0439,CHECKING_01,checking,Crédit Agricole des Savoie,ca_des_savoie,EUR,2026-04-28 06:59:57
PRODUCT_00082,COMP_0292,CHECKING_01,checking,Other (customer-defined),custom,GHS,2025-10-15 10:32:59
PRODUCT_00084,COMP_0351,CHECKING_01,checking,Banco Sabadell Empresas,sabadell_emp,EUR,2026-07-07 11:04:45
PRODUCT_00085,COMP_0926,CHECKING_01,checking,Banco Santander Empresas,santander_emp,EUR,2025-04-04 10:39:46
PRODUCT_00086,COMP_0723,CHECKING_01,checking,Caixabank Empresas,caixa_emp,EUR,2025-11-03 10:50:37
PRODUCT_00087,COMP_0365,CHECKING_02,checking,Arkéa Banque Entreprises et Institutionnels,arkea-corporate,EUR,2026-03-02 11:10:15
PRODUCT_00088,COMP_1282,CARD_01,card,Caixabank,caixa_emp,EUR,2024-02-12 15:22:32
PRODUCT_00089,COMP_0670,CHECKING_01,checking,Revolut,revolut,EUR,2024-11-13 08:44:32
PRODUCT_00090,COMP_0303,CHECKING_01,checking,BBVA Net Cash Empresas,bbva_emp,EUR,2026-03-18 14:54:26
PRODUCT_00091,COMP_0391,CHECKING_01,checking,Bankinter Empresas,bankinter_emp,EUR,2026-07-14 14:55:00
PRODUCT_00092,COMP_0870,CARD_01,card,Banco Sabadell T. sec - CAL Empresas,sabadell_emp_sec,EUR,2024-09-18 08:36:01
PRODUCT_00094,COMP_0279,CHECKING_02,checking,Bankinter Empresas,bankinter_emp,EUR,2024-07-30 12:42:03
PRODUCT_00096,COMP_0679,CHECKING_01,checking,Banco Sabadell T. sec - CAL Empresas,sabadell_emp_sec,EUR,2025-05-22 14:36:58
PRODUCT_00097,COMP_1279,CHECKING_01,checking,BBVA,bbva_emp,EUR,2025-05-29 08:29:13
PRODUCT_00098,COMP_1053,CHECKING_01,checking,Banco Sabadell Empresas,sabadell_emp,EUR,2026-07-06 13:36:32
PRODUCT_00099,COMP_1086,CARD_01,card,Banco Sabadell,sabadell_emp,EUR,2023-10-30 11:38:24
PRODUCT_00100,COMP_0656,CHECKING_01,checking,HSBC Corporate EU,hsbccorporate_eu,GBP,2025-10-21 09:05:05
PRODUCT_00102,COMP_0009,CHECKING_01,checking,BBVA Net Cash Empresas,bbva_emp,EUR,2025-09-18 14:27:51
PRODUCT_00103,COMP_0435,CHECKING_01,checking,BBVA Net Cash Empresas,bbva_emp,EUR,2026-03-17 17:17:14
PRODUCT_00104,COMP_1081,CHECKING_01,checking,BBVA Net Cash Empresas,bbva_emp,EUR,2024-12-11 11:59:40
PRODUCT_00106,COMP_0674,CHECKING_01,checking,iberCaja,ibercaja,EUR,2024-06-27 11:44:33
PRODUCT_00107,COMP_0693,CHECKING_01,checking,Stripe,stripe,USD,2024-06-24 14:58:07
PRODUCT_00108,COMP_0203,CARD_01,card,Caixabank,caixa_emp,EUR,2023-09-14 10:20:02
PRODUCT_00111,COMP_1269,CARD_01,card,Bankinter Empresas,bankinter_emp,EUR,2025-07-15 14:36:05
PRODUCT_00112,COMP_0747,CHECKING_01,checking,Banco Sabadell T. sec - CAL Empresas,sabadell_emp_sec,EUR,2025-05-22 14:36:58
PRODUCT_00113,COMP_0252,CHECKING_02,checking,Banking Circle GLOBAL,bc,USD,2026-07-28 13:51:07
PRODUCT_00114,COMP_1150,CHECKING_01,checking,Bankinter Empresas,bankinter_emp,EUR,2025-02-10 10:58:05
PRODUCT_00115,COMP_0898,CHECKING_01,checking,Kutxabank Empresas,kutxabank_emp,EUR,2026-02-25 08:49:22
PRODUCT_00116,COMP_0322,CHECKING_01,checking,Kutxabank Empresas,kutxabank_emp,EUR,2024-12-11 12:31:42
PRODUCT_00119,COMP_0228,TPV_01,tpv,Redsys,redsys,EUR,2025-09-22 13:49:24
PRODUCT_00120,COMP_0054,CHECKING_01,checking,Banco Santander Empresas,santander_emp,EUR,2025-04-04 12:48:57
PRODUCT_00121,COMP_0194,CHECKING_01,checking,BBVA,bbva_emp,EUR,2024-03-11 11:08:56
PRODUCT_00122,COMP_0612,CHECKING_02,checking,Paypal,paypal,USD,2024-02-19 09:21:02
PRODUCT_00123,COMP_1060,CHECKING_01,checking,Banco Santander Empresas,santander_emp,EUR,2026-04-13 12:16:22
PRODUCT_00125,COMP_0182,CHECKING_01,checking,Commerzbank AG,commerzbank,EUR,2025-10-29 10:17:04
PRODUCT_00126,COMP_0252,CHECKING_03,checking,Vereinigte Volksbank Raiffeisenbank eG,volksbank-hunsrueck-nahe,CZK,2026-03-19 10:40:13
PRODUCT_00127,COMP_0354,CHECKING_01,checking,Banco Santander,santander_emp,EUR,2024-04-11 07:13:23
PRODUCT_00128,COMP_0362,CHECKING_01,checking,Banca March,bancamarch,EUR,2025-01-23 09:00:12
PRODUCT_00129,COMP_1161,CHECKING_01,checking,Banco Santander Empresas,santander_emp,EUR,2026-04-08 14:48:40
PRODUCT_00130,COMP_0491,CARD_01,card,BBVA Net Cash Empresas,bbva_emp,EUR,2026-01-22 10:05:57
PRODUCT_00131,COMP_0595,CHECKING_01,checking,Cajamar,cajamar,EUR,2025-03-18 08:45:22
PRODUCT_00132,COMP_1053,CHECKING_02,checking,Banco Santander Empresas,santander_emp,USD,2026-07-06 13:46:32
PRODUCT_00133,COMP_0560,CHECKING_02,checking,Banco Sabadell T. sec - CAL Empresas,sabadell_emp_sec,USD,2025-02-14 10:37:11
PRODUCT_00134,COMP_1014,CHECKING_01,checking,Citibank Online,ins_5,AUD,2025-03-12 17:51:24
PRODUCT_00135,COMP_0956,CARD_01,card,Caixabank Empresas,caixa_emp,EUR,2026-04-29 14:49:43
PRODUCT_00136,COMP_0797,CHECKING_01,checking,Banca March,bancamarch,EUR,2025-10-29 16:39:31
PRODUCT_00137,COMP_0945,CHECKING_01,checking,Caixabank,caixa_emp,EUR,2023-09-20 13:10:45
PRODUCT_00138,COMP_0008,CHECKING_01,checking,Banco Sabadell T. sec - CAL Empresas,sabadell_emp_sec,EUR,2026-01-13 09:46:55
PRODUCT_00139,COMP_0656,CHECKING_02,checking,ING,ing,EUR,2025-12-04 12:51:24
PRODUCT_00141,COMP_0572,CHECKING_01,checking,Caixabank Empresas,caixa_emp,EUR,2026-03-11 08:16:05
PRODUCT_00143,COMP_0207,CHECKING_01,checking,Bankinter,bankinter_emp,EUR,2023-08-31 12:38:24
PRODUCT_00145,COMP_0061,CHECKING_01,checking,Revolut EU,revolut,EUR,2026-01-26 15:37:41
PRODUCT_00146,COMP_0995,CHECKING_01,checking,RuralVia Empresas,ruralvia_emp,EUR,2025-03-10 12:37:08
PRODUCT_00148,COMP_0323,CHECKING_01,checking,Flagstar Bank - Business,ins_137272,USD,2026-05-07 08:34:14
PRODUCT_00149,COMP_0038,CHECKING_01,checking,BBVA Net Cash Empresas,bbva_emp,EUR,2026-03-11 10:48:16
PRODUCT_00150,COMP_0695,CHECKING_01,checking,Banco Santander Empresas,santander_emp,EUR,2025-08-01 11:55:28
PRODUCT_00151,COMP_0982,CARD_01,card,Caixabank Empresas,caixa_emp,EUR,2025-03-25 10:07:20
PRODUCT_00153,COMP_0324,CHECKING_01,checking,Abanca Empresas,abanca_emp,EUR,2026-04-15 12:20:09
PRODUCT_00155,COMP_0231,CHECKING_01,checking,Kutxabank Empresas,kutxabank_emp,EUR,2025-03-03 16:36:15
PRODUCT_00157,COMP_0957,CHECKING_01,checking,Banco Santander Empresas,santander_emp,EUR,2026-05-14 10:13:49
PRODUCT_00158,COMP_0054,CHECKING_02,checking,Banco Santander Empresas,santander_emp,EUR,2025-04-04 11:45:23
PRODUCT_00160,COMP_1110,CHECKING_01,checking,Other (customer-defined),custom,EUR,2026-02-25 13:36:29
PRODUCT_00161,COMP_1074,CHECKING_01,checking,Caixabank Empresas,caixa_emp,EUR,2025-05-05 07:39:39
PRODUCT_00162,COMP_0919,CHECKING_01,checking,Banco Santander Empresas,santander_emp,EUR,2025-11-03 10:37:28
PRODUCT_00163,COMP_0727,CHECKING_01,checking,Banco Sabadell Empresas,sabadell_emp,EUR,2025-12-11 15:09:41
PRODUCT_00164,COMP_0112,CHECKING_01,checking,Banco Santander Empresas,santander_emp,EUR,2025-04-23 09:16:29
PRODUCT_00165,COMP_0145,CHECKING_01,checking,Paypal,paypal,EUR,2026-04-28 15:17:42
PRODUCT_00166,COMP_1191,CHECKING_02,checking,Bankinter Empresas,bankinter_emp,EUR,2025-09-26 07:52:51
PRODUCT_00167,COMP_0694,CHECKING_01,checking,Crédit Industriel et Commercial,cic,EUR,2022-11-08 08:12:08
PRODUCT_00168,COMP_0797,CHECKING_02,checking,Banca March,bancamarch,EUR,2025-10-29 16:47:53
PRODUCT_00169,COMP_0988,CARD_02,card,Caixabank Empresas,caixa_emp,EUR,2026-03-03 12:11:50
PRODUCT_00170,COMP_0630,CARD_01,card,Caixabank Empresas,caixa_emp,EUR,2026-02-13 10:38:01
PRODUCT_00171,COMP_0174,CARD_01,card,Banco Santander,santander_emp,EUR,2026-02-17 14:15:19
PRODUCT_00173,COMP_0345,CHECKING_01,checking,BBVA Net Cash Empresas,bbva_emp,EUR,2026-03-20 13:34:07
PRODUCT_00174,COMP_0129,CHECKING_01,checking,Abanca Empresas,abanca_emp,EUR,2025-12-10 11:56:43
PRODUCT_00175,COMP_0433,CHECKING_01,checking,Banco Santander Empresas,santander_emp,EUR,2025-03-25 08:16:34
PRODUCT_00176,COMP_0400,CARD_01,card,Banco Sabadell T. sec - CAL Empresas,sabadell_emp_sec,EUR,2024-09-17 13:28:16
PRODUCT_00177,COMP_0856,CHECKING_01,checking,Revolut EU,revolut_gb,USD,2024-11-13 08:38:13
PRODUCT_00178,COMP_0139,CHECKING_01,checking,Banco Sabadell Empresas,sabadell_emp,EUR,2025-04-04 11:18:24
PRODUCT_00179,COMP_0861,CHECKING_01,checking,BBVA Net Cash Empresas,bbva_emp,EUR,2025-10-09 08:32:09
PRODUCT_00180,COMP_0988,CHECKING_01,checking,BBVA Net Cash Empresas,bbva_emp,EUR,2026-03-04 08:19:46
PRODUCT_00181,COMP_0623,CHECKING_02,checking,Banco Sabadell T. sec - CAL Empresas,sabadell_emp_sec,EUR,2025-04-09 13:40:36
PRODUCT_00182,COMP_0370,CHECKING_01,checking,Revolut EU,revolut_gb,USD,2026-01-26 17:02:09
PRODUCT_00183,COMP_0837,INVESTMENT_01,investment,Deutsche Bank (ES) - Empresas,ins_127317,EUR,2025-09-22 10:42:36
PRODUCT_00184,COMP_0121,CHECKING_01,checking,Caixabank,caixa_emp,EUR,2023-05-30 11:04:59
PRODUCT_00185,COMP_0351,CHECKING_02,checking,Bankinter Empresas,bankinter_emp,USD,2026-07-14 07:27:47
PRODUCT_00186,COMP_0596,CHECKING_01,checking,Caixabank Empresas,caixa_emp,EUR,2024-09-09 09:27:53
PRODUCT_00187,COMP_0391,CHECKING_02,checking,Bankinter Empresas,bankinter_emp,EUR,2026-03-16 15:31:27
PRODUCT_00188,COMP_0461,CHECKING_01,checking,Caixabank,caixa_emp,EUR,2023-03-24 11:19:32
PRODUCT_00189,COMP_1016,CARD_01,card,Caixabank Empresas,caixa_emp,EUR,2026-03-20 13:16:26
PRODUCT_00190,COMP_0203,CARD_02,card,Caixabank Empresas,caixa_emp,EUR,2025-09-12 12:25:20
PRODUCT_00192,COMP_1006,CARD_01,card,Banco Sabadell,sabadell_emp,EUR,2024-02-15 14:22:49
PRODUCT_00193,COMP_1038,CHECKING_01,checking,Caixabank Empresas,caixa_emp,EUR,2025-09-09 11:37:41
PRODUCT_00194,COMP_0094,CHECKING_01,checking,BBVA,bbva_emp,EUR,2023-11-16 10:07:19
PRODUCT_00195,COMP_1008,INVESTMENT_01,investment,Banca March,bancamarch,EUR,2026-02-25 15:45:28
PRODUCT_00196,COMP_1044,CHECKING_01,checking,NOVO BANCO SA,novo-banco-sa,EUR,2026-04-15 10:48:26
PRODUCT_00197,COMP_1067,CHECKING_01,checking,Other (customer-defined),custom,SGD,2025-06-07 13:18:26
PRODUCT_00198,COMP_1109,CARD_01,card,Banco Sabadell T. sec - CAL Empresas,sabadell_emp_sec,EUR,2023-11-08 15:30:35
PRODUCT_00203,COMP_0910,CHECKING_01,checking,Banco Santander Empresas,santander_emp,EUR,2025-05-22 15:47:15
PRODUCT_00204,COMP_0710,CARD_01,card,BBVA Net Cash Empresas,bbva_emp,EUR,2026-01-22 10:05:57
PRODUCT_00205,COMP_0376,CHECKING_02,checking,Banco Santander,santander_emp,EUR,2025-09-16 11:06:29
PRODUCT_00206,COMP_0548,CHECKING_01,checking,Banco Santander Empresas,santander_emp,EUR,2025-04-04 12:48:57
PRODUCT_00207,COMP_0357,CHECKING_01,checking,Caixabank,caixa_emp,EUR,2023-10-11 09:52:55
PRODUCT_00208,COMP_1131,CHECKING_01,checking,BBVA Net Cash Empresas,bbva_emp,EUR,2026-02-10 07:40:37
PRODUCT_00210,COMP_0786,CHECKING_01,checking,Banco Santander,santander_emp,EUR,2024-07-05 05:43:30
PRODUCT_00211,COMP_0460,CHECKING_01,checking,Paypal,paypal,EUR,2023-08-28 08:11:35
PRODUCT_00212,COMP_0164,CHECKING_01,checking,Banco Sabadell,sabadell_emp,EUR,2023-07-07 10:27:04
PRODUCT_00213,COMP_1048,CARD_01,card,Abanca Empresas,abanca_emp,EUR,2025-10-09 12:44:46
PRODUCT_00214,COMP_1049,CARD_01,card,Caixabank Empresas,caixa_emp,EUR,2026-03-11 15:44:52
PRODUCT_00215,COMP_0708,CHECKING_01,checking,Banco Sabadell Empresas,sabadell_emp,EUR,2026-05-12 14:37:37
PRODUCT_00216,COMP_0646,CHECKING_01,checking,Caixabank,caixa,EUR,2026-07-28 13:37:33
PRODUCT_00218,COMP_0575,CHECKING_01,checking,BBVA Net Cash Empresas,bbva_emp,EUR,2024-12-03 12:29:39
PRODUCT_00219,COMP_0480,CHECKING_01,checking,CAIXA GERAL DE DEPOSITOS SA,caixa-geral-de-depositos,EUR,2024-06-27 09:35:07
PRODUCT_00220,COMP_0636,CHECKING_01,checking,Unicaja Empresas,unicaja_emp,EUR,2026-09-03 08:35:36
PRODUCT_00222,COMP_1025,CARD_02,card,Banco Santander Empresas,santander_emp,EUR,2026-02-18 14:39:18
PRODUCT_00223,COMP_1012,CHECKING_01,checking,BBVA Net Cash Empresas,bbva_emp,EUR,2026-01-22 14:41:10
PRODUCT_00224,COMP_0361,CHECKING_02,checking,Paypal,paypal,EUR,2023-08-28 08:41:44
PRODUCT_00225,COMP_0158,CHECKING_01,checking,HSBC Bank (USA) - HSBCnet,ins_136937,USD,2026-04-09 13:52:22
PRODUCT_00226,COMP_0190,CHECKING_01,checking,Other (customer-defined),custom,EUR,2026-02-04 18:11:36
PRODUCT_00229,COMP_0703,CHECKING_01,checking,Banco Santander Empresas,santander_emp,EUR,2024-11-03 18:37:22
PRODUCT_00230,COMP_1036,CHECKING_01,checking,Deutsche Bank Empresas,deutschebank_emp,EUR,2026-07-24 09:17:10
PRODUCT_00231,COMP_0832,CHECKING_01,checking,Revolut,revolut,GBP,2024-12-13 08:38:24
PRODUCT_00232,COMP_0341,CHECKING_01,checking,Bankinter,bankinter_emp,EUR,2023-07-18 10:09:58
PRODUCT_00233,COMP_0995,CHECKING_02,checking,Bankinter Empresas,bankinter_emp,EUR,2025-03-10 12:20:18
PRODUCT_00234,COMP_0035,CHECKING_01,checking,Banco Santander Empresas,santander_emp,EUR,2024-11-05 09:13:16
PRODUCT_00235,COMP_1264,CHECKING_01,checking,Societe Generale Entreprises,soc-gen-corporate,EUR,2023-06-15 09:08:20
PRODUCT_00236,COMP_0240,CHECKING_01,checking,Other (customer-defined),custom,CAD,2026-03-19 15:35:52
PRODUCT_00238,COMP_0920,CHECKING_01,checking,Payhawk,payhawk,EUR,2026-03-03 10:48:18
PRODUCT_00239,COMP_0351,CHECKING_03,checking,Deutsche Bank Empresas,deutschebank_emp,USD,2026-07-14 07:36:29
PRODUCT_00240,COMP_0252,CHECKING_04,checking,Banking Circle GLOBAL,bc,RON,2026-05-18 10:15:56
PRODUCT_00241,COMP_0203,CHECKING_01,checking,Bankinter,bankinter_emp,EUR,2023-09-14 09:57:51
PRODUCT_00242,COMP_0652,CHECKING_01,checking,Banco Santander Empresas,santander_emp,EUR,2025-05-02 10:40:31
PRODUCT_00244,COMP_1243,CHECKING_01,checking,BBVA Net Cash Empresas,bbva_emp,EUR,2026-03-11 10:48:16
PRODUCT_00245,COMP_1282,CARD_02,card,Caixabank,caixa_emp,EUR,2024-02-12 15:22:32
PRODUCT_00247,COMP_1141,CHECKING_02,checking,Revolut EU,revolut_gb,GBP,2025-12-10 13:31:19
PRODUCT_00249,COMP_1246,CHECKING_01,checking,Caixabank Empresas,caixa_emp,EUR,2026-04-20 12:54:46
PRODUCT_00251,COMP_1152,CHECKING_01,checking,Banco Santander Empresas,santander_emp,EUR,2025-06-04 14:58:00
PRODUCT_00253,COMP_0029,CHECKING_01,checking,Other (customer-defined),custom,SGD,2025-11-20 10:13:23
PRODUCT_00255,COMP_1044,CHECKING_02,checking,Millennium bcp,millenniumbcp,EUR,2026-04-15 10:37:44
PRODUCT_00256,COMP_0848,CHECKING_01,checking,Wells Fargo,wellsfargo,USD,2026-04-28 15:22:52
PRODUCT_00257,COMP_0185,CHECKING_01,checking,Caixabank Empresas,caixa_emp,EUR,2026-06-23 11:30:17
PRODUCT_00259,COMP_0079,CHECKING_01,checking,Banco Santander Empresas,santander_emp,EUR,2026-02-25 08:20:34
PRODUCT_00260,COMP_1217,CHECKING_01,checking,Banco Santander Empresas,santander_emp,EUR,2026-02-17 10:07:45
PRODUCT_00261,COMP_0182,CHECKING_02,checking,Other (customer-defined),custom,EUR,2026-04-15 14:17:35
PRODUCT_00262,COMP_0530,CHECKING_01,checking,Banco Santander,santander_emp,EUR,2024-06-17 13:21:36
PRODUCT_00263,COMP_0877,CHECKING_01,checking,BBVA Net Cash Empresas,bbva_emp,EUR,2025-09-24 16:24:56
PRODUCT_00264,COMP_0758,CHECKING_01,checking,UniCredit eBanking Global by HypoVereinsbank - UniCredit Bank AG,unicreditbusiness_de,EUR,2025-09-16 13:26:45
PRODUCT_00265,COMP_1233,CHECKING_01,checking,CAIXA GERAL DE DEPOSITOS SA,caixa-geral-de-depositos,EUR,2025-01-30 11:56:35
PRODUCT_00267,COMP_0491,CHECKING_01,checking,Caixabank Empresas,caixa_emp,EUR,2024-09-24 11:07:20
PRODUCT_00269,COMP_0075,CHECKING_01,checking,Bankinter,bankinter_emp,USD,2022-11-17 13:29:19
PRODUCT_00271,COMP_0895,CHECKING_01,checking,Caixabank,caixa_emp,EUR,2023-09-14 10:30:51
PRODUCT_00272,COMP_0265,CHECKING_01,checking,BBVA Net Cash Empresas,bbva_emp,EUR,2025-09-26 11:37:43
PRODUCT_00273,COMP_0850,CHECKING_01,checking,Caixabank Empresas,caixa_emp,EUR,2026-07-13 17:25:45
PRODUCT_00274,COMP_0630,CARD_02,card,Caixabank Empresas,caixa_emp,EUR,2026-02-13 10:38:01
PRODUCT_00275,COMP_0469,CHECKING_01,checking,Other (customer-defined),custom,CLP,2025-10-30 11:42:19
PRODUCT_00277,COMP_0310,CHECKING_01,checking,Banco Santander,santander_emp,EUR,2023-05-29 08:07:02
PRODUCT_00278,COMP_0837,CHECKING_01,checking,Bankinter,bankinter_emp,EUR,2023-05-03 13:09:37
PRODUCT_00281,COMP_0094,INVESTMENT_01,investment,Banco Sabadell,sabadell_emp,EUR,2023-11-16 09:49:39
PRODUCT_00282,COMP_0282,EXPENSESPLATFORM_01,expensesPlatform,Caixabank,caixa_emp,EUR,2024-02-19 10:45:26
PRODUCT_00283,COMP_0861,INVESTMENT_01,investment,Caixabank Empresas,caixa_emp,EUR,2025-10-15 13:12:52
PRODUCT_00284,COMP_1169,CHECKING_01,checking,Banco Santander Empresas,santander_emp,EUR,2025-11-03 08:35:31
PRODUCT_00285,COMP_0483,CHECKING_01,checking,Caixabank Empresas,caixa_emp,EUR,2025-04-24 06:37:18
PRODUCT_00286,COMP_0248,CHECKING_01,checking,Unicaja Empresas,unicaja_emp,EUR,2025-11-03 13:19:23
PRODUCT_00287,COMP_0544,INVESTMENT_01,investment,Banco Sabadell Empresas,sabadell_emp,EUR,2025-02-19 10:49:50
PRODUCT_00288,COMP_1279,CARD_01,card,BBVA,bbva_emp,EUR,2024-03-26 09:16:46
PRODUCT_00289,COMP_0333,CHECKING_01,checking,Banco Santander Empresas,santander_emp,EUR,2025-04-04 10:39:46
PRODUCT_00292,COMP_0896,CHECKING_01,checking,Banco Sabadell Empresas,sabadell_emp,EUR,2026-07-13 17:38:07
PRODUCT_00293,COMP_0203,CARD_03,card,Caixabank,caixa_emp,EUR,2025-01-16 12:35:25
PRODUCT_00294,COMP_0420,CHECKING_01,checking,Bankinter Empresas,bankinter_emp,EUR,2026-07-28 06:59:23
PRODUCT_00295,COMP_0713,CARD_01,card,Caixabank Empresas,caixa_emp,EUR,2025-03-24 15:08:03
PRODUCT_00297,COMP_0682,INVESTMENT_01,investment,Banca March,bancamarch,EUR,2025-03-21 10:58:09
PRODUCT_00300,COMP_0361,CHECKING_03,checking,Paypal,paypal,CZK,2023-08-28 08:41:44
PRODUCT_00302,COMP_0226,CHECKING_01,checking,Other (customer-defined),custom,BRL,2025-11-18 16:58:31
PRODUCT_00303,COMP_0730,CHECKING_01,checking,LBBW,bw-bank,GBP,2026-08-10 16:03:11
PRODUCT_00304,COMP_0855,CHECKING_01,checking,Banco Santander Empresas,santander_emp,EUR,2026-05-12 12:05:15
PRODUCT_00305,COMP_0515,CHECKING_01,checking,Banco Santander Empresas,santander_emp,EUR,2025-10-14 11:34:47
PRODUCT_00306,COMP_0798,CARD_01,card,Bankinter Empresas,bankinter_emp,EUR,2025-09-11 10:25:54
PRODUCT_00307,COMP_0119,CARD_01,card,Caixabank Empresas,caixa_emp,EUR,2026-03-17 17:21:02
PRODUCT_00308,COMP_0705,CARD_01,card,Abanca Empresas,abanca_emp,EUR,2025-10-09 12:42:55
PRODUCT_00310,COMP_0615,CHECKING_01,checking,Banco Santander Empresas,santander_emp,EUR,2025-02-06 10:21:19
PRODUCT_00311,COMP_0363,CHECKING_01,checking,Caixabank,caixa_emp,EUR,2023-07-04 09:37:48
PRODUCT_00313,COMP_0383,CHECKING_01,checking,Caixabank,caixa_emp,EUR,2022-11-29 11:20:02
PRODUCT_00314,COMP_0016,CHECKING_01,checking,Banco Santander,santander_emp,EUR,2023-06-15 11:43:40
PRODUCT_00315,COMP_0601,CHECKING_01,checking,Banco Santander,santander_emp,EUR,2023-04-27 09:54:05
PRODUCT_00317,COMP_0495,CHECKING_01,checking,Caixabank Empresas,caixa_emp,EUR,2025-12-11 08:58:24
PRODUCT_00318,COMP_0124,CHECKING_01,checking,Banco Santander Empresas,santander_emp,EUR,2026-05-26 15:33:24
PRODUCT_00319,COMP_0241,CHECKING_01,checking,Revolut,revolut_eu,AUD,2024-01-03 09:24:01
PRODUCT_00320,COMP_0150,CHECKING_01,checking,Caixabank Empresas,caixa_emp,EUR,2026-02-24 10:27:56
PRODUCT_00321,COMP_0546,CHECKING_01,checking,Banco Sabadell T. sec - CAL Empresas,sabadell_emp_sec,EUR,2025-11-28 07:03:20
PRODUCT_00322,COMP_1216,CHECKING_01,checking,Caixabank Empresas,caixa_emp,EUR,2025-09-25 14:09:05
PRODUCT_00323,COMP_0988,CARD_03,card,Caixabank Empresas,caixa_emp,EUR,2026-03-03 12:11:50
PRODUCT_00324,COMP_0768,CHECKING_01,checking,Banco Santander Empresas,santander_emp,EUR,2025-09-24 16:06:12
PRODUCT_00325,COMP_1204,CHECKING_01,checking,Caixabank Empresas,caixa_emp,EUR,2026-02-17 15:24:25
PRODUCT_00326,COMP_0341,CHECKING_02,checking,Caixabank,caixa_emp,EUR,2024-08-08 13:20:57
PRODUCT_00327,COMP_0173,CHECKING_01,checking,Caixabank Empresas,caixa_emp,EUR,2025-06-19 10:26:58
PRODUCT_00329,COMP_0034,CHECKING_02,checking,Banca March,bancamarch,EUR,2025-05-22 15:41:57
PRODUCT_00330,COMP_0029,CHECKING_02,checking,Other (customer-defined),custom,USD,2026-08-11 10:47:33
PRODUCT_00331,COMP_0418,CHECKING_01,checking,Banco Santander Empresas,santander_emp,EUR,2026-04-08 12:09:16
PRODUCT_00332,COMP_0265,CHECKING_02,checking,Revolut,revolut,EUR,2025-10-28 08:39:33
PRODUCT_00333,COMP_0029,CHECKING_03,checking,Other (customer-defined),custom,USD,2025-11-20 10:14:54
PRODUCT_00335,COMP_0806,CHECKING_02,checking,Banco Sabadell T. sec - CAL Empresas,sabadell_emp_sec,EUR,2025-10-09 06:41:13
PRODUCT_00337,COMP_0246,CHECKING_01,checking,Banca March,bancamarch,EUR,2024-01-15 10:03:20
PRODUCT_00338,COMP_0891,CARD_01,card,Banca March,bancamarch,EUR,2025-09-19 07:40:21
PRODUCT_00339,COMP_1069,CHECKING_01,checking,Banco Santander Empresas,santander_emp,EUR,2025-07-30 09:13:17
PRODUCT_00341,COMP_1010,CHECKING_01,checking,BBVA Net Cash Empresas,bbva_emp,EUR,2026-04-20 11:54:21
PRODUCT_00342,COMP_0645,CHECKING_01,checking,Banco Santander Empresas,santander_emp,EUR,2025-04-04 12:48:57
PRODUCT_00343,COMP_0804,CHECKING_01,checking,Other (customer-defined),custom,BRL,2026-08-03 15:49:04
PRODUCT_00344,COMP_1083,CHECKING_01,checking,Other (customer-defined),custom,EUR,2025-09-26 07:56:51
PRODUCT_00345,COMP_0777,CHECKING_01,checking,Coastal Community Bank (WA) - Online Banking,ins_111890,USD,2026-05-20 12:07:52
PRODUCT_00346,COMP_1163,CHECKING_01,checking,Citibank Empresas GLOBAL,citi,USD,2025-11-11 16:32:34
PRODUCT_00347,COMP_0103,CHECKING_01,checking,Caixabank Empresas,caixa_emp,EUR,2025-06-10 14:38:39
PRODUCT_00348,COMP_0639,CHECKING_01,checking,Cajamar,cajamar,EUR,2022-11-17 14:09:15
PRODUCT_00349,COMP_1169,CHECKING_02,checking,Unicaja Empresas,unicaja_emp,EUR,2025-11-03 13:14:29
PRODUCT_00351,COMP_0956,CARD_02,card,Caixabank Empresas,caixa_emp,EUR,2026-04-29 14:49:43
PRODUCT_00352,COMP_0919,CHECKING_02,checking,Bankinter Empresas,bankinter_emp,EUR,2025-11-03 11:40:52
PRODUCT_00353,COMP_0087,CARD_01,card,Abanca Empresas,abanca_emp,EUR,2026-07-20 08:46:08
PRODUCT_00354,COMP_0007,INVESTMENT_01,investment,Abanca Empresas,abanca_emp,EUR,2026-03-26 11:32:21
PRODUCT_00355,COMP_0491,CARD_02,card,Caixabank Empresas,caixa_emp,EUR,2024-09-24 11:07:20
PRODUCT_00356,COMP_0283,CHECKING_01,checking,Deutsche Bank AG,deutschebank-pfb_de,EUR,2026-02-06 13:26:45
PRODUCT_00359,COMP_0283,CHECKING_02,checking,Paypal,paypal,EUR,2026-01-09 12:55:40
PRODUCT_00360,COMP_0730,CHECKING_02,checking,SSK München,ssk-muenchen,EUR,2026-07-29 18:29:01
PRODUCT_00361,COMP_0713,CARD_02,card,Caixabank Empresas,caixa_emp,EUR,2025-03-24 15:08:03
PRODUCT_00362,COMP_0563,INVESTMENT_01,investment,Banca March,bancamarch,EUR,2025-12-19 13:55:29
PRODUCT_00363,COMP_0646,CHECKING_02,checking,Banco Sabadell,sabadell_emp,EUR,2023-10-09 14:16:47
PRODUCT_00364,COMP_0173,CHECKING_02,checking,Banco Santander Empresas,santander_emp,EUR,2025-06-19 11:46:16
PRODUCT_00365,COMP_0252,CHECKING_05,checking,Banking Circle GLOBAL,bc,HUF,2026-02-27 12:30:40
PRODUCT_00366,COMP_0690,CHECKING_01,checking,HSBC Corporate,hsbccorporate,EUR,2026-01-13 20:58:20
PRODUCT_00370,COMP_0720,CHECKING_01,checking,ING,ing,EUR,2025-11-28 14:01:08
PRODUCT_00371,COMP_1279,CHECKING_02,checking,Banco Sabadell,sabadell_emp,EUR,2024-03-11 12:15:04
PRODUCT_00372,COMP_0019,CHECKING_01,checking,Banco Santander,santander_emp,EUR,2024-07-12 11:38:56
PRODUCT_00373,COMP_0243,CHECKING_01,checking,Caixabank Empresas,caixa_emp,EUR,2025-06-10 14:08:23
PRODUCT_00375,COMP_0249,CHECKING_01,checking,Revolut EU,revolut_gb,GBP,2026-06-04 15:29:31
PRODUCT_00377,COMP_1016,CARD_02,card,Caixabank Empresas,caixa_emp,EUR,2026-03-20 13:16:26
PRODUCT_00378,COMP_1231,CHECKING_01,checking,Bankinter Empresas,bankinter_emp,USD,2025-11-04 15:04:00
PRODUCT_00380,COMP_0193,CHECKING_01,checking,Banca March,bancamarch,EUR,2025-09-30 11:41:41
PRODUCT_00381,COMP_0498,INVESTMENT_01,investment,Caixabank Empresas,caixa_emp,EUR,2026-08-14 07:20:58
PRODUCT_00382,COMP_0550,WALLET_01,wallet,Embat,embat,EUR,2026-08-13 10:33:48
PRODUCT_00383,COMP_0234,CARD_01,card,Banco Santander Empresas,santander_emp,EUR,2024-11-06 14:05:44
PRODUCT_00384,COMP_0282,EXPENSESPLATFORM_02,expensesPlatform,Caixabank,caixa_emp,EUR,2024-02-19 10:45:26
PRODUCT_00385,COMP_0447,CHECKING_01,checking,Banca March,bancamarch,EUR,2026-02-17 09:27:31
PRODUCT_00386,COMP_0974,CARD_01,card,Banco Santander Empresas,santander_emp,EUR,2026-01-13 09:41:59
PRODUCT_00388,COMP_0560,CHECKING_03,checking,Bankinter Empresas,bankinter_emp,USD,2025-02-14 10:25:11
PRODUCT_00390,COMP_1154,CHECKING_01,checking,Caixabank Empresas,caixa_emp,EUR,2025-07-04 07:18:03
PRODUCT_00391,COMP_0241,CHECKING_02,checking,Revolut,revolut_eu,EUR,2024-01-03 09:24:01
PRODUCT_00392,COMP_0856,CHECKING_02,checking,Paypal,paypal,GBP,2024-11-13 14:18:49
PRODUCT_00393,COMP_1284,CHECKING_01,checking,Caixabank Empresas,caixa_emp,EUR,2026-03-10 14:16:27
PRODUCT_00395,COMP_0441,CHECKING_01,checking,Banco Santander Empresas,santander_emp,EUR,2025-04-04 12:48:57
PRODUCT_00396,COMP_1150,CHECKING_02,checking,Caixabank Empresas,caixa_emp,EUR,2025-02-10 11:11:43
PRODUCT_00397,COMP_1208,CHECKING_01,checking,Caixabank Empresas,caixa_emp,EUR,2026-04-07 16:41:06
PRODUCT_00398,COMP_1182,CARD_01,card,Caixabank Empresas,caixa_emp,EUR,2025-03-12 12:42:23
PRODUCT_00399,COMP_0700,INVESTMENT_01,investment,RuralVia,ruralvia,EUR,2025-05-28 08:37:49
PRODUCT_00402,COMP_0604,INVESTMENT_01,investment,Cajamar,cajamar,EUR,2024-10-15 11:31:43
PRODUCT_00403,COMP_0292,CHECKING_02,checking,Other (customer-defined),custom,EUR,2025-10-15 10:31:30
PRODUCT_00404,COMP_0544,CARD_01,card,Caixabank Empresas,caixa_emp,EUR,2025-02-11 15:53:45
PRODUCT_00405,COMP_0821,CHECKING_01,checking,BBVA Net Cash Empresas,bbva_emp,EUR,2026-05-06 07:59:25
PRODUCT_00406,COMP_0149,CHECKING_01,checking,Banco Santander Empresas,santander_emp,ARS,2024-06-05 14:52:06
PRODUCT_00407,COMP_0515,CHECKING_02,checking,Bankinter Empresas,bankinter_emp,EUR,2026-01-13 16:30:23
PRODUCT_00409,COMP_0099,CHECKING_01,checking,Banco Santander,santander_emp,EUR,2023-11-03 11:23:21
PRODUCT_00410,COMP_0420,CHECKING_02,checking,Abanca Empresas,abanca_emp,EUR,2026-04-14 16:08:35
PRODUCT_00411,COMP_0297,CHECKING_01,checking,Caixabank Empresas,caixa_emp,EUR,2026-03-03 11:18:05
PRODUCT_00414,COMP_0384,CARD_01,card,Banco Sabadell Empresas,sabadell_emp,EUR,2024-11-08 07:37:44
PRODUCT_00415,COMP_0305,CHECKING_01,checking,Caixabank Empresas,caixa_emp,EUR,2026-01-09 09:34:48
PRODUCT_00416,COMP_0787,CHECKING_01,checking,DNB,dnb,EUR,2026-04-09 13:31:20
PRODUCT_00417,COMP_0389,CHECKING_01,checking,Caixabank Empresas,caixa_emp,EUR,2025-06-20 08:43:27
PRODUCT_00419,COMP_0670,CHECKING_02,checking,Citibank Empresas GLOBAL,citi,USD,2025-11-11 16:32:34
PRODUCT_00420,COMP_0635,LINEOFCOMEX_01,lineofcomex,Caixabank Empresas,caixa_emp,EUR,2025-10-01 08:53:38
PRODUCT_00421,COMP_1279,CARD_02,card,Caixabank,caixa_emp,EUR,2024-04-30 11:38:30
PRODUCT_00422,COMP_0745,CARD_01,card,Banco Santander Empresas,santander_emp,EUR,2026-02-25 09:39:18
PRODUCT_00423,COMP_1143,CHECKING_01,checking,BBVA Net Cash Empresas,bbva_emp,EUR,2024-12-03 12:29:39
PRODUCT_00424,COMP_0855,CHECKING_02,checking,Banco Sabadell Empresas,sabadell_emp,EUR,2026-09-02 07:19:02
PRODUCT_00426,COMP_1072,CHECKING_01,checking,Caixabank Empresas,caixa_emp,EUR,2025-09-18 09:09:44
PRODUCT_00427,COMP_1187,CHECKING_02,checking,Banking Circle GLOBAL,bc,EUR,2026-02-06 10:41:39
PRODUCT_00428,COMP_0675,CARD_01,card,Caixabank Empresas,caixa_emp,EUR,2025-11-05 10:11:03
PRODUCT_00429,COMP_0404,CARD_01,card,American Express,ins_10,USD,2024-12-11 16:43:05
PRODUCT_00432,COMP_0385,CHECKING_01,checking,Bankinter Empresas,bankinter_emp,EUR,2025-07-15 13:50:48
PRODUCT_00433,COMP_1038,INVESTMENT_01,investment,Other (customer-defined),custom,EUR,2026-05-28 19:16:00
PRODUCT_00435,COMP_0563,CHECKING_01,checking,Banco Santander Empresas,santander_emp,EUR,2025-03-06 15:44:00
PRODUCT_00437,COMP_0786,CARD_01,card,Caixabank,caixa_emp,EUR,2026-02-17 14:19:36
PRODUCT_00438,COMP_0225,CHECKING_01,checking,Piraeus Bank,piraeus,EUR,2024-02-12 10:24:00
PRODUCT_00440,COMP_0584,CHECKING_01,checking,Banco Sabadell T. sec - CAL Empresas,sabadell_emp_sec,EUR,2026-01-13 15:51:34
PRODUCT_00442,COMP_0477,CHECKING_01,checking,Other (customer-defined),custom,USD,2026-08-11 18:53:49
PRODUCT_00443,COMP_0982,CARD_02,card,Caixabank Empresas,caixa_emp,EUR,2025-03-25 10:07:20
PRODUCT_00444,COMP_0376,CHECKING_03,checking,Banco Santander Empresas,santander_emp,EUR,2026-04-08 13:43:20
PRODUCT_00447,COMP_0713,CARD_03,card,Caixabank Empresas,caixa_emp,EUR,2025-03-24 15:08:03
PRODUCT_00449,COMP_1091,CHECKING_01,checking,Caixabank Empresas,caixa_emp,EUR,2025-03-17 13:45:51
PRODUCT_00450,COMP_0521,CHECKING_01,checking,Santander Bank - Business - Business,ins_125271,USD,2025-07-04 08:06:51
PRODUCT_00451,COMP_0785,CHECKING_01,checking,Banco Sabadell,sabadell_emp,EUR,2024-06-19 07:52:34
PRODUCT_00452,COMP_0665,CHECKING_01,checking,Caixabank Empresas,caixa_emp,GBP,2025-06-17 14:43:23
PRODUCT_00454,COMP_0657,CHECKING_01,checking,Banco Santander Empresas,santander_emp,EUR,2025-01-22 09:31:24
PRODUCT_00455,COMP_1028,CARD_01,card,Globalcaja,ruralvia_globalcaja,EUR,2026-03-20 13:10:45
PRODUCT_00456,COMP_0805,CHECKING_01,checking,Banca March,bancamarch,EUR,2025-10-03 08:54:36
PRODUCT_00457,COMP_0798,CARD_02,card,Banco Santander Empresas,santander_emp,EUR,2025-09-11 11:13:14
PRODUCT_00458,COMP_0393,CHECKING_01,checking,Banco Sabadell Empresas,sabadell_emp,EUR,2025-12-04 16:09:37
PRODUCT_00461,COMP_0376,CHECKING_04,checking,Banco Sabadell Empresas,sabadell_emp,EUR,2026-04-08 08:11:53
PRODUCT_00462,COMP_0584,CHECKING_02,checking,BBVA Net Cash Empresas,bbva_emp,EUR,2025-10-14 11:17:17
PRODUCT_00463,COMP_0792,CHECKING_01,checking,Bankinter,bankinter_emp,EUR,2023-10-10 06:09:05
PRODUCT_00464,COMP_1038,CHECKING_02,checking,Caixabank Empresas,caixa_emp,EUR,2025-09-09 11:37:41
PRODUCT_00465,COMP_0619,CARD_01,card,Caixabank,caixa,EUR,2026-04-14 08:23:52
PRODUCT_00466,COMP_0247,WALLET_01,wallet,Embat,embat,NOK,2026-07-09 12:31:21
PRODUCT_00467,COMP_0228,CHECKING_01,checking,Banca March,bancamarch,EUR,2025-10-29 17:08:46
PRODUCT_00469,COMP_0749,CHECKING_01,checking,KBC Brussels Belgium,kbcbrussels_belgium,EUR,2026-09-10 13:49:57
PRODUCT_00472,COMP_0427,CHECKING_01,checking,Bankinter,bankinter_emp,USD,2024-04-17 13:18:41
PRODUCT_00474,COMP_0416,CHECKING_01,checking,Caixa Almenara,caixaruralalmenara,EUR,2026-07-04 15:00:09
PRODUCT_00475,COMP_1187,CHECKING_03,checking,Banking Circle GLOBAL,bc,GBP,2026-02-06 11:22:14
PRODUCT_00477,COMP_0855,CHECKING_03,checking,BBVA Net Cash Empresas,bbva_emp,EUR,2026-05-14 11:12:08
PRODUCT_00478,COMP_0038,CHECKING_02,checking,Abanca Empresas,abanca_emp,EUR,2026-04-14 16:11:34
PRODUCT_00479,COMP_0515,CHECKING_03,checking,Bankinter Empresas,bankinter_emp,EUR,2025-10-14 11:08:28
PRODUCT_00483,COMP_1006,CARD_02,card,Banco Sabadell,sabadell_emp,EUR,2024-02-15 14:22:49
PRODUCT_00484,COMP_0319,CHECKING_01,checking,CAIXA GERAL DE DEPOSITOS SA,caixa-geral-de-depositos,EUR,2026-03-11 17:13:51
PRODUCT_00485,COMP_1104,CHECKING_01,checking,HSBC Bank (USA) - HSBCnet,ins_136937,USD,2026-07-14 11:39:18
PRODUCT_00486,COMP_0301,CHECKING_01,checking,Banco Sabadell Empresas,sabadell_emp,EUR,2025-12-11 18:57:14
PRODUCT_00488,COMP_0304,CHECKING_01,checking,Banco Santander Empresas,santander_emp,EUR,2026-01-08 10:45:48
PRODUCT_00492,COMP_0039,CHECKING_01,checking,Crédit Industriel et Commercial,cic,EUR,2025-09-30 09:39:53
PRODUCT_00493,COMP_0685,CARD_01,card,BBVA,bbva_emp,EUR,2024-03-11 12:54:01
PRODUCT_00494,COMP_0289,CHECKING_01,checking,Banco Sabadell Empresas,sabadell_emp,EUR,2024-12-23 14:41:09
PRODUCT_00497,COMP_0556,CHECKING_01,checking,Danske Bank Business Denmark,danskebankbusiness_dk,DKK,2025-06-06 06:02:28
PRODUCT_00498,COMP_0020,CHECKING_01,checking,Caixabank Empresas,caixa_emp,USD,2026-04-28 15:10:57
PRODUCT_00500,COMP_0334,CHECKING_01,checking,iberCaja,ibercaja,EUR,2025-02-17 08:12:25
PRODUCT_00501,COMP_0262,CHECKING_01,checking,Other (customer-defined),custom,USD,2025-06-07 14:03:26
PRODUCT_00502,COMP_0939,CHECKING_01,checking,Barclays Corporate,barclays_corporate,EUR,2026-03-24 14:30:15
PRODUCT_00503,COMP_0484,CHECKING_01,checking,BBVA Net Cash Empresas,bbva_emp,EUR,2026-04-20 11:54:21
PRODUCT_00505,COMP_0418,CHECKING_02,checking,Banco Santander,santander_emp,EUR,2023-06-15 11:07:45
PRODUCT_00506,COMP_1194,CHECKING_01,checking,Banca Credito Italiano (UniCredit),unicredit,USD,2026-01-12 09:48:47
PRODUCT_00507,COMP_0797,CHECKING_03,checking,Banca March,bancamarch,EUR,2025-10-29 17:17:11
PRODUCT_00508,COMP_0301,CHECKING_02,checking,TransferWise,transferwise_es,USD,2025-12-11 18:07:46
PRODUCT_00509,COMP_0830,CHECKING_01,checking,Other (customer-defined),custom,BRL,2023-10-04 19:03:18
PRODUCT_00510,COMP_0868,CHECKING_01,checking,Revolut,revolut,EUR,2025-06-03 13:59:50
PRODUCT_00511,COMP_0640,CHECKING_01,checking,Bankinter Empresas,bankinter_emp,EUR,2024-07-30 11:57:58
PRODUCT_00512,COMP_0956,CARD_03,card,Bankinter Empresas,bankinter_emp,EUR,2026-04-29 14:46:47
PRODUCT_00513,COMP_0970,CHECKING_01,checking,Laboral Kutxa Empresas,cajalaboral_emp,EUR,2026-02-26 10:41:28
PRODUCT_00514,COMP_0067,INVESTMENT_01,investment,Banco Santander Empresas,santander_emp,EUR,2026-03-26 15:56:10
PRODUCT_00516,COMP_0269,LINEOFCOMEX_01,lineofcomex,5th Bank of Eastern Fargo,ins_130209,EUR,2025-10-02 09:23:22
PRODUCT_00517,COMP_1262,CHECKING_01,checking,BBVA Net Cash Empresas,bbva_emp,EUR,2026-04-23 10:26:27
PRODUCT_00518,COMP_0374,CHECKING_01,checking,Banco Sabadell Empresas,sabadell_emp,EUR,2026-01-09 16:42:57
PRODUCT_00519,COMP_0420,CHECKING_03,checking,Abanca Empresas,abanca_emp,EUR,2026-04-14 16:08:35
PRODUCT_00520,COMP_1262,CHECKING_02,checking,Banco Santander Empresas,santander_emp,EUR,2026-04-23 08:29:57
PRODUCT_00521,COMP_0970,CHECKING_02,checking,Bankinter Empresas,bankinter_emp,EUR,2026-02-26 17:09:26
PRODUCT_00522,COMP_1004,CHECKING_01,checking,Stripe,stripe,USD,2024-07-03 10:54:53
PRODUCT_00523,COMP_1252,CHECKING_01,checking,Banco Santander Empresas,santander_emp,EUR,2026-04-08 12:16:09
PRODUCT_00524,COMP_0465,CHECKING_01,checking,Payhawk,payhawk,EUR,2026-05-21 08:05:57
PRODUCT_00525,COMP_0362,CARD_01,card,Banco Sabadell T. sec - CAL Empresas,sabadell_emp_sec,EUR,2024-09-17 12:48:01
PRODUCT_00532,COMP_0922,CHECKING_01,checking,Banco Santander Empresas,santander_emp,EUR,2025-06-02 16:07:51
PRODUCT_00533,COMP_1227,CHECKING_01,checking,Banco Sabadell Empresas,sabadell_emp,EUR,2025-04-04 09:27:47
PRODUCT_00534,COMP_0988,CHECKING_02,checking,Bankinter Empresas,bankinter_emp,EUR,2026-07-14 08:01:04
PRODUCT_00535,COMP_1004,CHECKING_02,checking,Silicon Valley Bank - SVB Go,ins_131932,USD,2024-09-13 08:22:19
PRODUCT_00536,COMP_1233,CHECKING_02,checking,NOVO BANCO SA,novo-banco-sa,EUR,2025-02-14 13:12:10
PRODUCT_00538,COMP_0794,CHECKING_01,checking,Caixabank Empresas,caixa_emp,EUR,2026-04-23 14:43:25
PRODUCT_00540,COMP_0746,CHECKING_01,checking,Banco Santander Empresas,santander_emp,EUR,2025-01-22 09:31:24
PRODUCT_00542,COMP_0856,CHECKING_03,checking,Revolut EU,revolut_gb,EUR,2024-11-13 08:38:13
PRODUCT_00543,COMP_0881,CHECKING_01,checking,Banco Sabadell Empresas,sabadell_emp,EUR,2025-04-30 14:15:51
PRODUCT_00544,COMP_0861,INVESTMENT_02,investment,Caixabank Empresas,caixa_emp,EUR,2026-03-10 09:38:06
PRODUCT_00545,COMP_0515,CHECKING_04,checking,Caixabank Empresas,caixa_emp,EUR,2026-06-30 10:05:25
PRODUCT_00546,COMP_0867,CHECKING_01,checking,BBVA Net Cash Empresas,bbva_emp,EUR,2025-03-18 10:23:32
PRODUCT_00547,COMP_0524,CHECKING_01,checking,BBVA Net Cash Empresas,bbva_emp,EUR,2026-05-14 11:12:08
PRODUCT_00549,COMP_0730,CHECKING_03,checking,LBBW,bw-bank,EUR,2026-08-10 16:07:32
PRODUCT_00550,COMP_0110,CHECKING_01,checking,DNB,dnb,NOK,2026-04-09 13:31:20
PRODUCT_00551,COMP_0877,CHECKING_02,checking,RuralVia Empresas,ruralvia_emp,EUR,2025-10-01 08:38:32
PRODUCT_00552,COMP_0592,CHECKING_01,checking,Banco Santander Empresas,santander_emp,EUR,2025-12-01 10:55:39
PRODUCT_00553,COMP_0801,CHECKING_01,checking,Caixabank Empresas,caixa_emp,EUR,2025-03-24 15:39:35
PRODUCT_00554,COMP_0296,CHECKING_01,checking,Banco Santander Empresas,santander_emp,USD,2025-09-11 10:13:41
PRODUCT_00555,COMP_0323,CHECKING_02,checking,Chase,ins_56,USD,2026-03-03 13:51:08
PRODUCT_00556,COMP_0292,CHECKING_03,checking,Other (customer-defined),custom,GHS,2025-10-15 13:22:24
PRODUCT_00557,COMP_0269,CHECKING_01,checking,PayPal,paypal,EUR,2025-04-21 07:59:03
PRODUCT_00558,COMP_0802,CHECKING_01,checking,Banco Sabadell T. sec - CAL Empresas,sabadell_emp_sec,EUR,2026-01-13 16:24:34
PRODUCT_00559,COMP_0769,CHECKING_01,checking,Novobanco SA,novo-banco-sa,EUR,2026-09-04 10:44:55
PRODUCT_00560,COMP_1060,CHECKING_02,checking,BBVA Net Cash Empresas,bbva_emp,EUR,2026-04-20 11:54:21
PRODUCT_00561,COMP_0501,CHECKING_01,checking,Banco Santander Empresas,santander_emp,EUR,2026-04-20 10:19:29
PRODUCT_00562,COMP_1077,CHECKING_01,checking,Caixabank Empresas,caixa_emp,EUR,2025-09-18 09:50:55
PRODUCT_00563,COMP_0750,CHECKING_01,checking,Banco Sabadell T. sec - CAL Empresas,sabadell_emp_sec,EUR,2025-05-22 14:36:58
PRODUCT_00564,COMP_0346,CHECKING_01,checking,BBVA Net Cash Empresas,bbva_emp,EUR,2025-02-14 11:07:24
PRODUCT_00565,COMP_0859,CHECKING_01,checking,Payhawk,payhawk,EUR,2024-11-25 15:59:25
PRODUCT_00566,COMP_0531,CHECKING_01,checking,Banco Santander,santander_emp,EUR,2023-07-12 14:55:14
PRODUCT_00567,COMP_0747,CHECKING_02,checking,Banco Santander Empresas,santander_emp,EUR,2025-05-22 15:47:15
PRODUCT_00569,COMP_0670,CHECKING_03,checking,Revolut,revolut,GBP,2024-11-13 08:44:32
PRODUCT_00571,COMP_1208,CHECKING_02,checking,Abanca Empresas,abanca_emp,EUR,2026-04-14 16:15:22
PRODUCT_00572,COMP_0413,CHECKING_01,checking,Intesa Sanpaolo S.p.A - Corporate,intesa_sanpaolo_corporate,EUR,2026-03-12 08:20:52
PRODUCT_00573,COMP_0878,CHECKING_01,checking,iberCaja,ibercaja,EUR,2026-03-12 09:31:53
PRODUCT_00574,COMP_1130,CHECKING_01,checking,Banco Santander,santander_emp,EUR,2024-06-10 10:43:50
PRODUCT_00576,COMP_0514,CHECKING_01,checking,HSBC Corporate,hsbccorporate,NOK,2026-04-09 13:19:21
PRODUCT_00577,COMP_0087,CARD_02,card,Abanca Empresas,abanca_emp,EUR,2024-10-17 15:51:23
PRODUCT_00578,COMP_0399,CHECKING_01,checking,Banco Sabadell T. sec - CAL Empresas,sabadell_emp_sec,EUR,2022-11-17 13:50:46
PRODUCT_00579,COMP_0273,CHECKING_01,checking,Banco Santander Empresas,santander_emp,EUR,2025-07-30 09:13:17
PRODUCT_00581,COMP_1159,CHECKING_01,checking,Banco Sabadell Empresas,sabadell_emp,EUR,2025-09-08 10:11:41
PRODUCT_00582,COMP_0864,CHECKING_02,checking,Paypal,paypal,USD,2024-02-16 12:08:12
PRODUCT_00583,COMP_1271,CHECKING_01,checking,Caixabank Empresas,caixa_emp,EUR,2025-05-22 13:38:21
PRODUCT_00586,COMP_1195,CHECKING_01,checking,Caixabank Empresas,caixa_emp,EUR,2026-01-26 12:54:14
PRODUCT_00587,COMP_0150,TPV_01,tpv,Redsys,redsys,EUR,2025-09-23 07:23:58
PRODUCT_00588,COMP_0854,CARD_01,card,Bankinter Empresas,bankinter_emp,EUR,2025-09-25 08:48:50
PRODUCT_00589,COMP_0346,CHECKING_02,checking,Banco Sabadell Empresas,sabadell_emp,EUR,2025-02-14 12:14:56
PRODUCT_00590,COMP_0527,CHECKING_01,checking,Kutxabank Empresas,kutxabank_emp,EUR,2025-09-02 15:20:07
PRODUCT_00592,COMP_0568,CHECKING_01,checking,BBVA Net Cash Empresas,bbva_emp,EUR,2025-03-12 11:58:01
PRODUCT_00594,COMP_0412,CARD_01,card,Caixabank,caixa_emp,EUR,2023-09-14 10:28:20
PRODUCT_00595,COMP_0025,CHECKING_01,checking,Other (customer-defined),custom,USD,2025-09-24 07:57:45
PRODUCT_00596,COMP_0090,WALLET_01,wallet,Embat,embat,EUR,2025-06-06 08:50:43
PRODUCT_00597,COMP_1272,CHECKING_01,checking,BBVA Net Cash Empresas,bbva_emp,EUR,2026-03-05 13:57:31
PRODUCT_00598,COMP_0269,CHECKING_02,checking,BBVA,bbva,EUR,2025-06-24 09:05:14
PRODUCT_00599,COMP_0909,CHECKING_03,checking,Bankinter,bankinter_emp,GBP,2024-04-03 07:31:38
PRODUCT_00601,COMP_0773,CHECKING_01,checking,Caixabank,caixa_emp,EUR,2024-06-26 10:44:10
PRODUCT_00602,COMP_0604,CARD_01,card,RuralVia Empresas,ruralvia_emp,EUR,2024-10-25 09:51:21
PRODUCT_00603,COMP_1068,CARD_01,card,Unicaja Empresas,unicaja_emp,EUR,2026-02-05 15:46:28
PRODUCT_00604,COMP_0861,WALLET_01,wallet,Caixabank Empresas,caixa_emp,USD,2025-10-15 13:12:52
PRODUCT_00606,COMP_0160,CHECKING_01,checking,Banco Sabadell Empresas,sabadell_emp,EUR,2025-02-10 12:03:26
PRODUCT_00607,COMP_0288,CARD_01,card,Bankinter,bankinter,EUR,2023-06-16 10:38:30
PRODUCT_00608,COMP_0292,CHECKING_04,checking,Other (customer-defined),custom,GHS,2025-10-15 13:31:03
PRODUCT_00612,COMP_1222,CHECKING_01,checking,American Express,ins_10,MXN,2026-08-12 09:14:32
PRODUCT_00613,COMP_0372,CHECKING_01,checking,Banco Santander Empresas,santander_emp,EUR,2026-02-17 09:29:10
PRODUCT_00614,COMP_0301,CHECKING_03,checking,TransferWise,transferwise_es,USD,2025-12-11 18:07:46
PRODUCT_00616,COMP_0651,CHECKING_01,checking,Banca March,bancamarch,EUR,2025-10-29 18:49:27
PRODUCT_00619,COMP_0123,CHECKING_01,checking,Banco Sabadell,sabadell_emp,EUR,2023-08-31 09:29:28
PRODUCT_00620,COMP_0515,CHECKING_05,checking,Caixabank Empresas,caixa_emp,EUR,2025-10-14 11:24:20
PRODUCT_00621,COMP_0029,CHECKING_04,checking,Other (customer-defined),custom,EUR,2026-06-18 15:40:08
PRODUCT_00622,COMP_0756,CARD_01,card,BBVA Net Cash Empresas,bbva_emp,EUR,2026-04-07 11:09:45
PRODUCT_00623,COMP_0773,CHECKING_02,checking,BBVA,bbva_emp,EUR,2024-06-21 10:58:14
PRODUCT_00624,COMP_0325,CHECKING_01,checking,Banco Santander Empresas,santander_emp,EUR,2024-11-06 14:05:44
PRODUCT_00625,COMP_1246,CHECKING_02,checking,BBVA Net Cash Empresas,bbva_emp,EUR,2026-04-20 11:54:21
PRODUCT_00626,COMP_1066,CHECKING_01,checking,Banco Sabadell Empresas,sabadell_emp,EUR,2025-09-23 10:41:16
PRODUCT_00627,COMP_0798,CARD_03,card,Banco Santander Empresas,santander_emp,EUR,2025-09-11 09:57:00
PRODUCT_00630,COMP_0990,CHECKING_01,checking,Other (customer-defined),custom,HKD,2025-10-27 18:22:54
PRODUCT_00631,COMP_0243,INVESTMENT_01,investment,Banco Santander Empresas,santander_emp,EUR,2025-06-10 14:15:40
PRODUCT_00634,COMP_0519,CHECKING_01,checking,BBVA,bbva_emp,EUR,2024-01-08 15:47:03
PRODUCT_00636,COMP_0007,CHECKING_01,checking,BBVA Net Cash Empresas,bbva_emp,EUR,2026-04-27 10:21:43
PRODUCT_00637,COMP_0221,CHECKING_01,checking,Caixabank Empresas,caixa_emp,EUR,2026-04-20 14:20:48
PRODUCT_00638,COMP_0480,CHECKING_02,checking,NOVO BANCO SA,novo-banco-sa,EUR,2024-06-27 09:45:14
PRODUCT_00639,COMP_0692,SAVING_01,saving,Barclays Business,barclays_business,GBP,2026-03-03 14:05:00
PRODUCT_00640,COMP_0552,CHECKING_01,checking,BBVA,bbva_emp,EUR,2024-05-21 14:47:44
PRODUCT_00641,COMP_1092,CHECKING_01,checking,Caixabank Empresas,caixa_emp,EUR,2026-03-04 07:58:17
PRODUCT_00642,COMP_1185,INVESTMENT_01,investment,Banco Sabadell,sabadell_emp,EUR,2025-05-06 17:08:28
PRODUCT_00643,COMP_0449,CHECKING_02,checking,Banca March,bancamarch,EUR,2026-05-11 11:44:08
PRODUCT_00645,COMP_1057,CHECKING_01,checking,Wise,transferwise,USD,2025-09-12 12:36:24
PRODUCT_00647,COMP_1038,CARD_01,card,Banco Santander Empresas,santander_emp,EUR,2025-09-09 11:29:48
PRODUCT_00648,COMP_0837,CHECKING_02,checking,Deutsche Bank (ES) - Empresas,ins_127317,EUR,2026-04-27 08:13:14
PRODUCT_00650,COMP_0354,CHECKING_02,checking,CajaSur,cajasur,EUR,2025-07-31 11:41:13
PRODUCT_00652,COMP_0517,CHECKING_01,checking,Banco Santander Empresas,santander_emp,EUR,2025-12-18 12:08:41
PRODUCT_00653,COMP_0630,CARD_03,card,Caixabank Empresas,caixa_emp,EUR,2026-02-13 10:38:01
PRODUCT_00654,COMP_0195,CHECKING_01,checking,Banco Santander Empresas,santander_emp,EUR,2024-10-24 07:30:17
PRODUCT_00655,COMP_1058,CHECKING_01,checking,Caixabank Empresas,caixa_emp,EUR,2025-12-11 09:07:12
PRODUCT_00656,COMP_0778,CHECKING_01,checking,Caixabank Empresas,caixa_emp,EUR,2023-11-03 11:42:24
PRODUCT_00657,COMP_0803,CARD_01,card,Banco Santander,santander_emp,EUR,2023-10-23 10:45:54
PRODUCT_00658,COMP_0517,CARD_01,card,BBVA Net Cash Empresas,bbva_emp,EUR,2025-12-18 12:06:44
PRODUCT_00663,COMP_0443,CHECKING_01,checking,Caixabank Empresas,caixa_emp,EUR,2026-02-10 08:01:46
PRODUCT_00664,COMP_0576,CHECKING_01,checking,Bankinter Empresas,bankinter_emp,EUR,2026-06-23 11:23:15
PRODUCT_00665,COMP_0797,CHECKING_04,checking,Banca March,bancamarch,EUR,2025-10-29 16:35:11
PRODUCT_00666,COMP_0082,CHECKING_01,checking,Banco Santander Empresas,santander_emp,EUR,2025-10-28 15:01:21
PRODUCT_00669,COMP_1129,CHECKING_01,checking,Banco Santander Empresas,santander_emp,EUR,2026-02-11 11:56:06
PRODUCT_00670,COMP_0116,CHECKING_01,checking,Banco Santander Empresas,santander_emp,EUR,2026-01-13 09:31:31
PRODUCT_00671,COMP_0282,EXPENSESPLATFORM_03,expensesPlatform,Caixabank,caixa_emp,EUR,2024-02-19 10:45:26
PRODUCT_00674,COMP_0471,CHECKING_01,checking,Cajamar,cajamar,EUR,2026-02-04 12:33:15
PRODUCT_00675,COMP_0352,CHECKING_01,checking,BBVA Net Cash Empresas,bbva_emp,USD,2026-06-23 09:11:09
PRODUCT_00676,COMP_0252,CHECKING_06,checking,Banking Circle GLOBAL,bc,CZK,2026-07-28 13:54:20
PRODUCT_00677,COMP_0848,CHECKING_02,checking,Wells Fargo,ins_127991,USD,2026-03-18 12:06:49
PRODUCT_00678,COMP_0713,CHECKING_01,checking,Bankinter Empresas,bankinter_emp,EUR,2025-03-24 12:20:49
PRODUCT_00680,COMP_0252,CHECKING_07,checking,Banking Circle GLOBAL,bc,DKK,2026-05-18 10:07:03
PRODUCT_00681,COMP_1215,CARD_01,card,Caixabank Empresas,caixa_emp,EUR,2026-07-08 18:39:31
PRODUCT_00682,COMP_0456,CARD_01,card,Iberia Cards Empresas,iberiacards_emp,EUR,2025-09-30 11:02:16
PRODUCT_00683,COMP_0203,CARD_04,card,Abanca,abanca_emp,EUR,2023-09-14 09:24:43
PRODUCT_00685,COMP_0591,CHECKING_01,checking,Banco Santander Empresas,santander_emp,USD,2025-12-10 10:50:48
PRODUCT_00686,COMP_1067,CHECKING_02,checking,Other (customer-defined),custom,CAD,2025-06-07 13:14:20
PRODUCT_00687,COMP_0623,CHECKING_03,checking,Caixabank Empresas,caixa_emp,EUR,2025-04-09 10:47:22
PRODUCT_00688,COMP_0397,CHECKING_01,checking,Other (customer-defined),custom,EUR,2025-05-14 13:08:40
PRODUCT_00690,COMP_1016,CARD_03,card,Caixabank Empresas,caixa_emp,EUR,2026-03-20 13:16:26
PRODUCT_00691,COMP_0633,CHECKING_01,checking,ING,ing,CZK,2025-12-22 14:59:57
PRODUCT_00692,COMP_0238,CHECKING_01,checking,Banco Sabadell Empresas,sabadell_emp,EUR,2026-02-17 08:44:58
PRODUCT_00693,COMP_1149,CARD_01,card,Banco Santander Empresas,santander_emp,EUR,2025-09-11 11:13:14
PRODUCT_00694,COMP_0931,CHECKING_01,checking,Payhawk,payhawk,EUR,2024-10-01 08:40:51
PRODUCT_00695,COMP_1283,CHECKING_01,checking,Other (customer-defined),custom,MXN,2025-10-02 10:24:50
PRODUCT_00696,COMP_0101,CHECKING_02,checking,Banco Sabadell Empresas,sabadell_emp,EUR,2024-12-11 14:19:31
PRODUCT_00697,COMP_1086,CHECKING_01,checking,Revolut,revolut,USD,2023-10-30 11:41:37
PRODUCT_00698,COMP_0038,CHECKING_03,checking,Abanca Empresas,abanca_emp,EUR,2026-04-14 16:11:34
PRODUCT_00700,COMP_0252,CHECKING_08,checking,Vereinigte Volksbank Raiffeisenbank eG,volksbank-hunsrueck-nahe,SEK,2026-03-19 10:58:13
PRODUCT_00702,COMP_0395,CHECKING_01,checking,NOVO BANCO SA,novo-banco-sa,EUR,2025-04-16 09:54:50
PRODUCT_00704,COMP_1006,CARD_03,card,Banco Sabadell,sabadell_emp,EUR,2024-06-14 08:47:58
PRODUCT_00705,COMP_0512,CHECKING_01,checking,iberCaja,ibercaja,EUR,2025-09-17 14:11:52
PRODUCT_00706,COMP_0879,CHECKING_01,checking,HSBC Corporate,hsbccorporate,GBP,2026-08-04 15:08:25
PRODUCT_00708,COMP_0407,CHECKING_01,checking,Abanca Empresas,abanca_emp,EUR,2025-10-09 12:10:26
PRODUCT_00710,COMP_0087,CHECKING_01,checking,Banco Sabadell Empresas,sabadell_emp,EUR,2026-06-19 08:45:56
PRODUCT_00711,COMP_0709,CHECKING_01,checking,Caixa Almenara,caixaruralalmenara,EUR,2026-07-04 15:03:21
PRODUCT_00712,COMP_0525,CHECKING_01,checking,Bankinter Empresas,bankinter_emp,EUR,2024-11-05 10:21:16
PRODUCT_00714,COMP_0324,CHECKING_02,checking,BBVA Net Cash Empresas,bbva_emp,EUR,2026-04-20 11:54:21
PRODUCT_00716,COMP_0772,CHECKING_01,checking,Banco Santander Empresas,santander_emp,EUR,2025-03-25 08:16:34
PRODUCT_00717,COMP_0058,CHECKING_01,checking,Banco Pichincha,pichincha,EUR,2026-05-26 07:48:50
PRODUCT_00719,COMP_0292,CHECKING_05,checking,Other (customer-defined),custom,GHS,2025-10-15 13:20:32
PRODUCT_00721,COMP_0376,CHECKING_05,checking,Banco Santander,santander_emp,EUR,2026-03-03 11:01:12
PRODUCT_00722,COMP_0526,CHECKING_01,checking,Caixabank Empresas,caixa_emp,EUR,2025-05-22 15:16:31
PRODUCT_00723,COMP_0038,CARD_01,card,BBVA Net Cash Empresas,bbva_emp,EUR,2026-04-06 15:55:12
PRODUCT_00724,COMP_1012,CARD_01,card,BBVA Net Cash Empresas,bbva_emp,EUR,2026-01-22 14:41:10
PRODUCT_00725,COMP_1185,CHECKING_01,checking,Banco Sabadell,sabadell_emp,EUR,2024-05-21 13:46:18
PRODUCT_00726,COMP_0941,CHECKING_01,checking,Caixabank,caixa_emp,EUR,2023-05-23 08:37:15
PRODUCT_00727,COMP_0026,CHECKING_01,checking,Deutsche Bank AG,deutschebank-pfb_de,EUR,2026-03-03 12:48:43
PRODUCT_00728,COMP_1140,CHECKING_01,checking,Bankinter Empresas,bankinter_emp,EUR,2026-02-26 17:06:50
PRODUCT_00730,COMP_1121,CHECKING_01,checking,Intesa Sanpaolo,sanpaolo_it,EUR,2025-12-19 16:22:46
PRODUCT_00731,COMP_0296,CHECKING_02,checking,Banco Santander Empresas,santander_emp,EUR,2025-09-11 10:13:41
PRODUCT_00732,COMP_1185,CHECKING_02,checking,Banco Santander,santander_emp,EUR,2024-05-21 13:50:07
PRODUCT_00734,COMP_0692,CHECKING_01,checking,Barclays Business,barclays_business,GBP,2026-03-03 14:05:00
PRODUCT_00735,COMP_0837,CHECKING_03,checking,Banco Santander,santander_emp,EUR,2023-04-27 09:53:59
PRODUCT_00736,COMP_0561,CHECKING_01,checking,Bankinter Empresas,bankinter_emp,EUR,2025-04-24 06:28:02
PRODUCT_00738,COMP_1200,CHECKING_01,checking,Banco Sabadell Empresas,sabadell_emp,EUR,2026-04-16 12:56:05
PRODUCT_00739,COMP_1160,CHECKING_01,checking,Caixabank,caixa_emp,EUR,2023-05-29 08:20:00
PRODUCT_00740,COMP_0040,CHECKING_01,checking,Banco Sabadell Empresas,sabadell_emp,EUR,2026-03-10 13:40:38
PRODUCT_00741,COMP_1095,CHECKING_01,checking,Stripe,stripe,EUR,2025-09-23 11:41:24
PRODUCT_00742,COMP_0157,CHECKING_01,checking,Banco Sabadell Empresas,sabadell_emp,EUR,2025-05-23 10:07:37
PRODUCT_00744,COMP_0744,WALLET_01,wallet,Embat,embat,USD,2026-02-09 09:03:59
PRODUCT_00745,COMP_0903,CHECKING_01,checking,iberCaja,ibercaja,EUR,2024-12-03 12:19:38
PRODUCT_00746,COMP_1024,CARD_01,card,Banco Santander Empresas,santander_emp,EUR,2025-10-20 08:40:57
PRODUCT_00747,COMP_0855,INVESTMENT_01,investment,Banco Santander Empresas,santander_emp,EUR,2026-08-19 12:09:53
PRODUCT_00748,COMP_0145,CHECKING_02,checking,Paypal,paypal,GBP,2026-04-28 15:17:42
PRODUCT_00749,COMP_1016,CARD_04,card,Caixabank Empresas,caixa_emp,EUR,2026-03-20 13:16:26
PRODUCT_00750,COMP_0956,CHECKING_01,checking,BBVA Net Cash Empresas,bbva_emp,EUR,2026-04-29 11:21:29
PRODUCT_00751,COMP_0909,CARD_01,card,Bankinter,bankinter_emp,EUR,2024-04-03 07:31:38
PRODUCT_00754,COMP_0068,CHECKING_01,checking,Banco Sabadell T. sec - CAL Empresas,sabadell_emp_sec,EUR,2024-09-18 11:37:23
PRODUCT_00755,COMP_0691,CHECKING_01,checking,UniCredit eBanking Global by HypoVereinsbank - UniCredit Bank AG,unicreditbusiness_de,EUR,2026-07-16 11:25:55
PRODUCT_00756,COMP_0251,CHECKING_01,checking,Other (customer-defined),custom,PEN,2025-07-21 13:50:00
PRODUCT_00757,COMP_0137,CHECKING_01,checking,Banco Santander Empresas,santander_emp,EUR,2025-04-04 11:45:23
PRODUCT_00758,COMP_0385,CHECKING_02,checking,Caixabank Empresas,caixa_emp,EUR,2025-07-15 13:58:44
PRODUCT_00759,COMP_0292,CHECKING_06,checking,Other (customer-defined),custom,EUR,2025-10-15 13:32:08
PRODUCT_00760,COMP_1249,CHECKING_02,checking,Caixabank Empresas,caixa_emp,EUR,2025-05-13 11:50:23
PRODUCT_00761,COMP_0376,CHECKING_06,checking,Banco Santander Empresas,santander_emp,EUR,2026-04-08 13:34:50
PRODUCT_00762,COMP_0262,CHECKING_02,checking,Other (customer-defined),custom,CAD,2025-09-24 07:56:30
PRODUCT_00763,COMP_1093,CHECKING_01,checking,Banco Santander Empresas,santander_emp,EUR,2025-03-06 15:44:00
PRODUCT_00764,COMP_0623,CHECKING_04,checking,Banco Sabadell T. sec - CAL Empresas,sabadell_emp_sec,EUR,2025-04-09 13:40:36
PRODUCT_00766,COMP_0437,CHECKING_01,checking,Banco Sabadell Empresas,sabadell_emp,EUR,2025-09-11 10:08:30
PRODUCT_00768,COMP_0038,CARD_02,card,BBVA Net Cash Empresas,bbva_emp,EUR,2026-06-16 09:34:15
PRODUCT_00769,COMP_0909,CHECKING_04,checking,Bankinter,bankinter_emp,EUR,2024-04-03 07:31:38
PRODUCT_00770,COMP_0557,CHECKING_01,checking,Caixabank Empresas,caixa_emp,EUR,2025-07-04 07:14:57
PRODUCT_00771,COMP_1276,CHECKING_01,checking,Banco Santander Empresas,santander_emp,EUR,2025-03-17 12:06:38
PRODUCT_00772,COMP_0020,CHECKING_02,checking,Caixabank Empresas,caixa_emp,EUR,2026-04-28 15:10:57
PRODUCT_00773,COMP_0885,CHECKING_01,checking,Banco Santander,santander_emp,EUR,2023-05-29 08:03:21
PRODUCT_00775,COMP_1222,CHECKING_02,checking,American Express,ins_10,MXN,2026-08-12 09:15:33
PRODUCT_00776,COMP_0444,INVESTMENT_01,investment,RuralVia Empresas,ruralvia_emp,EUR,2026-03-25 15:48:18
PRODUCT_00777,COMP_0519,CARD_01,card,Banco Santander,santander_emp,EUR,2024-01-08 15:40:33
PRODUCT_00779,COMP_0803,CARD_02,card,BBVA,bbva_emp,EUR,2025-05-13 10:38:28
PRODUCT_00780,COMP_0351,CHECKING_04,checking,Caixabank,caixa,USD,2026-06-26 10:31:27
PRODUCT_00781,COMP_0820,CHECKING_01,checking,Banco Santander,santander_emp,EUR,2023-05-29 08:05:23
PRODUCT_00782,COMP_0058,CHECKING_02,checking,BBVA Net Cash Empresas,bbva_emp,EUR,2026-04-06 16:41:38
PRODUCT_00783,COMP_0842,CHECKING_01,checking,BBVA Net Cash Empresas,bbva_emp,EUR,2025-07-02 08:09:13
PRODUCT_00784,COMP_0521,CHECKING_02,checking,Other (customer-defined),custom,USD,2025-06-12 09:49:19
PRODUCT_00785,COMP_0616,CHECKING_01,checking,Banca March,bancamarch,EUR,2026-05-11 12:25:09
PRODUCT_00786,COMP_0754,CHECKING_01,checking,Barclays Corporate,barclays_corporate,USD,2025-10-14 09:41:26
PRODUCT_00787,COMP_0262,CHECKING_03,checking,Other (customer-defined),custom,EUR,2025-05-25 18:38:57
PRODUCT_00788,COMP_1223,CHECKING_01,checking,Banco Santander,santander_emp,EUR,2024-05-10 09:49:28
PRODUCT_00790,COMP_0536,CHECKING_01,checking,Caixabank,caixa,EUR,2026-04-23 12:00:11
PRODUCT_00791,COMP_0797,CHECKING_05,checking,BBVA Net Cash Empresas,bbva_emp,EUR,2026-07-14 10:42:17
PRODUCT_00792,COMP_0071,CHECKING_01,checking,Other (customer-defined),custom,EUR,2025-03-05 14:44:39
PRODUCT_00793,COMP_0409,CHECKING_01,checking,Other (customer-defined),custom,BAM,2026-07-15 09:04:49
PRODUCT_00794,COMP_0703,CHECKING_02,checking,Unicaja Empresas,unicaja_emp,EUR,2024-10-17 08:10:22
PRODUCT_00796,COMP_0402,CARD_01,card,Iberia Cards Empresas,iberiacards_emp,EUR,2025-09-30 10:53:09
PRODUCT_00797,COMP_1285,CHECKING_01,checking,Santander (Corporate UK),santander-coporate_uk,GBP,2026-02-16 12:21:01
PRODUCT_00799,COMP_0287,CHECKING_01,checking,Banco Santander,santander_emp,USD,2023-10-23 10:45:55
PRODUCT_00800,COMP_0436,CHECKING_01,checking,Payhawk,payhawk,EUR,2026-03-18 15:27:51
PRODUCT_00802,COMP_0710,CHECKING_01,checking,Banco Sabadell Empresas,sabadell_emp,EUR,2024-09-24 11:38:11
PRODUCT_00803,COMP_0126,CARD_01,card,Bankinter Empresas,bankinter_emp,EUR,2025-01-28 12:46:14
PRODUCT_00804,COMP_1235,CHECKING_01,checking,Banco Sabadell Empresas,sabadell_emp,EUR,2025-12-04 16:09:37
PRODUCT_00805,COMP_0276,CHECKING_01,checking,Other (customer-defined),custom,AOA,2026-02-18 12:01:10
PRODUCT_00807,COMP_1048,CHECKING_01,checking,BBVA Net Cash Empresas,bbva_emp,EUR,2025-10-17 10:10:14
PRODUCT_00808,COMP_0851,CHECKING_01,checking,Other (customer-defined),custom,USD,2025-10-27 18:19:58
PRODUCT_00809,COMP_0247,WALLET_02,wallet,Embat,embat,DKK,2026-07-07 10:08:27
PRODUCT_00810,COMP_0523,CHECKING_01,checking,Arkéa Banque Entreprises et Institutionnels,arkea-corporate,EUR,2026-03-02 11:10:15
PRODUCT_00811,COMP_0047,CHECKING_01,checking,Cajamar,cajamar,EUR,2025-09-09 12:38:23
PRODUCT_00812,COMP_1194,CHECKING_02,checking,Banca Credito Italiano (UniCredit),unicredit,EUR,2026-01-12 09:48:47
PRODUCT_00813,COMP_0660,CHECKING_01,checking,Nordea Business Denmark,nordea-business_dk,EUR,2026-01-08 20:59:11
PRODUCT_00814,COMP_0402,CARD_02,card,Iberia Cards Empresas,iberiacards_emp,EUR,2025-09-30 10:53:09
PRODUCT_00816,COMP_0491,CARD_03,card,Banco Sabadell Empresas,sabadell_emp,EUR,2024-09-24 11:38:11
PRODUCT_00819,COMP_0956,CARD_04,card,Caixabank Empresas,caixa_emp,EUR,2026-04-29 14:49:43
PRODUCT_00820,COMP_0630,CARD_04,card,Caixabank Empresas,caixa_emp,EUR,2026-02-13 10:38:01
PRODUCT_00822,COMP_0704,CHECKING_01,checking,Caixabank Empresas,caixa_emp,EUR,2025-07-29 13:25:52
PRODUCT_00823,COMP_0466,CHECKING_01,checking,Banco Santander Empresas,santander_emp,EUR,2025-03-06 15:44:00
PRODUCT_00824,COMP_0872,CARD_01,card,Caixabank Empresas,caixa_emp,EUR,2026-03-04 08:05:43
PRODUCT_00826,COMP_0115,CHECKING_01,checking,Globalcaja,ruralvia_globalcaja,EUR,2025-11-28 08:21:30
PRODUCT_00829,COMP_0774,CHECKING_01,checking,Banco Santander Empresas,santander_emp,EUR,2025-03-18 12:10:49
PRODUCT_00830,COMP_0909,CHECKING_05,checking,Deutsche Bank Empresas,deutschebank_emp,GBP,2026-05-12 07:31:00
PRODUCT_00831,COMP_0960,CHECKING_01,checking,Paypal,paypal,USD,2026-02-23 16:42:32
PRODUCT_00834,COMP_0179,CARD_01,card,Banco Santander,santander_emp,EUR,2026-02-17 14:15:19
PRODUCT_00837,COMP_0401,CHECKING_01,checking,Rabobank,rabobank,EUR,2025-11-13 09:11:35
PRODUCT_00838,COMP_0842,CHECKING_02,checking,Banco Sabadell Empresas,sabadell_emp,EUR,2025-07-14 13:31:00
PRODUCT_00839,COMP_0292,CHECKING_07,checking,Other (customer-defined),custom,USD,2025-10-15 10:29:44
PRODUCT_00843,COMP_0876,CHECKING_01,checking,BNP Paribas - Mabanque Corporate,mabanque-corporate,EUR,2024-01-26 08:50:30
PRODUCT_00845,COMP_0893,CHECKING_01,checking,Banco Santander Empresas,santander_emp,EUR,2026-03-05 12:28:35
PRODUCT_00846,COMP_0007,CARD_01,card,Banco Santander Empresas,santander_emp,EUR,2026-03-10 15:44:41
PRODUCT_00847,COMP_0453,CHECKING_01,checking,Banco Sabadell T. sec - CAL Empresas,sabadell_emp_sec,EUR,2025-03-24 14:35:51
PRODUCT_00848,COMP_0167,CHECKING_01,checking,BBVA,bbva_emp,EUR,2024-02-09 09:29:20
PRODUCT_00849,COMP_1067,CHECKING_03,checking,Other (customer-defined),custom,GBP,2025-06-07 13:42:28
PRODUCT_00851,COMP_1039,CHECKING_01,checking,Banco Sabadell Empresas,sabadell_emp,EUR,2025-09-23 10:08:26
PRODUCT_00852,COMP_1050,CHECKING_01,checking,Banco Sabadell Empresas,sabadell_emp,USD,2026-04-08 14:34:41
PRODUCT_00853,COMP_0861,CHECKING_02,checking,Caixabank Empresas,caixa_emp,EUR,2025-10-15 13:12:52
PRODUCT_00854,COMP_0597,CHECKING_01,checking,Laboral Kutxa Empresas,cajalaboral_emp,EUR,2025-10-30 08:51:59
PRODUCT_00855,COMP_0235,CHECKING_01,checking,Revolut EU,revolut,USD,2025-11-03 17:54:21
PRODUCT_00856,COMP_0288,CHECKING_01,checking,Bankinter,bankinter,EUR,2023-02-21 10:36:06
PRODUCT_00857,COMP_0531,CHECKING_02,checking,Bankinter,bankinter_emp,EUR,2023-07-12 14:55:14
PRODUCT_00858,COMP_0760,CHECKING_01,checking,Caixabank,caixa_emp,EUR,2022-10-10 16:49:51
PRODUCT_00859,COMP_0383,CHECKING_02,checking,Banco Sabadell Empresas,sabadell_emp,EUR,2022-11-29 10:08:17
PRODUCT_00860,COMP_0042,CHECKING_01,checking,PNC Pinacle,_pnc_pinacle,USD,2023-07-11 10:44:12
PRODUCT_00861,COMP_0796,CHECKING_01,checking,Banco Santander Empresas,santander_emp,EUR,2023-05-29 09:20:03
PRODUCT_00862,COMP_0203,CHECKING_02,checking,Abanca,abanca_emp,EUR,2023-09-14 09:24:43
PRODUCT_00863,COMP_1222,CHECKING_03,checking,American Express,ins_10,MXN,2026-08-12 09:16:02
PRODUCT_00864,COMP_0919,CHECKING_03,checking,Banco Santander Empresas,santander_emp,EUR,2025-11-03 10:37:28
PRODUCT_00865,COMP_0742,CHECKING_01,checking,Banco Santander Empresas,santander_emp,EUR,2026-04-08 15:02:15
PRODUCT_00866,COMP_0186,CHECKING_01,checking,BBVA Net Cash Empresas,bbva_emp,EUR,2026-02-13 13:12:22
PRODUCT_00868,COMP_1215,CHECKING_02,checking,Banco Santander Empresas,santander_emp,EUR,2026-06-29 17:02:02
PRODUCT_00869,COMP_0174,CHECKING_01,checking,Banco Santander,santander_emp,EUR,2024-06-17 09:31:48
PRODUCT_00870,COMP_1222,CHECKING_04,checking,American Express,ins_10,MXN,2026-08-12 09:15:08
PRODUCT_00871,COMP_0970,CHECKING_03,checking,Banco Santander Empresas,santander_emp,EUR,2026-03-05 12:26:54
PRODUCT_00872,COMP_0466,CHECKING_02,checking,Banco Santander Empresas,santander_emp,EUR,2025-03-06 15:44:00
PRODUCT_00873,COMP_0446,CHECKING_01,checking,Banco Santander Empresas,santander_emp,EUR,2025-12-16 13:08:10
PRODUCT_00874,COMP_1203,CHECKING_01,checking,Revolut EU,revolut_gb,USD,2026-06-23 13:50:11
PRODUCT_00875,COMP_0047,INVESTMENT_01,investment,Other (customer-defined),custom,EUR,2025-09-23 10:51:48
PRODUCT_00877,COMP_0126,CARD_02,card,Bankinter,bankinter_emp,EUR,2024-04-04 10:38:34
PRODUCT_00880,COMP_0929,CARD_01,card,Abanca Empresas,abanca_emp,EUR,2025-10-09 13:33:58
PRODUCT_00881,COMP_0101,CHECKING_03,checking,Banco Sabadell Empresas,sabadell_emp,EUR,2024-12-11 14:19:31
PRODUCT_00882,COMP_0094,CARD_01,card,Caixabank,caixa_emp,EUR,2023-11-16 10:16:50
PRODUCT_00883,COMP_1167,CHECKING_01,checking,Banco Santander,santander_emp,EUR,2024-07-12 11:39:03
PRODUCT_00884,COMP_0752,CARD_01,card,Caixabank Empresas,caixa_emp,EUR,2026-03-04 08:02:11
PRODUCT_00885,COMP_1251,CHECKING_01,checking,Banco Santander Empresas,santander_emp,EUR,2025-04-04 10:39:46
PRODUCT_00887,COMP_0518,CHECKING_01,checking,Payoneer - EU,payoneer,USD,2024-11-13 09:18:13
PRODUCT_00888,COMP_0385,CHECKING_03,checking,Banco Sabadell T. sec - CAL Empresas,sabadell_emp_sec,USD,2025-07-15 13:49:14
PRODUCT_00889,COMP_0693,CHECKING_02,checking,BBVA,bbva_emp,EUR,2024-06-18 11:06:15
PRODUCT_00890,COMP_0504,CARD_01,card,Banco Santander,santander_emp,EUR,2024-07-09 10:42:31
PRODUCT_00891,COMP_0301,CHECKING_04,checking,TransferWise,transferwise_es,USD,2025-12-11 18:07:46
PRODUCT_00892,COMP_0291,CHECKING_01,checking,Banco Santander Empresas,santander_emp,EUR,2026-04-06 17:05:15
PRODUCT_00893,COMP_0495,CHECKING_02,checking,Caixabank Empresas,caixa_emp,EUR,2025-12-11 08:58:24
PRODUCT_00894,COMP_0056,CHECKING_01,checking,Caixabank Empresas,caixa_emp,EUR,2026-02-19 09:01:42
PRODUCT_00896,COMP_1279,CHECKING_03,checking,Deutsche Bank,deutschebank_emp,EUR,2024-03-11 11:17:28
PRODUCT_00897,COMP_0218,CHECKING_01,checking,RuralVia Empresas,ruralvia_emp,EUR,2025-03-10 12:34:59
PRODUCT_00898,COMP_0909,CARD_02,card,Bankinter,bankinter_emp,EUR,2024-04-03 07:31:38
PRODUCT_00900,COMP_0548,CHECKING_02,checking,Banco Santander Empresas,santander_emp,EUR,2025-04-04 10:39:46
PRODUCT_00901,COMP_0483,CHECKING_02,checking,Banco Sabadell T. sec - CAL Empresas,sabadell_emp_sec,EUR,2025-04-09 13:40:36
PRODUCT_00902,COMP_1225,CHECKING_01,checking,Banco Sabadell Empresas,sabadell_emp,EUR,2026-06-23 09:40:05
PRODUCT_00904,COMP_0382,CHECKING_01,checking,Caixabank Empresas,caixa_emp,EUR,2025-05-18 16:22:00
PRODUCT_00905,COMP_0993,CHECKING_02,checking,Banco Santander Empresas,santander_emp,EUR,2025-10-20 08:40:57
PRODUCT_00907,COMP_0044,CHECKING_01,checking,Banco Sabadell T. sec - CAL Empresas,sabadell_emp_sec,EUR,2026-05-13 12:47:09
PRODUCT_00908,COMP_1171,CHECKING_01,checking,Banco Sabadell Empresas,sabadell_emp,EUR,2026-04-22 12:03:02
PRODUCT_00909,COMP_0721,CHECKING_01,checking,Banco Sabadell Empresas,sabadell_emp,EUR,2025-03-07 12:22:54
PRODUCT_00910,COMP_0132,CHECKING_01,checking,Abanca Empresas,abanca_emp,EUR,2026-04-14 16:16:07
PRODUCT_00911,COMP_0597,CHECKING_02,checking,Banco Santander Empresas,santander_emp,EUR,2025-10-30 08:46:44
PRODUCT_00913,COMP_0075,CHECKING_02,checking,Banco Santander Empresas,santander_emp,EUR,2025-09-11 13:27:01
PRODUCT_00914,COMP_0504,CARD_02,card,Banco Santander,santander_emp,EUR,2024-07-09 10:42:31
PRODUCT_00918,COMP_0621,CHECKING_01,checking,Other (customer-defined),custom,USD,2025-06-07 13:59:56
PRODUCT_00919,COMP_0837,INVESTMENT_02,investment,Banca March,bancamarch,EUR,2026-09-01 07:21:26
PRODUCT_00921,COMP_1111,CHECKING_01,checking,VR meine Bank eG,vrmeinebank,EUR,2026-01-14 13:35:58
PRODUCT_00922,COMP_0409,CHECKING_02,checking,Other (customer-defined),custom,USD,2026-05-15 11:24:38
PRODUCT_00925,COMP_0795,CHECKING_01,checking,Caixabank,caixa,EUR,2026-04-23 11:58:28
PRODUCT_00926,COMP_0539,CHECKING_01,checking,Caixabank,caixa_emp,EUR,2024-02-19 10:37:51
PRODUCT_00927,COMP_0615,CHECKING_02,checking,Caixabank Empresas,caixa_emp,EUR,2024-12-27 12:21:54
PRODUCT_00928,COMP_1270,CHECKING_01,checking,Banco Sabadell Empresas,sabadell_emp,EUR,2025-09-05 05:50:20
PRODUCT_00929,COMP_0271,CHECKING_01,checking,Banco Santander Empresas,santander_emp,EUR,2026-04-20 10:19:29
PRODUCT_00930,COMP_0706,CHECKING_01,checking,Banco Santander,santander_emp,EUR,2024-07-12 11:38:57
PRODUCT_00931,COMP_0415,CHECKING_01,checking,BBVA Net Cash Empresas,bbva_emp,EUR,2026-06-09 07:45:40
PRODUCT_00932,COMP_1268,CHECKING_01,checking,Globalcaja,ruralvia_globalcaja,EUR,2026-04-29 11:47:26
PRODUCT_00934,COMP_1028,CARD_02,card,Caixabank Empresas,caixa_emp,EUR,2026-03-20 13:21:38
PRODUCT_00935,COMP_1267,CHECKING_01,checking,Caixabank Empresas,caixa_emp,EUR,2025-11-06 11:17:14
PRODUCT_00936,COMP_0074,CHECKING_01,checking,Bankinter Empresas,bankinter_emp,EUR,2025-03-20 14:44:08
PRODUCT_00937,COMP_0087,CARD_03,card,Abanca Empresas,abanca_emp,EUR,2024-10-17 15:51:23
PRODUCT_00938,COMP_1016,CHECKING_01,checking,Banco Sabadell Empresas,sabadell_emp,EUR,2026-03-20 12:35:25
PRODUCT_00939,COMP_0246,CHECKING_02,checking,Caixabank,caixa_emp,EUR,2024-01-15 11:10:39
PRODUCT_00941,COMP_0665,CHECKING_02,checking,Caixabank Empresas,caixa_emp,USD,2025-06-09 15:01:00
PRODUCT_00942,COMP_0687,CHECKING_01,checking,Banco Santander,santander_emp,EUR,2024-07-12 11:38:56
PRODUCT_00945,COMP_0982,CHECKING_01,checking,Caixabank Empresas,caixa_emp,USD,2025-03-25 10:07:20
PRODUCT_00946,COMP_0047,INVESTMENT_02,investment,Banca March,bancamarch,EUR,2025-09-10 07:48:38
PRODUCT_00948,COMP_1130,CHECKING_02,checking,Banco Santander,santander_emp,EUR,2024-06-10 10:43:50
PRODUCT_00949,COMP_0987,CARD_01,card,BBVA,bbva_emp,EUR,2024-03-11 13:51:38
PRODUCT_00951,COMP_0900,CHECKING_01,checking,Other (customer-defined),custom,AOA,2026-06-04 15:13:25
PRODUCT_00953,COMP_0616,CHECKING_02,checking,Caixabank,caixa_emp,PLN,2024-06-17 09:19:01
PRODUCT_00955,COMP_0795,CHECKING_02,checking,Caixabank,caixa,EUR,2026-04-23 11:59:14
PRODUCT_00956,COMP_1038,CHECKING_03,checking,Cajamar,cajamar,EUR,2025-09-09 11:51:05
PRODUCT_00959,COMP_0177,CHECKING_01,checking,Banco Santander Empresas,santander_emp,EUR,2025-12-10 10:50:48
PRODUCT_00960,COMP_1038,CHECKING_04,checking,Bankinter Empresas,bankinter_emp,EUR,2025-09-09 11:42:18
PRODUCT_00962,COMP_1008,CHECKING_01,checking,Santander (Corporate UK),santander-coporate_uk,USD,2025-02-17 11:17:02
PRODUCT_00963,COMP_0166,CHECKING_01,checking,Santander (Corporate UK),santander-coporate_uk,EUR,2026-02-16 12:21:01
PRODUCT_00964,COMP_0019,CHECKING_02,checking,Caixabank,caixa_emp,EUR,2024-07-15 12:29:36
PRODUCT_00965,COMP_1037,TPV_01,tpv,Redsys,redsys,EUR,2025-09-22 07:19:29
PRODUCT_00966,COMP_0277,CHECKING_01,checking,Banca March,bancamarch,EUR,2026-03-04 08:51:47
PRODUCT_00969,COMP_0201,CHECKING_01,checking,Citibank Empresas GLOBAL,citi,EUR,2025-11-11 16:24:23
PRODUCT_00971,COMP_0227,CHECKING_01,checking,iberCaja,ibercaja,EUR,2026-07-16 13:09:29
PRODUCT_00972,COMP_0406,CARD_01,card,BBVA Net Cash Empresas,bbva_emp,EUR,2026-03-27 10:37:04
PRODUCT_00973,COMP_0837,INVESTMENT_03,investment,Banca March,bancamarch,EUR,2026-02-09 10:15:42
PRODUCT_00974,COMP_0114,CHECKING_01,checking,Banco Santander Totta SA,banco-santander-totta-sa,EUR,2026-06-23 09:55:02
PRODUCT_00975,COMP_0365,CHECKING_03,checking,BNP Paribas - Corporate,mabanque-corporate,EUR,2026-03-02 10:43:09
PRODUCT_00976,COMP_0055,CHECKING_01,checking,Banco Santander,santander,EUR,2026-01-13 12:33:21
PRODUCT_00977,COMP_0539,CHECKING_02,checking,Banco Santander,santander_emp,EUR,2024-02-19 09:13:27
PRODUCT_00980,COMP_0399,CHECKING_02,checking,Banco Santander Empresas,santander_emp,EUR,2024-11-05 09:46:47
PRODUCT_00982,COMP_1237,CHECKING_01,checking,Banco Santander Empresas,santander_emp,EUR,2026-04-01 15:51:47
PRODUCT_00983,COMP_0956,CARD_05,card,Caixabank Empresas,caixa_emp,EUR,2026-04-29 14:49:43
PRODUCT_00984,COMP_0730,CHECKING_04,checking,LBBW,bw-bank,USD,2026-08-10 16:05:48
PRODUCT_00986,COMP_0390,CHECKING_01,checking,BBVA Empresas Peru Empresas,bbva_emp_pe,USD,2026-05-06 14:55:36
PRODUCT_00987,COMP_1063,CHECKING_01,checking,Banco Santander Empresas,santander_emp,EUR,2025-04-23 09:37:39
PRODUCT_00988,COMP_1006,CHECKING_01,checking,AndBank,andbank,EUR,2024-10-28 09:06:27
PRODUCT_00989,COMP_0343,CHECKING_02,checking,iberCaja,ibercaja,EUR,2025-10-02 07:43:11
PRODUCT_00990,COMP_0318,CHECKING_01,checking,Caixabank Empresas,caixa_emp,EUR,2025-10-15 13:25:50
PRODUCT_00991,COMP_0946,CHECKING_01,checking,Revolut,revolut,GBP,2025-12-16 20:24:31
PRODUCT_00993,COMP_1068,CHECKING_02,checking,Unicaja Empresas,unicaja_emp,EUR,2026-02-05 16:47:34
PRODUCT_00994,COMP_0502,CHECKING_01,checking,Qonto,qonto,EUR,2026-02-04 16:06:04
PRODUCT_00996,COMP_0770,CHECKING_01,checking,BBVA Net Cash Empresas,bbva_emp,EUR,2025-04-24 14:10:45
PRODUCT_00997,COMP_0418,CHECKING_03,checking,Banco Santander Empresas,santander_emp,EUR,2026-04-08 12:08:40
PRODUCT_00998,COMP_0630,CARD_05,card,Caixabank Empresas,caixa_emp,EUR,2026-02-13 10:38:01
PRODUCT_01001,COMP_1047,CARD_01,card,iberCaja,ibercaja,EUR,2026-07-16 13:02:18
PRODUCT_01002,COMP_1271,CHECKING_02,checking,Bankinter Empresas,bankinter_emp,EUR,2025-05-22 13:59:07
PRODUCT_01003,COMP_0162,CHECKING_01,checking,Banco Sabadell T. sec - CAL Empresas,sabadell_emp_sec,EUR,2025-11-28 07:03:20
PRODUCT_01004,COMP_0560,CHECKING_04,checking,Caixabank,caixa,MXN,2025-03-03 12:49:06
PRODUCT_01005,COMP_0756,CHECKING_01,checking,Banco Santander Empresas,santander_emp,EUR,2026-04-07 15:07:06
PRODUCT_01006,COMP_1182,CHECKING_01,checking,AndBank,andbank,EUR,2026-04-10 11:11:36
PRODUCT_01007,COMP_0670,CHECKING_04,checking,Revolut,revolut,PLN,2024-11-13 08:44:32
PRODUCT_01009,COMP_0344,CHECKING_01,checking,Barclays Corporate,barclays_corporate,USD,2025-06-12 09:32:01
PRODUCT_01010,COMP_0379,CHECKING_01,checking,Intesa Sanpaolo S.p.A,intesa_sanpaolo_corporate,EUR,2024-06-26 13:43:44
PRODUCT_01011,COMP_1075,CHECKING_01,checking,Revolut EU,revolut,GBP,2026-01-26 11:08:17
PRODUCT_01012,COMP_0832,CHECKING_02,checking,Bankinter Empresas,bankinter_emp,EUR,2024-08-06 11:17:29
PRODUCT_01014,COMP_0635,CHECKING_01,checking,Caixabank Empresas,caixa_emp,EUR,2025-09-25 14:11:56
PRODUCT_01015,COMP_0450,CHECKING_01,checking,Banco Sabadell Empresas,sabadell_emp,EUR,2025-09-23 07:21:41
PRODUCT_01016,COMP_0318,CHECKING_02,checking,BBVA Net Cash Empresas,bbva_emp,EUR,2025-10-09 08:32:09
PRODUCT_01017,COMP_0324,CHECKING_03,checking,Caixabank Empresas,caixa_emp,EUR,2026-04-20 12:45:09
PRODUCT_01022,COMP_1236,CHECKING_01,checking,Bankinter,bankinter_emp,EUR,2024-03-18 15:02:20
PRODUCT_01023,COMP_0727,CHECKING_02,checking,TransferWise,transferwise_es,USD,2025-12-11 14:52:27
PRODUCT_01024,COMP_1149,INVESTMENT_01,investment,Deutsche Bank Empresas,deutschebank_emp,EUR,2025-09-30 11:39:29
PRODUCT_01026,COMP_1082,CHECKING_02,checking,Caixa Guissona,caixaguissona,EUR,2024-09-17 11:48:37
PRODUCT_01028,COMP_0524,CHECKING_02,checking,Caixabank Empresas,caixa_emp,USD,2026-05-27 12:14:06
PRODUCT_01030,COMP_0252,CHECKING_09,checking,Vereinigte Volksbank Raiffeisenbank eG,volksbank-hunsrueck-nahe,DKK,2026-03-19 10:54:05
PRODUCT_01031,COMP_1027,CHECKING_01,checking,Globalcaja,ruralvia_globalcaja,EUR,2025-11-28 08:23:31
PRODUCT_01032,COMP_0470,CHECKING_01,checking,Banco Santander Empresas,santander_emp,EUR,2026-03-03 12:26:13
PRODUCT_01033,COMP_0183,RISK_01,risk,Other (customer-defined),custom,EUR,2026-03-17 17:21:48
PRODUCT_01034,COMP_0730,CHECKING_05,checking,Commerzbank AG,commerzbank,CHF,2026-08-10 10:20:57
PRODUCT_01036,COMP_1233,CHECKING_03,checking,NOVO BANCO SA,novo-banco-sa,EUR,2025-02-14 13:12:10
PRODUCT_01037,COMP_0183,RISK_02,risk,Other (customer-defined),custom,EUR,2026-03-17 17:08:34
PRODUCT_01038,COMP_0674,CHECKING_02,checking,RuralVia,ruralvia_emp,EUR,2024-06-27 11:39:14
PRODUCT_01039,COMP_0205,CHECKING_01,checking,Bank of America,ins_127989,USD,2025-09-24 13:40:32
PRODUCT_01041,COMP_0630,CARD_06,card,Caixabank Empresas,caixa_emp,EUR,2026-02-13 10:38:01
PRODUCT_01043,COMP_0273,CHECKING_02,checking,Caixabank,caixa_emp,EUR,2024-02-20 11:35:42
PRODUCT_01044,COMP_0342,CHECKING_01,checking,Bankinter Empresas,bankinter_emp,EUR,2024-12-19 10:27:08
PRODUCT_01045,COMP_0740,CHECKING_01,checking,Wise,transferwise,EUR,2026-07-06 07:07:45
PRODUCT_01046,COMP_0786,CARD_02,card,Bankinter,bankinter_emp,EUR,2026-02-17 14:52:09
PRODUCT_01047,COMP_0798,CARD_04,card,Banco Santander Empresas,santander_emp,EUR,2025-09-11 09:57:00
PRODUCT_01048,COMP_0803,CARD_03,card,Banco Santander,santander_emp,EUR,2023-10-23 10:45:54
PRODUCT_01049,COMP_1216,CHECKING_02,checking,BBVA Net Cash Empresas,bbva_emp,EUR,2025-09-24 16:24:56
PRODUCT_01051,COMP_0748,CHECKING_01,checking,BBVA,bbva_emp,EUR,2024-07-11 07:21:16
PRODUCT_01053,COMP_0542,CHECKING_02,checking,Banco Sabadell T. sec - CAL Empresas,sabadell_emp_sec,EUR,2025-03-24 12:10:37
PRODUCT_01054,COMP_0444,CARD_02,card,Banco Sabadell Empresas,sabadell_emp,EUR,2026-03-13 12:08:09
PRODUCT_01056,COMP_0468,CHECKING_01,checking,Cajamar,cajamar,EUR,2026-05-06 11:34:20
PRODUCT_01058,COMP_0797,CHECKING_06,checking,Banca March,bancamarch,EUR,2025-10-29 16:55:46
PRODUCT_01061,COMP_0471,CHECKING_02,checking,Abanca,abanca_emp,EUR,2024-07-24 13:58:45
PRODUCT_01062,COMP_0094,CHECKING_02,checking,Caixabank,caixa_emp,EUR,2023-11-16 10:16:50
PRODUCT_01063,COMP_0626,CHECKING_01,checking,Banco Santander,santander_emp,EUR,2023-04-27 09:54:00
PRODUCT_01066,COMP_1053,CHECKING_03,checking,Banca March,bancamarch,EUR,2026-07-07 11:51:38
PRODUCT_01067,COMP_0219,CHECKING_01,checking,Other (customer-defined),custom,BRL,2024-09-10 12:01:06
PRODUCT_01068,COMP_0104,CHECKING_01,checking,Other (customer-defined),custom,NZD,2026-03-02 14:15:43
PRODUCT_01069,COMP_0377,CHECKING_01,checking,Revolut EU,revolut,USD,2025-12-10 20:05:13
PRODUCT_01070,COMP_0141,CHECKING_01,checking,Banco Santander,santander_emp,EUR,2025-11-18 14:41:31
PRODUCT_01072,COMP_0574,CHECKING_01,checking,Other (customer-defined),custom,EUR,2024-06-28 18:44:40
PRODUCT_01076,COMP_0786,CARD_03,card,Caixabank,caixa_emp,EUR,2026-02-17 14:19:36
PRODUCT_01078,COMP_0243,CHECKING_02,checking,Banco Santander Empresas,santander_emp,EUR,2025-06-10 14:15:40
PRODUCT_01079,COMP_0733,CHECKING_01,checking,Bankinter,bankinter,EUR,2025-05-21 08:23:20
PRODUCT_01081,COMP_0471,CHECKING_03,checking,BBVA,bbva_emp,USD,2024-01-31 11:03:10
PRODUCT_01083,COMP_0515,CHECKING_06,checking,BBVA Net Cash Empresas,bbva_emp,EUR,2026-01-13 16:34:28
PRODUCT_01085,COMP_1049,CHECKING_01,checking,Banco Santander Empresas,santander_emp,EUR,2026-03-11 10:27:45
PRODUCT_01086,COMP_0790,CHECKING_01,checking,Qonto,qonto,EUR,2026-07-07 09:04:22
PRODUCT_01087,COMP_1086,CHECKING_02,checking,Revolut,revolut,GBP,2023-10-30 11:41:37
PRODUCT_01090,COMP_0630,CARD_07,card,Caixabank Empresas,caixa_emp,EUR,2026-02-13 10:38:01
PRODUCT_01091,COMP_0802,CHECKING_02,checking,Caixabank Empresas,caixa_emp,EUR,2025-10-14 11:26:36
PRODUCT_01092,COMP_0244,CHECKING_01,checking,Banco Sabadell,sabadell_emp,EUR,2024-07-12 12:15:35
PRODUCT_01095,COMP_0983,CHECKING_02,checking,Other (customer-defined),custom,EUR,2024-05-24 09:20:57
PRODUCT_01097,COMP_1036,INVESTMENT_01,investment,Unicaja Empresas,unicaja_emp,EUR,2026-07-13 10:37:42
PRODUCT_01098,COMP_1273,CHECKING_01,checking,Banca March,bancamarch,EUR,2026-06-08 14:33:38
PRODUCT_01099,COMP_1216,CHECKING_03,checking,Kutxabank Empresas,kutxabank_emp,EUR,2026-02-16 15:47:38
PRODUCT_01101,COMP_0713,CARD_04,card,Caixabank Empresas,caixa_emp,EUR,2025-03-24 15:08:03
PRODUCT_01103,COMP_0491,CHECKING_02,checking,Banco Santander Empresas,santander_emp,EUR,2024-09-24 11:51:59
PRODUCT_01104,COMP_1048,CHECKING_02,checking,Abanca Empresas,abanca_emp,EUR,2025-10-09 12:44:46
PRODUCT_01105,COMP_1064,CARD_01,card,Banco Santander Empresas,santander_emp,EUR,2025-05-15 13:56:22
PRODUCT_01106,COMP_0518,CHECKING_02,checking,Payoneer - EU,payoneer,AUD,2024-11-13 09:18:13
PRODUCT_01108,COMP_0502,INVESTMENT_01,investment,UnitPlus,unitplus,EUR,2026-03-03 17:57:39
PRODUCT_01109,COMP_0322,CHECKING_02,checking,Kutxabank Empresas,kutxabank_emp,EUR,2025-03-03 12:53:18
PRODUCT_01110,COMP_0219,CHECKING_02,checking,Other (customer-defined),custom,BRL,2024-03-15 10:39:32
PRODUCT_01111,COMP_0724,CHECKING_01,checking,Caixabank Empresas,caixa_emp,EUR,2026-03-04 07:51:45
PRODUCT_01112,COMP_0598,INVESTMENT_01,investment,Other (customer-defined),custom,EUR,2025-03-12 15:14:14
PRODUCT_01113,COMP_0514,CHECKING_02,checking,HSBC Corporate,hsbccorporate,USD,2026-04-09 13:19:21
PRODUCT_01114,COMP_1052,CHECKING_01,checking,Banco Santander Empresas,santander_emp,EUR,2025-09-23 10:17:26
PRODUCT_01115,COMP_0070,CHECKING_01,checking,BBVA Net Cash Empresas,bbva_emp,USD,2025-11-03 10:46:24
PRODUCT_01116,COMP_0945,CHECKING_02,checking,Other (customer-defined),custom,EUR,2024-05-22 11:31:04
PRODUCT_01117,COMP_1266,CHECKING_01,checking,ING,ing,CZK,2025-12-04 12:53:32
PRODUCT_01118,COMP_0616,CHECKING_03,checking,Bankinter,bankinter_emp,EUR,2024-07-05 07:16:36
PRODUCT_01121,COMP_0460,CHECKING_02,checking,Wise,transferwise,CAD,2024-10-17 12:39:25
PRODUCT_01123,COMP_0713,CARD_05,card,Caixabank Empresas,caixa_emp,EUR,2025-03-24 15:08:03
PRODUCT_01124,COMP_0271,CHECKING_02,checking,Bankinter Empresas,bankinter_emp,EUR,2026-04-20 10:41:59
PRODUCT_01125,COMP_0837,CHECKING_04,checking,Deutsche Bank (ES) - Empresas,ins_127317,EUR,2025-09-17 12:47:43
PRODUCT_01126,COMP_0611,CHECKING_01,checking,Other (customer-defined),custom,EUR,2025-05-19 07:54:14
PRODUCT_01127,COMP_0604,INVESTMENT_02,investment,Banca March,bancamarch,EUR,2026-08-19 08:42:13
PRODUCT_01129,COMP_1225,CHECKING_02,checking,BBVA Net Cash Empresas,bbva_emp,EUR,2026-06-23 09:22:57
PRODUCT_01130,COMP_1074,CHECKING_02,checking,Revolut,revolut,EUR,2026-07-03 10:23:54
PRODUCT_01133,COMP_0493,INVESTMENT_01,investment,TD Canada Trust,ins_42,CAD,2025-12-18 17:23:40
PRODUCT_01134,COMP_0399,CHECKING_03,checking,Cajamar,cajamar,EUR,2022-11-17 13:53:12
PRODUCT_01135,COMP_1132,CHECKING_01,checking,Banco Sabadell Empresas,sabadell_emp,USD,2026-07-13 10:28:28
PRODUCT_01138,COMP_0645,CHECKING_02,checking,Banco Santander Empresas,santander_emp,EUR,2025-04-04 11:45:23
PRODUCT_01139,COMP_0203,CARD_05,card,Caixabank,caixa_emp,EUR,2023-09-14 10:20:02
PRODUCT_01143,COMP_0504,CHECKING_01,checking,Other (customer-defined),custom,EUR,2026-06-18 15:29:46
PRODUCT_01144,COMP_0314,CHECKING_01,checking,Citibank Empresas GLOBAL,citi,GBP,2025-11-11 15:20:31
PRODUCT_01147,COMP_1269,CARD_02,card,Bankinter Empresas,bankinter_emp,EUR,2025-07-15 14:36:05
PRODUCT_01148,COMP_1173,CHECKING_01,checking,Bankinter Empresas,bankinter_emp,EUR,2026-04-16 10:10:14
PRODUCT_01149,COMP_0909,CHECKING_06,checking,iberCaja,ibercaja,EUR,2025-01-29 10:21:55
PRODUCT_01151,COMP_0596,CHECKING_02,checking,Banco Santander Empresas,santander_emp,EUR,2025-06-30 10:46:55
PRODUCT_01152,COMP_0568,CHECKING_02,checking,Banco Sabadell Empresas,sabadell_emp,USD,2025-03-12 11:48:57
PRODUCT_01153,COMP_0873,CHECKING_01,checking,Banco Sabadell Empresas,sabadell_emp,USD,2025-03-25 11:58:49
PRODUCT_01154,COMP_0351,CHECKING_05,checking,iberCaja,ibercaja,EUR,2026-07-07 11:08:27
PRODUCT_01156,COMP_0863,CHECKING_01,checking,Banca March,bancamarch,EUR,2025-03-04 13:06:31
PRODUCT_01158,COMP_0956,CARD_06,card,Caixabank Empresas,caixa_emp,EUR,2026-04-29 14:49:43
PRODUCT_01159,COMP_0958,CHECKING_01,checking,Banca March,bancamarch,EUR,2025-03-06 16:15:12
PRODUCT_01160,COMP_0086,CHECKING_01,checking,Caixabank Empresas,caixa_emp,EUR,2026-06-29 14:36:37
PRODUCT_01161,COMP_0471,CHECKING_04,checking,Banca March,bancamarch,EUR,2022-12-02 08:43:37
PRODUCT_01163,COMP_1016,CARD_05,card,Caixabank Empresas,caixa_emp,EUR,2026-03-20 13:16:26
PRODUCT_01164,COMP_0802,CHECKING_03,checking,BBVA Net Cash Empresas,bbva_emp,EUR,2025-10-14 11:17:17
PRODUCT_01165,COMP_0861,CHECKING_03,checking,Banco Santander Empresas,santander_emp,EUR,2025-10-20 08:40:57
PRODUCT_01166,COMP_0009,CARD_01,card,BBVA Net Cash Empresas,bbva_emp,EUR,2025-09-18 14:27:51
PRODUCT_01167,COMP_0277,CARD_01,card,Caixabank Empresas,caixa_emp,EUR,2026-03-03 12:23:51
PRODUCT_01168,COMP_0034,CHECKING_03,checking,Caixabank Empresas,caixa_emp,EUR,2025-05-22 15:21:26
PRODUCT_01169,COMP_1086,CHECKING_03,checking,Paypal,paypal,USD,2023-11-13 09:45:54
PRODUCT_01171,COMP_1215,CARD_02,card,Caixabank Empresas,caixa_emp,EUR,2026-07-09 07:41:26
PRODUCT_01172,COMP_1135,CHECKING_02,checking,Banca March,bancamarch,EUR,2025-10-29 18:57:25
PRODUCT_01173,COMP_0100,CHECKING_01,checking,Caixabank,caixa,EUR,2025-05-06 11:19:18
PRODUCT_01177,COMP_0787,CHECKING_02,checking,DNB,dnb,NOK,2026-04-09 13:31:20
PRODUCT_01178,COMP_0257,CHECKING_01,checking,Bankinter Empresas,bankinter_emp,EUR,2025-03-25 08:59:22
PRODUCT_01179,COMP_0138,CARD_01,card,BBVA,bbva_emp,EUR,2024-03-26 10:00:52
PRODUCT_01181,COMP_0007,CHECKING_02,checking,Caja de Ingenieros,cajaingenieros,EUR,2026-03-18 09:46:32
PRODUCT_01182,COMP_0976,CHECKING_01,checking,Santander (Corporate UK),santander-coporate_uk,EUR,2026-02-16 12:21:01
PRODUCT_01183,COMP_0007,CARD_02,card,Banco Santander Empresas,santander_emp,EUR,2026-03-10 15:44:41
PRODUCT_01185,COMP_1262,CHECKING_03,checking,Banco Sabadell Empresas,sabadell_emp,EUR,2026-04-23 09:24:06
PRODUCT_01186,COMP_0797,CHECKING_07,checking,Banca March,bancamarch,EUR,2025-10-29 16:58:48
PRODUCT_01190,COMP_0257,CHECKING_02,checking,Caixabank Empresas,caixa_emp,EUR,2025-03-24 12:17:21
PRODUCT_01191,COMP_0874,CHECKING_01,checking,Abanca Empresas,abanca_emp,EUR,2025-12-10 12:10:30
PRODUCT_01192,COMP_0342,CHECKING_02,checking,BBVA Net Cash Empresas,bbva_emp,EUR,2024-12-03 12:29:39
PRODUCT_01193,COMP_0861,CHECKING_04,checking,Banco Santander Empresas,santander_emp,USD,2026-07-16 14:28:42
PRODUCT_01194,COMP_0630,CARD_08,card,Caixabank Empresas,caixa_emp,EUR,2026-02-13 10:38:01
PRODUCT_01195,COMP_0248,CHECKING_02,checking,Banco Sabadell T. sec - CAL Empresas,sabadell_emp_sec,EUR,2025-11-03 11:22:08
PRODUCT_01198,COMP_1036,CARD_01,card,BBVA Net Cash Empresas,bbva_emp,EUR,2026-07-13 12:47:50
PRODUCT_01199,COMP_0662,CHECKING_01,checking,Banco Santander Empresas,santander_emp,EUR,2025-12-04 18:48:12
PRODUCT_01200,COMP_1100,CHECKING_01,checking,Banco Santander Empresas,santander_emp,EUR,2026-04-08 12:20:47
PRODUCT_01201,COMP_1184,CHECKING_01,checking,Barclays Corporate,barclays_corporate,GBP,2025-06-12 08:43:46
PRODUCT_01202,COMP_1011,CHECKING_01,checking,Other (customer-defined),custom,EUR,2024-10-23 15:12:23
PRODUCT_01205,COMP_0204,CHECKING_01,checking,Banco Santander Empresas,santander_emp,EUR,2026-01-27 11:10:25
PRODUCT_01206,COMP_0276,CHECKING_02,checking,Other (customer-defined),custom,AOA,2026-02-18 12:03:31
PRODUCT_01207,COMP_0653,INVESTMENT_01,investment,Bankinter Empresas,bankinter_emp,USD,2025-06-12 09:40:42
PRODUCT_01208,COMP_0197,CHECKING_01,checking,BBVA Net Cash Empresas,bbva_emp,EUR,2025-01-17 06:50:02
PRODUCT_01211,COMP_0926,CHECKING_02,checking,Banco Santander Empresas,santander_emp,EUR,2025-04-04 12:48:57
PRODUCT_01212,COMP_0465,CHECKING_02,checking,Bankinter Empresas,bankinter_emp,EUR,2026-04-23 11:19:05
PRODUCT_01213,COMP_0956,CHECKING_02,checking,Bankinter Empresas,bankinter_emp,EUR,2026-04-29 14:46:47
PRODUCT_01215,COMP_0252,CHECKING_10,checking,Banking Circle GLOBAL,bc,PLN,2026-07-28 13:48:18
PRODUCT_01216,COMP_0126,CARD_03,card,Bankinter,bankinter_emp,EUR,2024-04-04 10:38:34
PRODUCT_01217,COMP_0007,LINEOFCOMEX_01,lineofcomex,Laboral Kutxa Empresas,cajalaboral_emp,EUR,2026-03-11 08:05:43
PRODUCT_01219,COMP_0926,CHECKING_03,checking,Banco Santander Empresas,santander_emp,EUR,2025-04-04 12:48:57
PRODUCT_01220,COMP_0339,CHECKING_01,checking,HSBC Corporate GLOBAL,hsbc,USD,2025-07-14 11:11:38
PRODUCT_01221,COMP_0688,CHECKING_01,checking,BBVA Net Cash Empresas,bbva_emp,EUR,2026-05-12 13:46:21
PRODUCT_01222,COMP_0612,CHECKING_03,checking,Banco Santander,santander_emp,EUR,2024-02-09 11:17:37
PRODUCT_01223,COMP_0219,CHECKING_03,checking,Other (customer-defined),custom,BRL,2025-04-02 16:24:10
PRODUCT_01224,COMP_0495,CHECKING_03,checking,BBVA Net Cash Empresas,bbva_emp,EUR,2025-12-11 08:10:57
PRODUCT_01225,COMP_0713,CARD_06,card,Caixabank Empresas,caixa_emp,EUR,2025-03-24 15:08:03
PRODUCT_01226,COMP_0449,CHECKING_03,checking,Banco Santander,santander_emp,EUR,2024-06-17 09:58:07
PRODUCT_01227,COMP_1236,CHECKING_02,checking,Banco Sabadell,sabadell_emp,EUR,2024-02-13 09:21:23
PRODUCT_01228,COMP_0742,CHECKING_02,checking,Banco Sabadell Empresas,sabadell_emp,USD,2026-03-03 09:40:34
PRODUCT_01229,COMP_0290,CHECKING_01,checking,Banco Sabadell Empresas,sabadell_emp,EUR,2025-07-14 13:30:11
PRODUCT_01230,COMP_0730,CHECKING_06,checking,SSK München,ssk-muenchen,CHF,2026-07-29 18:33:53
PRODUCT_01231,COMP_0383,CHECKING_03,checking,Caixabank,caixa_emp,EUR,2024-02-19 08:44:22
PRODUCT_01233,COMP_1272,CHECKING_02,checking,Caixabank Empresas,caixa_emp,USD,2026-03-05 14:00:39
PRODUCT_01234,COMP_1162,CHECKING_01,checking,Caixabank,caixa_emp,USD,2023-08-23 09:19:50
PRODUCT_01235,COMP_1060,CHECKING_03,checking,Bankinter Empresas,bankinter_emp,EUR,2026-04-20 10:56:50
PRODUCT_01236,COMP_0387,CHECKING_01,checking,Caixabank,caixa,EUR,2025-02-14 12:08:47
PRODUCT_01239,COMP_0656,CHECKING_03,checking,HSBC Corporate EU,hsbccorporate_eu,EUR,2025-10-21 09:05:05
PRODUCT_01240,COMP_0544,CARD_02,card,Caixabank Empresas,caixa_emp,EUR,2025-02-11 15:53:45
PRODUCT_01241,COMP_0388,CHECKING_01,checking,Caixabank,caixa_emp,EUR,2024-02-19 10:40:31
PRODUCT_01242,COMP_1038,INVESTMENT_02,investment,Other (customer-defined),custom,EUR,2026-05-28 19:14:05
PRODUCT_01244,COMP_0192,CHECKING_01,checking,Payhawk,payhawk,EUR,2026-03-18 15:35:27
PRODUCT_01246,COMP_0237,CHECKING_01,checking,Santander (Corporate UK),santander-corporate_uk,GBP,2026-06-23 10:14:22
PRODUCT_01247,COMP_0721,CHECKING_02,checking,BBVA Net Cash Empresas,bbva_emp,EUR,2025-03-07 12:53:26
PRODUCT_01248,COMP_1085,CHECKING_01,checking,Other (customer-defined),custom,AUD,2025-02-11 08:44:26
PRODUCT_01249,COMP_0953,CHECKING_01,checking,Banco Santander Empresas,santander_emp,EUR,2026-04-08 13:42:18
PRODUCT_01251,COMP_1045,CHECKING_01,checking,Banco Sabadell,sabadell_emp,EUR,2024-05-10 09:22:56
PRODUCT_01254,COMP_0792,CHECKING_02,checking,Abanca,abanca_emp,EUR,2023-03-28 08:06:37
PRODUCT_01255,COMP_0570,CARD_01,card,Cajamar,cajamar,EUR,2026-04-07 09:37:08
PRODUCT_01257,COMP_0752,CARD_02,card,Caixabank Empresas,caixa_emp,EUR,2026-03-04 08:02:11
PRODUCT_01258,COMP_0008,CHECKING_02,checking,Banco Santander Empresas,santander_emp,USD,2026-05-19 15:05:38
PRODUCT_01261,COMP_0855,CHECKING_04,checking,Caixabank Empresas,caixa_emp,EUR,2026-05-27 16:17:04
PRODUCT_01262,COMP_0137,CHECKING_02,checking,Banco Santander Empresas,santander_emp,EUR,2025-04-04 12:08:29
PRODUCT_01263,COMP_0630,CARD_09,card,Caixabank Empresas,caixa_emp,EUR,2026-02-13 10:38:01
PRODUCT_01264,COMP_0623,CHECKING_05,checking,Caixabank Empresas,caixa_emp,EUR,2025-04-09 10:47:22
PRODUCT_01265,COMP_0915,CHECKING_01,checking,Bankinter Empresas,bankinter_emp,EUR,2025-03-26 13:07:02
PRODUCT_01266,COMP_1027,CHECKING_02,checking,Unicaja Empresas,unicaja_emp,EUR,2025-11-28 07:46:49
PRODUCT_01267,COMP_0988,CARD_04,card,Caixabank Empresas,caixa_emp,EUR,2026-03-03 12:11:50
PRODUCT_01269,COMP_0193,CHECKING_02,checking,Bankinter Empresas,bankinter_emp,EUR,2025-10-03 16:40:22
PRODUCT_01270,COMP_0271,CHECKING_03,checking,Arquia,arquia,EUR,2026-04-24 12:17:54
PRODUCT_01271,COMP_1123,CHECKING_01,checking,Banco Santander Empresas,santander_emp_mx,MXN,2024-11-04 14:30:24
PRODUCT_01272,COMP_0512,CHECKING_02,checking,Bankinter Empresas,bankinter_emp,EUR,2025-04-04 11:30:22
PRODUCT_01275,COMP_0300,CHECKING_01,checking,Revolut,revolut,EUR,2026-02-17 09:36:12
PRODUCT_01277,COMP_0832,CHECKING_03,checking,Banco Santander Empresas,santander_emp,EUR,2023-02-20 12:21:02
PRODUCT_01278,COMP_1016,CARD_06,card,Caixabank Empresas,caixa_emp,EUR,2026-03-20 13:16:26
PRODUCT_01279,COMP_1099,CHECKING_01,checking,CAIXA GERAL DE DEPOSITOS SA,caixa-geral-de-depositos,EUR,2024-10-22 08:22:37
PRODUCT_01281,COMP_0865,CHECKING_01,checking,Caixabank Empresas,caixa_emp,EUR,2025-11-03 10:52:10
PRODUCT_01284,COMP_0276,CHECKING_03,checking,Other (customer-defined),custom,AOA,2025-10-15 14:10:56
PRODUCT_01285,COMP_0321,CHECKING_01,checking,Bankinter Empresas,bankinter_emp,EUR,2026-09-03 10:09:04
PRODUCT_01286,COMP_1255,CHECKING_01,checking,Swedbank,swedbank_se,SEK,2024-08-08 11:10:56
PRODUCT_01287,COMP_0680,CHECKING_01,checking,Paypal,paypal,GBP,2026-01-07 13:22:48
PRODUCT_01288,COMP_0031,CHECKING_01,checking,BBVA,bbva_emp,EUR,2026-07-17 09:48:19
PRODUCT_01289,COMP_0347,CHECKING_01,checking,BBVA Net Cash Empresas,bbva_emp,EUR,2025-10-14 11:17:17
PRODUCT_01290,COMP_0752,CHECKING_01,checking,Caixabank Empresas,caixa_emp,EUR,2026-03-04 08:02:11
PRODUCT_01291,COMP_0665,CHECKING_03,checking,Bankinter Empresas,bankinter_emp,EUR,2026-02-16 12:14:46
PRODUCT_01292,COMP_0465,CHECKING_03,checking,Bankinter Empresas,bankinter_emp,EUR,2026-05-25 14:44:09
PRODUCT_01293,COMP_1056,CHECKING_01,checking,HSBC Corporate,hsbccorporate,CHF,2026-02-10 17:35:00
PRODUCT_01294,COMP_1164,CHECKING_01,checking,BBVA Net Cash Empresas,bbva_emp,EUR,2025-11-28 08:12:47
PRODUCT_01295,COMP_1119,CHECKING_01,checking,Caixabank,caixa_emp,EUR,2024-02-19 10:34:23
PRODUCT_01297,COMP_1113,CHECKING_01,checking,Caixabank Empresas,caixa_emp,EUR,2026-05-22 17:56:09
PRODUCT_01299,COMP_1077,CHECKING_02,checking,Banca March,bancamarch,EUR,2025-09-18 11:23:48
PRODUCT_01301,COMP_0837,CHECKING_05,checking,Bankinter,bankinter_emp,EUR,2023-05-03 13:09:09
PRODUCT_01302,COMP_0956,CARD_07,card,Caixabank Empresas,caixa_emp,EUR,2026-04-29 14:49:43
PRODUCT_01305,COMP_1007,CHECKING_01,checking,Banco Santander Empresas,santander_emp,EUR,2025-11-13 09:19:06
PRODUCT_01306,COMP_1211,CHECKING_01,checking,Banco Santander Empresas,santander_emp,EUR,2025-03-17 12:06:38
PRODUCT_01308,COMP_1156,CHECKING_01,checking,Banco Santander,santander_emp,EUR,2024-05-10 09:51:49
PRODUCT_01309,COMP_0473,CHECKING_01,checking,Abanca Empresas,abanca_emp,EUR,2025-12-10 11:58:42
PRODUCT_01310,COMP_1271,CHECKING_03,checking,Banco Sabadell T. sec - CAL Empresas,sabadell_emp_sec,EUR,2025-05-22 14:36:58
PRODUCT_01311,COMP_1037,TPV_02,tpv,Redsys,redsys,EUR,2025-09-23 06:58:17
PRODUCT_01313,COMP_0227,CHECKING_02,checking,Banco Sabadell Empresas,sabadell_emp,EUR,2026-07-22 08:46:00
PRODUCT_01314,COMP_0630,CARD_10,card,Caixabank Empresas,caixa_emp,EUR,2026-02-13 10:38:01
PRODUCT_01316,COMP_1268,CHECKING_02,checking,Globalcaja,ruralvia_globalcaja,EUR,2026-04-29 12:01:17
PRODUCT_01317,COMP_0119,CARD_02,card,Caixabank Empresas,caixa_emp,EUR,2026-03-17 17:21:02
PRODUCT_01318,COMP_0416,CHECKING_02,checking,Caixabank Empresas,caixa_emp,EUR,2026-07-04 15:07:14
PRODUCT_01320,COMP_0407,CHECKING_02,checking,Abanca Empresas,abanca_emp,EUR,2025-10-09 12:10:26
PRODUCT_01321,COMP_0368,CHECKING_01,checking,Embat Payments,embatpayments,EUR,2024-06-25 15:55:50
PRODUCT_01322,COMP_0591,CHECKING_02,checking,Abanca Empresas,abanca_emp,EUR,2026-04-07 15:38:34
PRODUCT_01323,COMP_0689,CHECKING_01,checking,Caixabank Empresas,caixa_emp,EUR,2025-03-07 11:36:38
PRODUCT_01324,COMP_0350,CHECKING_01,checking,Chase,ins_56,USD,2025-07-02 08:26:41
PRODUCT_01325,COMP_0693,CHECKING_03,checking,Stripe,stripe,GBP,2024-06-24 14:58:07
PRODUCT_01326,COMP_0360,CHECKING_01,checking,BBVA Net Cash Empresas,bbva_emp,EUR,2026-04-20 11:54:21
PRODUCT_01327,COMP_0603,CHECKING_01,checking,BBVA Net Cash Empresas,bbva_emp,EUR,2026-03-18 14:54:26
PRODUCT_01328,COMP_0370,CHECKING_02,checking,Revolut EU,revolut_gb,GBP,2026-01-26 17:02:09
PRODUCT_01329,COMP_0444,CHECKING_02,checking,RuralVia Empresas,ruralvia_emp,EUR,2026-03-25 15:48:18
PRODUCT_01332,COMP_0708,CARD_01,card,BBVA Net Cash Empresas,bbva_emp,EUR,2026-03-11 11:23:30
PRODUCT_01333,COMP_1203,CHECKING_02,checking,Revolut EU,revolut_gb,PLN,2026-06-23 13:50:11
PRODUCT_01335,COMP_1234,CHECKING_01,checking,Banco Sabadell T. sec - CAL Empresas,sabadell_emp_sec,EUR,2024-09-17 12:48:01
PRODUCT_01336,COMP_0328,CHECKING_01,checking,Bankinter Empresas,bankinter_emp,EUR,2026-05-26 15:36:24
PRODUCT_01337,COMP_0933,CHECKING_01,checking,HSBC Corporate,hsbccorporate,GBP,2026-02-10 17:45:45
PRODUCT_01338,COMP_1027,CHECKING_03,checking,Eurocaja Rural Empresas,eurocajarural_emp,EUR,2025-11-28 08:34:10
PRODUCT_01339,COMP_0195,CHECKING_02,checking,Cajamar,cajamar,EUR,2025-03-31 10:14:30
PRODUCT_01340,COMP_1169,CHECKING_03,checking,Globalcaja,ruralvia_globalcaja,EUR,2025-11-03 12:39:03
PRODUCT_01341,COMP_1106,CHECKING_01,checking,BBVA Net Cash Empresas,bbva_emp,EUR,2025-05-14 13:27:59
PRODUCT_01343,COMP_0020,CHECKING_03,checking,Caixabank Empresas,caixa_emp,EUR,2026-04-28 15:10:57
PRODUCT_01346,COMP_0087,INVESTMENT_01,investment,Cajamar,cajamar,EUR,2026-05-27 07:52:06
PRODUCT_01347,COMP_0868,CHECKING_02,checking,Banco Sabadell,sabadell_emp,EUR,2023-07-03 10:29:00
PRODUCT_01349,COMP_0348,CHECKING_01,checking,Banco Sabadell Empresas,sabadell_emp,EUR,2026-04-16 14:14:51
PRODUCT_01351,COMP_0945,CHECKING_03,checking,Banco Sabadell,sabadell_emp,USD,2023-07-07 08:50:01
PRODUCT_01352,COMP_0950,CHECKING_01,checking,Embat Payments,embatpayments,EUR,2024-06-03 07:32:15
PRODUCT_01357,COMP_0951,CHECKING_01,checking,Payoneer - EU,payoneer,EUR,2025-08-06 12:17:37
PRODUCT_01358,COMP_0276,CHECKING_04,checking,Other (customer-defined),custom,AOA,2026-02-18 12:07:15
PRODUCT_01360,COMP_1059,CARD_01,card,BBVA Net Cash Empresas,bbva_emp,EUR,2025-09-25 09:51:02
PRODUCT_01361,COMP_0885,CHECKING_02,checking,Caixabank,caixa_emp,EUR,2023-05-29 08:10:01
PRODUCT_01362,COMP_1265,CHECKING_01,checking,Banco Sabadell Empresas,sabadell_emp,EUR,2022-11-29 10:08:17
PRODUCT_01363,COMP_0203,INVESTMENT_01,investment,Banco Sabadell,sabadell_emp,EUR,2023-09-14 09:30:19
PRODUCT_01364,COMP_0627,CHECKING_01,checking,Cajamar,cajamar,EUR,2022-11-17 14:01:27
PRODUCT_01366,COMP_0840,CHECKING_01,checking,BBVA,bbva_emp,EUR,2021-11-23 15:10:56
PRODUCT_01367,COMP_1155,CHECKING_01,checking,Payhawk,payhawk,USD,2026-08-03 07:36:29
PRODUCT_01368,COMP_1024,CHECKING_01,checking,Banco Santander Empresas,santander_emp,EUR,2025-10-20 08:40:57
PRODUCT_01370,COMP_0387,CHECKING_02,checking,Bankinter Empresas,bankinter_emp,EUR,2025-02-14 10:22:00
PRODUCT_01371,COMP_0256,CHECKING_01,checking,Bankinter Empresas,bankinter_emp,USD,2025-06-10 14:14:27
PRODUCT_01372,COMP_0475,CHECKING_01,checking,Mercury,ins_116794,USD,2024-12-13 11:55:46
PRODUCT_01373,COMP_0674,CHECKING_03,checking,Banco Sabadell T. sec - CAL Empresas,sabadell_emp_sec,EUR,2024-06-26 16:14:45
PRODUCT_01374,COMP_0316,CHECKING_01,checking,Caixabank,caixa_emp,GBP,2026-04-24 07:43:06
PRODUCT_01376,COMP_1068,CHECKING_03,checking,Unicaja Empresas,unicaja_emp,EUR,2026-02-05 14:57:42
PRODUCT_01377,COMP_0924,INVESTMENT_01,investment,RuralVia Empresas,ruralvia_emp,EUR,2024-10-25 10:12:04
PRODUCT_01378,COMP_0852,CHECKING_01,checking,Paypal,paypal,EUR,2026-06-02 12:12:40
PRODUCT_01382,COMP_0799,CHECKING_01,checking,Wise,transferwise,USD,2026-01-26 13:00:48
PRODUCT_01383,COMP_0289,CHECKING_02,checking,iberCaja,ibercaja,EUR,2024-09-17 12:59:12
PRODUCT_01384,COMP_0515,CHECKING_07,checking,Banco Sabadell T. sec - CAL Empresas,sabadell_emp_sec,USD,2026-01-13 16:29:08
PRODUCT_01385,COMP_0793,CHECKING_01,checking,iberCaja,ibercaja,EUR,2026-03-12 09:31:53
PRODUCT_01386,COMP_1279,CHECKING_04,checking,Caixabank Empresas,caixa_emp,EUR,2026-05-05 11:01:02
PRODUCT_01388,COMP_0193,CHECKING_03,checking,Other (customer-defined),custom,EUR,2026-02-13 15:03:01
PRODUCT_01389,COMP_0007,INVESTMENT_02,investment,Banco Sabadell T. sec - CAL Empresas,sabadell_emp_sec,EUR,2026-03-11 08:04:50
PRODUCT_01391,COMP_0438,CHECKING_01,checking,Payhawk,payhawk,EUR,2026-08-02 18:03:06
PRODUCT_01392,COMP_0305,CHECKING_02,checking,Caixabank Empresas,caixa_emp,EUR,2026-01-09 09:34:48
PRODUCT_01393,COMP_0919,CHECKING_04,checking,Bankinter Empresas,bankinter_emp,USD,2025-11-03 11:40:52
PRODUCT_01394,COMP_0328,CARD_01,card,Banco Santander Empresas,santander_emp,EUR,2026-05-27 11:56:52
PRODUCT_01395,COMP_0495,CARD_01,card,Caixabank Empresas,caixa_emp,EUR,2025-12-11 08:58:24
PRODUCT_01397,COMP_0991,CHECKING_01,checking,Banco Santander Empresas,santander_emp,EUR,2025-09-30 16:03:05
PRODUCT_01398,COMP_0494,CARD_01,card,Banco Sabadell T. sec - CAL Empresas,sabadell_emp_sec,EUR,2024-09-17 12:48:01
PRODUCT_01400,COMP_0916,CHECKING_01,checking,Other (customer-defined),custom,EUR,2024-04-24 15:16:15
PRODUCT_01402,COMP_1016,CARD_07,card,Caixabank Empresas,caixa_emp,EUR,2026-03-20 13:16:26
PRODUCT_01403,COMP_0117,CHECKING_01,checking,Revolut EU,revolut,EUR,2024-11-13 08:47:26
PRODUCT_01404,COMP_0016,CHECKING_02,checking,Banco Santander Empresas,santander_emp,EUR,2026-04-08 12:10:49
PRODUCT_01406,COMP_1103,CHECKING_01,checking,Santander (Corporate UK),santander-coporate_uk,EUR,2026-03-03 12:41:48
PRODUCT_01407,COMP_0813,CHECKING_01,checking,Banco Santander Empresas,santander_emp,EUR,2023-06-07 15:32:34
PRODUCT_01409,COMP_1096,CHECKING_01,checking,Other (customer-defined),custom,EUR,2024-06-05 13:46:54
PRODUCT_01410,COMP_1149,INVESTMENT_02,investment,Deutsche Bank Empresas,deutschebank_emp,EUR,2025-09-30 12:21:11
PRODUCT_01411,COMP_0042,CHECKING_02,checking,City National Bank,_city_nb,USD,2022-04-21 14:18:13
PRODUCT_01412,COMP_0994,CHECKING_01,checking,Banca March,bancamarch,EUR,2024-11-26 13:05:43
PRODUCT_01413,COMP_1150,CHECKING_03,checking,BBVA Net Cash Empresas,bbva_emp,EUR,2025-02-10 12:07:55
PRODUCT_01414,COMP_0388,CHECKING_02,checking,Cajamar,cajamar,EUR,2025-02-17 08:11:24
PRODUCT_01415,COMP_0100,CHECKING_02,checking,Banco Sabadell,sabadell,EUR,2025-05-21 08:44:49
PRODUCT_01417,COMP_0753,CHECKING_01,checking,Caixabank Empresas,caixa_emp,EUR,2025-06-10 14:42:15
PRODUCT_01418,COMP_0433,CHECKING_02,checking,Banco Sabadell T. sec - CAL Empresas,sabadell_emp_sec,EUR,2025-03-25 11:51:45
PRODUCT_01420,COMP_0246,CHECKING_03,checking,Bankinter,bankinter_emp,EUR,2024-01-19 12:21:49
PRODUCT_01421,COMP_0183,RISK_03,risk,Other (customer-defined),custom,EUR,2026-03-17 17:13:46
PRODUCT_01422,COMP_0653,CHECKING_01,checking,Bankinter Empresas,bankinter_emp,USD,2025-06-04 14:54:42
PRODUCT_01424,COMP_1127,CHECKING_01,checking,Banco Sabadell Empresas,sabadell_emp,EUR,2024-12-11 14:19:31
PRODUCT_01425,COMP_0396,CHECKING_01,checking,Caixabank,caixa_emp,EUR,2023-07-03 10:47:42
PRODUCT_01426,COMP_0100,CHECKING_03,checking,Caixabank,caixa,EUR,2025-05-06 11:19:42
PRODUCT_01428,COMP_0988,CHECKING_03,checking,Banco Santander Empresas,santander_emp,EUR,2026-03-03 12:26:13
PRODUCT_01430,COMP_0361,CHECKING_04,checking,Paypal,paypal,GBP,2023-08-28 08:41:44
PRODUCT_01433,COMP_0528,CHECKING_01,checking,Other (customer-defined),custom,EUR,2026-01-22 13:43:47
PRODUCT_01435,COMP_0471,CHECKING_05,checking,Caja de Ingenieros,cajaingenieros,EUR,2025-11-18 11:56:02
PRODUCT_01436,COMP_1133,CHECKING_01,checking,Banca Monte dei Paschi Business,bmps_business,USD,2024-11-08 11:15:34
PRODUCT_01438,COMP_0603,CHECKING_02,checking,Kutxabank Empresas,kutxabank_emp,EUR,2026-03-18 14:57:39
PRODUCT_01439,COMP_0034,CHECKING_04,checking,Banco Sabadell T. sec - CAL Empresas,sabadell_emp_sec,EUR,2025-05-22 14:36:58
PRODUCT_01440,COMP_0083,CHECKING_02,checking,Caixabank Empresas,caixa_emp,EUR,2026-03-24 11:51:27
PRODUCT_01442,COMP_0292,CHECKING_08,checking,Other (customer-defined),custom,GHS,2025-10-15 13:19:59
PRODUCT_01443,COMP_0928,CHECKING_01,checking,Banco Santander Empresas,santander_emp,MXN,2025-07-29 11:21:40
PRODUCT_01444,COMP_0802,CHECKING_04,checking,Caixabank Empresas,caixa_emp,EUR,2026-06-30 10:08:19
PRODUCT_01445,COMP_0709,CHECKING_02,checking,Bankinter Empresas,bankinter_emp,EUR,2026-07-04 14:55:34
PRODUCT_01446,COMP_1165,CHECKING_01,checking,Kutxabank Empresas,kutxabank_emp,EUR,2024-12-11 12:31:42
PRODUCT_01447,COMP_0934,CHECKING_01,checking,Caixabank Empresas,caixa_emp,EUR,2026-01-09 08:45:50
PRODUCT_01449,COMP_0215,CHECKING_01,checking,Banco Santander Empresas,santander_emp,EUR,2026-04-08 08:31:17
PRODUCT_01450,COMP_0477,RISK_01,risk,Other (customer-defined),custom,USD,2026-04-16 16:21:50
PRODUCT_01451,COMP_0293,CHECKING_01,checking,Banco Santander,santander_emp,EUR,2024-07-01 16:20:21
PRODUCT_01452,COMP_1286,WALLET_01,wallet,Embat,embat,EUR,2025-05-02 10:46:10
PRODUCT_01453,COMP_0639,CHECKING_02,checking,Banco Santander Empresas,santander_emp,EUR,2024-11-05 10:03:47
PRODUCT_01454,COMP_1282,CHECKING_01,checking,Paypal,paypal,EUR,2024-02-16 09:17:08
PRODUCT_01457,COMP_0521,CHECKING_03,checking,Santander Bank - Business - Business,ins_125271,USD,2025-07-04 08:12:08
PRODUCT_01458,COMP_0445,CHECKING_01,checking,Barclays Corporate,barclays_corporate,GBP,2025-09-11 10:16:36
PRODUCT_01460,COMP_0193,CHECKING_04,checking,Banco Sabadell Empresas,sabadell_emp,EUR,2025-10-30 16:52:45
PRODUCT_01462,COMP_0041,CHECKING_01,checking,Banco Santander Empresas,santander_emp,EUR,2026-03-10 13:03:43
PRODUCT_01463,COMP_0365,CHECKING_04,checking,Le Credit Lyonnais Business,creditlyonnais-business,EUR,2026-03-03 13:58:22
PRODUCT_01464,COMP_0097,CHECKING_01,checking,Other (customer-defined),custom,USD,2025-10-06 09:14:20
PRODUCT_01465,COMP_1197,CHECKING_01,checking,Banco Santander Empresas,santander_emp,EUR,2025-04-04 12:48:57
PRODUCT_01466,COMP_1255,CHECKING_02,checking,Swedbank,swedbank_se,NOK,2024-08-08 11:10:56
PRODUCT_01467,COMP_0504,CARD_03,card,Banco Santander,santander_emp,EUR,2024-07-09 10:42:31
PRODUCT_01468,COMP_0196,CHECKING_01,checking,Barclays Corporate,barclays_corporate,USD,2025-09-26 07:51:09
PRODUCT_01469,COMP_0007,CARD_03,card,Banco Santander Empresas,santander_emp,EUR,2026-03-10 15:44:41
PRODUCT_01470,COMP_1146,CHECKING_01,checking,Caixabank,caixa,EUR,2026-04-15 14:34:04
PRODUCT_01471,COMP_0074,CHECKING_02,checking,AndBank,andbank,EUR,2025-07-22 05:52:11
PRODUCT_01472,COMP_0066,CHECKING_01,checking,Banco Santander Empresas,santander_emp,EUR,2024-11-05 09:29:22
PRODUCT_01473,COMP_1272,CHECKING_03,checking,Banco Santander Empresas,santander_emp,USD,2026-03-05 14:03:23
PRODUCT_01474,COMP_0903,CHECKING_02,checking,Banco Santander Empresas,santander_emp,EUR,2025-02-20 12:35:05
PRODUCT_01475,COMP_1189,CHECKING_01,checking,Caixabank,caixa_emp,EUR,2024-03-13 09:33:07
PRODUCT_01476,COMP_1077,CARD_01,card,Banca March,bancamarch,EUR,2025-09-18 13:24:05
PRODUCT_01477,COMP_0570,CHECKING_01,checking,Cajamar,cajamar,EUR,2026-04-07 09:37:08
PRODUCT_01478,COMP_0630,CARD_11,card,Caixabank Empresas,caixa_emp,EUR,2026-02-13 10:38:01
PRODUCT_01480,COMP_1169,CHECKING_04,checking,BBVA Net Cash Empresas,bbva_emp,EUR,2025-11-03 11:30:16
PRODUCT_01481,COMP_0754,CHECKING_02,checking,Other (customer-defined),custom,USD,2025-05-25 18:49:27
PRODUCT_01483,COMP_0834,CHECKING_01,checking,Banco Santander,santander_emp,EUR,2023-07-03 11:04:53
PRODUCT_01484,COMP_0167,CHECKING_02,checking,Paypal,paypal,EUR,2024-02-19 10:09:55
PRODUCT_01485,COMP_0974,INVESTMENT_01,investment,Banco Santander Empresas,santander_emp,EUR,2026-01-27 09:04:16
PRODUCT_01488,COMP_0022,CARD_01,card,Abanca Empresas,abanca_emp,EUR,2026-06-23 08:07:47
PRODUCT_01489,COMP_0138,CHECKING_01,checking,Caixabank,caixa_emp,EUR,2024-03-11 11:47:31
PRODUCT_01490,COMP_0259,CHECKING_01,checking,Banco Santander,santander_emp,EUR,2023-04-27 09:56:43
PRODUCT_01491,COMP_0798,CARD_05,card,Banco Santander Empresas,santander_emp,EUR,2025-09-11 09:57:00
PRODUCT_01492,COMP_1135,CHECKING_03,checking,Caixabank Empresas,caixa_emp,EUR,2025-09-18 09:20:29
PRODUCT_01493,COMP_0479,CHECKING_01,checking,Other (customer-defined),custom,AUD,2025-07-21 14:02:44
PRODUCT_01495,COMP_0289,CHECKING_03,checking,Bankinter Empresas,bankinter_emp,EUR,2024-09-18 09:59:31
PRODUCT_01496,COMP_0066,CHECKING_02,checking,Caixabank,caixa_emp,EUR,2022-11-17 13:37:41
PRODUCT_01497,COMP_1038,INVESTMENT_03,investment,Other (customer-defined),custom,EUR,2026-05-28 19:11:52
PRODUCT_01500,COMP_0794,CHECKING_02,checking,BBVA,bbva_emp,EUR,2024-03-11 12:55:53
PRODUCT_01501,COMP_0046,CHECKING_01,checking,Bankinter Empresas,bankinter_emp,EUR,2026-09-15 13:24:04
PRODUCT_01502,COMP_0185,CHECKING_02,checking,Abanca Empresas,abanca_emp,EUR,2026-06-23 09:58:50
PRODUCT_01503,COMP_0131,CHECKING_01,checking,Banco Santander,santander_emp,EUR,2026-03-03 07:37:39
PRODUCT_01504,COMP_0866,CHECKING_01,checking,Caixabank Empresas,caixa_emp,EUR,2025-01-29 08:36:32
PRODUCT_01505,COMP_0854,CHECKING_01,checking,Banco Santander Empresas,santander_emp,EUR,2025-07-29 11:21:40
PRODUCT_01506,COMP_0058,CHECKING_03,checking,Caixabank Empresas,caixa_emp,EUR,2026-04-07 16:06:11
PRODUCT_01507,COMP_0924,CARD_01,card,RuralVia Empresas,ruralvia_emp,EUR,2024-10-25 10:12:04
PRODUCT_01509,COMP_1257,CHECKING_01,checking,Banco Santander Empresas,santander_emp,USD,2025-01-22 09:31:24
PRODUCT_01510,COMP_1263,CHECKING_01,checking,Caixabank Empresas,caixa_emp,EUR,2024-12-10 14:51:56
PRODUCT_01512,COMP_0545,CHECKING_01,checking,BBVA,bbva_emp,EUR,2024-06-26 14:39:09
PRODUCT_01513,COMP_0376,CHECKING_07,checking,Banco Santander,santander_emp,EUR,2025-09-16 11:06:29
PRODUCT_01514,COMP_0748,CHECKING_02,checking,Caixabank,caixa_emp,USD,2024-07-18 11:34:17
PRODUCT_01515,COMP_0351,CHECKING_06,checking,BBVA Net Cash Empresas,bbva_emp,EUR,2026-08-05 09:21:49
PRODUCT_01516,COMP_0723,CHECKING_02,checking,Bankinter Empresas,bankinter_emp,EUR,2025-11-03 11:47:30
PRODUCT_01518,COMP_0607,CHECKING_01,checking,Banco Sabadell T. sec - CAL Empresas,sabadell_emp_sec,EUR,2025-03-24 12:42:26
PRODUCT_01520,COMP_0554,CHECKING_01,checking,NOVO BANCO SA,novo-banco-sa,EUR,2026-04-29 09:39:05
PRODUCT_01521,COMP_0173,CARD_01,card,Deutsche Bank,deutschebank,EUR,2025-07-15 14:46:40
PRODUCT_01524,COMP_1141,CHECKING_03,checking,HSBC Corporate,hsbccorporate,USD,2026-01-13 20:58:20
PRODUCT_01525,COMP_0139,CHECKING_02,checking,Banco Sabadell Empresas,sabadell_emp,EUR,2025-04-04 11:18:24
PRODUCT_01526,COMP_0150,CHECKING_02,checking,Banca March,bancamarch,EUR,2025-10-29 16:52:25
PRODUCT_01527,COMP_0082,CHECKING_02,checking,Bankinter Empresas,bankinter_emp,EUR,2025-05-22 14:35:05
PRODUCT_01528,COMP_0568,CHECKING_03,checking,Bankinter Empresas,bankinter_emp,USD,2025-06-23 11:50:07
PRODUCT_01531,COMP_0386,CHECKING_01,checking,Banco Sabadell Empresas,sabadell_emp,EUR,2025-09-05 05:48:00
PRODUCT_01532,COMP_1060,CHECKING_04,checking,Caixabank Empresas,caixa_emp,EUR,2026-04-20 12:42:23
PRODUCT_01533,COMP_0129,CHECKING_02,checking,Banco Santander Empresas,santander_emp,EUR,2026-02-27 09:36:37
PRODUCT_01534,COMP_1208,CHECKING_03,checking,Banco Sabadell Empresas,sabadell_emp,EUR,2026-04-07 07:20:54
PRODUCT_01537,COMP_0282,EXPENSESPLATFORM_04,expensesPlatform,Caixabank,caixa_emp,EUR,2024-02-19 10:45:26
PRODUCT_01539,COMP_0648,CHECKING_01,checking,Caixabank Empresas,caixa_emp,EUR,2025-09-16 08:12:00
PRODUCT_01540,COMP_0599,CHECKING_01,checking,BBVA Net Cash Empresas,bbva_emp,EUR,2025-09-09 12:55:55
PRODUCT_01541,COMP_1012,CHECKING_02,checking,Banco Santander Empresas,santander_emp,EUR,2026-01-22 14:34:53
PRODUCT_01543,COMP_1268,CHECKING_03,checking,Banco Santander Empresas,santander_emp,EUR,2026-04-29 11:54:28
PRODUCT_01545,COMP_1028,CARD_03,card,Caixabank Empresas,caixa_emp,EUR,2026-03-20 13:21:38
PRODUCT_01547,COMP_0928,CHECKING_02,checking,Caixabank Empresas,caixa_emp,EUR,2025-07-29 11:06:53
PRODUCT_01548,COMP_0119,CHECKING_01,checking,Caixabank Empresas,caixa_emp,EUR,2026-03-13 09:31:21
PRODUCT_01550,COMP_0192,CHECKING_02,checking,BBVA Net Cash Empresas,bbva_emp,EUR,2026-03-17 17:17:14
PRODUCT_01553,COMP_1249,CHECKING_03,checking,BBVA Net Cash Empresas,bbva_emp,EUR,2025-09-02 10:49:39
PRODUCT_01555,COMP_0847,CHECKING_01,checking,BBVA Net Cash Empresas,bbva_emp,EUR,2024-11-26 14:35:53
PRODUCT_01556,COMP_0843,CHECKING_01,checking,Paypal,paypal,EUR,2024-02-19 10:06:32
PRODUCT_01558,COMP_0848,CHECKING_03,checking,Wells Fargo,ins_127991,USD,2025-01-29 16:36:26
PRODUCT_01559,COMP_0329,CHECKING_01,checking,Qonto ,qonto,EUR,2022-05-14 10:00:01
PRODUCT_01560,COMP_0418,CHECKING_04,checking,Banco Santander,santander_emp,EUR,2026-03-03 12:06:45
PRODUCT_01562,COMP_0004,CARD_01,card,Banco Santander Empresas,santander_emp,EUR,2026-02-25 09:39:18
PRODUCT_01564,COMP_1068,CHECKING_04,checking,Banco Santander,santander,EUR,2026-02-10 12:18:49
PRODUCT_01565,COMP_0821,CHECKING_02,checking,Banco Santander Empresas,santander_emp,EUR,2026-04-08 13:35:18
PRODUCT_01566,COMP_0864,CHECKING_03,checking,Paypal,paypal,EUR,2024-02-16 12:12:04
PRODUCT_01568,COMP_0655,CHECKING_01,checking,Banco Sabadell T. sec - CAL Empresas,sabadell_emp_sec,EUR,2025-05-22 14:36:58
PRODUCT_01569,COMP_1286,CARD_01,card,Banco Santander Empresas,santander_emp,EUR,2024-11-20 14:46:34
PRODUCT_01570,COMP_1159,CHECKING_02,checking,Banco Sabadell Empresas,sabadell_emp,EUR,2025-09-08 10:11:41
PRODUCT_01571,COMP_0909,CARD_03,card,Bankinter,bankinter_emp,EUR,2024-04-03 07:31:38
PRODUCT_01572,COMP_0730,CHECKING_07,checking,SSK München,ssk-muenchen,USD,2026-07-08 13:09:42
PRODUCT_01574,COMP_0139,CHECKING_03,checking,Banco Sabadell Empresas,sabadell_emp,EUR,2025-04-04 11:18:24
PRODUCT_01575,COMP_0376,CHECKING_08,checking,Banco Santander Empresas,santander_emp,EUR,2026-04-08 12:27:02
PRODUCT_01577,COMP_1149,CHECKING_01,checking,Banco Santander Empresas,santander_emp,EUR,2025-09-10 08:29:22
PRODUCT_01578,COMP_1060,CHECKING_05,checking,Banco Sabadell Empresas,sabadell_emp,EUR,2026-04-16 12:56:05
PRODUCT_01579,COMP_0416,CHECKING_03,checking,Caixabank Empresas,caixa_emp,EUR,2025-12-30 10:17:31
PRODUCT_01580,COMP_0680,CHECKING_02,checking,Paypal,paypal,EUR,2026-01-07 13:22:48
PRODUCT_01581,COMP_0818,CHECKING_01,checking,Bankinter,bankinter_emp,EUR,2022-11-17 13:58:19
PRODUCT_01582,COMP_0505,CHECKING_01,checking,RuralVia,ruralvia,EUR,2026-07-13 06:00:36
PRODUCT_01584,COMP_1042,CHECKING_01,checking,BBVA Net Cash Empresas,bbva_emp,USD,2024-01-09 08:18:29
PRODUCT_01585,COMP_1267,CHECKING_02,checking,Globalcaja,ruralvia_globalcaja,EUR,2025-11-03 12:37:21
PRODUCT_01586,COMP_1179,CHECKING_01,checking,BBVA Net Cash Empresas,bbva_emp,EUR,2026-06-22 14:01:51
PRODUCT_01587,COMP_0696,CHECKING_01,checking,Cajamar,cajamar,EUR,2026-03-16 09:54:41
PRODUCT_01589,COMP_1262,CHECKING_04,checking,Banca March,bancamarch,EUR,2026-04-23 09:44:21
PRODUCT_01590,COMP_0481,CHECKING_01,checking,Alpha Bank,alphabank,EUR,2025-10-21 11:00:55
PRODUCT_01592,COMP_0119,CARD_03,card,Caixabank Empresas,caixa_emp,EUR,2026-03-13 09:31:21
PRODUCT_01593,COMP_0268,CHECKING_01,checking,Lloyds UK (Commercial),lloydscommercial_uk,USD,2024-11-08 10:49:24
PRODUCT_01594,COMP_0624,CHECKING_01,checking,NOVO BANCO SA,novo-banco-sa,EUR,2023-11-06 16:09:22
PRODUCT_01595,COMP_0855,CHECKING_05,checking,BBVA Net Cash Empresas,bbva_emp,USD,2026-05-14 11:14:55
PRODUCT_01597,COMP_0033,CHECKING_01,checking,Crédit Industriel et Commercial,cic_fr,EUR,2025-12-19 14:47:32
PRODUCT_01598,COMP_1016,CARD_08,card,Caixabank Empresas,caixa_emp,EUR,2026-03-20 13:16:26
PRODUCT_01599,COMP_1067,CHECKING_04,checking,Other (customer-defined),custom,NZD,2025-06-07 13:36:57
PRODUCT_01600,COMP_0604,CHECKING_01,checking,Abanca Empresas,abanca_emp,EUR,2024-10-17 16:01:12
PRODUCT_01601,COMP_0929,CHECKING_01,checking,BBVA Net Cash Empresas,bbva_emp,EUR,2025-10-17 10:10:14
PRODUCT_01603,COMP_0252,CHECKING_11,checking,Banking Circle GLOBAL,bc,CHF,2026-02-27 12:13:39
PRODUCT_01605,COMP_1252,CHECKING_02,checking,Banco Santander Empresas,santander_emp,EUR,2026-04-08 12:16:43
PRODUCT_01606,COMP_1076,CARD_01,card,Iberia Cards Empresas,iberiacards_emp,EUR,2025-09-30 11:06:28
PRODUCT_01608,COMP_0199,CHECKING_02,checking,Revolut EU,revolut,EUR,2025-10-29 10:42:20
PRODUCT_01609,COMP_0708,CHECKING_02,checking,Banco Sabadell Empresas,sabadell_emp,EUR,2026-05-12 14:37:37
PRODUCT_01610,COMP_1091,CHECKING_02,checking,Banco Santander Empresas,santander_emp,EUR,2025-03-17 12:06:38
PRODUCT_01611,COMP_0971,CHECKING_01,checking,HSBC Corporate,hsbccorporate,USD,2026-02-10 17:49:24
PRODUCT_01613,COMP_1124,CARD_01,card,Bankinter Empresas,bankinter_emp,EUR,2025-06-03 07:57:06
PRODUCT_01616,COMP_0950,CARD_01,card,BBVA,bbva_emp,EUR,2024-05-30 16:06:39
PRODUCT_01619,COMP_0252,CHECKING_12,checking,Banking Circle GLOBAL,bc,RON,2026-02-27 12:33:30
PRODUCT_01620,COMP_1019,CHECKING_01,checking,Societe Generale Business,soc-gen-business,EUR,2026-03-19 12:12:58
PRODUCT_01621,COMP_0974,CHECKING_01,checking,Banco Santander Empresas,santander_emp,EUR,2026-05-18 11:26:42
PRODUCT_01622,COMP_0787,SAVING_01,saving,DNB,dnb,NOK,2026-04-09 13:31:20
PRODUCT_01624,COMP_0680,CHECKING_03,checking,Deutsche Bank AG,deutschebank-pfb_de,EUR,2026-02-06 13:26:05
PRODUCT_01625,COMP_1214,CHECKING_01,checking,Caixabank Empresas,caixa_emp,EUR,2026-02-17 15:30:39
PRODUCT_01626,COMP_1161,CHECKING_02,checking,Banco Sabadell Empresas,sabadell_emp,USD,2026-04-08 14:32:44
PRODUCT_01628,COMP_0630,CARD_12,card,Caixabank Empresas,caixa_emp,EUR,2026-02-13 10:38:01
PRODUCT_01630,COMP_0595,CHECKING_02,checking,Abanca Empresas,abanca_emp,EUR,2024-10-17 15:59:30
PRODUCT_01631,COMP_0278,CHECKING_01,checking,Other (customer-defined),custom,EUR,2024-05-22 11:35:34
PRODUCT_01634,COMP_0944,CARD_01,card,BBVA Net Cash Empresas,bbva_emp,EUR,2026-04-06 16:37:12
PRODUCT_01635,COMP_0727,CHECKING_03,checking,Revolut,revolut,EUR,2025-12-11 14:42:28
PRODUCT_01636,COMP_0778,CHECKING_02,checking,Banco Santander Empresas,santander_emp,EUR,2026-09-08 15:15:50
PRODUCT_01637,COMP_0674,CHECKING_04,checking,Unicaja,unicaja_emp,EUR,2024-06-27 11:46:25
PRODUCT_01638,COMP_0218,CHECKING_02,checking,Caixabank Empresas,caixa_emp,EUR,2025-03-10 15:42:15
PRODUCT_01641,COMP_0367,INVESTMENT_01,investment,BBVA Net Cash Empresas,bbva_emp,EUR,2025-10-07 11:21:28
PRODUCT_01643,COMP_1169,CHECKING_05,checking,Banco Sabadell T. sec - CAL Empresas,sabadell_emp_sec,EUR,2025-11-03 11:22:08
PRODUCT_01644,COMP_0996,CHECKING_01,checking,BBVA Net Cash Empresas,bbva_emp,EUR,2026-02-25 10:59:40
PRODUCT_01645,COMP_0431,CHECKING_01,checking,BBVA Net Cash Empresas,bbva_emp,EUR,2025-01-23 14:56:54
PRODUCT_01647,COMP_1221,CHECKING_01,checking,Hamburger Sparkasse,hamburger-sparkasse,EUR,2025-09-16 13:44:34
PRODUCT_01651,COMP_0314,CHECKING_02,checking,Citibank Empresas GLOBAL,citi,CAD,2025-11-11 16:32:34
PRODUCT_01652,COMP_0467,CHECKING_01,checking,Banco Sabadell T. sec - CAL Empresas,sabadell_emp_sec,EUR,2025-05-22 14:36:58
PRODUCT_01653,COMP_0929,CHECKING_02,checking,Abanca Empresas,abanca_emp,EUR,2025-10-09 13:33:58
PRODUCT_01654,COMP_0282,CHECKING_01,checking,Caixabank,caixa_emp,EUR,2024-02-19 10:45:26
PRODUCT_01656,COMP_0611,CHECKING_02,checking,Caixabank,caixa,USD,2024-06-26 09:39:47
PRODUCT_01657,COMP_1126,CHECKING_01,checking,Banco Santander Empresas,santander_emp,EUR,2026-02-16 15:11:36
PRODUCT_01658,COMP_0236,CHECKING_01,checking,KBC Brussels Belgium,kbcbrussels_belgium,GBP,2026-09-08 14:25:43
PRODUCT_01659,COMP_0189,CHECKING_01,checking,Barclays Corporate,barclays_corporate,USD,2025-06-12 09:42:50
PRODUCT_01660,COMP_0721,CHECKING_03,checking,RuralVia Empresas,ruralvia_emp,EUR,2025-03-10 12:32:13
PRODUCT_01661,COMP_0519,CHECKING_02,checking,Caixabank,caixa_emp,EUR,2024-01-08 15:53:17
PRODUCT_01662,COMP_0596,INVESTMENT_01,investment,Caixabank Empresas,caixa_emp,EUR,2024-12-23 07:56:36
PRODUCT_01664,COMP_1279,CHECKING_05,checking,Caixabank Empresas,caixa_emp,EUR,2026-05-05 11:01:02
PRODUCT_01665,COMP_0608,CHECKING_01,checking,Banco Santander Empresas,santander_emp,EUR,2026-04-27 12:49:00
PRODUCT_01666,COMP_0037,CHECKING_01,checking,Banco Santander Empresas,santander_emp,EUR,2025-01-22 09:31:24
PRODUCT_01668,COMP_0634,CHECKING_01,checking,Revolut EU,revolut,GBP,2026-01-26 15:23:41
PRODUCT_01670,COMP_0555,CHECKING_01,checking,Bankinter Empresas,bankinter_emp,EUR,2025-02-10 11:07:26
PRODUCT_01671,COMP_1024,CHECKING_02,checking,Caixabank Empresas,caixa_emp,EUR,2025-10-15 13:21:56
PRODUCT_01672,COMP_1221,CHECKING_02,checking,Hamburger Sparkasse,hamburger-sparkasse,EUR,2026-02-11 17:54:12
PRODUCT_01673,COMP_1187,CHECKING_04,checking,Banking Circle GLOBAL,bc,EUR,2026-02-06 10:43:20
PRODUCT_01674,COMP_1035,CHECKING_01,checking,Cajamar,cajamar,EUR,2025-04-01 12:42:15
PRODUCT_01675,COMP_0438,CHECKING_02,checking,Banco Sabadell Empresas,sabadell_emp,EUR,2024-10-14 10:28:08
PRODUCT_01676,COMP_1059,CHECKING_01,checking,Bankinter Empresas,bankinter_emp,EUR,2025-07-29 13:54:45
PRODUCT_01677,COMP_0242,CHECKING_01,checking,BBVA Net Cash Empresas,bbva_emp,EUR,2026-06-18 14:15:03
PRODUCT_01680,COMP_0848,CHECKING_04,checking,Wells Fargo,wellsfargo,USD,2026-04-28 15:13:20
PRODUCT_01681,COMP_0869,CHECKING_01,checking,HSBC Corporate EU,hsbccorporate_eu,EUR,2025-08-14 07:58:42
PRODUCT_01682,COMP_0519,CHECKING_03,checking,Caixabank,caixa_emp,EUR,2024-01-08 15:53:17
PRODUCT_01683,COMP_1138,CHECKING_01,checking,ABN AMRO Bank N.V.,abn-amro-nl,EUR,2024-10-23 15:14:11
PRODUCT_01684,COMP_0351,CARD_01,card,iberCaja,ibercaja,EUR,2026-07-07 11:08:27
PRODUCT_01685,COMP_0666,INVESTMENT_01,investment,Banco Galicia Empresas,bancogalicia_emp_ar,ARS,2026-04-10 15:07:17
PRODUCT_01691,COMP_0261,CHECKING_01,checking,Banco Santander Empresas,santander_emp,EUR,2024-10-30 10:22:21
PRODUCT_01693,COMP_0801,CHECKING_02,checking,Banco Sabadell Empresas,sabadell_emp,EUR,2025-07-09 06:34:04
PRODUCT_01694,COMP_0478,CHECKING_01,checking,BBVA Net Cash Empresas,bbva_emp,EUR,2025-07-29 11:12:22
PRODUCT_01695,COMP_1049,CHECKING_02,checking,BBVA Net Cash Empresas,bbva_emp,EUR,2026-07-02 13:24:11
PRODUCT_01696,COMP_0054,CHECKING_03,checking,Banco Santander Empresas,santander_emp,EUR,2025-04-04 12:48:57
PRODUCT_01698,COMP_0788,CHECKING_01,checking,Banco Santander,santander_emp,EUR,2023-10-26 06:49:47
PRODUCT_01699,COMP_1020,CHECKING_01,checking,Banco Santander Empresas,santander_emp,EUR,2026-01-13 09:31:31
PRODUCT_01701,COMP_1019,CHECKING_02,checking,Stripe,stripe,EUR,2024-05-28 10:01:23
PRODUCT_01704,COMP_0925,CHECKING_01,checking,Banco Santander,santander_emp,EUR,2023-11-21 13:49:09
PRODUCT_01706,COMP_0957,CHECKING_02,checking,Deutsche Bank Empresas,deutschebank_emp,EUR,2026-07-27 08:41:03
PRODUCT_01707,COMP_0233,CHECKING_01,checking,Other (customer-defined),custom,EUR,2024-04-24 15:06:49
PRODUCT_01709,COMP_0286,CHECKING_01,checking,Banco Santander Empresas,santander_emp,EUR,2026-07-23 11:56:12
PRODUCT_01710,COMP_0106,CHECKING_01,checking,BBVA Net Cash Empresas,bbva_emp,EUR,2024-07-30 12:36:34
PRODUCT_01715,COMP_0824,CHECKING_01,checking,BBVA Net Cash Empresas,bbva_emp,EUR,2024-06-13 10:46:27
PRODUCT_01716,COMP_0927,CHECKING_01,checking,BBVA Net Cash Empresas,bbva_emp,EUR,2024-12-11 11:59:40
PRODUCT_01717,COMP_0877,CHECKING_03,checking,Banco Santander Empresas,santander_emp,EUR,2025-09-24 16:06:12
PRODUCT_01720,COMP_0895,CHECKING_02,checking,Banco Sabadell,sabadell_emp,EUR,2023-09-14 09:30:21
PRODUCT_01721,COMP_0252,CHECKING_13,checking,Banking Circle GLOBAL,bc,CZK,2026-02-27 12:25:56
PRODUCT_01722,COMP_0799,CHECKING_02,checking,Barclays Corporate,barclays_corporate,USD,2026-01-28 14:45:29
PRODUCT_01724,COMP_1248,CHECKING_01,checking,Banco Santander Empresas,santander_emp,EUR,2025-04-14 09:19:04
PRODUCT_01725,COMP_0994,CHECKING_02,checking,Caixabank Empresas,caixa_emp,EUR,2024-11-26 13:19:57
PRODUCT_01727,COMP_0870,CHECKING_01,checking,Bankinter Empresas,bankinter_emp,EUR,2024-09-18 10:08:09
PRODUCT_01728,COMP_1056,CHECKING_02,checking,HSBC Corporate,hsbccorporate,EUR,2026-02-10 17:41:30
PRODUCT_01729,COMP_0248,CHECKING_03,checking,Caixabank Empresas,caixa_emp,EUR,2025-11-03 12:53:21
PRODUCT_01730,COMP_1171,CHECKING_02,checking,Bankinter Empresas,bankinter_emp,EUR,2025-09-26 07:55:34
PRODUCT_01731,COMP_1146,CHECKING_02,checking,BBVA Net Cash Empresas,bbva_emp,EUR,2026-05-27 08:45:31
PRODUCT_01733,COMP_1053,CHECKING_04,checking,Banco Sabadell Empresas,sabadell_emp,EUR,2026-07-06 13:36:32
PRODUCT_01734,COMP_1179,CHECKING_02,checking,BBVA Net Cash Empresas,bbva_emp,EUR,2026-03-18 14:59:12
PRODUCT_01735,COMP_0837,CHECKING_06,checking,Bankinter Empresas,bankinter_emp,EUR,2026-03-02 15:27:04
PRODUCT_01736,COMP_0180,CHECKING_01,checking,Bankinter,bankinter_emp,EUR,2024-02-16 10:48:35
PRODUCT_01737,COMP_0301,CHECKING_05,checking,Banco Sabadell Empresas,sabadell_emp,EUR,2025-12-11 18:57:14
PRODUCT_01738,COMP_0460,WALLET_01,wallet,Embat,embat,GBP,2025-03-11 11:09:23
PRODUCT_01739,COMP_0295,CARD_01,card,Caixabank,caixa,EUR,2026-04-14 08:26:45
PRODUCT_01740,COMP_0993,CHECKING_03,checking,RuralVia Empresas,ruralvia_emp,EUR,2025-10-20 13:09:26
PRODUCT_01741,COMP_0833,CHECKING_01,checking,Caixabank,caixa_emp,EUR,2023-05-31 05:44:04
PRODUCT_01742,COMP_0792,CHECKING_03,checking,Bankinter,bankinter_emp,EUR,2026-07-01 06:48:31
PRODUCT_01744,COMP_0527,CHECKING_02,checking,BBVA Net Cash Empresas,bbva_emp,EUR,2025-07-08 13:57:32
PRODUCT_01746,COMP_0708,CHECKING_03,checking,Banco Sabadell Empresas,sabadell_emp,HUF,2026-02-24 15:03:09
PRODUCT_01747,COMP_0982,CARD_03,card,Caixabank Empresas,caixa_emp,EUR,2025-03-25 10:07:20
PRODUCT_01748,COMP_1206,CHECKING_01,checking,Payhawk,payhawk,EUR,2025-04-22 10:42:27
PRODUCT_01750,COMP_0086,CARD_01,card,Caixabank Empresas,caixa_emp,EUR,2026-07-09 07:41:26
PRODUCT_01751,COMP_1195,CHECKING_02,checking,Caixabank Empresas,caixa_emp,EUR,2026-01-26 12:54:14
PRODUCT_01752,COMP_0185,CHECKING_03,checking,Bankinter Empresas,bankinter_emp,EUR,2026-07-21 10:05:53
PRODUCT_01753,COMP_0146,CHECKING_01,checking,Banco Sabadell Empresas,sabadell_emp,EUR,2025-09-05 05:53:22
PRODUCT_01754,COMP_0287,CHECKING_02,checking,BBVA,bbva_emp,EUR,2023-10-23 10:41:31
PRODUCT_01755,COMP_1233,CHECKING_04,checking,BANCO BIC PORTUGUES SA,banco-bic-portugues-sa,EUR,2025-01-30 12:54:55
PRODUCT_01756,COMP_1036,CHECKING_02,checking,RuralVia Empresas,ruralvia_emp,EUR,2026-07-15 11:58:35
PRODUCT_01757,COMP_0047,INVESTMENT_03,investment,Deutsche Bank Empresas,deutschebank_emp,EUR,2025-09-23 10:49:30
PRODUCT_01758,COMP_0973,CHECKING_01,checking,Other (customer-defined),custom,EUR,2026-05-12 15:37:35
PRODUCT_01760,COMP_0849,CHECKING_01,checking,Bankinter Empresas,bankinter_emp,EUR,2026-04-23 11:37:35
PRODUCT_01762,COMP_0539,CHECKING_03,checking,Caixabank,caixa_emp,EUR,2024-02-19 10:37:51
PRODUCT_01763,COMP_0252,CHECKING_14,checking,Banking Circle GLOBAL,bc,GBP,2026-05-18 10:10:51
PRODUCT_01766,COMP_0853,CHECKING_01,checking,Other (customer-defined),custom,JPY,2026-06-04 10:12:38
PRODUCT_01768,COMP_0272,CARD_01,card,Caixabank Empresas,caixa_emp,EUR,2026-04-07 10:18:46
PRODUCT_01769,COMP_0820,CHECKING_02,checking,BBVA,bbva_emp,EUR,2023-05-29 08:12:46
PRODUCT_01770,COMP_1139,CHECKING_01,checking,Other (customer-defined),custom,EUR,2024-06-28 18:45:38
PRODUCT_01771,COMP_0091,CHECKING_01,checking,Qonto,qonto,EUR,2025-06-30 14:30:04
PRODUCT_01772,COMP_0692,CHECKING_02,checking,Revolut EU,revolut_gb,GBP,2024-12-11 12:45:20
PRODUCT_01773,COMP_0524,CHECKING_03,checking,BBVA Net Cash Empresas,bbva_emp,EUR,2026-05-14 11:12:08
PRODUCT_01774,COMP_1028,CARD_04,card,Caixabank Empresas,caixa_emp,EUR,2026-03-20 13:21:38
PRODUCT_01775,COMP_0470,CHECKING_02,checking,Caisse d Epargne Provence Alpes Corse,caisse-d-epargne-provence-alpes-corse,EUR,2026-04-14 10:05:58
PRODUCT_01777,COMP_0670,CHECKING_05,checking,Banco Santander Empresas,santander_emp,EUR,2024-11-06 14:05:44
PRODUCT_01779,COMP_0495,CARD_02,card,Caixabank Empresas,caixa_emp,EUR,2025-12-11 08:58:24
PRODUCT_01780,COMP_0827,CHECKING_01,checking,Banco Santander Empresas,santander_emp,EUR,2022-11-29 10:34:26
PRODUCT_01781,COMP_0850,CHECKING_02,checking,Banca March,bancamarch,EUR,2026-07-13 15:00:03
PRODUCT_01782,COMP_1280,CHECKING_01,checking,BBVA Net Cash Empresas,bbva_emp,EUR,2025-09-01 12:40:20
PRODUCT_01784,COMP_0639,CHECKING_03,checking,Banco Santander Empresas,santander_emp,EUR,2024-11-05 10:05:10
PRODUCT_01785,COMP_1264,CHECKING_02,checking,Societe Generale Entreprises,soc-gen-corporate,EUR,2023-07-25 14:11:04
PRODUCT_01786,COMP_1133,CHECKING_02,checking,Banca Monte dei Paschi Business,bmps_business,EUR,2024-11-08 11:15:34
PRODUCT_01788,COMP_0545,CHECKING_02,checking,Other (customer-defined),custom,EUR,2024-12-13 08:56:25
PRODUCT_01790,COMP_1164,CHECKING_02,checking,Banco Santander Empresas,santander_emp,EUR,2025-11-28 07:08:26
PRODUCT_01791,COMP_1133,CHECKING_03,checking,Intesa Sanpaolo (Corporate),intesa_sanpaolo_corporate,USD,2024-11-05 11:01:12
PRODUCT_01792,COMP_0020,INVESTMENT_01,investment,Caixabank Empresas,caixa_emp,EUR,2026-04-28 15:10:57
PRODUCT_01793,COMP_0471,CHECKING_06,checking,BBVA,bbva_emp,EUR,2024-01-31 11:03:10
PRODUCT_01795,COMP_0406,CHECKING_01,checking,HSBC Corporate EU,hsbccorporate_eu,USD,2026-03-27 10:47:38
PRODUCT_01796,COMP_0969,CHECKING_01,checking,BBVA,bbva_emp,EUR,2023-05-25 05:17:56
PRODUCT_01797,COMP_0654,CHECKING_01,checking,Banco Santander Empresas,santander_emp,EUR,2025-12-02 17:52:14
PRODUCT_01798,COMP_1163,CHECKING_02,checking,Citibank Empresas GLOBAL,citi,EUR,2025-11-11 16:24:23
PRODUCT_01799,COMP_0600,CHECKING_01,checking,RuralVia Empresas,ruralvia_emp,EUR,2025-03-10 12:38:48
PRODUCT_01800,COMP_0780,CHECKING_01,checking,Banco Santander Empresas,santander_emp,EUR,2024-10-16 14:28:24
PRODUCT_01801,COMP_0510,CHECKING_01,checking,iberCaja,ibercaja,EUR,2025-02-20 12:28:23
PRODUCT_01802,COMP_1108,CHECKING_01,checking,Danske Bank Business Denmark,danskebankbusiness_dk,EUR,2026-03-09 13:04:47
PRODUCT_01803,COMP_0378,CHECKING_01,checking,Banco Sabadell Empresas,sabadell_emp,EUR,2026-02-19 09:07:16
PRODUCT_01804,COMP_0277,CARD_02,card,Caixabank Empresas,caixa_emp,EUR,2026-03-03 12:23:51
PRODUCT_01809,COMP_1260,CHECKING_02,checking,Kutxabank Empresas,kutxabank_emp,EUR,2026-02-25 09:11:46
PRODUCT_01810,COMP_0477,RISK_02,risk,Other (customer-defined),custom,USD,2026-04-16 16:31:20
PRODUCT_01811,COMP_0998,CHECKING_01,checking,Banco Santander Empresas,santander_emp,EUR,2025-10-09 07:38:39
PRODUCT_01812,COMP_1163,CHECKING_03,checking,Revolut EU,revolut,EUR,2024-11-13 08:50:23
PRODUCT_01813,COMP_0305,CHECKING_03,checking,Bankinter Empresas,bankinter_emp,EUR,2026-01-09 10:07:30
PRODUCT_01814,COMP_0277,CARD_03,card,Caixabank Empresas,caixa_emp,EUR,2026-03-03 12:23:51
PRODUCT_01815,COMP_1007,CHECKING_02,checking,Caixabank,caixa,EUR,2026-05-04 06:53:38
PRODUCT_01816,COMP_1115,CHECKING_01,checking,Banco Santander Empresas,santander_emp_mx,MXN,2026-06-04 09:13:29
PRODUCT_01818,COMP_0065,CHECKING_01,checking,iberCaja,ibercaja,EUR,2025-10-21 10:48:08
PRODUCT_01819,COMP_0673,CHECKING_01,checking,BBVA Net Cash Empresas,bbva_emp,EUR,2026-02-25 10:59:40
PRODUCT_01820,COMP_0283,CHECKING_03,checking,Paypal,paypal,USD,2026-01-09 12:55:40
PRODUCT_01821,COMP_0599,CHECKING_02,checking,Caixabank Empresas,caixa_emp,EUR,2025-09-24 08:41:17
PRODUCT_01823,COMP_0389,CHECKING_02,checking,Bankinter Empresas,bankinter_emp,EUR,2025-06-17 15:06:17
PRODUCT_01824,COMP_0927,CHECKING_02,checking,Kutxabank Empresas,kutxabank_emp,EUR,2024-12-11 12:31:42
PRODUCT_01825,COMP_0993,CARD_01,card,Banco Santander Empresas,santander_emp,EUR,2025-10-20 08:40:57
PRODUCT_01826,COMP_0143,CHECKING_01,checking,Banco Sabadell Empresas,sabadell_emp,EUR,2025-06-09 07:36:03
PRODUCT_01828,COMP_0630,CARD_13,card,Caixabank Empresas,caixa_emp,EUR,2026-02-13 10:38:01
PRODUCT_01830,COMP_0185,CHECKING_04,checking,BBVA Net Cash Empresas,bbva_emp,EUR,2026-06-23 08:36:01
PRODUCT_01831,COMP_0234,CARD_02,card,Banco Santander Empresas,santander_emp,EUR,2024-11-06 14:05:44
PRODUCT_01832,COMP_0789,CHECKING_01,checking,Caixabank,caixa_emp,EUR,2022-11-17 13:33:36
PRODUCT_01833,COMP_1213,CHECKING_03,checking,RuralVia,ruralvia_emp,EUR,2024-03-01 08:57:54
PRODUCT_01834,COMP_1067,CHECKING_05,checking,Other (customer-defined),custom,HKD,2025-06-07 13:21:33
PRODUCT_01835,COMP_0660,CHECKING_02,checking,Nordea Business Denmark,nordea-business_dk,DKK,2026-01-08 20:56:53
PRODUCT_01836,COMP_0767,CHECKING_01,checking,Banco Sabadell Empresas,sabadell_emp,EUR,2025-12-04 16:09:37
PRODUCT_01838,COMP_0791,CHECKING_01,checking,Banco Santander Empresas,santander_emp,EUR,2024-10-18 11:20:36
PRODUCT_01839,COMP_0773,CHECKING_03,checking,Banco Sabadell,sabadell_emp,EUR,2024-06-26 10:36:35
PRODUCT_01840,COMP_0967,CARD_01,card,Banco Sabadell Empresas,sabadell_emp,EUR,2025-02-06 13:47:36
PRODUCT_01841,COMP_1282,CHECKING_02,checking,Paypal,paypal,USD,2024-02-16 09:17:08
PRODUCT_01842,COMP_0882,CHECKING_01,checking,Banco Santander Empresas,santander_emp,EUR,2024-11-06 14:05:44
PRODUCT_01844,COMP_0259,CHECKING_02,checking,Banco Santander,santander_emp,EUR,2023-04-27 09:36:13
PRODUCT_01845,COMP_0793,CHECKING_02,checking,Caixabank Empresas,caixa_emp,EUR,2026-03-16 15:02:52
PRODUCT_01847,COMP_0847,CHECKING_02,checking,Caixabank Empresas,caixa_emp,EUR,2025-07-02 11:07:14
PRODUCT_01848,COMP_0252,CHECKING_15,checking,Banking Circle GLOBAL,bc,GBP,2026-02-27 12:29:43
PRODUCT_01849,COMP_0387,INVESTMENT_01,investment,Banco Santander Empresas,santander_emp,EUR,2025-02-14 12:46:59
PRODUCT_01852,COMP_1135,CHECKING_04,checking,Banca March,bancamarch,EUR,2025-10-29 16:44:43
PRODUCT_01854,COMP_0879,CHECKING_02,checking,Coutts & Company,coutts,EUR,2025-06-25 20:46:56
PRODUCT_01856,COMP_1124,CHECKING_01,checking,Cajamar,cajamar,EUR,2025-04-01 12:42:15
PRODUCT_01857,COMP_0965,CHECKING_01,checking,Other (customer-defined),custom,EUR,2026-06-16 12:15:43
PRODUCT_01858,COMP_0271,CHECKING_04,checking,Caixabank Empresas,caixa_emp,EUR,2026-04-20 11:10:04
PRODUCT_01859,COMP_0352,CHECKING_02,checking,Banco Santander Empresas,santander_emp,EUR,2026-06-23 09:42:43
PRODUCT_01860,COMP_0073,CHECKING_01,checking,Revolut,revolut,SEK,2024-11-13 08:55:57
PRODUCT_01861,COMP_1041,CHECKING_01,checking,Caixabank Empresas,caixa_emp,USD,2026-04-28 15:12:23
PRODUCT_01862,COMP_0303,CHECKING_02,checking,Caixabank Empresas,caixa_emp,EUR,2026-03-18 15:05:15
PRODUCT_01863,COMP_0094,CHECKING_03,checking,Caixabank,caixa_emp,EUR,2023-11-16 10:16:50
PRODUCT_01864,COMP_0879,CHECKING_03,checking,Other (customer-defined),custom,EUR,2025-02-26 09:22:27
PRODUCT_01865,COMP_1247,CHECKING_01,checking,Banco Santander Empresas,santander_emp,EUR,2025-04-04 12:48:57
PRODUCT_01867,COMP_1182,CHECKING_02,checking,Revolut,revolut,USD,2025-12-04 15:00:24
PRODUCT_01868,COMP_0439,CHECKING_02,checking,Crédit Industriel et Commercial,cic_fr,EUR,2026-05-13 13:31:35
PRODUCT_01869,COMP_1020,CARD_01,card,Banco Santander Empresas,santander_emp,EUR,2026-01-13 09:31:31
PRODUCT_01872,COMP_0630,CHECKING_01,checking,Caixabank Empresas,caixa_emp,EUR,2026-02-13 10:38:01
PRODUCT_01874,COMP_0477,RISK_03,risk,Other (customer-defined),custom,USD,2026-04-16 16:20:30
PRODUCT_01875,COMP_0919,CHECKING_05,checking,Caixabank Empresas,caixa_emp,EUR,2025-11-03 10:43:56
PRODUCT_01878,COMP_0919,CHECKING_06,checking,Caixabank Empresas,caixa_emp,EUR,2025-11-03 10:43:56
PRODUCT_01880,COMP_0899,CHECKING_01,checking,Caixabank Empresas,caixa_emp,EUR,2025-07-30 08:00:01
PRODUCT_01881,COMP_0817,CHECKING_01,checking,Caixabank Empresas,caixa_emp,EUR,2026-03-09 09:29:59
PRODUCT_01884,COMP_0058,CHECKING_04,checking,Deutsche Bank Empresas,deutschebank_emp,EUR,2026-04-13 16:21:22
PRODUCT_01885,COMP_1215,CHECKING_03,checking,Banco Santander Empresas,santander_emp,EUR,2026-06-29 11:35:58
PRODUCT_01886,COMP_0989,CHECKING_01,checking,Banco Sabadell Empresas,sabadell_emp,EUR,2025-07-21 08:29:14
PRODUCT_01888,COMP_0544,CHECKING_01,checking,Banco Sabadell Empresas,sabadell_emp,EUR,2025-01-30 11:26:14
PRODUCT_01889,COMP_1171,CHECKING_03,checking,iberCaja,ibercaja,EUR,2024-09-25 09:29:41
PRODUCT_01890,COMP_0602,CHECKING_01,checking,BBVA Net Cash Empresas,bbva_emp,EUR,2025-03-18 10:23:32
PRODUCT_01891,COMP_0471,CHECKING_07,checking,Bankinter,bankinter_emp,USD,2023-09-20 10:52:29
PRODUCT_01892,COMP_1272,CHECKING_04,checking,Banco Sabadell Empresas,sabadell_emp,EUR,2026-03-05 12:28:35
PRODUCT_01893,COMP_1113,INVESTMENT_01,investment,Other (customer-defined),custom,EUR,2026-07-10 23:22:16
PRODUCT_01894,COMP_0786,CARD_04,card,Caixabank,caixa_emp,EUR,2026-02-17 14:19:36
PRODUCT_01895,COMP_1159,CHECKING_03,checking,Bankinter Empresas,bankinter_emp,EUR,2025-09-08 10:14:55
PRODUCT_01896,COMP_0639,CHECKING_04,checking,Caixabank,caixa_emp,EUR,2022-11-17 14:08:37
PRODUCT_01897,COMP_0581,CHECKING_01,checking,Banco Sabadell Empresas,sabadell_emp,EUR,2022-11-16 09:31:27
PRODUCT_01898,COMP_0928,CHECKING_03,checking,Banco Santander Empresas,santander_emp,EUR,2025-07-29 11:21:40
PRODUCT_01902,COMP_1082,CHECKING_03,checking,Banco Sabadell T. sec - CAL Empresas,sabadell_emp_sec,EUR,2024-09-17 13:28:16
PRODUCT_01903,COMP_0723,CHECKING_03,checking,Caixabank Empresas,caixa_emp,USD,2025-11-03 10:50:37
PRODUCT_01906,COMP_0639,CHECKING_05,checking,Deutsche Bank Empresas,deutschebank_emp,EUR,2022-11-17 14:10:32
PRODUCT_01907,COMP_0471,CHECKING_08,checking,Banca March,bancamarch,USD,2022-12-02 08:43:37
PRODUCT_01908,COMP_0346,CHECKING_03,checking,Caixabank,caixa,EUR,2025-02-14 12:10:36
PRODUCT_01909,COMP_0161,CHECKING_01,checking,iberCaja,ibercaja,EUR,2025-02-20 12:26:08
PRODUCT_01910,COMP_1081,CHECKING_02,checking,Banco Sabadell Empresas,sabadell_emp,EUR,2024-12-11 14:19:31
PRODUCT_01911,COMP_0769,CHECKING_02,checking,BBVA Net Cash Empresas,bbva_emp,EUR,2026-07-24 09:12:55
PRODUCT_01913,COMP_0756,CHECKING_02,checking,Abanca Empresas,abanca_emp,EUR,2026-04-14 16:13:21
PRODUCT_01915,COMP_0978,CARD_01,card,Bankinter Empresas,bankinter_emp,EUR,2026-09-10 07:13:28
PRODUCT_01916,COMP_0705,CHECKING_01,checking,Abanca Empresas,abanca_emp,EUR,2025-10-09 12:42:55
PRODUCT_01917,COMP_0692,CHECKING_03,checking,Barclays Business,barclays_business,GBP,2025-11-19 13:42:03
PRODUCT_01918,COMP_0471,CHECKING_09,checking,Other (customer-defined),custom,EUR,2024-05-22 11:33:40
PRODUCT_01919,COMP_0047,CHECKING_02,checking,Caixabank Empresas,caixa_emp,EUR,2025-09-09 12:14:57
PRODUCT_01920,COMP_0274,CHECKING_01,checking,Banca March,bancamarch,USD,2026-06-23 07:52:53
PRODUCT_01921,COMP_1025,CHECKING_01,checking,Caixabank,caixa,EUR,2026-02-19 15:21:08
PRODUCT_01922,COMP_0406,CARD_02,card,BBVA Net Cash Empresas,bbva_emp,EUR,2026-03-27 10:37:04
PRODUCT_01923,COMP_1050,CHECKING_02,checking,Banco Sabadell Empresas,sabadell_emp,EUR,2026-04-08 14:33:41
PRODUCT_01924,COMP_1016,CARD_09,card,Caixabank Empresas,caixa_emp,EUR,2026-03-20 13:16:26
PRODUCT_01926,COMP_0858,CHECKING_01,checking,Payhawk,payhawk,EUR,2026-03-18 15:31:32
PRODUCT_01927,COMP_0780,CARD_01,card,Banca March,bancamarch,EUR,2024-10-16 14:36:46
PRODUCT_01929,COMP_0040,CHECKING_02,checking,Banco Sabadell Empresas,sabadell_emp,EUR,2026-03-10 13:40:38
PRODUCT_01930,COMP_1039,CHECKING_02,checking,BBVA Net Cash Empresas,bbva_emp,EUR,2026-01-22 10:05:57
PRODUCT_01932,COMP_0591,CHECKING_03,checking,BBVA Net Cash Empresas,bbva_emp,USD,2026-02-27 10:47:44
PRODUCT_01933,COMP_0292,CHECKING_09,checking,Other (customer-defined),custom,GHS,2025-10-15 10:34:15
PRODUCT_01935,COMP_1093,CHECKING_02,checking,BBVA Net Cash Empresas,bbva_emp,EUR,2025-03-06 15:32:31
PRODUCT_01936,COMP_0265,CHECKING_03,checking,Revolut,revolut,USD,2026-09-09 08:29:28
PRODUCT_01937,COMP_0708,CHECKING_04,checking,Banco Sabadell Empresas,sabadell_emp,EUR,2026-05-12 14:37:37
PRODUCT_01938,COMP_0027,CHECKING_01,checking,Banco Sabadell T. sec - CAL Empresas,sabadell_emp_sec,EUR,2026-05-13 12:47:09
PRODUCT_01939,COMP_0928,CHECKING_04,checking,Banco Santander Empresas,santander_emp,EUR,2025-07-29 11:21:40
PRODUCT_01942,COMP_0324,CHECKING_04,checking,RuralVia Empresas,ruralvia_emp,EUR,2026-05-20 14:53:56
PRODUCT_01943,COMP_0402,CHECKING_01,checking,Banco Santander Empresas,santander_emp,EUR,2025-07-29 11:21:40
PRODUCT_01946,COMP_0709,CHECKING_03,checking,Bankinter Empresas,bankinter_emp,EUR,2026-07-03 12:16:17
PRODUCT_01947,COMP_0236,CHECKING_02,checking,KBC Brussels Belgium,kbcbrussels_belgium,PLN,2026-09-08 14:25:43
PRODUCT_01949,COMP_1187,CHECKING_05,checking,Banking Circle GLOBAL,bc,EUR,2026-02-06 11:17:11
PRODUCT_01950,COMP_0524,CHECKING_04,checking,Bankinter Empresas,bankinter_emp,EUR,2026-05-19 09:35:08
PRODUCT_01951,COMP_0929,CARD_02,card,Abanca Empresas,abanca_emp,EUR,2025-10-09 13:33:58
PRODUCT_01952,COMP_1064,CHECKING_01,checking,Banco Santander Empresas,santander_emp,EUR,2025-05-15 13:56:22
PRODUCT_01953,COMP_0915,CHECKING_02,checking,Banco Sabadell T. sec - CAL Empresas,sabadell_emp_sec,USD,2025-03-20 14:39:47
PRODUCT_01954,COMP_0271,CHECKING_05,checking,Caixabank Empresas,caixa_emp,EUR,2026-04-20 11:10:04
PRODUCT_01956,COMP_0865,CHECKING_02,checking,Bankinter Empresas,bankinter_emp,EUR,2025-11-03 11:49:50
PRODUCT_01958,COMP_0988,CARD_05,card,Caixabank Empresas,caixa_emp,EUR,2026-03-03 12:11:50
PRODUCT_01960,COMP_0713,CARD_07,card,Caixabank Empresas,caixa_emp,EUR,2025-03-24 15:08:03
PRODUCT_01964,COMP_0075,CHECKING_03,checking,Banco Santander Empresas,santander_emp,USD,2024-11-06 06:25:39
PRODUCT_01965,COMP_1043,CHECKING_01,checking,Caixabank Empresas,caixa_emp,EUR,2026-04-08 14:45:00
PRODUCT_01967,COMP_0792,CHECKING_04,checking,Bankinter,bankinter_emp,EUR,2025-11-17 07:36:48
PRODUCT_01969,COMP_0713,CHECKING_02,checking,Banco Sabadell T. sec - CAL Empresas,sabadell_emp_sec,USD,2025-03-24 12:42:26
PRODUCT_01970,COMP_0007,CHECKING_03,checking,Caixabank Empresas,caixa_emp,EUR,2026-03-11 08:14:54
PRODUCT_01972,COMP_0007,CHECKING_04,checking,Banco Santander Empresas,santander_emp,EUR,2026-03-10 15:44:41
PRODUCT_01975,COMP_0499,CARD_01,card,BBVA Net Cash Empresas,bbva_emp,EUR,2026-05-12 13:51:59
PRODUCT_01976,COMP_1008,CHECKING_02,checking,Banca March,bancamarch,GBP,2025-02-20 08:05:48
PRODUCT_01977,COMP_0252,CHECKING_16,checking,Banking Circle GLOBAL,bc,EUR,2026-02-27 12:27:51
PRODUCT_01978,COMP_0614,CHECKING_01,checking,Wise,transferwise,EUR,2025-08-19 13:20:16
PRODUCT_01981,COMP_0444,CARD_03,card,Banco Sabadell Empresas,sabadell_emp,EUR,2026-03-13 12:08:09
PRODUCT_01982,COMP_0695,CHECKING_02,checking,Qonto ,qonto,EUR,2024-06-25 14:09:27
PRODUCT_01983,COMP_1053,CHECKING_05,checking,Abanca Empresas,abanca_emp,EUR,2026-07-07 11:49:24
PRODUCT_01984,COMP_1203,CHECKING_03,checking,Revolut EU,revolut_gb,EUR,2026-06-23 13:50:11
PRODUCT_01985,COMP_0982,CARD_04,card,Caixabank Empresas,caixa_emp,EUR,2025-03-25 10:07:20
PRODUCT_01986,COMP_0094,CHECKING_04,checking,iberCaja,ibercaja,EUR,2023-11-16 10:01:35
PRODUCT_01987,COMP_0157,CHECKING_02,checking,BBVA Net Cash Empresas,bbva_emp,EUR,2026-01-22 10:05:57
PRODUCT_01990,COMP_0419,CHECKING_01,checking,HSBC Corporate,hsbccorporate,USD,2026-02-10 17:47:02
PRODUCT_01991,COMP_0685,CARD_02,card,BBVA,bbva_emp,EUR,2024-03-11 12:54:01
PRODUCT_01992,COMP_1041,CHECKING_02,checking,Caixabank Empresas,caixa_emp,EUR,2026-04-28 15:12:23
PRODUCT_01993,COMP_0601,CHECKING_02,checking,Banco Santander Empresas,santander_emp,EUR,2026-04-08 13:39:21
PRODUCT_01994,COMP_0900,CHECKING_02,checking,Other (customer-defined),custom,AOA,2026-03-11 12:45:21
PRODUCT_01995,COMP_0773,CHECKING_04,checking,Banco Sabadell,sabadell_emp,EUR,2024-06-26 10:36:35
PRODUCT_01996,COMP_0311,CHECKING_01,checking,Rabobank,rabobank,EUR,2026-06-02 13:35:50
PRODUCT_01997,COMP_0956,CARD_08,card,Caixabank Empresas,caixa_emp,EUR,2026-04-29 14:49:43
PRODUCT_01998,COMP_0351,CARD_02,card,iberCaja,ibercaja,EUR,2026-07-07 11:08:27
PRODUCT_01999,COMP_0916,CHECKING_02,checking,Other (customer-defined),custom,GBP,2024-04-24 15:14:50
PRODUCT_02002,COMP_0862,CHECKING_01,checking,Other (customer-defined),custom,EUR,2024-03-15 10:25:56
PRODUCT_02003,COMP_0912,CHECKING_01,checking,Banco Santander Empresas,santander_emp,USD,2025-12-10 10:50:48
PRODUCT_02005,COMP_0013,CHECKING_01,checking,Caixabank Empresas,caixa_emp,EUR,2026-03-03 10:28:10
PRODUCT_02006,COMP_0919,CHECKING_07,checking,Caixabank Empresas,caixa_emp,EUR,2025-11-03 10:43:56
PRODUCT_02007,COMP_0630,CHECKING_02,checking,Caixabank Empresas,caixa_emp,EUR,2026-02-13 10:38:01
PRODUCT_02009,COMP_0518,CHECKING_03,checking,Paypal,paypal,USD,2024-11-13 14:14:19
PRODUCT_02010,COMP_0455,CHECKING_01,checking,Banco Santander Empresas,santander_emp,EUR,2025-05-04 18:45:29
PRODUCT_02012,COMP_1038,INVESTMENT_04,investment,Other (customer-defined),custom,EUR,2026-05-28 19:12:55
PRODUCT_02013,COMP_0260,CHECKING_01,checking,ING,ing,EUR,2026-01-05 12:42:53
PRODUCT_02014,COMP_0086,CHECKING_02,checking,Caixabank Empresas,caixa_emp,EUR,2026-06-29 14:36:37
PRODUCT_02015,COMP_1286,CARD_02,card,Caixabank Empresas,caixa_emp,EUR,2024-11-20 14:52:33
PRODUCT_02016,COMP_0217,CHECKING_01,checking,ING,ing,EUR,2026-02-23 08:39:49
PRODUCT_02017,COMP_0519,CARD_02,card,Bankinter,bankinter_emp,EUR,2024-01-08 15:25:14
PRODUCT_02018,COMP_0176,CHECKING_01,checking,Deutsche Bank Empresas,deutschebank_emp,EUR,2025-09-18 15:15:16
PRODUCT_02019,COMP_0145,CHECKING_03,checking,Paypal,paypal,MXN,2026-04-28 15:17:42
PRODUCT_02020,COMP_0082,CARD_01,card,Banco Sabadell T. sec - CAL Empresas,sabadell_emp_sec,EUR,2025-05-22 15:02:56
PRODUCT_02021,COMP_1072,CHECKING_02,checking,Banca March,bancamarch,EUR,2025-10-29 17:00:34
PRODUCT_02022,COMP_0223,CHECKING_01,checking,Caixabank,caixa_emp,EUR,2024-02-19 08:47:04
PRODUCT_02023,COMP_1094,CHECKING_01,checking,Bankinter,bankinter_emp,EUR,2024-07-05 07:12:31
PRODUCT_02024,COMP_0696,CARD_01,card,Banco Santander,santander_emp,EUR,2026-02-17 14:15:19
PRODUCT_02026,COMP_0803,CARD_04,card,Banco Santander,santander_emp,EUR,2023-10-23 10:45:54
PRODUCT_02028,COMP_0508,CHECKING_01,checking,Banco Sabadell Empresas,sabadell_emp,EUR,2025-04-01 09:13:27
PRODUCT_02029,COMP_1132,CHECKING_02,checking,Banca March,bancamarch,EUR,2026-07-13 15:00:58
PRODUCT_02030,COMP_0320,CHECKING_01,checking,Bankinter Empresas,bankinter_emp,EUR,2026-04-23 11:41:19
PRODUCT_02031,COMP_0495,CARD_03,card,Caixabank Empresas,caixa_emp,EUR,2025-12-11 08:58:24
PRODUCT_02032,COMP_1233,CHECKING_05,checking,BBVA Net Cash Empresas,bbva_emp,EUR,2025-01-30 13:02:32
PRODUCT_02033,COMP_0651,CHECKING_02,checking,Banco Sabadell Empresas,sabadell_emp,EUR,2026-04-17 08:54:04
PRODUCT_02035,COMP_0546,CHECKING_02,checking,Banco Santander Empresas,santander_emp,EUR,2025-11-28 07:08:26
PRODUCT_02036,COMP_0445,CHECKING_02,checking,Lloyds Commercial EU,lloydscommercial_eu,EUR,2026-04-20 10:03:09
PRODUCT_02038,COMP_0394,CHECKING_01,checking,Bankinter Empresas,bankinter_emp,EUR,2025-10-03 16:43:18
PRODUCT_02039,COMP_0435,CHECKING_02,checking,Banco Sabadell T. sec - CAL Empresas,sabadell_emp_sec,EUR,2026-03-13 09:36:44
PRODUCT_02041,COMP_0566,CHECKING_01,checking,HSBC Corporate,hsbccorporate,USD,2026-03-06 12:44:24
PRODUCT_02042,COMP_0675,CARD_02,card,Caixabank Empresas,caixa_emp,EUR,2025-11-05 10:11:03
PRODUCT_02043,COMP_0803,CHECKING_01,checking,Laboral Kutxa,cajalaboral_emp,EUR,2023-10-23 10:53:49
PRODUCT_02044,COMP_0413,CHECKING_02,checking,Intesa Sanpaolo S.p.A - Corporate,intesa_sanpaolo_corporate,EUR,2026-03-12 08:20:52
PRODUCT_02045,COMP_0054,CHECKING_04,checking,Banco Santander Empresas,santander_emp,EUR,2025-04-04 12:48:57
PRODUCT_02046,COMP_0059,CHECKING_01,checking,Citibank Empresas GLOBAL,citi,USD,2025-11-11 16:32:34
PRODUCT_02047,COMP_1246,CHECKING_03,checking,iberCaja,ibercaja,EUR,2026-04-20 15:35:55
PRODUCT_02048,COMP_0940,CHECKING_01,checking,Banco Santander Empresas,santander_emp,EUR,2025-04-04 12:48:57
PRODUCT_02049,COMP_1033,CHECKING_01,checking,Caixa Guissona,caixaguissona,EUR,2024-09-17 11:48:37
PRODUCT_02052,COMP_1216,CHECKING_04,checking,Bankinter Empresas,bankinter_emp,EUR,2025-09-25 14:18:26
PRODUCT_02055,COMP_0909,INVESTMENT_01,investment,Kutxabank Empresas,kutxabank_emp,EUR,2026-08-03 11:59:40
PRODUCT_02056,COMP_0956,CARD_09,card,Caixabank Empresas,caixa_emp,EUR,2026-04-29 14:49:43
PRODUCT_02057,COMP_0278,CHECKING_02,checking,Crédit Industriel et Commercial,cic,EUR,2022-11-08 08:10:41
PRODUCT_02061,COMP_0964,CHECKING_01,checking,Caixabank,caixa,EUR,2026-04-23 11:53:17
PRODUCT_02062,COMP_0784,CHECKING_01,checking,Santander (Corporate UK),santander-coporate_uk,GBP,2026-02-16 12:21:01
PRODUCT_02063,COMP_0618,CHECKING_01,checking,Santander UK Plc,santander_uk,EUR,2024-06-13 10:08:38
PRODUCT_02064,COMP_0414,CHECKING_01,checking,Banco Santander Empresas,santander_emp,EUR,2025-04-04 11:11:46
PRODUCT_02066,COMP_0262,CHECKING_04,checking,Other (customer-defined),custom,USD,2025-06-07 14:05:13
PRODUCT_02067,COMP_0604,CHECKING_02,checking,RuralVia Empresas,ruralvia_emp,EUR,2024-10-25 09:51:21
PRODUCT_02068,COMP_0852,CHECKING_02,checking,Banca March,bancamarch,EUR,2025-05-13 10:35:46
PRODUCT_02069,COMP_0713,CARD_08,card,Caixabank Empresas,caixa_emp,EUR,2025-03-24 15:08:03
PRODUCT_02070,COMP_1067,CHECKING_06,checking,Other (customer-defined),custom,GBP,2025-06-07 13:16:36
PRODUCT_02071,COMP_0812,CHECKING_01,checking,Banca March,bancamarch,EUR,2023-05-29 10:19:16
PRODUCT_02072,COMP_0861,CHECKING_05,checking,Caixabank Empresas,caixa_emp,EUR,2025-10-15 13:12:52
PRODUCT_02075,COMP_0506,CHECKING_01,checking,Banco Sabadell Empresas,sabadell_emp,EUR,2025-04-04 11:18:24
PRODUCT_02076,COMP_0896,CHECKING_02,checking,Banco Santander Empresas,santander_emp,EUR,2026-07-13 18:02:09
PRODUCT_02078,COMP_0756,CARD_02,card,BBVA Net Cash Empresas,bbva_emp,EUR,2026-04-07 11:09:45
PRODUCT_02079,COMP_0118,CHECKING_01,checking,Caixabank Empresas,caixa_emp,EUR,2026-04-20 15:06:03
PRODUCT_02082,COMP_0038,CHECKING_04,checking,Banco Sabadell Empresas,sabadell_emp,EUR,2026-04-07 07:20:54
PRODUCT_02083,COMP_0511,CHECKING_01,checking,Banco Santander Empresas,santander_emp,EUR,2024-11-05 10:05:09
PRODUCT_02084,COMP_0376,CHECKING_09,checking,Banco Santander Empresas,santander_emp,EUR,2026-04-08 13:34:03
PRODUCT_02087,COMP_0172,CHECKING_01,checking,Deutsche Bank Empresas,deutschebank_emp,EUR,2025-06-30 11:03:56
PRODUCT_02089,COMP_0059,CHECKING_02,checking,Revolut,revolut,USD,2024-11-13 08:53:23
PRODUCT_02092,COMP_0435,CHECKING_03,checking,Payhawk,payhawk,EUR,2026-03-18 15:29:14
PRODUCT_02093,COMP_0052,CHECKING_01,checking,Banco Sabadell T. sec - CAL Empresas,sabadell_emp_sec,EUR,2024-09-17 13:28:16
PRODUCT_02096,COMP_0238,CHECKING_02,checking,Cajamar,cajamar,EUR,2026-02-17 08:57:30
PRODUCT_02101,COMP_1113,CHECKING_02,checking,Caixabank Empresas,caixa_emp,EUR,2025-09-09 12:00:44
PRODUCT_02102,COMP_0340,CHECKING_01,checking,Banca March,bancamarch,EUR,2024-09-26 11:10:08
PRODUCT_02106,COMP_0248,CHECKING_04,checking,Cajamar,cajamar,EUR,2025-11-25 07:41:40
PRODUCT_02107,COMP_0898,CHECKING_02,checking,Banco Santander Empresas,santander_emp,EUR,2026-03-05 12:22:35
PRODUCT_02108,COMP_0024,CHECKING_01,checking,Banco Santander Empresas,santander_emp,EUR,2025-01-22 09:31:24
PRODUCT_02109,COMP_1016,CARD_10,card,Caixabank Empresas,caixa_emp,EUR,2026-03-20 13:16:26
PRODUCT_02110,COMP_0109,CHECKING_01,checking,BANCO BPI SA,banco-bpi-sa,EUR,2026-05-20 07:59:38
PRODUCT_02112,COMP_1281,CHECKING_01,checking,Banco Santander Empresas,santander_emp,EUR,2025-04-01 10:02:34
PRODUCT_02114,COMP_1267,CHECKING_03,checking,Bankinter Empresas,bankinter_emp,EUR,2025-11-03 11:16:34
PRODUCT_02115,COMP_1174,CHECKING_01,checking,Caixabank Empresas,caixa_emp,EUR,2025-04-01 14:26:52
PRODUCT_02116,COMP_0039,CARD_01,card,Crédit Industriel et Commercial,cic,EUR,2025-09-30 09:39:53
PRODUCT_02117,COMP_0905,CARD_01,card,Banco Santander Empresas,santander_emp,EUR,2024-10-18 11:05:51
PRODUCT_02118,COMP_0708,CHECKING_05,checking,BBVA Net Cash Empresas,bbva_emp,EUR,2026-03-11 11:23:30
PRODUCT_02120,COMP_1149,INVESTMENT_03,investment,Deutsche Bank Empresas,deutschebank_emp,EUR,2025-12-01 09:02:27
PRODUCT_02122,COMP_0946,CHECKING_02,checking,Revolut,revolut,MXN,2025-12-16 20:24:31
PRODUCT_02123,COMP_0783,CHECKING_01,checking,HSBC Corporate,hsbccorporate,EUR,2026-03-03 13:40:50
PRODUCT_02124,COMP_0531,CHECKING_03,checking,Caixabank,caixa_emp,EUR,2023-07-12 14:55:14
PRODUCT_02125,COMP_0376,CHECKING_10,checking,Banco Santander,santander_emp,EUR,2026-03-03 12:06:45
PRODUCT_02126,COMP_0172,CHECKING_02,checking,Banco Santander,santander_emp,EUR,2024-07-12 11:39:02
PRODUCT_02127,COMP_0282,CHECKING_02,checking,Banco Santander,santander_emp,EUR,2024-02-19 09:13:27
PRODUCT_02128,COMP_0258,CHECKING_01,checking,Caixabank,caixa_emp,EUR,2022-11-29 11:22:53
PRODUCT_02129,COMP_0662,CHECKING_02,checking,Banco Sabadell Empresas,sabadell_emp,EUR,2025-12-04 16:09:37
PRODUCT_02130,COMP_0422,CHECKING_01,checking,Caixabank Empresas,caixa_emp,EUR,2025-09-09 11:33:07
PRODUCT_02131,COMP_0190,CHECKING_02,checking,Revolut EU,revolut,EUR,2026-02-19 12:53:52
PRODUCT_02133,COMP_0140,CHECKING_01,checking,BBVA Net Cash Empresas,bbva_emp,EUR,2025-07-29 18:00:24
PRODUCT_02135,COMP_0117,CHECKING_02,checking,Revolut EU,revolut,GBP,2024-11-13 08:47:26
PRODUCT_02136,COMP_1197,CHECKING_02,checking,Banco Santander Empresas,santander_emp,EUR,2025-04-04 12:22:30
PRODUCT_02139,COMP_0609,CHECKING_01,checking,Banco Santander,santander,EUR,2025-05-21 09:27:02
PRODUCT_02140,COMP_1064,CHECKING_02,checking,BBVA Net Cash Empresas,bbva_emp,EUR,2025-05-14 13:27:59
PRODUCT_02142,COMP_0215,CHECKING_02,checking,Banco Santander,santander_emp,EUR,2026-03-03 12:06:45
PRODUCT_02143,COMP_0843,CHECKING_02,checking,BBVA,bbva_emp,USD,2024-02-09 09:29:22
PRODUCT_02144,COMP_0547,CHECKING_01,checking,Caixabank Empresas,caixa_emp,EUR,2025-03-24 16:12:58
PRODUCT_02146,COMP_0664,CHECKING_02,checking,Banco Sabadell Empresas,sabadell_emp,EUR,2026-02-25 15:59:17
PRODUCT_02147,COMP_1072,CHECKING_03,checking,Banca March,bancamarch,EUR,2025-10-29 16:56:18
PRODUCT_02148,COMP_1127,CHECKING_02,checking,BBVA Net Cash Empresas,bbva_emp,EUR,2024-12-11 11:59:40
PRODUCT_02150,COMP_0797,CHECKING_08,checking,Banca March,bancamarch,EUR,2025-10-29 16:57:08
PRODUCT_02151,COMP_0228,INVESTMENT_01,investment,Banca March,bancamarch,EUR,2025-09-18 08:32:08
PRODUCT_02153,COMP_0399,CHECKING_04,checking,Caixabank,caixa_emp,EUR,2022-11-17 13:52:46
PRODUCT_02154,COMP_0087,CHECKING_02,checking,Cajamar,cajamar,EUR,2024-11-18 12:50:53
PRODUCT_02155,COMP_0912,CHECKING_02,checking,Banco Santander Empresas,santander_emp,EUR,2025-12-01 10:55:39
PRODUCT_02156,COMP_0818,CHECKING_02,checking,Bankinter,bankinter_emp,USD,2022-11-17 13:58:09
PRODUCT_02157,COMP_1038,INVESTMENT_05,investment,Other (customer-defined),custom,EUR,2026-05-28 19:14:56
PRODUCT_02158,COMP_1252,CHECKING_03,checking,Banco Santander,santander_emp,EUR,2026-03-03 07:37:39
PRODUCT_02159,COMP_0672,CHECKING_01,checking,Caixabank Empresas,caixa_emp,EUR,2026-01-09 08:48:48
PRODUCT_02161,COMP_0901,CHECKING_01,checking,BBVA,bbva_emp,EUR,2026-04-07 09:53:22
PRODUCT_02162,COMP_1169,CHECKING_06,checking,Cajamar,cajamar,EUR,2025-11-25 07:41:40
PRODUCT_02164,COMP_0832,CHECKING_04,checking,Banco Sabadell Empresas,sabadell_emp,EUR,2026-03-03 16:44:51
PRODUCT_02165,COMP_0618,CHECKING_02,checking,Santander UK Plc,santander_uk,GBP,2024-06-13 10:08:38
PRODUCT_02166,COMP_0716,CHECKING_01,checking,Banco Santander Empresas,santander_emp,EUR,2026-03-12 15:45:41
PRODUCT_02167,COMP_0058,CHECKING_05,checking,RuralVia Empresas,ruralvia_emp,EUR,2026-04-13 16:42:37
PRODUCT_02168,COMP_0773,CHECKING_05,checking,Banco Santander,santander_emp,EUR,2024-06-26 10:15:15
PRODUCT_02169,COMP_0216,CARD_01,card,Abanca Empresas,abanca_emp,EUR,2025-10-09 13:42:40
PRODUCT_02170,COMP_0042,CHECKING_03,checking,City National Bank,ins_110439,USD,2024-09-18 09:51:30
PRODUCT_02171,COMP_0932,CHECKING_01,checking,Banca March,bancamarch,EUR,2026-03-16 14:21:27
PRODUCT_02174,COMP_1077,CARD_02,card,Banca March,bancamarch,EUR,2026-06-01 09:07:20
PRODUCT_02175,COMP_0116,CHECKING_02,checking,Banco Santander Empresas,santander_emp,EUR,2026-05-18 11:47:36
PRODUCT_02176,COMP_1044,CHECKING_03,checking,Caixa Central de CA Mutuo,gca,EUR,2026-04-15 10:45:58
PRODUCT_02178,COMP_0871,CHECKING_01,checking,Banco Santander,santander_emp,EUR,2023-11-21 13:49:09
PRODUCT_02179,COMP_0909,CARD_04,card,Bankinter,bankinter_emp,EUR,2024-04-03 07:31:38
PRODUCT_02181,COMP_0901,CHECKING_02,checking,BBVA,bbva_emp,EUR,2026-04-07 09:53:22
PRODUCT_02182,COMP_1209,CHECKING_01,checking,iberCaja,ibercaja,EUR,2024-12-27 13:03:20
PRODUCT_02184,COMP_0560,CHECKING_05,checking,Banca March,bancamarch,USD,2025-02-14 10:27:31
PRODUCT_02185,COMP_0803,CHECKING_02,checking,Caixabank,caixa_emp,EUR,2023-10-23 10:50:50
PRODUCT_02186,COMP_0471,WALLET_01,wallet,Embat,embat,EUR,2026-07-22 08:12:14
PRODUCT_02188,COMP_0728,CARD_01,card,Silicon Valley Bank - SVB Online Banking,ins_53,USD,2026-01-26 12:58:11
PRODUCT_02189,COMP_0614,CHECKING_02,checking,BBVA,bbva_emp,USD,2025-07-08 13:43:26
PRODUCT_02190,COMP_0920,CHECKING_02,checking,BNL Corporate,banca_bnl_corporate,EUR,2026-03-02 11:07:14
PRODUCT_02191,COMP_1016,CARD_11,card,Caixabank Empresas,caixa_emp,EUR,2026-03-20 13:16:26
PRODUCT_02192,COMP_1064,CHECKING_03,checking,Bankinter Empresas,bankinter_emp,EUR,2026-08-27 10:32:37
PRODUCT_02193,COMP_0447,CHECKING_02,checking,Banco Santander Empresas,santander_emp,USD,2025-09-15 09:24:19
PRODUCT_02194,COMP_0124,TPV_01,tpv,Redsys,redsys,EUR,2026-07-08 08:45:46
PRODUCT_02195,COMP_0009,CARD_02,card,BBVA Net Cash Empresas,bbva_emp,EUR,2025-09-18 14:27:51
PRODUCT_02197,COMP_0766,INVESTMENT_01,investment,Banco Santander Empresas,santander_emp,EUR,2025-11-26 10:59:04
PRODUCT_02200,COMP_0755,INVESTMENT_01,investment,Banco Santander Empresas,santander_emp,EUR,2026-04-30 10:46:13
PRODUCT_02202,COMP_0444,INVESTMENT_02,investment,Caixabank Empresas,caixa_emp,EUR,2026-03-16 15:36:28
PRODUCT_02203,COMP_0626,CHECKING_02,checking,Banco Santander Empresas,santander_emp,EUR,2026-04-08 08:43:43
PRODUCT_02204,COMP_0432,CHECKING_01,checking,Banco Sabadell Empresas,sabadell_emp,EUR,2025-11-28 08:11:58
PRODUCT_02206,COMP_1252,CHECKING_04,checking,Banco Santander,santander_emp,EUR,2023-06-15 11:41:24
PRODUCT_02207,COMP_0480,CHECKING_03,checking,Other (customer-defined),custom,EUR,2024-11-19 16:37:48
PRODUCT_02208,COMP_0837,CHECKING_07,checking,Caixabank,caixa_emp,EUR,2023-03-24 13:10:11
PRODUCT_02210,COMP_0685,CHECKING_01,checking,Banco Santander Empresas,santander_emp,EUR,2024-12-02 10:03:30
PRODUCT_02211,COMP_0491,CARD_04,card,Caixabank Empresas,caixa_emp,EUR,2024-09-24 11:07:20
PRODUCT_02212,COMP_1063,CHECKING_02,checking,Banco Santander Empresas,santander_emp,EUR,2025-01-22 09:31:24
PRODUCT_02213,COMP_0079,CHECKING_02,checking,Caixabank Empresas,caixa_emp,EUR,2026-03-03 10:35:27
PRODUCT_02214,COMP_0515,CHECKING_08,checking,Caixabank Empresas,caixa_emp,SGD,2025-10-14 11:24:20
PRODUCT_02215,COMP_0004,CARD_02,card,Banco Santander Empresas,santander_emp,EUR,2026-02-25 09:39:18
PRODUCT_02216,COMP_0183,RISK_04,risk,Other (customer-defined),custom,EUR,2026-03-17 17:16:32
PRODUCT_02219,COMP_0643,CHECKING_01,checking,DNB,dnb,USD,2026-04-09 13:31:20
PRODUCT_02220,COMP_1155,CHECKING_02,checking,Caixabank,caixa_emp,GBP,2026-01-30 10:00:11
PRODUCT_02221,COMP_0275,CHECKING_01,checking,Other (customer-defined),custom,CHF,2025-12-09 10:41:55
PRODUCT_02223,COMP_0392,CHECKING_01,checking,Banco Santander Empresas,santander_emp,EUR,2025-05-08 09:42:28
PRODUCT_02224,COMP_0544,CARD_03,card,Caixabank Empresas,caixa_emp,EUR,2025-02-11 15:53:45
PRODUCT_02225,COMP_0773,CHECKING_06,checking,Banco Sabadell,sabadell_emp,EUR,2024-06-26 10:36:35
PRODUCT_02227,COMP_0472,CHECKING_01,checking,Bankinter Empresas,bankinter_emp,EUR,2026-06-23 10:01:11
PRODUCT_02229,COMP_0109,CHECKING_02,checking,NOVO BANCO SA,novo-banco-sa,EUR,2025-06-12 14:37:05
PRODUCT_02231,COMP_0524,CHECKING_05,checking,Caixabank Empresas,caixa_emp,EUR,2026-05-27 12:14:06
PRODUCT_02232,COMP_0796,CHECKING_02,checking,Banco Santander Empresas,santander_emp,EUR,2023-05-29 09:20:03
PRODUCT_02233,COMP_0288,CHECKING_02,checking,Bankinter,bankinter,EUR,2023-02-21 10:36:20
PRODUCT_02234,COMP_1233,CHECKING_06,checking,C.R. Del Sur,ruralvia_cajaruralsur,EUR,2025-01-30 11:47:31
PRODUCT_02235,COMP_0636,CHECKING_02,checking,Cajamar,cajamar,EUR,2024-12-03 14:34:55
PRODUCT_02236,COMP_1162,CHECKING_02,checking,Caixabank,caixa_emp,EUR,2023-08-23 09:19:50
PRODUCT_02237,COMP_0837,CHECKING_08,checking,Bankinter,bankinter_emp,EUR,2023-05-03 14:05:01
PRODUCT_02239,COMP_0188,CHECKING_01,checking,Caixabank multicontrato (beta),caixa_multi,EUR,2023-05-30 10:55:53
PRODUCT_02240,COMP_0083,CHECKING_03,checking,Banco Sabadell Empresas,sabadell_emp,EUR,2026-03-24 11:28:17
PRODUCT_02241,COMP_0351,CHECKING_07,checking,Abanca Empresas,abanca_emp,USD,2026-07-14 07:22:05
PRODUCT_02242,COMP_0803,CHECKING_03,checking,Bankinter,bankinter_emp,EUR,2023-10-23 10:52:36
PRODUCT_02243,COMP_1079,CHECKING_01,checking,Abanca Empresas,abanca_emp,EUR,2025-08-18 15:31:28
PRODUCT_02244,COMP_1127,CHECKING_03,checking,Kutxabank Empresas,kutxabank_emp,EUR,2025-03-21 08:50:54
PRODUCT_02246,COMP_1039,CHECKING_03,checking,Banco Santander Empresas,santander_emp,EUR,2024-12-19 13:40:55
PRODUCT_02247,COMP_0271,CHECKING_06,checking,Kutxabank Empresas,kutxabank_emp,EUR,2026-04-15 14:19:15
PRODUCT_02248,COMP_1185,INVESTMENT_02,investment,Banco Sabadell Empresas,sabadell_emp,EUR,2025-02-17 09:46:26
PRODUCT_02249,COMP_0297,CHECKING_02,checking,Bankinter Empresas,bankinter_emp,EUR,2026-02-26 17:07:42
PRODUCT_02250,COMP_0406,CHECKING_02,checking,BBVA Net Cash Empresas,bbva_emp,EUR,2026-03-27 10:37:04
PRODUCT_02252,COMP_0182,CHECKING_03,checking,Commerzbank AG,commerzbank,EUR,2026-04-21 09:08:06
PRODUCT_02253,COMP_1035,CARD_02,card,Caixabank Empresas,caixa_emp,EUR,2025-05-05 13:15:14
PRODUCT_02254,COMP_0257,CHECKING_03,checking,Banco Sabadell T. sec - CAL Empresas,sabadell_emp_sec,EUR,2025-03-24 12:10:37
PRODUCT_02257,COMP_0524,CHECKING_06,checking,Banco Santander Empresas,santander_emp,USD,2026-05-12 12:13:13
PRODUCT_02258,COMP_0404,CHECKING_01,checking,Other (customer-defined),custom,USD,2025-10-07 15:49:19
PRODUCT_02259,COMP_1182,CARD_02,card,Caixabank Empresas,caixa_emp,EUR,2024-09-09 11:33:34
PRODUCT_02260,COMP_1150,INVESTMENT_01,investment,Caixabank Empresas,caixa_emp,EUR,2025-02-10 11:11:43
PRODUCT_02261,COMP_1093,CARD_01,card,Caixabank Empresas,caixa_emp,EUR,2025-03-25 16:46:12
PRODUCT_02262,COMP_0446,CHECKING_02,checking,Banco Santander Empresas,santander_emp,EUR,2025-12-16 13:08:10
PRODUCT_02263,COMP_1286,CARD_03,card,Banco Santander Empresas,santander_emp,EUR,2024-11-20 14:46:34
PRODUCT_02264,COMP_0060,CHECKING_01,checking,Banco Santander,santander_emp,EUR,2024-06-26 10:20:59
PRODUCT_02265,COMP_0484,CHECKING_02,checking,Caixabank Empresas,caixa_emp,EUR,2026-04-20 15:18:38
PRODUCT_02266,COMP_1040,CHECKING_01,checking,Banco Santander Empresas,santander_emp,EUR,2025-11-07 11:31:13
PRODUCT_02268,COMP_1255,CHECKING_03,checking,Swedbank,swedbank_se,SEK,2024-08-08 11:10:56
PRODUCT_02269,COMP_0909,INVESTMENT_02,investment,Banco Santander,santander_emp,EUR,2026-04-16 08:34:31
PRODUCT_02271,COMP_0271,CHECKING_07,checking,Caixabank Empresas,caixa_emp,EUR,2026-04-20 11:10:04
PRODUCT_02272,COMP_0827,CHECKING_02,checking,Cajamar,cajamar,EUR,2023-07-27 08:16:12
PRODUCT_02273,COMP_0182,CHECKING_04,checking,Commerzbank AG,commerzbank,USD,2026-06-05 09:39:07
PRODUCT_02275,COMP_1187,CHECKING_06,checking,Banking Circle GLOBAL,bc,EUR,2026-02-06 11:18:14
PRODUCT_02276,COMP_1162,CHECKING_03,checking,Banca March,bancamarch,EUR,2024-08-13 16:05:50
PRODUCT_02277,COMP_0239,CHECKING_01,checking,Bankinter Empresas,bankinter_emp,EUR,2024-11-05 08:20:23
PRODUCT_02281,COMP_1178,CHECKING_01,checking,BBVA Net Cash Empresas,bbva_emp,EUR,2025-02-26 07:39:56
PRODUCT_02282,COMP_0785,CHECKING_02,checking,Banco Sabadell,sabadell_emp,USD,2024-06-19 07:52:34
PRODUCT_02283,COMP_0265,CHECKING_04,checking,Revolut,revolut,EUR,2026-09-09 08:29:28
PRODUCT_02284,COMP_1048,CHECKING_03,checking,Banco Sabadell Empresas,sabadell_emp,EUR,2025-10-08 11:17:56
PRODUCT_02288,COMP_0928,CHECKING_05,checking,Banco Santander Empresas,santander_emp,USD,2025-07-29 11:21:40
PRODUCT_02289,COMP_1081,CHECKING_03,checking,Payhawk,payhawk,EUR,2024-12-11 13:02:11
PRODUCT_02290,COMP_0674,CHECKING_05,checking,Caixabank,caixa_emp,EUR,2024-06-26 11:13:41
PRODUCT_02292,COMP_0181,CHECKING_01,checking,Banco Santander,santander_emp,EUR,2023-10-26 06:49:47
PRODUCT_02293,COMP_1150,CHECKING_04,checking,Banco Santander Empresas,santander_emp,EUR,2025-02-10 11:18:24
PRODUCT_02294,COMP_0639,CHECKING_06,checking,Banco Santander Empresas,santander_emp,EUR,2024-11-05 10:04:28
PRODUCT_02295,COMP_1177,CHECKING_01,checking,BBVA,bbva_emp,EUR,2024-01-15 15:33:22
PRODUCT_02300,COMP_0538,CHECKING_01,checking,Banco Santander Empresas,santander_emp,EUR,2024-10-23 13:04:49
PRODUCT_02301,COMP_0964,CARD_01,card,Caixabank,caixa,EUR,2026-04-14 08:29:23
PRODUCT_02303,COMP_1068,CHECKING_05,checking,iberCaja,ibercaja,EUR,2026-02-06 14:27:38
PRODUCT_02304,COMP_1003,CHECKING_01,checking,Other (customer-defined),custom,MXN,2024-07-11 09:47:16
PRODUCT_02305,COMP_1116,CHECKING_01,checking,VR meine Bank eG,vrmeinebank,EUR,2026-01-14 13:35:58
PRODUCT_02306,COMP_0837,INVESTMENT_04,investment,Deutsche Bank (ES) - Empresas,ins_127317,EUR,2026-02-13 09:09:11
PRODUCT_02307,COMP_0798,CARD_06,card,Banco Santander Empresas,santander_emp,EUR,2025-09-11 09:57:00
PRODUCT_02308,COMP_0563,CHECKING_02,checking,Caixabank Empresas,caixa_emp,EUR,2025-03-07 11:35:07
PRODUCT_02309,COMP_0503,CHECKING_01,checking,Banco Santander Empresas,santander_emp,EUR,2025-06-06 13:07:00
PRODUCT_02310,COMP_0505,CHECKING_02,checking,BBVA Net Cash Empresas,bbva_emp,EUR,2026-07-06 07:56:22
PRODUCT_02311,COMP_0897,CHECKING_01,checking,Banca March,bancamarch,EUR,2026-05-27 06:22:51
PRODUCT_02313,COMP_0034,CHECKING_05,checking,Banco Sabadell T. sec - CAL Empresas,sabadell_emp_sec,EUR,2025-05-22 14:36:58
PRODUCT_02314,COMP_0825,CHECKING_01,checking,BBVA Net Cash Empresas,bbva_emp,EUR,2023-05-08 07:20:56
PRODUCT_02315,COMP_0446,CHECKING_03,checking,Bankinter Empresas,bankinter_emp,EUR,2025-12-16 13:16:26
PRODUCT_02317,COMP_0252,CHECKING_17,checking,Banking Circle GLOBAL,bc,CHF,2026-05-18 09:51:06
PRODUCT_02318,COMP_1081,CHECKING_04,checking,Kutxabank Empresas,kutxabank_emp,EUR,2024-12-11 12:31:42
PRODUCT_02320,COMP_0748,CHECKING_03,checking,BBVA,bbva_emp,USD,2024-07-11 07:21:16
PRODUCT_02321,COMP_0569,CHECKING_02,checking,Caixabank Empresas,caixa_emp,EUR,2024-11-11 11:03:55
PRODUCT_02322,COMP_0069,CHECKING_01,checking,Nordea Business Denmark,nordea-business_dk,DKK,2026-01-08 20:57:38
PRODUCT_02323,COMP_1036,CHECKING_03,checking,Abanca Empresas,abanca_emp,EUR,2026-07-13 12:36:26
PRODUCT_02324,COMP_0495,CARD_04,card,Caixabank Empresas,caixa_emp,EUR,2025-12-11 08:58:24
PRODUCT_02325,COMP_0856,CHECKING_04,checking,Revolut EU,revolut_gb,GBP,2024-11-13 08:38:13
PRODUCT_02326,COMP_0262,CHECKING_05,checking,Other (customer-defined),custom,EUR,2025-05-25 18:38:01
PRODUCT_02327,COMP_1182,CARD_03,card,Caixabank Empresas,caixa_emp,EUR,2024-09-09 11:33:34
PRODUCT_02328,COMP_1106,CHECKING_02,checking,Banco Santander Empresas,santander_emp,EUR,2025-05-14 13:35:35
PRODUCT_02329,COMP_1281,CHECKING_02,checking,Caixabank Empresas,caixa_emp,USD,2025-04-01 09:48:45
PRODUCT_02330,COMP_0365,CHECKING_05,checking,Payhawk,payhawk,EUR,2026-03-03 10:47:15
PRODUCT_02332,COMP_0912,CHECKING_03,checking,Abanca Empresas,abanca_emp,EUR,2026-02-27 10:34:54
PRODUCT_02333,COMP_0270,CHECKING_01,checking,Banco Santander,santander,USD,2024-12-04 18:15:57
PRODUCT_02334,COMP_0813,CHECKING_02,checking,Caixabank Empresas,caixa_emp,EUR,2023-06-07 15:26:23
PRODUCT_02335,COMP_0801,CHECKING_03,checking,Banco Sabadell Empresas,sabadell_emp,EUR,2025-07-09 06:34:04
PRODUCT_02336,COMP_0004,CARD_03,card,Banco Santander Empresas,santander_emp,EUR,2026-02-25 09:39:18
PRODUCT_02337,COMP_0894,CHECKING_01,checking,Banco Sabadell T. sec - CAL Empresas,sabadell_emp_sec,EUR,2025-05-22 14:36:58
PRODUCT_02338,COMP_0968,CHECKING_01,checking,Banco Sabadell,sabadell,EUR,2025-05-21 08:48:09
PRODUCT_02339,COMP_0909,CARD_05,card,Banco Santander,santander_emp,EUR,2024-04-04 08:40:31
PRODUCT_02340,COMP_1149,INVESTMENT_04,investment,Deutsche Bank Empresas,deutschebank_emp,EUR,2025-09-30 11:49:20
PRODUCT_02342,COMP_0623,CHECKING_06,checking,Banco Santander Empresas,santander_emp,EUR,2025-04-09 10:27:32
PRODUCT_02345,COMP_1182,CARD_04,card,Caixabank Empresas,caixa_emp,EUR,2025-03-12 12:42:23
PRODUCT_02346,COMP_0406,CARD_03,card,BBVA Net Cash Empresas,bbva_emp,EUR,2026-03-27 10:37:04
PRODUCT_02347,COMP_1077,CARD_03,card,Banca March,bancamarch,EUR,2025-09-18 13:24:05
PRODUCT_02348,COMP_1163,CHECKING_04,checking,Revolut EU,revolut,USD,2024-11-13 08:50:23
PRODUCT_02349,COMP_0011,CHECKING_01,checking,Bankinter Empresas,bankinter_emp,EUR,2026-02-19 09:18:02
PRODUCT_02350,COMP_0233,CHECKING_02,checking,Other (customer-defined),custom,USD,2024-04-24 15:07:31
PRODUCT_02351,COMP_0845,CHECKING_01,checking,Banco Santander Empresas,santander_emp,EUR,2025-05-15 08:52:45
PRODUCT_02352,COMP_0521,CHECKING_04,checking,Other (customer-defined),custom,USD,2025-06-12 09:50:20
PRODUCT_02353,COMP_0514,CHECKING_03,checking,HSBC Corporate,hsbccorporate,EUR,2026-04-09 13:19:21
PRODUCT_02354,COMP_1273,CARD_01,card,Banca March,bancamarch,EUR,2026-05-14 11:07:44
PRODUCT_02355,COMP_0182,CHECKING_05,checking,Deutsche Bank AG,deutschebank-pfb_de,EUR,2026-06-05 09:46:57
PRODUCT_02356,COMP_0314,CHECKING_03,checking,Revolut EU,revolut_gb,AUD,2024-11-13 08:57:51
PRODUCT_02357,COMP_0945,CHECKING_04,checking,iberCaja,ibercaja,EUR,2022-04-06 14:05:15
PRODUCT_02358,COMP_0075,CHECKING_04,checking,Cajamar,cajamar,EUR,2022-11-17 13:30:18
PRODUCT_02362,COMP_0399,CHECKING_05,checking,Banco Santander Empresas,santander_emp,EUR,2022-11-17 13:51:05
PRODUCT_02364,COMP_1282,CARD_03,card,Other (customer-defined),custom,EUR,2024-04-04 08:41:19
PRODUCT_02365,COMP_0228,CHECKING_02,checking,Caixabank Empresas,caixa_emp,EUR,2026-05-21 09:35:17
PRODUCT_02366,COMP_0956,CARD_10,card,Caixabank Empresas,caixa_emp,EUR,2026-04-29 14:49:43
PRODUCT_02367,COMP_0707,CHECKING_01,checking,Bankinter Empresas,bankinter_emp,EUR,2025-12-04 12:13:45
PRODUCT_02370,COMP_1243,CARD_01,card,BBVA Net Cash Empresas,bbva_emp,EUR,2026-04-06 16:21:17
PRODUCT_02371,COMP_0447,CHECKING_03,checking,Banco Santander Empresas,santander_emp,EUR,2025-09-15 09:24:19
PRODUCT_02372,COMP_0983,CHECKING_03,checking,BANCO BPI SA,banco-bpi-sa,EUR,2023-10-16 14:46:14
PRODUCT_02373,COMP_0452,CHECKING_01,checking,Banco Santander Empresas,santander_emp,EUR,2025-03-17 12:06:38
PRODUCT_02375,COMP_0376,CHECKING_11,checking,Banco Santander Empresas,santander_emp,EUR,2026-04-08 13:33:16
PRODUCT_02376,COMP_0693,CHECKING_04,checking,Stripe,stripe,EUR,2024-06-24 14:58:07
PRODUCT_02377,COMP_1195,CHECKING_03,checking,Stripe,stripe,EUR,2026-01-26 12:57:03
PRODUCT_02378,COMP_0978,CHECKING_01,checking,Other (customer-defined),custom,EUR,2025-01-15 13:36:50
PRODUCT_02379,COMP_0362,CARD_02,card,Banco Sabadell T. sec - CAL Empresas,sabadell_emp_sec,EUR,2024-09-17 12:48:01
PRODUCT_02381,COMP_0803,CARD_05,card,Banco Santander,santander_emp,EUR,2024-01-24 10:15:57
PRODUCT_02382,COMP_1070,CHECKING_01,checking,Bankinter Empresas,bankinter_emp,EUR,2025-03-24 08:03:43
PRODUCT_02384,COMP_0832,CHECKING_05,checking,Bankinter,bankinter_emp,USD,2023-02-20 12:17:15
PRODUCT_02385,COMP_0195,CHECKING_03,checking,Bankinter Empresas,bankinter_emp,EUR,2024-10-24 09:58:54
PRODUCT_02386,COMP_0475,SAVING_01,saving,Mercury,ins_116794,USD,2024-12-13 11:55:46
PRODUCT_02388,COMP_1165,CHECKING_02,checking,Kutxabank Empresas,kutxabank_emp,EUR,2024-12-11 12:31:42
PRODUCT_02389,COMP_0836,CHECKING_01,checking,Santander (Corporate UK),santander-coporate_uk,EUR,2025-07-02 08:23:43
PRODUCT_02390,COMP_1280,CHECKING_02,checking,BBVA Net Cash Empresas,bbva_emp,EUR,2025-09-01 12:40:20
PRODUCT_02392,COMP_0721,CHECKING_04,checking,Cajamar,cajamar,EUR,2025-05-07 14:42:15
PRODUCT_02394,COMP_0477,RISK_04,risk,Other (customer-defined),custom,USD,2026-04-16 16:19:39
PRODUCT_02395,COMP_0692,SAVING_02,saving,Barclays Business,barclays_business,GBP,2026-03-03 14:05:00
PRODUCT_02398,COMP_0988,CARD_06,card,Caixabank Empresas,caixa_emp,EUR,2026-03-03 12:11:50
PRODUCT_02399,COMP_0692,CHECKING_04,checking,Barclays Business,barclays_business,GBP,2025-11-19 13:42:03
PRODUCT_02400,COMP_0098,CHECKING_01,checking,Other (customer-defined),custom,EUR,2024-03-15 10:37:40
PRODUCT_02401,COMP_0499,CARD_02,card,BBVA Net Cash Empresas,bbva_emp,EUR,2026-05-12 13:51:59
PRODUCT_02404,COMP_0370,CHECKING_03,checking,Barclays Business,barclays_business,GBP,2026-06-09 08:40:20
PRODUCT_02406,COMP_0387,CHECKING_03,checking,Caixabank,caixa,EUR,2025-02-14 12:08:47
PRODUCT_02407,COMP_0058,INVESTMENT_01,investment,Cajamar,cajamar,EUR,2026-03-11 11:05:43
PRODUCT_02408,COMP_0169,CHECKING_01,checking,Paypal,paypal,USD,2026-06-02 12:10:32
PRODUCT_02409,COMP_0956,CARD_11,card,Caixabank Empresas,caixa_emp,EUR,2026-04-29 14:49:43
PRODUCT_02410,COMP_0716,CHECKING_02,checking,Banco Santander Empresas,santander_emp,EUR,2026-03-12 15:45:41
PRODUCT_02411,COMP_0241,CHECKING_03,checking,Revolut,revolut_eu,GBP,2024-01-03 09:24:01
PRODUCT_02412,COMP_0444,CHECKING_03,checking,Banco Santander Empresas,santander_emp,EUR,2026-03-12 11:20:29
PRODUCT_02415,COMP_0651,CHECKING_03,checking,Banca March,bancamarch,EUR,2025-10-29 16:51:18
PRODUCT_02416,COMP_0400,CHECKING_01,checking,Banco Sabadell T. sec - CAL Empresas,sabadell_emp_sec,EUR,2024-09-18 11:37:23
PRODUCT_02418,COMP_0611,CHECKING_03,checking,Caixabank,caixa,EUR,2024-06-04 11:23:47
PRODUCT_02419,COMP_0362,CARD_03,card,Banco Sabadell T. sec - CAL Empresas,sabadell_emp_sec,EUR,2024-09-17 12:48:01
PRODUCT_02424,COMP_0733,CHECKING_02,checking,Banco Santander,santander,EUR,2025-05-21 09:33:18
PRODUCT_02425,COMP_0054,CHECKING_05,checking,Banco Santander Empresas,santander_emp,EUR,2025-04-04 12:48:57
PRODUCT_02426,COMP_0645,CHECKING_03,checking,Banco Santander Empresas,santander_emp,EUR,2025-04-04 11:45:23
PRODUCT_02427,COMP_0341,CHECKING_03,checking,Bankinter,bankinter_emp,GBP,2023-07-18 10:09:58
PRODUCT_02428,COMP_0754,CHECKING_03,checking,Barclays Corporate,barclays_corporate,USD,2025-07-02 16:57:50
PRODUCT_02429,COMP_1107,CHECKING_01,checking,Caixabank Empresas,caixa_emp,EUR,2025-08-27 09:50:02
PRODUCT_02431,COMP_0909,CHECKING_07,checking,RuralVia Empresas,ruralvia_emp,USD,2025-04-16 12:00:48
PRODUCT_02432,COMP_1152,CHECKING_02,checking,Banco Santander Empresas,santander_emp,EUR,2025-06-04 14:58:00
PRODUCT_02435,COMP_1167,INVESTMENT_01,investment,Banca March,bancamarch,EUR,2025-11-26 10:52:03
PRODUCT_02436,COMP_0255,CARD_01,card,Caixabank Empresas,caixa_emp,EUR,2026-03-11 14:59:23
PRODUCT_02437,COMP_1158,CHECKING_01,checking,Banco Santander Empresas,santander_emp,USD,2025-01-22 09:31:24
PRODUCT_02438,COMP_1139,CHECKING_02,checking,BBVA,bbva_emp,EUR,2023-10-30 11:47:39
PRODUCT_02439,COMP_0630,CARD_14,card,Caixabank Empresas,caixa_emp,EUR,2026-02-13 10:38:01
PRODUCT_02440,COMP_0065,CHECKING_02,checking,Banco Santander,santander_emp,EUR,2024-07-01 11:58:02
PRODUCT_02441,COMP_0951,CARD_01,card,BBVA,bbva_emp,EUR,2025-09-23 14:13:42
PRODUCT_02442,COMP_0797,CHECKING_09,checking,Banca March,bancamarch,EUR,2025-10-29 16:43:48
PRODUCT_02443,COMP_0723,CHECKING_04,checking,BBVA Net Cash Empresas,bbva_emp,EUR,2025-11-03 12:22:06
PRODUCT_02444,COMP_0751,CHECKING_01,checking,Banco Sabadell Empresas,sabadell_emp,EUR,2024-11-05 12:44:02
PRODUCT_02446,COMP_0875,CHECKING_01,checking,Banco Santander,santander_emp,EUR,2024-05-10 09:49:28
PRODUCT_02447,COMP_0837,CHECKING_09,checking,Bankinter Empresas,bankinter_emp,EUR,2026-03-02 14:36:44
PRODUCT_02450,COMP_1001,CHECKING_01,checking,Bankinter Empresas,bankinter_emp,EUR,2025-09-11 11:28:59
PRODUCT_02451,COMP_1182,CHECKING_03,checking,Revolut,revolut,GBP,2025-12-04 15:00:24
PRODUCT_02452,COMP_0612,CHECKING_04,checking,BBVA,bbva_emp,EUR,2024-02-09 12:08:01
PRODUCT_02453,COMP_1028,INVESTMENT_01,investment,Globalcaja,ruralvia_globalcaja,EUR,2026-03-20 13:10:45
PRODUCT_02454,COMP_0292,CHECKING_10,checking,Other (customer-defined),custom,GHS,2025-10-15 10:54:32
PRODUCT_02455,COMP_0002,CHECKING_01,checking,CAIXA GERAL DE DEPOSITOS SA,caixa-geral-de-depositos,EUR,2024-10-22 08:22:37
PRODUCT_02456,COMP_0220,CARD_01,card,Banco Santander Empresas,santander_emp,EUR,2025-12-11 08:37:36
PRODUCT_02457,COMP_0793,CHECKING_03,checking,Caixabank Empresas,caixa_emp,EUR,2026-03-16 15:02:52
PRODUCT_02460,COMP_0365,CHECKING_06,checking,HSBC Corporate EU,hsbccorporate_eu,EUR,2026-03-23 15:44:41
PRODUCT_02461,COMP_0321,CHECKING_02,checking,BBVA Net Cash Empresas,bbva_emp,EUR,2024-10-08 11:10:32
PRODUCT_02462,COMP_0841,CHECKING_01,checking,Abanca,abanca_emp,EUR,2024-05-27 15:27:13
PRODUCT_02463,COMP_0900,CHECKING_03,checking,Other (customer-defined),custom,AOA,2026-02-18 12:37:00
PRODUCT_02464,COMP_1124,CHECKING_02,checking,Bankinter Empresas,bankinter_emp,EUR,2025-04-01 14:14:22
PRODUCT_02468,COMP_0444,CARD_04,card,Banco Sabadell Empresas,sabadell_emp,EUR,2026-03-13 12:08:09
PRODUCT_02469,COMP_0956,CARD_12,card,Caixabank Empresas,caixa_emp,EUR,2026-04-29 14:49:43
PRODUCT_02470,COMP_0898,CHECKING_03,checking,Bankinter Empresas,bankinter_emp,EUR,2026-02-26 17:05:28
PRODUCT_02471,COMP_0315,CHECKING_01,checking,Banco Santander Empresas,santander_emp,EUR,2026-03-18 09:33:32
PRODUCT_02472,COMP_0535,CHECKING_01,checking,ABN AMRO Bank N.V.,abn-amro-nl,EUR,2025-11-27 14:01:06
PRODUCT_02473,COMP_0517,RISK_01,risk,Caixabank Empresas,caixa_emp,EUR,2025-12-18 12:11:24
PRODUCT_02475,COMP_0861,INVESTMENT_03,investment,Caixabank Empresas,caixa_emp,EUR,2026-03-10 09:38:06
PRODUCT_02476,COMP_1008,INVESTMENT_02,investment,Banca March,bancamarch,EUR,2026-01-28 12:50:43
PRODUCT_02477,COMP_0474,CHECKING_01,checking,Caixabank,caixa_emp,EUR,2024-06-19 18:57:49
PRODUCT_02478,COMP_0623,CHECKING_07,checking,Banco Santander Empresas,santander_emp,EUR,2025-04-24 09:40:19
PRODUCT_02480,COMP_0073,CHECKING_02,checking,Revolut,revolut,USD,2024-11-13 08:55:57
PRODUCT_02481,COMP_0982,CHECKING_02,checking,Wise,transferwise,EUR,2026-03-03 11:09:48
PRODUCT_02483,COMP_0788,CHECKING_02,checking,Caixabank,caixa_emp,EUR,2024-01-18 11:47:17
PRODUCT_02486,COMP_0040,CHECKING_03,checking,Banco Sabadell Empresas,sabadell_emp,EUR,2026-03-10 13:40:38
PRODUCT_02487,COMP_0844,CHECKING_01,checking,Banco Santander Empresas,santander_emp,EUR,2025-03-18 12:21:11
PRODUCT_02488,COMP_0664,CHECKING_03,checking,Bankinter Empresas,bankinter_emp,EUR,2026-02-25 16:14:44
PRODUCT_02489,COMP_0277,CHECKING_02,checking,Caixabank Empresas,caixa_emp,USD,2026-03-03 12:23:51
PRODUCT_02491,COMP_0515,CHECKING_09,checking,Caixabank Empresas,caixa_emp,EUR,2025-10-14 11:24:20
PRODUCT_02492,COMP_0803,CARD_06,card,Banco Sabadell,sabadell_emp,EUR,2023-10-23 10:48:13
PRODUCT_02493,COMP_0255,CARD_02,card,Caixabank Empresas,caixa_emp,EUR,2026-03-11 14:59:23
PRODUCT_02494,COMP_0319,CHECKING_02,checking,Banco BPI,bbpi,EUR,2026-03-11 17:07:09
PRODUCT_02495,COMP_0295,CARD_02,card,Caixabank,caixa,EUR,2026-04-14 08:26:45
PRODUCT_02498,COMP_1085,CHECKING_02,checking,Other (customer-defined),custom,AUD,2025-02-11 08:45:17
PRODUCT_02501,COMP_0832,CHECKING_06,checking,Revolut,revolut,EUR,2025-11-19 11:47:25
PRODUCT_02502,COMP_1048,CARD_02,card,BBVA Net Cash Empresas,bbva_emp,EUR,2025-10-17 10:15:56
PRODUCT_02504,COMP_0730,CHECKING_08,checking,SSK München,ssk-muenchen,GBP,2026-07-29 18:32:38
PRODUCT_02505,COMP_0544,CHECKING_02,checking,C.R. Del Sur,ruralvia_cajaruralsur,EUR,2025-01-30 12:03:25
PRODUCT_02506,COMP_1187,CHECKING_07,checking,Banking Circle GLOBAL,bc,USD,2026-02-06 11:35:33
PRODUCT_02507,COMP_1219,CHECKING_01,checking,Banco Sabadell T. sec - CAL Empresas,sabadell_emp_sec,EUR,2024-09-17 12:48:01
PRODUCT_02508,COMP_0491,CHECKING_03,checking,Banco Santander Empresas,santander_emp,EUR,2026-03-24 10:05:49
PRODUCT_02509,COMP_0930,CHECKING_01,checking,Bankinter Empresas,bankinter_emp,EUR,2026-04-23 11:23:35
PRODUCT_02510,COMP_0893,CHECKING_02,checking,Kutxabank Empresas,kutxabank_emp,EUR,2026-02-25 09:18:53
PRODUCT_02511,COMP_1144,CHECKING_01,checking,Other (customer-defined),custom,EUR,2026-05-07 15:13:24
PRODUCT_02512,COMP_0897,CHECKING_02,checking,Banca March,bancamarch,EUR,2025-10-29 16:45:50
PRODUCT_02513,COMP_0787,CHECKING_03,checking,DNB,dnb,EUR,2026-04-09 13:31:20
PRODUCT_02514,COMP_0224,CHECKING_01,checking,Bankinter Empresas,bankinter_emp,EUR,2025-11-04 15:02:19
PRODUCT_02515,COMP_1229,CHECKING_02,checking,HSBC Corporate,hsbccorporate,EUR,2026-01-13 20:58:20
PRODUCT_02516,COMP_0798,CARD_07,card,Banco Santander Empresas,santander_emp,EUR,2025-09-11 09:57:00
PRODUCT_02518,COMP_0268,CHECKING_02,checking,Lloyds UK (Commercial),lloydscommercial_uk,GBP,2024-11-08 10:49:24
PRODUCT_02519,COMP_0909,CARD_06,card,Bankinter,bankinter_emp,EUR,2024-04-03 07:31:38
PRODUCT_02522,COMP_0107,CHECKING_01,checking,BBVA Empresas Peru Empresas,bbva_emp_pe,USD,2024-12-13 00:45:34
PRODUCT_02523,COMP_0292,CHECKING_11,checking,Other (customer-defined),custom,XOF,2025-10-15 10:37:54
PRODUCT_02524,COMP_1016,CARD_12,card,Caixabank Empresas,caixa_emp,EUR,2026-03-20 13:16:26
PRODUCT_02525,COMP_0162,CHECKING_02,checking,Globalcaja,ruralvia_globalcaja,EUR,2025-11-28 08:26:28
PRODUCT_02527,COMP_0457,CHECKING_01,checking,Banco Santander,santander,EUR,2025-05-21 09:15:11
PRODUCT_02528,COMP_1076,CHECKING_01,checking,Caixabank Empresas,caixa_emp,EUR,2025-07-29 13:28:44
PRODUCT_02529,COMP_0978,CARD_02,card,Banco Sabadell T. sec - CAL Empresas,sabadell_emp_sec,EUR,2024-09-17 13:28:16
PRODUCT_02530,COMP_0713,CARD_09,card,Caixabank Empresas,caixa_emp,EUR,2025-03-24 15:08:03
PRODUCT_02531,COMP_0496,CHECKING_01,checking,Ebury GLOBAL,ebury,GBP,2025-12-02 11:28:22
PRODUCT_02532,COMP_0038,CHECKING_05,checking,Deutsche Bank Empresas,deutschebank_emp,EUR,2026-04-13 16:21:22
PRODUCT_02533,COMP_0354,CHECKING_03,checking,Banca March,bancamarch,EUR,2025-01-28 13:00:30
PRODUCT_02534,COMP_0197,CARD_01,card,BBVA Net Cash Empresas,bbva_emp,EUR,2025-01-17 06:50:02
PRODUCT_02535,COMP_0502,INVESTMENT_02,investment,UnitPlus,unitplus,EUR,2026-03-03 17:57:39
PRODUCT_02536,COMP_0252,CHECKING_18,checking,Vereinigte Volksbank Raiffeisenbank eG,volksbank-hunsrueck-nahe,USD,2026-03-19 10:58:57
PRODUCT_02538,COMP_0362,CHECKING_02,checking,Other (customer-defined),custom,EUR,2025-01-23 09:02:30
PRODUCT_02540,COMP_1036,CHECKING_04,checking,BBVA Net Cash Empresas,bbva_emp,EUR,2026-07-13 12:47:50
PRODUCT_02542,COMP_0073,CHECKING_03,checking,Revolut,revolut,PLN,2024-11-13 08:55:57
PRODUCT_02543,COMP_1044,CHECKING_04,checking,Caixa Central de CA Mutuo,gca,EUR,2026-04-15 10:45:58
PRODUCT_02544,COMP_0727,CHECKING_04,checking,Revolut,revolut,USD,2025-12-11 14:42:28
PRODUCT_02545,COMP_0399,CHECKING_06,checking,Deutsche Bank Empresas,deutschebank_emp,EUR,2022-11-17 13:53:22
PRODUCT_02546,COMP_1244,CHECKING_01,checking,BBVA Net Cash Empresas,bbva_emp_co,COP,2025-11-18 17:44:10
PRODUCT_02548,COMP_0947,CHECKING_01,checking,Banco Santander,santander_emp,EUR,2023-05-25 05:13:44
PRODUCT_02550,COMP_0919,CHECKING_08,checking,Deutsche Bank Empresas,deutschebank_emp,EUR,2025-11-03 11:32:24
PRODUCT_02551,COMP_0049,CARD_01,card,Caixabank Empresas,caixa_emp,EUR,2025-02-25 22:02:09
PRODUCT_02553,COMP_0606,CHECKING_01,checking,HSBC Corporate,hsbccorporate,EUR,2026-05-27 15:10:37
PRODUCT_02554,COMP_1049,CHECKING_03,checking,Banco Santander Empresas,santander_emp,EUR,2026-03-18 11:48:22
PRODUCT_02555,COMP_0598,CHECKING_01,checking,Bankinter Empresas,bankinter_emp,EUR,2025-03-07 12:06:33
PRODUCT_02556,COMP_0946,CHECKING_03,checking,Revolut,revolut,EUR,2025-12-16 20:24:31
PRODUCT_02557,COMP_0924,CHECKING_02,checking,RuralVia Empresas,ruralvia_emp,EUR,2024-10-25 10:12:04
PRODUCT_02558,COMP_0856,CHECKING_05,checking,Paypal,paypal,CHF,2024-11-13 14:18:49
PRODUCT_02559,COMP_0362,CHECKING_03,checking,Banca March,bancamarch,EUR,2024-09-17 12:30:25
PRODUCT_02560,COMP_0007,CARD_04,card,Banco Santander Empresas,santander_emp,EUR,2026-03-10 15:44:41
PRODUCT_02561,COMP_0336,CHECKING_01,checking,Barclays Corporate,barclays_corporate,USD,2025-06-12 07:55:09
PRODUCT_02563,COMP_0496,CHECKING_02,checking,Ebury GLOBAL,ebury,BRL,2026-02-25 17:16:38
PRODUCT_02564,COMP_1119,EXPENSESPLATFORM_01,expensesPlatform,Caixabank,caixa_emp,EUR,2024-02-19 10:34:23
PRODUCT_02565,COMP_0446,CHECKING_04,checking,BBVA Net Cash Empresas,bbva_emp,EUR,2025-12-16 13:14:06
PRODUCT_02567,COMP_0919,CHECKING_09,checking,Bankinter Empresas,bankinter_emp,EUR,2025-11-03 11:40:52
PRODUCT_02568,COMP_0444,INVESTMENT_03,investment,RuralVia Empresas,ruralvia_emp,EUR,2026-03-25 15:48:18
PRODUCT_02569,COMP_0519,CHECKING_04,checking,Bankinter,bankinter_emp,EUR,2024-01-08 15:25:14
PRODUCT_02570,COMP_0495,CHECKING_04,checking,Banco Santander Empresas,santander_emp,USD,2025-12-09 12:04:13
PRODUCT_02571,COMP_0877,CHECKING_04,checking,Bankinter Empresas,bankinter_emp,EUR,2025-09-25 14:19:52
PRODUCT_02572,COMP_1087,CHECKING_01,checking,Societe Generale Entreprises,soc-gen-corporate,EUR,2025-12-16 09:17:19
PRODUCT_02573,COMP_0220,CHECKING_01,checking,Bankinter Empresas,bankinter_emp,EUR,2025-12-11 08:23:17
PRODUCT_02574,COMP_0075,CHECKING_05,checking,Bankinter,bankinter_emp,EUR,2022-11-17 13:28:14
PRODUCT_02575,COMP_0286,CARD_01,card,BBVA Net Cash Empresas,bbva_emp,EUR,2026-04-28 15:20:12
PRODUCT_02577,COMP_0040,CHECKING_04,checking,Banco Sabadell Empresas,sabadell_emp,EUR,2026-03-10 13:40:38
PRODUCT_02578,COMP_0203,CARD_06,card,Caixabank,caixa_emp,EUR,2023-09-14 10:20:02
PRODUCT_02579,COMP_0806,CHECKING_03,checking,Revolut,revolut,EUR,2025-09-04 10:32:04
PRODUCT_02581,COMP_0673,CHECKING_02,checking,Banco Santander Empresas,santander_emp,EUR,2026-02-25 08:20:34
PRODUCT_02582,COMP_0444,CARD_05,card,Banco Sabadell Empresas,sabadell_emp,EUR,2026-03-13 12:08:09
PRODUCT_02583,COMP_0179,CHECKING_01,checking,Banca March,bancamarch,EUR,2026-05-11 11:44:08
PRODUCT_02584,COMP_0486,CHECKING_01,checking,Banco Santander Empresas,santander_emp_cl,CLP,2024-06-11 18:37:23
PRODUCT_02586,COMP_0992,CHECKING_01,checking,Banco Santander Empresas,santander_emp,EUR,2025-12-10 10:50:48
PRODUCT_02589,COMP_1252,CHECKING_05,checking,Banco Santander,santander_emp,EUR,2023-06-15 11:41:24
PRODUCT_02590,COMP_0703,CHECKING_03,checking,Cajamar,cajamar,EUR,2024-04-11 09:23:41
PRODUCT_02591,COMP_0271,CHECKING_08,checking,Banco Sabadell Empresas,sabadell_emp,EUR,2026-04-16 14:14:51
PRODUCT_02592,COMP_0360,CHECKING_02,checking,Banco Santander Empresas,santander_emp,EUR,2026-04-20 10:19:29
PRODUCT_02593,COMP_0385,CHECKING_04,checking,Caixabank Empresas,caixa_emp,USD,2025-07-15 13:58:44
PRODUCT_02594,COMP_1067,CHECKING_07,checking,Other (customer-defined),custom,USD,2025-06-07 13:15:31
PRODUCT_02595,COMP_0799,CHECKING_03,checking,Barclays Business,barclays_business,GBP,2026-01-26 12:53:40
PRODUCT_02597,COMP_0270,WALLET_01,wallet,Embat,embat,EUR,2025-08-04 06:47:21
PRODUCT_02598,COMP_0969,CHECKING_02,checking,RuralVia,ruralvia_emp,EUR,2024-07-05 09:42:49
PRODUCT_02599,COMP_0628,CHECKING_01,checking,Banco BPM - Corporate,banco_bpm_corporate,EUR,2024-11-21 11:08:14
PRODUCT_02600,COMP_0253,CHECKING_01,checking,Payhawk,payhawk,EUR,2025-05-12 12:51:47
PRODUCT_02601,COMP_1115,CHECKING_02,checking,Banco Santander Empresas,santander_emp_mx,USD,2026-04-28 11:21:28
PRODUCT_02604,COMP_0178,CHECKING_01,checking,Bankinter,bankinter_emp,USD,2025-01-28 12:24:53
PRODUCT_02605,COMP_0357,CHECKING_02,checking,Banco Sabadell T. sec - CAL Empresas,sabadell_emp_sec,EUR,2023-10-16 12:44:05
PRODUCT_02606,COMP_0544,INVESTMENT_02,investment,Banca March,bancamarch,EUR,2025-02-19 11:08:17
PRODUCT_02607,COMP_0234,CHECKING_01,checking,Banco Santander Empresas,santander_emp,EUR,2024-11-06 14:05:44
PRODUCT_02609,COMP_1016,CARD_13,card,Caixabank Empresas,caixa_emp,EUR,2026-03-20 13:16:26
PRODUCT_02612,COMP_0101,CHECKING_04,checking,Caixabank Empresas,caixa_emp,EUR,2024-12-16 17:17:09
PRODUCT_02613,COMP_1023,CHECKING_01,checking,DNB,dnb,NOK,2026-03-09 13:07:18
PRODUCT_02614,COMP_0075,CHECKING_06,checking,Banco Sabadell T. sec - CAL Empresas,sabadell_emp_sec,EUR,2022-11-17 13:26:17
PRODUCT_02615,COMP_0747,CHECKING_03,checking,Bankinter Empresas,bankinter_emp,EUR,2025-05-22 14:29:43
PRODUCT_02618,COMP_1273,CHECKING_02,checking,Banco Sabadell T. sec - CAL Empresas,sabadell_emp_sec,EUR,2026-05-13 12:47:09
PRODUCT_02619,COMP_0034,CHECKING_06,checking,Bankinter Empresas,bankinter_emp,EUR,2025-05-22 14:56:19
PRODUCT_02620,COMP_1012,CARD_02,card,Banco Santander Empresas,santander_emp,EUR,2026-02-18 14:39:18
PRODUCT_02622,COMP_0485,CHECKING_01,checking,Banco Santander Empresas,santander_emp,EUR,2026-01-27 11:10:25
PRODUCT_02623,COMP_0178,CHECKING_02,checking,Bankinter,bankinter_emp,GBP,2024-04-04 10:34:30
PRODUCT_02624,COMP_1147,CHECKING_01,checking,Caixabank Empresas,caixa_emp,EUR,2025-03-27 15:53:21
PRODUCT_02625,COMP_0956,INVESTMENT_01,investment,Banco Santander Empresas,santander_emp,EUR,2026-04-29 14:43:31
PRODUCT_02628,COMP_0898,CHECKING_04,checking,Laboral Kutxa Empresas,cajalaboral_emp,EUR,2026-02-26 10:33:47
PRODUCT_02629,COMP_0543,CHECKING_01,checking,Caixabank Empresas,caixa_emp,EUR,2025-09-16 08:08:37
PRODUCT_02632,COMP_1149,CARD_02,card,Banco Santander Empresas,santander_emp,EUR,2025-09-11 11:13:14
PRODUCT_02633,COMP_1203,CHECKING_04,checking,Revolut EU,revolut_gb,HUF,2026-06-23 13:50:11
PRODUCT_02634,COMP_0802,CHECKING_05,checking,BBVA Net Cash Empresas,bbva_emp,EUR,2026-01-13 16:23:10
PRODUCT_02635,COMP_0747,CARD_01,card,Banco Sabadell T. sec - CAL Empresas,sabadell_emp_sec,EUR,2025-05-22 15:02:56
PRODUCT_02636,COMP_0651,TPV_01,tpv,Redsys,redsys,EUR,2025-09-22 13:31:45
PRODUCT_02637,COMP_0491,CHECKING_04,checking,Banco Santander Empresas,santander_emp,EUR,2024-09-24 11:51:59
PRODUCT_02638,COMP_0450,CHECKING_02,checking,Bankinter Empresas,bankinter_emp,USD,2024-11-05 08:21:31
PRODUCT_02639,COMP_0797,CHECKING_10,checking,Banca March,bancamarch,EUR,2025-10-29 16:52:04
PRODUCT_02641,COMP_1016,CARD_14,card,Caixabank Empresas,caixa_emp,EUR,2026-03-20 13:16:26
PRODUCT_02642,COMP_0087,CARD_04,card,Abanca Empresas,abanca_emp,EUR,2024-10-17 15:51:23
PRODUCT_02643,COMP_0966,CHECKING_01,checking,Other (customer-defined),custom,BRL,2025-01-28 02:18:21
PRODUCT_02648,COMP_0619,CHECKING_01,checking,Caixabank,caixa,EUR,2026-04-23 11:44:18
PRODUCT_02649,COMP_0891,CHECKING_01,checking,Banca March,bancamarch,EUR,2025-10-29 16:37:03
PRODUCT_02650,COMP_0674,CHECKING_06,checking,Evo Banco,evobanco,EUR,2024-09-25 08:38:34
PRODUCT_02651,COMP_0113,CHECKING_01,checking,Banco Santander,santander_emp,EUR,2023-04-27 09:54:04
PRODUCT_02654,COMP_1036,CHECKING_05,checking,Banco Sabadell Empresas,sabadell_emp,EUR,2026-07-13 12:17:42
PRODUCT_02655,COMP_0326,CHECKING_01,checking,BBVA Net Cash Empresas,bbva_emp,EUR,2025-09-09 11:47:00
PRODUCT_02656,COMP_1266,CHECKING_02,checking,ING,ing,EUR,2025-12-04 12:53:32
PRODUCT_02658,COMP_0304,CHECKING_02,checking,BBVA Net Cash Empresas,bbva_emp,EUR,2025-09-24 16:24:56
PRODUCT_02661,COMP_0619,CHECKING_02,checking,Caixabank,caixa,EUR,2026-04-23 11:45:23
PRODUCT_02662,COMP_1187,CHECKING_08,checking,Banking Circle GLOBAL,bc,GBP,2026-02-06 11:19:14
PRODUCT_02663,COMP_0697,CHECKING_01,checking,Other (customer-defined),custom,EUR,2024-03-15 10:21:52
PRODUCT_02664,COMP_0843,CARD_01,card,BBVA,bbva_emp,EUR,2026-02-04 16:03:03
PRODUCT_02666,COMP_0766,CHECKING_01,checking,Banco Santander,santander_emp,EUR,2024-07-12 11:39:03
PRODUCT_02667,COMP_0519,CHECKING_05,checking,Abanca,abanca_emp,EUR,2024-02-13 11:55:26
PRODUCT_02670,COMP_0773,CHECKING_07,checking,BBVA,bbva_emp,EUR,2024-06-21 10:58:14
PRODUCT_02671,COMP_0736,CHECKING_01,checking,Caixabank Empresas,caixa_emp,EUR,2026-01-09 08:47:25
PRODUCT_02672,COMP_0848,CHECKING_05,checking,Wells Fargo,wellsfargo,USD,2026-04-28 15:15:13
PRODUCT_02674,COMP_0524,RISK_01,risk,Caixabank Empresas,caixa_emp,EUR,2026-08-19 12:19:07
PRODUCT_02675,COMP_0149,CHECKING_02,checking,Other (customer-defined),custom,ARS,2024-09-12 11:30:36
PRODUCT_02676,COMP_0580,CHECKING_01,checking,HSBC Corporate,hsbccorporate,NOK,2026-04-09 13:19:21
PRODUCT_02678,COMP_0038,CHECKING_06,checking,Banco Santander Empresas,santander_emp,EUR,2026-04-06 17:05:15
PRODUCT_02680,COMP_1260,CHECKING_03,checking,Banco Santander Empresas,santander_emp,EUR,2026-03-05 12:24:13
PRODUCT_02682,COMP_0817,CHECKING_02,checking,Banco Santander,santander_emp,EUR,2023-04-27 09:53:58
PRODUCT_02683,COMP_1110,CHECKING_02,checking,Other (customer-defined),custom,EUR,2026-02-06 12:45:25
PRODUCT_02684,COMP_1207,CHECKING_01,checking,Other (customer-defined),custom,EUR,2024-03-15 10:29:40
PRODUCT_02686,COMP_0707,CHECKING_02,checking,Banco Santander,santander_emp,EUR,2024-03-11 11:44:24
PRODUCT_02687,COMP_0159,CHECKING_01,checking,Banco Santander Empresas,santander_emp,EUR,2025-02-12 15:20:53
PRODUCT_02688,COMP_0959,CHECKING_01,checking,BBVA Empresas Peru Empresas,bbva_emp_pe,PEN,2024-11-28 17:06:53
PRODUCT_02689,COMP_1086,CHECKING_04,checking,Other (customer-defined),custom,EUR,2023-11-28 06:35:22
PRODUCT_02690,COMP_0686,CHECKING_01,checking,iberCaja,ibercaja,EUR,2024-09-25 09:29:41
PRODUCT_02691,COMP_0589,CHECKING_01,checking,Banco Sabadell Empresas,sabadell_emp,EUR,2026-04-16 14:10:07
PRODUCT_02692,COMP_0059,CHECKING_03,checking,BBVA Net Cash Empresas,bbva_emp,EUR,2024-11-06 14:36:35
PRODUCT_02693,COMP_0612,CARD_01,card,BBVA,bbva_emp,EUR,2024-02-09 12:08:01
PRODUCT_02694,COMP_0939,CHECKING_02,checking,HSBC Corporate,hsbccorporate,USD,2026-03-24 15:49:32
PRODUCT_02695,COMP_0909,CARD_07,card,Bankinter,bankinter_emp,EUR,2024-04-03 07:31:38
PRODUCT_02696,COMP_0496,INVESTMENT_01,investment,Banco Sabadell Empresas,sabadell_emp,EUR,2024-11-14 17:27:24
PRODUCT_02697,COMP_0361,CHECKING_05,checking,Danske Bank Business UK,danskebankbusiness_uk,DKK,2025-04-16 08:20:11
PRODUCT_02698,COMP_1150,INVESTMENT_02,investment,Caixabank Empresas,caixa_emp,EUR,2025-02-10 11:11:43
PRODUCT_02699,COMP_0212,CHECKING_01,checking,Barclays Corporate,barclays_corporate,SEK,2025-09-26 07:53:57
PRODUCT_02700,COMP_0361,CHECKING_06,checking,Stripe,stripe,USD,2023-08-25 11:50:52
PRODUCT_02701,COMP_0447,CARD_01,card,Banco Santander Empresas,santander_emp,EUR,2025-09-15 09:24:19
PRODUCT_02702,COMP_1086,CHECKING_05,checking,Banco Sabadell,sabadell_emp,EUR,2023-10-30 11:38:24
PRODUCT_02703,COMP_0744,WALLET_02,wallet,Embat,embat,EUR,2026-03-11 23:36:58
PRODUCT_02704,COMP_1269,CHECKING_01,checking,Bankinter Empresas,bankinter_emp,EUR,2025-06-19 10:33:34
PRODUCT_02706,COMP_1010,CHECKING_02,checking,Caixabank Empresas,caixa_emp,EUR,2026-04-20 14:09:55
PRODUCT_02707,COMP_0998,CHECKING_02,checking,Bankinter Empresas,bankinter_emp,EUR,2025-10-09 07:30:23
PRODUCT_02708,COMP_0983,CHECKING_04,checking,NOVO BANCO SA,novo-banco-sa,EUR,2024-05-09 07:18:43
PRODUCT_02710,COMP_0384,CHECKING_01,checking,Banco Sabadell Empresas,sabadell_emp,EUR,2024-11-08 07:37:44
PRODUCT_02711,COMP_1036,CARD_02,card,Banco Santander Empresas,santander_emp,EUR,2026-07-13 10:26:13
PRODUCT_02712,COMP_0798,CARD_08,card,Banco Santander Empresas,santander_emp,EUR,2025-09-11 09:20:11
PRODUCT_02713,COMP_1083,CHECKING_02,checking,Other (customer-defined),custom,USD,2025-09-26 07:57:43
PRODUCT_02715,COMP_0301,CHECKING_06,checking,Revolut,revolut,USD,2025-12-11 19:06:01
PRODUCT_02716,COMP_0343,CHECKING_03,checking,Banco Sabadell Empresas,sabadell_emp,EUR,2025-09-12 08:24:58
PRODUCT_02717,COMP_1012,WALLET_01,wallet,Embat,embat,EUR,2026-07-27 10:34:27
PRODUCT_02718,COMP_0016,CHECKING_03,checking,Banco Santander,santander_emp,EUR,2023-06-15 11:39:19
PRODUCT_02719,COMP_0743,CHECKING_01,checking,Caixabank Empresas,caixa_emp,EUR,2025-09-26 11:28:22
PRODUCT_02720,COMP_1135,CHECKING_05,checking,Caixabank Empresas,caixa_emp,EUR,2025-09-18 09:20:29
PRODUCT_02721,COMP_0130,CHECKING_02,checking,Bankinter Empresas,bankinter_emp,EUR,2024-12-19 10:31:30
PRODUCT_02723,COMP_0234,CHECKING_02,checking,Citibank Empresas GLOBAL,citi,EUR,2025-11-11 16:24:23
PRODUCT_02724,COMP_0498,CHECKING_01,checking,Caixabank Empresas,caixa_emp,EUR,2026-02-11 15:52:50
PRODUCT_02725,COMP_0995,CHECKING_03,checking,Banco Santander Empresas,santander_emp,EUR,2025-04-07 10:44:11
PRODUCT_02726,COMP_0366,CHECKING_01,checking,Alpha Bank,alphabank,EUR,2026-03-11 16:45:18
PRODUCT_02727,COMP_0070,CHECKING_02,checking,Societe Generale Entreprises,soc-gen-corporate,EUR,2025-11-19 09:47:06
PRODUCT_02728,COMP_1157,CHECKING_01,checking,Caixabank Empresas,caixa_emp,EUR,2025-11-04 09:45:05
PRODUCT_02729,COMP_0120,CHECKING_01,checking,UniCredit eBanking Global by HypoVereinsbank - UniCredit Bank AG,unicreditbusiness_de,EUR,2026-07-03 11:45:16
PRODUCT_02730,COMP_0400,CARD_02,card,Banco Sabadell T. sec - CAL Empresas,sabadell_emp_sec,EUR,2024-09-17 13:28:16
PRODUCT_02732,COMP_0830,CHECKING_02,checking,Other (customer-defined),custom,BRL,2023-09-20 07:57:53
PRODUCT_02733,COMP_1056,CHECKING_03,checking,HSBC Corporate,hsbccorporate,EUR,2026-02-10 17:37:13
PRODUCT_02734,COMP_0487,CHECKING_01,checking,Banco de Bogotá,b_de_bogota_co,COP,2025-10-02 09:30:04
PRODUCT_02736,COMP_0049,CHECKING_01,checking,Banco Santander Empresas,santander_emp,EUR,2025-05-13 16:33:35
PRODUCT_02738,COMP_0600,CHECKING_02,checking,Banco Santander Empresas,santander_emp,EUR,2025-04-07 10:44:11
PRODUCT_02739,COMP_0738,CHECKING_01,checking,Banco Santander Empresas,santander_emp,EUR,2026-03-18 09:33:32
PRODUCT_02740,COMP_0739,CHECKING_01,checking,Caixabank,caixa_emp,EUR,2024-02-19 10:18:25
PRODUCT_02741,COMP_0233,CHECKING_03,checking,Other (customer-defined),custom,CLP,2024-04-24 15:08:24
PRODUCT_02743,COMP_0898,CHECKING_05,checking,Caixabank Empresas,caixa_emp,EUR,2026-03-03 11:15:18
PRODUCT_02744,COMP_1182,CARD_05,card,Caixabank Empresas,caixa_emp,EUR,2024-09-09 11:33:34
PRODUCT_02746,COMP_1216,CHECKING_05,checking,Banco Santander Empresas,santander_emp,EUR,2025-09-24 16:06:12
PRODUCT_02747,COMP_0384,CHECKING_02,checking,Banco Sabadell Empresas,sabadell_emp,USD,2024-11-08 07:37:44
PRODUCT_02748,COMP_0803,CARD_07,card,Banco Sabadell,sabadell_emp,EUR,2023-10-23 10:48:13
PRODUCT_02749,COMP_0798,CARD_09,card,Banco Santander Empresas,santander_emp,EUR,2025-09-11 09:20:11
PRODUCT_02750,COMP_0402,CHECKING_02,checking,Bankinter Empresas,bankinter_emp,EUR,2025-07-29 14:17:31
PRODUCT_02751,COMP_1037,CHECKING_02,checking,Caixabank Empresas,caixa_emp,EUR,2025-09-18 09:49:12
PRODUCT_02752,COMP_0554,CHECKING_02,checking,NOVO BANCO SA,novo-banco-sa,EUR,2026-04-29 09:39:05
PRODUCT_02753,COMP_1037,CHECKING_03,checking,Banca March,bancamarch,EUR,2025-10-29 18:51:01
PRODUCT_02755,COMP_0927,CHECKING_03,checking,Kutxabank Empresas,kutxabank_emp,EUR,2024-12-11 12:31:42
PRODUCT_02756,COMP_0693,CHECKING_05,checking,Revolut,revolut,USD,2024-10-18 11:29:44
PRODUCT_02757,COMP_1282,CHECKING_03,checking,Other (customer-defined),custom,USD,2024-02-09 09:52:50
PRODUCT_02758,COMP_0541,CHECKING_01,checking,VR Bank Metropolregion Nürnberg eG,vrmeinebank,EUR,2025-10-01 14:10:56
PRODUCT_02759,COMP_0351,CARD_03,card,iberCaja,ibercaja,EUR,2026-07-07 11:08:27
PRODUCT_02761,COMP_0638,CHECKING_01,checking,BBVA Net Cash Empresas,bbva_emp,EUR,2024-12-11 11:59:40
PRODUCT_02762,COMP_0627,CHECKING_02,checking,Caixabank,caixa_emp,EUR,2022-11-17 14:01:09
PRODUCT_02763,COMP_0218,CHECKING_03,checking,Banco Sabadell Empresas,sabadell_emp,EUR,2025-03-10 15:34:37
PRODUCT_02766,COMP_0390,CHECKING_02,checking,BBVA Empresas Peru Empresas,bbva_emp_pe,PEN,2026-05-06 14:56:42
PRODUCT_02767,COMP_1068,LINEOFCOMEX_01,lineofcomex,Banco Sabadell Empresas,sabadell_emp,EUR,2026-02-19 15:52:42
PRODUCT_02768,COMP_0973,CHECKING_02,checking,Banca Popolare di Sondrio,popolaresondrio_it,EUR,2024-05-29 13:41:29
PRODUCT_02771,COMP_1193,INVESTMENT_01,investment,Banca March,bancamarch,EUR,2025-09-18 13:24:05
PRODUCT_02774,COMP_0246,CHECKING_04,checking,Caixabank,caixa_emp,EUR,2024-01-15 11:10:39
PRODUCT_02775,COMP_0901,CHECKING_03,checking,Banco Sabadell,sabadell_emp,EUR,2026-04-07 09:59:40
PRODUCT_02776,COMP_0496,CHECKING_03,checking,Other (customer-defined),custom,EUR,2025-03-14 08:38:09
PRODUCT_02777,COMP_0123,CHECKING_02,checking,Banco Santander,santander_emp,EUR,2023-08-31 09:38:32
PRODUCT_02778,COMP_0446,CHECKING_05,checking,BBVA Net Cash Empresas,bbva_emp,EUR,2025-12-16 13:14:06
PRODUCT_02779,COMP_0567,CHECKING_01,checking,Banco Sabadell Empresas,sabadell_emp,EUR,2025-07-24 09:23:45
PRODUCT_02780,COMP_0531,CHECKING_04,checking,Banco Sabadell,sabadell_emp,EUR,2023-07-12 14:55:14
PRODUCT_02781,COMP_0517,CHECKING_02,checking,Banco Sabadell Empresas,sabadell_emp,EUR,2025-12-18 12:12:49
PRODUCT_02782,COMP_0330,INVESTMENT_01,investment,Caixabank Empresas,caixa_emp,EUR,2026-06-08 09:34:01
PRODUCT_02783,COMP_0837,INVESTMENT_05,investment,Deutsche Bank (ES) - Empresas,ins_127317,EUR,2026-02-13 09:08:23
PRODUCT_02784,COMP_1167,CHECKING_02,checking,iberCaja,ibercaja,EUR,2024-10-07 09:37:12
PRODUCT_02786,COMP_0745,CHECKING_01,checking,Banco Sabadell Empresas,sabadell_emp,EUR,2026-02-25 15:59:17
PRODUCT_02787,COMP_0038,CARD_03,card,BBVA Net Cash Empresas,bbva_emp,EUR,2026-04-22 08:04:49
PRODUCT_02789,COMP_0376,CHECKING_12,checking,Banco Santander,santander_emp,EUR,2026-03-03 11:01:12
PRODUCT_02791,COMP_0969,CHECKING_03,checking,Banco Santander,santander_emp,EUR,2023-05-02 09:41:02
PRODUCT_02792,COMP_0837,CHECKING_10,checking,Banco Santander,santander_emp,EUR,2023-07-19 07:34:45
PRODUCT_02794,COMP_0117,CHECKING_03,checking,Revolut EU,revolut,USD,2024-11-13 08:47:26
PRODUCT_02795,COMP_1259,CHECKING_01,checking,BBVA Net Cash Empresas,bbva_emp,EUR,2026-02-16 09:25:00
PRODUCT_02796,COMP_1016,CARD_15,card,Caixabank Empresas,caixa_emp,EUR,2026-03-20 13:16:26
PRODUCT_02797,COMP_0341,CHECKING_04,checking,Other (customer-defined),custom,USD,2026-08-02 18:21:13
PRODUCT_02798,COMP_0360,CHECKING_03,checking,Caixabank Empresas,caixa_emp,EUR,2026-04-20 12:49:31
PRODUCT_02800,COMP_0637,CHECKING_01,checking,BBVA,bbva_emp,EUR,2024-06-12 08:33:41
PRODUCT_02801,COMP_0651,CHECKING_04,checking,Banca March,bancamarch,EUR,2025-10-29 16:55:14
PRODUCT_02802,COMP_1049,CARD_02,card,Caixabank Empresas,caixa_emp,EUR,2026-03-11 15:44:52
PRODUCT_02803,COMP_0082,CHECKING_03,checking,Caixabank Empresas,caixa_emp,EUR,2025-05-22 15:09:35
PRODUCT_02804,COMP_0334,CARD_01,card,iberCaja,ibercaja,EUR,2025-02-17 08:12:25
PRODUCT_02806,COMP_0936,CHECKING_01,checking,Banco Santander Empresas,santander_emp,EUR,2026-09-03 08:55:43
PRODUCT_02807,COMP_0534,CHECKING_01,checking,Caixabank Empresas,caixa_emp,EUR,2026-01-09 09:32:39
PRODUCT_02808,COMP_0531,CHECKING_05,checking,Banco Santander,santander_emp,EUR,2023-07-12 14:55:14
PRODUCT_02809,COMP_0988,CARD_07,card,Caixabank Empresas,caixa_emp,EUR,2026-03-03 12:11:50
PRODUCT_02810,COMP_0994,CHECKING_03,checking,BBVA Net Cash Empresas,bbva_emp,EUR,2024-11-26 13:09:45
PRODUCT_02811,COMP_0598,CHECKING_02,checking,Banco Santander Empresas,santander_emp,EUR,2025-03-06 15:44:00
PRODUCT_02812,COMP_0958,CARD_01,card,Banco Santander Empresas,santander_emp,EUR,2025-03-06 15:44:00
PRODUCT_02814,COMP_0420,CHECKING_04,checking,Abanca Empresas,abanca_emp,EUR,2026-04-14 16:08:35
PRODUCT_02815,COMP_0409,CHECKING_03,checking,Other (customer-defined),custom,EUR,2026-07-14 08:13:28
PRODUCT_02816,COMP_1181,CHECKING_01,checking,ING,ing,EUR,2025-12-15 15:41:32
PRODUCT_02817,COMP_0598,INVESTMENT_02,investment,Banca March,bancamarch,EUR,2025-03-21 10:58:09
PRODUCT_02818,COMP_0843,CHECKING_03,checking,Stripe,stripe,EUR,2025-04-11 07:25:03
PRODUCT_02822,COMP_0508,CHECKING_02,checking,Banco Sabadell Empresas,sabadell_emp,EUR,2025-04-01 09:13:27
PRODUCT_02823,COMP_0038,CARD_04,card,BBVA Net Cash Empresas,bbva_emp,EUR,2026-04-06 15:50:19
PRODUCT_02824,COMP_0007,CARD_05,card,Banco Santander Empresas,santander_emp,EUR,2026-03-10 15:44:41
PRODUCT_02825,COMP_0713,CARD_10,card,Caixabank Empresas,caixa_emp,EUR,2025-03-24 15:08:03
PRODUCT_02826,COMP_0946,CHECKING_04,checking,Banco Sabadell Empresas,sabadell_emp,EUR,2025-09-29 10:48:18
PRODUCT_02827,COMP_0976,CHECKING_02,checking,Santander (Corporate UK),santander-coporate_uk,GBP,2026-02-16 12:21:01
PRODUCT_02828,COMP_1056,CHECKING_04,checking,HSBC Corporate,hsbccorporate,EUR,2026-02-10 17:35:55
PRODUCT_02829,COMP_0520,CHECKING_01,checking,Banco Sabadell Empresas,sabadell_emp,EUR,2025-09-05 05:52:19
PRODUCT_02830,COMP_0665,CHECKING_04,checking,Caixabank Empresas,caixa_emp,EUR,2024-10-14 10:12:02
PRODUCT_02832,COMP_0674,CHECKING_07,checking,Banco Santander,santander_emp,EUR,2024-06-26 10:29:42
PRODUCT_02834,COMP_1250,CARD_01,card,Banco Santander Empresas,santander_emp,EUR,2024-10-21 07:14:54
PRODUCT_02835,COMP_0909,CARD_08,card,Bankinter,bankinter_emp,EUR,2024-04-03 07:31:38
PRODUCT_02836,COMP_1037,CHECKING_04,checking,Banco Santander Empresas,santander_emp,EUR,2026-05-26 07:15:55
PRODUCT_02837,COMP_0185,CHECKING_05,checking,Banco Sabadell Empresas,sabadell_emp,EUR,2026-06-23 09:38:22
PRODUCT_02838,COMP_0324,CHECKING_05,checking,Deutsche Bank Empresas,deutschebank_emp,EUR,2026-04-21 11:07:54
PRODUCT_02839,COMP_1149,INVESTMENT_05,investment,Deutsche Bank Empresas,deutschebank_emp,EUR,2025-09-30 12:28:31
PRODUCT_02841,COMP_1182,CARD_06,card,Caixabank Empresas,caixa_emp,EUR,2026-02-19 13:23:35
PRODUCT_02842,COMP_0013,CHECKING_02,checking,Cajaviva,ruralvia_cajaviva,EUR,2026-03-03 12:12:44
PRODUCT_02843,COMP_0176,CHECKING_02,checking,BBVA Net Cash Empresas,bbva_emp,EUR,2025-09-18 14:27:51
PRODUCT_02844,COMP_1071,CHECKING_01,checking,Revolut EU,revolut_gb,USD,2026-07-07 17:17:59
PRODUCT_02845,COMP_0089,CHECKING_01,checking,Caixabank,caixa_emp,EUR,2023-08-31 10:13:37
PRODUCT_02848,COMP_0087,CARD_05,card,Cajamar,cajamar,EUR,2025-03-18 08:45:22
PRODUCT_02849,COMP_0971,CHECKING_02,checking,HSBC Corporate,hsbccorporate,GBP,2026-02-10 17:47:44
PRODUCT_02852,COMP_0813,CHECKING_03,checking,Banco Santander Empresas,santander_emp,EUR,2023-07-26 09:16:17
PRODUCT_02853,COMP_0626,CHECKING_03,checking,Banco Santander,santander_emp,EUR,2023-04-27 09:54:00
PRODUCT_02854,COMP_0460,CHECKING_03,checking,Paypal,paypal,USD,2023-08-28 08:11:35
PRODUCT_02855,COMP_0810,CHECKING_01,checking,Abanca,abanca_emp,EUR,2023-09-14 09:26:13
PRODUCT_02856,COMP_0885,CHECKING_03,checking,BBVA,bbva_emp,EUR,2023-05-29 08:09:34
PRODUCT_02857,COMP_0328,CHECKING_02,checking,Banco Santander Empresas,santander_emp,EUR,2026-05-26 15:34:06
PRODUCT_02858,COMP_0366,CHECKING_02,checking,Eurobank,eurobank,USD,2026-03-11 16:40:37
PRODUCT_02859,COMP_0633,CHECKING_02,checking,ING,ing,PLN,2025-12-22 14:59:57
PRODUCT_02861,COMP_0939,CHECKING_03,checking,HSBC Corporate,hsbccorporate,EUR,2026-03-24 15:49:32
PRODUCT_02862,COMP_0252,CHECKING_19,checking,Banking Circle GLOBAL,bc,NOK,2026-07-28 13:47:19
PRODUCT_02863,COMP_0201,CHECKING_02,checking,Banco Santander Empresas,santander_emp,EUR,2024-11-06 14:05:44
PRODUCT_02864,COMP_1128,CHECKING_01,checking,Banco Santander Empresas,santander_emp,EUR,2024-11-19 15:29:44
PRODUCT_02866,COMP_0459,CHECKING_01,checking,BNP Paribas - Corporate,mabanque-corporate,EUR,2026-03-06 11:16:12
PRODUCT_02867,COMP_0855,CHECKING_06,checking,Caixabank Empresas,caixa_emp,USD,2026-06-30 06:59:41
PRODUCT_02868,COMP_0566,CHECKING_02,checking,HSBC Corporate,hsbccorporate,GBP,2026-03-06 12:44:24
PRODUCT_02869,COMP_1036,CHECKING_06,checking,Unicaja Empresas,unicaja_emp,EUR,2026-07-13 10:37:42
PRODUCT_02870,COMP_0604,CHECKING_03,checking,RuralVia Empresas,ruralvia_emp,EUR,2024-10-25 09:51:21
PRODUCT_02871,COMP_0647,CHECKING_01,checking,Banco Sabadell,sabadell_emp,EUR,2024-05-21 15:04:32
PRODUCT_02873,COMP_0588,CARD_01,card,Caixabank,caixa_emp,EUR,2024-02-09 12:44:49
PRODUCT_02874,COMP_1249,CHECKING_04,checking,Paypal,paypal,EUR,2026-06-17 13:51:46
PRODUCT_02875,COMP_0362,CHECKING_04,checking,Banco Sabadell T. sec - CAL Empresas,sabadell_emp_sec,EUR,2024-09-17 12:48:01
PRODUCT_02878,COMP_0509,CHECKING_01,checking,Paypal,paypal,USD,2024-11-19 14:57:55
PRODUCT_02879,COMP_0861,CHECKING_06,checking,Banco Santander Empresas,santander_emp,EUR,2025-10-20 08:40:57
PRODUCT_02881,COMP_0087,CHECKING_03,checking,Bankinter Empresas,bankinter_emp,EUR,2024-10-18 11:23:28
PRODUCT_02882,COMP_0432,CHECKING_02,checking,Banco Santander Empresas,santander_emp,EUR,2025-11-28 07:08:26
PRODUCT_02883,COMP_0362,CHECKING_05,checking,BBVA Net Cash Empresas,bbva_emp,EUR,2024-09-18 09:20:06
PRODUCT_02885,COMP_1180,CHECKING_01,checking,Banco Santander Empresas,santander_emp,EUR,2025-03-18 12:12:32
PRODUCT_02886,COMP_0240,CHECKING_02,checking,Other (customer-defined),custom,USD,2026-03-19 15:38:07
PRODUCT_02887,COMP_1198,CHECKING_02,checking,BBVA,bbva_emp,USD,2024-02-09 09:29:21
PRODUCT_02888,COMP_1053,CHECKING_06,checking,Banco Sabadell Empresas,sabadell_emp,USD,2026-07-08 09:17:39
PRODUCT_02889,COMP_0117,CHECKING_04,checking,Citibank Empresas GLOBAL,citi,GBP,2025-11-11 15:20:31
PRODUCT_02891,COMP_0082,CHECKING_04,checking,Banco Sabadell T. sec - CAL Empresas,sabadell_emp_sec,EUR,2025-05-22 14:36:58
PRODUCT_02893,COMP_0941,CHECKING_02,checking,Banco Santander,santander_emp,EUR,2023-05-25 05:06:01
PRODUCT_02895,COMP_0974,CARD_02,card,Banco Santander Empresas,santander_emp,EUR,2026-01-13 09:41:59
PRODUCT_02896,COMP_0610,CHECKING_01,checking,Banco Santander,santander_emp,EUR,2024-06-26 10:32:33
PRODUCT_02897,COMP_0292,CHECKING_12,checking,Other (customer-defined),custom,EUR,2025-10-15 09:15:19
PRODUCT_02898,COMP_0117,CHECKING_05,checking,Citibank Empresas GLOBAL,citi,EUR,2025-11-11 16:24:23
PRODUCT_02899,COMP_0713,CHECKING_03,checking,Banco Santander Empresas,santander_emp,EUR,2025-03-25 08:16:34
PRODUCT_02901,COMP_0812,CHECKING_02,checking,BBVA Net Cash Empresas,bbva_emp,EUR,2026-03-19 10:16:18
PRODUCT_02902,COMP_0466,CHECKING_03,checking,BBVA Net Cash Empresas,bbva_emp,EUR,2025-03-06 15:32:31
PRODUCT_02903,COMP_1016,CARD_16,card,Caixabank Empresas,caixa_emp,EUR,2026-03-20 13:16:26
PRODUCT_02904,COMP_0626,CHECKING_04,checking,Banco Santander Empresas,santander_emp,EUR,2026-04-08 12:19:24
PRODUCT_02905,COMP_0096,CHECKING_01,checking,Banco Santander Empresas,santander_emp,EUR,2025-04-04 11:45:23
PRODUCT_02906,COMP_0861,INVESTMENT_04,investment,Caixabank Empresas,caixa_emp,EUR,2025-10-15 13:12:52
PRODUCT_02909,COMP_0216,CHECKING_01,checking,BBVA Net Cash Empresas,bbva_emp,EUR,2025-10-17 10:10:14
PRODUCT_02911,COMP_0734,CHECKING_01,checking,LBBW,bw-bank,USD,2026-08-10 16:14:26
PRODUCT_02912,COMP_0516,CHECKING_01,checking,Bankinter Empresas,bankinter_emp,EUR,2025-10-09 07:26:09
PRODUCT_02913,COMP_1272,CHECKING_05,checking,Ebury GLOBAL,ebury,USD,2026-05-19 16:10:02
PRODUCT_02914,COMP_1062,CHECKING_01,checking,Caixabank Empresas,caixa_emp,EUR,2026-03-17 17:24:05
PRODUCT_02915,COMP_0949,CHECKING_01,checking,Banco Santander Empresas,santander_emp,EUR,2026-03-10 15:43:08
PRODUCT_02916,COMP_0773,CHECKING_08,checking,BANCO SANTANDER TOTTA SA,banco-santander-totta-sa,EUR,2024-06-26 16:09:48
PRODUCT_02919,COMP_0268,CHECKING_03,checking,Other (customer-defined),custom,AUD,2024-12-16 10:52:23
PRODUCT_02920,COMP_1212,CHECKING_01,checking,BBVA,bbva_emp,EUR,2023-10-09 15:29:53
PRODUCT_02921,COMP_1046,CHECKING_01,checking,Caixabank Empresas,caixa_emp,EUR,2024-12-27 12:11:01
PRODUCT_02922,COMP_1097,CHECKING_01,checking,Ebury GLOBAL,ebury,USD,2026-09-02 13:56:23
PRODUCT_02923,COMP_1030,CHECKING_01,checking,Kutxabank Empresas,kutxabank_emp,EUR,2025-12-09 14:35:11
PRODUCT_02924,COMP_0255,CARD_03,card,Caixabank Empresas,caixa_emp,EUR,2026-03-11 14:59:23
PRODUCT_02925,COMP_0004,CHECKING_01,checking,Banco Santander Empresas,santander_emp,EUR,2026-02-25 09:23:43
PRODUCT_02926,COMP_0466,CHECKING_04,checking,Caixabank Empresas,caixa_emp,EUR,2025-03-07 08:41:24
PRODUCT_02930,COMP_0385,CHECKING_05,checking,Laboral Kutxa Acceso Restringido,cajalaboral_res,EUR,2025-08-06 12:23:41
PRODUCT_02931,COMP_0004,CARD_04,card,Banco Santander Empresas,santander_emp,EUR,2026-02-25 09:39:18
PRODUCT_02934,COMP_0385,CHECKING_06,checking,RuralVia Empresas,ruralvia_emp,EUR,2025-08-01 10:11:21
PRODUCT_02936,COMP_0274,CHECKING_02,checking,Banca March,bancamarch,EUR,2025-02-14 10:27:31
PRODUCT_02937,COMP_0540,CHECKING_01,checking,Caixabank Empresas,caixa_emp,EUR,2026-03-17 17:08:53
PRODUCT_02938,COMP_0147,CHECKING_01,checking,Rabobank,rabobank,EUR,2024-10-19 09:41:57
PRODUCT_02939,COMP_0639,CHECKING_07,checking,Banco Sabadell T. sec - CAL Empresas,sabadell_emp_sec,EUR,2022-11-17 14:05:50
PRODUCT_02940,COMP_0275,CHECKING_02,checking,Other (customer-defined),custom,USD,2025-12-09 10:42:59
PRODUCT_02941,COMP_0444,CARD_06,card,Banco Sabadell Empresas,sabadell_emp,EUR,2026-03-13 12:08:09
PRODUCT_02943,COMP_0367,EXPENSESPLATFORM_01,expensesPlatform,Caixabank Empresas,caixa_emp,EUR,2026-05-29 06:46:57
PRODUCT_02944,COMP_0999,CHECKING_01,checking,Banco Santander Empresas,santander_emp,EUR,2025-04-29 12:36:12
PRODUCT_02945,COMP_0016,CHECKING_04,checking,Banco Santander,santander_emp,EUR,2026-03-03 12:06:45
PRODUCT_02946,COMP_0799,CHECKING_04,checking,Barclays Business,barclays_business,EUR,2026-01-26 12:53:40
PRODUCT_02948,COMP_0395,CHECKING_02,checking,Caixabank Empresas,caixa_emp,EUR,2025-01-06 15:06:45
PRODUCT_02950,COMP_0765,CHECKING_01,checking,Other (customer-defined),custom,USD,2024-12-19 07:59:00
PRODUCT_02951,COMP_0933,CHECKING_02,checking,HSBC Corporate,hsbccorporate,EUR,2026-02-10 17:49:56
PRODUCT_02952,COMP_0573,CHECKING_01,checking,Other (customer-defined),custom,INR,2024-03-15 10:28:37
PRODUCT_02954,COMP_1133,CHECKING_04,checking,Intesa Sanpaolo (Corporate),intesa_sanpaolo_corporate,EUR,2024-11-05 11:01:12
PRODUCT_02955,COMP_0629,CHECKING_01,checking,Citibank Empresas,citibank_emp_co,COP,2024-03-15 10:08:27
PRODUCT_02956,COMP_0292,CHECKING_13,checking,Other (customer-defined),custom,USD,2025-10-15 10:50:46
PRODUCT_02957,COMP_0961,CHECKING_01,checking,Payoneer - EU,payoneer,GBP,2024-11-13 09:20:17
PRODUCT_02959,COMP_0877,CHECKING_05,checking,RuralVia Empresas,ruralvia_emp,EUR,2025-10-01 15:22:30
PRODUCT_02961,COMP_0407,CHECKING_03,checking,BBVA Net Cash Empresas,bbva_emp,EUR,2025-10-17 10:10:14
PRODUCT_02962,COMP_0656,CHECKING_04,checking,ING,ing,EUR,2025-12-04 12:51:24
PRODUCT_02963,COMP_0571,CHECKING_01,checking,Banco Santander Empresas,santander_emp,EUR,2024-11-06 14:05:44
PRODUCT_02965,COMP_0713,CARD_11,card,Caixabank Empresas,caixa_emp,EUR,2025-03-24 15:08:03
PRODUCT_02966,COMP_0314,CHECKING_04,checking,Revolut EU,revolut_gb,GBP,2024-11-13 08:57:51
PRODUCT_02967,COMP_0993,INVESTMENT_01,investment,Banco Santander Empresas,santander_emp,EUR,2025-10-20 08:40:57
PRODUCT_02968,COMP_1275,CHECKING_01,checking,Abanca Empresas,abanca_emp,EUR,2026-01-16 10:54:50
PRODUCT_02969,COMP_0861,INVESTMENT_05,investment,Banco Santander Empresas,santander_emp,EUR,2025-10-20 08:40:57
PRODUCT_02970,COMP_0558,CHECKING_01,checking,Caixabank Empresas,caixa_emp,EUR,2026-04-22 15:19:31
PRODUCT_02972,COMP_0924,CHECKING_03,checking,Cajamar,cajamar,EUR,2024-10-24 08:31:14
PRODUCT_02973,COMP_0992,CHECKING_02,checking,Abanca Empresas,abanca_emp,EUR,2026-04-07 15:43:33
PRODUCT_02975,COMP_0141,CHECKING_02,checking,BPER Banca S.p.A,bper,EUR,2026-04-30 10:58:31
PRODUCT_02976,COMP_0576,CHECKING_02,checking,Bankinter Empresas,bankinter_emp,EUR,2026-07-21 11:15:55
PRODUCT_02977,COMP_0477,CHECKING_02,checking,Other (customer-defined),custom,USD,2026-04-09 22:50:26
PRODUCT_02978,COMP_0696,CHECKING_02,checking,Cajamar,cajamar,EUR,2026-03-16 09:54:41
PRODUCT_02979,COMP_0978,CHECKING_02,checking,Other (customer-defined),custom,EUR,2025-01-15 13:29:26
PRODUCT_02980,COMP_0628,CHECKING_02,checking,Banco BPM - Corporate,banco_bpm_corporate,EUR,2024-11-21 11:08:14
PRODUCT_02981,COMP_0304,INVESTMENT_01,investment,Banco Santander Empresas,santander_emp,EUR,2025-10-06 15:33:06
PRODUCT_02982,COMP_0580,CHECKING_02,checking,HSBC Corporate,hsbccorporate,USD,2026-04-09 13:19:21
PRODUCT_02983,COMP_0208,CHECKING_01,checking,HSBC Corporate,hsbccorporate,GBP,2026-03-19 12:44:58
PRODUCT_02988,COMP_0988,CARD_08,card,Caixabank Empresas,caixa_emp,EUR,2026-03-03 12:11:50
PRODUCT_02990,COMP_0262,CHECKING_06,checking,Other (customer-defined),custom,USD,2025-06-07 13:47:07
PRODUCT_02991,COMP_0034,CHECKING_07,checking,Banco Santander Empresas,santander_emp,EUR,2025-10-28 15:01:21
PRODUCT_02992,COMP_0292,CHECKING_14,checking,Other (customer-defined),custom,USD,2025-10-15 10:35:37
PRODUCT_02994,COMP_0936,CHECKING_02,checking,Banco Santander Empresas,santander_emp,EUR,2025-05-21 13:42:40
PRODUCT_02995,COMP_0016,CHECKING_05,checking,Crédit Agricole de Centre France,ca_centrefrance,EUR,2023-11-15 07:47:47
PRODUCT_02996,COMP_0034,CARD_01,card,Banco Sabadell T. sec - CAL Empresas,sabadell_emp_sec,EUR,2025-05-22 15:02:56
PRODUCT_02997,COMP_1060,CHECKING_06,checking,Banco Sabadell Empresas,sabadell_emp,EUR,2026-04-16 12:56:05
PRODUCT_02998,COMP_0292,CHECKING_15,checking,Other (customer-defined),custom,GHS,2025-10-15 13:37:47
PRODUCT_03002,COMP_1016,CARD_17,card,Caixabank Empresas,caixa_emp,EUR,2026-03-20 13:16:26
PRODUCT_03003,COMP_0995,CHECKING_04,checking,iberCaja,ibercaja,EUR,2025-03-07 12:28:42
PRODUCT_03004,COMP_0630,CHECKING_03,checking,Caixabank Empresas,caixa_emp,EUR,2026-02-13 10:38:01
PRODUCT_03005,COMP_0057,CHECKING_01,checking,Coast Capital Visa Desjardins,ins_133676,CAD,2026-03-18 11:11:01
PRODUCT_03006,COMP_0919,CHECKING_10,checking,Caixabank Empresas,caixa_emp,EUR,2025-11-03 10:43:56
PRODUCT_03007,COMP_0497,CHECKING_01,checking,Banco Santander Empresas,santander_emp,EUR,2026-03-25 11:18:19
PRODUCT_03008,COMP_0940,CHECKING_02,checking,Banco Santander Empresas,santander_emp,EUR,2025-04-04 10:39:46
PRODUCT_03009,COMP_1097,CHECKING_02,checking,Ebury GLOBAL,ebury,AED,2026-09-02 13:47:34
PRODUCT_03011,COMP_0025,CHECKING_02,checking,Other (customer-defined),custom,GBP,2025-09-16 09:55:52
PRODUCT_03013,COMP_0444,CHECKING_04,checking,BBVA Net Cash Empresas,bbva_emp,EUR,2026-03-12 11:17:20
PRODUCT_03015,COMP_1144,CHECKING_02,checking,Banco Santander Empresas,santander_emp,EUR,2026-03-18 09:33:32
PRODUCT_03016,COMP_0041,CHECKING_02,checking,Caixabank Empresas,caixa_emp,EUR,2026-03-10 13:13:24
PRODUCT_03017,COMP_0042,CHECKING_04,checking,Other (customer-defined),custom,USD,2024-05-22 11:36:29
PRODUCT_03018,COMP_0536,CHECKING_02,checking,Caixabank,caixa,EUR,2026-04-23 12:01:49
PRODUCT_03019,COMP_0038,CHECKING_07,checking,Banco Pichincha,pichincha,EUR,2026-05-26 08:05:33
PRODUCT_03023,COMP_1093,CHECKING_03,checking,Banca March,bancamarch,EUR,2025-03-06 16:11:24
PRODUCT_03025,COMP_0424,CHECKING_01,checking,BBVA Net Cash Empresas,bbva_emp,EUR,2025-02-14 11:07:24
PRODUCT_03026,COMP_0929,CHECKING_03,checking,Abanca Empresas,abanca_emp,EUR,2025-10-09 13:33:58
PRODUCT_03027,COMP_0678,CHECKING_01,checking,Banco Santander,santander_emp,EUR,2023-07-07 10:24:38
PRODUCT_03028,COMP_0203,CHECKING_03,checking,Embat Payments,embatpayments,EUR,2024-06-25 15:58:06
PRODUCT_03029,COMP_0436,CHECKING_02,checking,Caixabank Empresas,caixa_emp,EUR,2026-03-27 09:45:10
PRODUCT_03033,COMP_0837,CHECKING_11,checking,Bankinter,bankinter_emp,EUR,2026-02-13 08:25:29
PRODUCT_03035,COMP_0630,CHECKING_04,checking,Caixabank Empresas,caixa_emp,EUR,2026-02-13 10:38:01
PRODUCT_03036,COMP_0905,CHECKING_01,checking,Banco Santander Empresas,santander_emp,EUR,2024-10-18 11:05:51
PRODUCT_03039,COMP_0727,CHECKING_05,checking,TransferWise,transferwise_es,EUR,2025-12-11 14:52:27
PRODUCT_03040,COMP_1245,CHECKING_01,checking,Bankinter Empresas,bankinter_emp,EUR,2024-07-30 10:49:09
PRODUCT_03041,COMP_0643,CHECKING_02,checking,DNB,dnb,EUR,2026-04-09 13:31:20
PRODUCT_03042,COMP_0007,CHECKING_05,checking,iberCaja,ibercaja,USD,2026-03-11 08:02:34
PRODUCT_03043,COMP_0292,CHECKING_16,checking,Other (customer-defined),custom,EUR,2025-10-15 13:28:59
PRODUCT_03044,COMP_0584,CHECKING_03,checking,Banco Sabadell T. sec - CAL Empresas,sabadell_emp_sec,EUR,2025-10-14 11:30:16
PRODUCT_03045,COMP_0621,CHECKING_02,checking,Other (customer-defined),custom,EUR,2025-09-16 09:56:58
PRODUCT_03046,COMP_0383,CHECKING_04,checking,BBVA Net Cash Empresas,bbva_emp,EUR,2022-11-29 11:49:23
PRODUCT_03047,COMP_0347,CHECKING_02,checking,BBVA Net Cash Empresas,bbva_emp,EUR,2026-01-13 15:59:33
PRODUCT_03048,COMP_1018,CHECKING_01,checking,Other (customer-defined),custom,USD,2025-12-09 14:24:25
PRODUCT_03049,COMP_0136,CHECKING_01,checking,BBVA Net Cash Empresas,bbva_emp,EUR,2024-09-18 09:20:06
PRODUCT_03050,COMP_0604,CHECKING_04,checking,Bankinter Empresas,bankinter_emp,EUR,2024-10-23 12:01:21
PRODUCT_03051,COMP_1008,INVESTMENT_03,investment,Banca March,bancamarch,EUR,2026-04-30 09:46:42
PRODUCT_03052,COMP_1185,CHECKING_03,checking,BBVA,bbva_emp,EUR,2024-05-21 14:47:43
PRODUCT_03053,COMP_0100,CHECKING_04,checking,Deutsche Bank,deutschebank,EUR,2025-05-06 11:34:28
PRODUCT_03055,COMP_0505,INVESTMENT_01,investment,Banco Santander Empresas,santander_emp,EUR,2026-07-13 06:12:55
PRODUCT_03056,COMP_1171,CHECKING_04,checking,Caixabank Empresas,caixa_emp,EUR,2025-11-25 09:30:47
PRODUCT_03057,COMP_0889,CHECKING_01,checking,ABN AMRO Bank N.V.,abn-amro-nl,EUR,2026-03-30 11:19:37
PRODUCT_03058,COMP_0007,LINEOFCOMEX_02,lineofcomex,Laboral Kutxa Empresas,cajalaboral_emp,EUR,2026-03-18 09:22:31
PRODUCT_03060,COMP_0411,CHECKING_02,checking,RuralVia,ruralvia_emp,EUR,2024-03-01 08:49:59
PRODUCT_03061,COMP_0486,CHECKING_02,checking,Banco Santander Empresas,santander_emp_cl,EUR,2024-03-15 10:05:02
PRODUCT_03062,COMP_0395,CHECKING_03,checking,Caixabank Empresas,caixa_emp,EUR,2025-04-16 09:23:40
PRODUCT_03063,COMP_0028,CHECKING_01,checking,Paypal,paypal,USD,2024-02-19 15:32:43
PRODUCT_03064,COMP_0982,CARD_05,card,Caixabank Empresas,caixa_emp,EUR,2025-03-25 10:07:20
PRODUCT_03065,COMP_0123,CHECKING_03,checking,Banco Santander,santander_emp,EUR,2023-08-31 09:38:32
PRODUCT_03066,COMP_0697,CHECKING_02,checking,Credit Du Nord,credit-du-nord,EUR,2024-06-05 14:57:37
PRODUCT_03067,COMP_0183,RISK_05,risk,Other (customer-defined),custom,EUR,2026-03-17 17:19:36
PRODUCT_03068,COMP_1053,CHECKING_07,checking,Banco Sabadell Empresas,sabadell_emp,GBP,2026-07-08 09:17:39
PRODUCT_03069,COMP_1075,CHECKING_02,checking,Revolut EU,revolut,EUR,2026-01-26 11:08:17
PRODUCT_03074,COMP_0904,CHECKING_01,checking,Caixabank,caixa,EUR,2025-05-06 11:04:51
PRODUCT_03076,COMP_0022,CHECKING_01,checking,Banco Santander Empresas,santander_emp,EUR,2024-10-16 14:41:52
PRODUCT_03078,COMP_0031,CHECKING_02,checking,BBVA Net Cash Empresas,bbva_emp,EUR,2025-12-26 13:13:25
PRODUCT_03079,COMP_0505,INVESTMENT_02,investment,Banco Santander Empresas,santander_emp,EUR,2026-07-13 06:12:55
PRODUCT_03080,COMP_0685,CHECKING_02,checking,BBVA,bbva_emp,EUR,2024-03-11 12:54:01
PRODUCT_03081,COMP_0250,CHECKING_01,checking,Banco Santander Empresas,santander_emp,EUR,2024-10-16 14:52:36
PRODUCT_03083,COMP_0360,CHECKING_04,checking,Banco Sabadell Empresas,sabadell_emp,EUR,2026-04-16 14:14:51
PRODUCT_03084,COMP_0568,CHECKING_04,checking,Banca March,bancamarch,EUR,2025-03-12 11:59:57
PRODUCT_03085,COMP_0358,INVESTMENT_01,investment,Banco Santander Empresas,santander_emp,EUR,2025-10-06 15:33:06
PRODUCT_03086,COMP_0761,CHECKING_01,checking,Other (customer-defined),custom,USD,2025-09-26 08:00:01
PRODUCT_03087,COMP_0282,CHECKING_03,checking,Banco Santander,santander_emp,EUR,2024-02-19 09:13:27
PRODUCT_03088,COMP_0627,CHECKING_03,checking,Bankinter,bankinter_emp,EUR,2022-11-17 14:00:42
PRODUCT_03089,COMP_0892,CHECKING_01,checking,Banco Sabadell Empresas,sabadell_emp,EUR,2024-11-05 12:44:02
PRODUCT_03091,COMP_0255,CHECKING_01,checking,Banco Santander Empresas,santander_emp,EUR,2026-03-11 10:30:55
PRODUCT_03092,COMP_0343,CHECKING_04,checking,Bankinter Empresas,bankinter_emp,EUR,2025-10-17 06:56:26
PRODUCT_03093,COMP_0087,CHECKING_04,checking,Cajamar,cajamar,EUR,2025-03-18 08:45:22
PRODUCT_03094,COMP_0630,CARD_15,card,Caixabank Empresas,caixa_emp,EUR,2026-02-13 10:38:01
PRODUCT_03095,COMP_0391,CHECKING_03,checking,BBVA Net Cash Empresas,bbva_emp,EUR,2026-03-12 11:23:26
PRODUCT_03096,COMP_0808,CHECKING_02,checking,Other (customer-defined),custom,EUR,2024-12-13 09:10:25
PRODUCT_03097,COMP_0956,INVESTMENT_02,investment,Banco Sabadell Empresas,sabadell_emp,EUR,2026-04-29 11:25:16
PRODUCT_03098,COMP_1286,WALLET_02,wallet,Embat,embat,USD,2025-05-02 10:46:09
PRODUCT_03100,COMP_1161,CHECKING_03,checking,Banco Santander Empresas,santander_emp,USD,2026-04-08 14:49:21
PRODUCT_03101,COMP_0255,INVESTMENT_01,investment,Caixabank Empresas,caixa_emp,EUR,2026-03-11 14:59:23
PRODUCT_03102,COMP_1166,CHECKING_01,checking,Bank of America,ins_127989,USD,2025-02-20 15:24:22
PRODUCT_03103,COMP_0643,SAVING_01,saving,DNB,dnb,NOK,2026-04-09 13:31:20
PRODUCT_03104,COMP_0480,CHECKING_04,checking,BANCO COMERCIAL PORTUGUES SA,banco-comercial-portugues-sa,EUR,2024-06-27 09:51:43
PRODUCT_03105,COMP_0376,CHECKING_13,checking,Banco Sabadell Empresas,sabadell_emp,EUR,2025-09-16 11:04:53
PRODUCT_03106,COMP_0339,CHECKING_02,checking,HSBC Corporate GLOBAL,hsbc,GBP,2025-07-14 11:00:56
PRODUCT_03107,COMP_1049,CHECKING_04,checking,BBVA Net Cash Empresas,bbva_emp,EUR,2026-03-11 10:23:04
PRODUCT_03108,COMP_0781,CHECKING_01,checking,Other (customer-defined),custom,USD,2025-07-21 13:51:01
PRODUCT_03109,COMP_0040,CHECKING_05,checking,Banco Sabadell Empresas,sabadell_emp,EUR,2026-03-10 13:40:38
PRODUCT_03110,COMP_1272,CHECKING_06,checking,Qonto ,qonto,EUR,2026-03-12 14:27:39
PRODUCT_03111,COMP_0096,CHECKING_02,checking,Banco Santander Empresas,santander_emp,EUR,2025-04-04 10:39:46
PRODUCT_03112,COMP_0249,CHECKING_02,checking,Revolut EU,revolut_gb,EUR,2026-06-04 15:29:31
PRODUCT_03114,COMP_0511,CHECKING_02,checking,Bankinter Empresas,bankinter_emp,EUR,2024-11-05 08:16:42
PRODUCT_03116,COMP_0005,CHECKING_01,checking,iberCaja,ibercaja,EUR,2026-07-16 13:05:50
PRODUCT_03117,COMP_0270,WALLET_02,wallet,Embat,embat,USD,2025-08-04 06:47:18
PRODUCT_03120,COMP_0179,CHECKING_02,checking,Banco Santander,santander_emp,EUR,2024-06-21 14:10:44
PRODUCT_03121,COMP_0513,CHECKING_01,checking,Banco Sabadell T. sec - CAL Empresas,sabadell_emp_sec,EUR,2024-09-17 10:30:34
PRODUCT_03122,COMP_1152,CHECKING_03,checking,Banco Santander Empresas,santander_emp,EUR,2025-06-04 14:58:00
PRODUCT_03123,COMP_0169,CHECKING_02,checking,Banco Santander Empresas,santander_emp,EUR,2025-05-09 11:52:02
PRODUCT_03124,COMP_0262,CHECKING_07,checking,Other (customer-defined),custom,GBP,2025-05-25 18:37:01
PRODUCT_03125,COMP_1225,CHECKING_03,checking,Banco Santander Empresas,santander_emp,EUR,2026-06-23 09:42:43
PRODUCT_03126,COMP_0613,CHECKING_01,checking,Caixabank,caixa_emp,EUR,2023-05-29 08:16:36
PRODUCT_03127,COMP_0418,CHECKING_05,checking,Banco Santander Empresas,santander_emp,EUR,2026-04-08 13:49:56
PRODUCT_03128,COMP_0567,CHECKING_02,checking,Caixabank Empresas,caixa_emp,EUR,2026-04-16 11:23:40
PRODUCT_03129,COMP_0234,CARD_03,card,Banco Santander Empresas,santander_emp,EUR,2024-11-06 14:05:44
PRODUCT_03133,COMP_0909,CHECKING_08,checking,Banco Santander,santander_emp,EUR,2024-04-04 08:40:31
PRODUCT_03134,COMP_1272,CHECKING_07,checking,Caixabank Empresas,caixa_emp,EUR,2026-03-05 14:00:39
PRODUCT_03135,COMP_0890,CHECKING_01,checking,Caixabank,caixa_emp,EUR,2024-04-25 14:35:29
PRODUCT_03136,COMP_0817,CHECKING_03,checking,Caixabank Empresas,caixa_emp,EUR,2026-03-09 09:26:55
PRODUCT_03137,COMP_0012,CHECKING_01,checking,HSBC Corporate EU,hsbccorporate_eu,EUR,2025-10-21 09:05:05
PRODUCT_03138,COMP_0160,CARD_01,card,Bankinter Empresas,bankinter_emp,EUR,2025-02-10 11:04:54
PRODUCT_03139,COMP_0616,CARD_01,card,Caixabank,caixa_emp,EUR,2026-02-17 14:19:36
PRODUCT_03140,COMP_0524,CHECKING_07,checking,Banco Santander Empresas,santander_emp,EUR,2026-05-12 12:13:13
PRODUCT_03142,COMP_1018,CHECKING_02,checking,Other (customer-defined),custom,USD,2025-12-01 16:58:48
PRODUCT_03144,COMP_0252,CHECKING_20,checking,Vereinigte Volksbank Raiffeisenbank eG,volksbank-hunsrueck-nahe,CHF,2026-03-25 10:06:28
PRODUCT_03145,COMP_1212,CHECKING_02,checking,Stripe,stripe,EUR,2025-09-23 10:41:38
PRODUCT_03146,COMP_0575,CHECKING_02,checking,Banco Santander Empresas,santander_emp,EUR,2024-12-19 11:00:01
PRODUCT_03147,COMP_1085,CHECKING_03,checking,Adyen,adyen,AUD,2024-12-05 15:02:03
PRODUCT_03149,COMP_0294,CHECKING_01,checking,Caixabank Empresas,caixa_emp,EUR,2025-04-04 11:25:59
PRODUCT_03151,COMP_0243,CHECKING_03,checking,Caixabank Empresas,caixa_emp,EUR,2025-06-10 14:08:23
PRODUCT_03152,COMP_0487,CHECKING_02,checking,Banco de Bogotá,b_de_bogota_co,COP,2025-10-02 09:31:54
PRODUCT_03155,COMP_0915,CHECKING_03,checking,BBVA Net Cash Empresas,bbva_emp,USD,2025-03-20 12:48:39
PRODUCT_03156,COMP_1107,CHECKING_02,checking,Banco Santander Empresas,santander_emp,EUR,2025-03-17 16:57:43
PRODUCT_03157,COMP_0272,CARD_02,card,Caixabank Empresas,caixa_emp,EUR,2026-04-07 10:18:46
PRODUCT_03159,COMP_1253,CHECKING_01,checking,Caixabank Empresas,caixa_emp,EUR,2025-07-31 10:21:26
PRODUCT_03160,COMP_0042,CHECKING_05,checking,City National Bank,_city_nb,USD,2022-04-21 14:19:08
PRODUCT_03161,COMP_0025,CHECKING_03,checking,Other (customer-defined),custom,EUR,2025-09-16 09:26:44
PRODUCT_03163,COMP_1185,CHECKING_04,checking,Banco Sabadell,sabadell_emp,EUR,2024-05-21 13:46:18
PRODUCT_03164,COMP_0696,CHECKING_03,checking,Banco Santander,santander_emp,USD,2024-06-17 13:47:27
PRODUCT_03165,COMP_0909,INVESTMENT_03,investment,Other (customer-defined),custom,EUR,2025-09-02 09:24:25
PRODUCT_03166,COMP_0877,CHECKING_06,checking,BBVA Net Cash Empresas,bbva_emp,EUR,2025-09-24 16:24:56
PRODUCT_03167,COMP_0598,CHECKING_03,checking,Banca March,bancamarch,EUR,2025-03-06 16:11:24
PRODUCT_03168,COMP_0258,CHECKING_02,checking,Banco Santander,santander_emp,EUR,2024-04-25 10:11:38
PRODUCT_03169,COMP_0848,CHECKING_06,checking,Wells Fargo,ins_127991,USD,2025-01-29 16:34:47
PRODUCT_03170,COMP_1094,CHECKING_02,checking,Banco Santander,santander_emp,EUR,2024-07-05 05:43:31
PRODUCT_03171,COMP_0591,CHECKING_04,checking,Abanca Empresas,abanca_emp,USD,2026-04-07 15:38:34
PRODUCT_03172,COMP_0597,CHECKING_03,checking,iberCaja,ibercaja,EUR,2025-10-30 09:07:05
PRODUCT_03173,COMP_0931,CHECKING_02,checking,Payhawk,payhawk,USD,2024-10-01 08:40:51
PRODUCT_03175,COMP_0388,CHECKING_03,checking,Banco Santander,santander_emp,EUR,2024-02-19 09:13:27
PRODUCT_03177,COMP_0820,CHECKING_03,checking,RuralVia,ruralvia_emp,EUR,2024-03-01 08:51:45
PRODUCT_03181,COMP_1150,INVESTMENT_03,investment,Banca March,bancamarch,EUR,2025-03-10 10:38:43
PRODUCT_03183,COMP_0982,CARD_06,card,Caixabank Empresas,caixa_emp,EUR,2025-03-25 10:07:20
PRODUCT_03184,COMP_0126,CARD_04,card,Bankinter,bankinter_emp,EUR,2024-04-04 10:38:34
PRODUCT_03186,COMP_1038,INVESTMENT_06,investment,Other (customer-defined),custom,EUR,2026-05-28 19:09:47
PRODUCT_03188,COMP_0666,CHECKING_01,checking,Santander Rio Empresas,santander_rio_emp_ar,ARS,2024-11-25 11:58:11
PRODUCT_03190,COMP_0352,CHECKING_03,checking,BBVA Net Cash Empresas,bbva_emp,EUR,2026-06-23 09:11:09
PRODUCT_03191,COMP_0929,CHECKING_04,checking,Deutsche Bank Empresas,deutschebank_emp,EUR,2025-10-08 11:27:20
PRODUCT_03192,COMP_0101,CHECKING_05,checking,Banco Sabadell Empresas,sabadell_emp,EUR,2024-12-11 14:19:31
PRODUCT_03193,COMP_0466,CHECKING_05,checking,Banca March,bancamarch,EUR,2025-03-06 16:11:24
PRODUCT_03194,COMP_0473,CHECKING_02,checking,Abanca Empresas,abanca_emp,USD,2025-12-10 11:58:42
PRODUCT_03195,COMP_0921,CHECKING_01,checking,Wise,transferwise,USD,2026-01-26 12:50:48
PRODUCT_03196,COMP_1160,CHECKING_02,checking,BBVA,bbva_emp,EUR,2023-05-29 08:19:41
PRODUCT_03197,COMP_0051,CHECKING_01,checking,BBVA,bbva_emp,EUR,2026-01-08 08:13:33
PRODUCT_03200,COMP_0743,CHECKING_02,checking,Revolut,revolut,GBP,2025-10-20 08:22:45
PRODUCT_03201,COMP_0654,CHECKING_02,checking,Banco Sabadell Empresas,sabadell_emp,EUR,2026-03-17 15:17:16
PRODUCT_03203,COMP_1105,CHECKING_01,checking,Other (customer-defined),custom,CLP,2024-12-17 12:44:09
PRODUCT_03204,COMP_0756,CHECKING_03,checking,BBVA Net Cash Empresas,bbva_emp,EUR,2026-04-06 10:00:13
PRODUCT_03205,COMP_0523,CHECKING_02,checking,Le Credit Lyonnais Business,creditlyonnais-business,EUR,2026-03-03 13:58:22
PRODUCT_03206,COMP_0252,CHECKING_21,checking,Banking Circle GLOBAL,bc,NOK,2026-02-27 12:31:48
PRODUCT_03207,COMP_0797,CHECKING_11,checking,Banca March,bancamarch,EUR,2025-10-29 18:52:30
PRODUCT_03208,COMP_0692,CHECKING_05,checking,Revolut EU,revolut_gb,EUR,2024-12-11 12:45:20
PRODUCT_03209,COMP_0803,CARD_08,card,Bankinter,bankinter_emp,EUR,2023-10-23 10:52:36
PRODUCT_03210,COMP_0869,CHECKING_02,checking,HSBC Corporate EU,hsbccorporate_eu,USD,2025-08-14 07:58:42
PRODUCT_03212,COMP_0901,CHECKING_04,checking,BBVA,bbva_emp,EUR,2026-04-07 09:53:22
PRODUCT_03215,COMP_0495,CHECKING_05,checking,Bankinter Empresas,bankinter_emp,USD,2025-12-09 12:21:21
PRODUCT_03216,COMP_0346,CHECKING_04,checking,Banco Santander Empresas,santander_emp,EUR,2025-02-14 12:46:59
PRODUCT_03217,COMP_0203,CARD_07,card,Caixabank Empresas,caixa_emp,EUR,2025-09-12 12:25:20
PRODUCT_03218,COMP_0009,CARD_03,card,BBVA Net Cash Empresas,bbva_emp,EUR,2025-09-18 14:27:51
PRODUCT_03219,COMP_0504,CHECKING_02,checking,Caixabank Empresas,caixa_emp,EUR,2026-02-12 11:58:30
PRODUCT_03221,COMP_0797,CHECKING_12,checking,Banca March,bancamarch,EUR,2025-10-29 17:08:00
PRODUCT_03223,COMP_0491,CARD_05,card,Banco Santander Empresas,santander_emp,EUR,2024-09-24 11:51:59
PRODUCT_03225,COMP_0192,CHECKING_03,checking,Banco Santander Empresas,santander_emp,EUR,2026-03-17 16:50:28
PRODUCT_03226,COMP_0436,CHECKING_03,checking,Banco Sabadell T. sec - CAL Empresas,sabadell_emp_sec,EUR,2026-03-13 09:36:44
PRODUCT_03227,COMP_0454,CHECKING_01,checking,BBVA,bbva_emp,EUR,2024-06-21 11:01:48
PRODUCT_03228,COMP_0380,CHECKING_01,checking,Banco Santander Empresas,santander_emp,EUR,2025-03-06 07:51:54
PRODUCT_03229,COMP_1005,CHECKING_01,checking,Caixabank Empresas,caixa_emp,EUR,2025-05-22 15:02:40
PRODUCT_03230,COMP_0685,CARD_03,card,BBVA,bbva_emp,EUR,2024-03-11 12:54:01
PRODUCT_03231,COMP_0806,CHECKING_04,checking,Banco Santander Empresas,santander_emp,EUR,2025-08-25 09:19:30
PRODUCT_03232,COMP_0017,CHECKING_01,checking,Banco Santander Empresas,santander_emp,EUR,2025-05-16 09:01:59
PRODUCT_03233,COMP_1249,CHECKING_05,checking,Paypal,paypal,USD,2026-06-17 13:51:46
PRODUCT_03234,COMP_1249,CARD_01,card,Banco Santander Empresas,santander_emp,EUR,2026-07-17 07:30:30
PRODUCT_03235,COMP_0324,CHECKING_06,checking,Caixabank Empresas,caixa_emp,EUR,2026-04-20 12:45:09
PRODUCT_03236,COMP_0801,CARD_01,card,Caixabank Empresas,caixa_emp,EUR,2025-03-24 15:39:35
PRODUCT_03237,COMP_0406,CHECKING_03,checking,Caixabank Empresas,caixa_emp,USD,2026-03-27 10:42:41
PRODUCT_03238,COMP_1019,CHECKING_03,checking,Stripe,stripe,EUR,2026-03-19 12:19:17
PRODUCT_03239,COMP_0101,CARD_01,card,Banco Sabadell Empresas,sabadell_emp,EUR,2024-12-11 14:19:31
PRODUCT_03240,COMP_0710,CHECKING_02,checking,BBVA Net Cash Empresas,bbva_emp,EUR,2026-01-22 10:05:57
PRODUCT_03241,COMP_0008,CHECKING_03,checking,Banco Santander Empresas,santander_emp,USD,2026-01-13 09:31:31
PRODUCT_03244,COMP_0003,CHECKING_01,checking,Banco Santander Empresas,santander_emp,EUR,2026-06-23 09:42:43
PRODUCT_03245,COMP_0522,CHECKING_01,checking,Banco Santander,santander_emp,EUR,2024-04-23 09:54:46
PRODUCT_03246,COMP_1247,CHECKING_02,checking,Banco Santander Empresas,santander_emp,EUR,2025-04-04 10:39:46
PRODUCT_03248,COMP_1067,CHECKING_08,checking,Other (customer-defined),custom,AUD,2025-06-07 13:24:02
PRODUCT_03249,COMP_0651,CHECKING_05,checking,Caixabank Empresas,caixa_emp,EUR,2025-09-18 09:04:35
PRODUCT_03250,COMP_0982,CARD_07,card,Caixabank Empresas,caixa_emp,EUR,2025-03-25 10:07:20
PRODUCT_03251,COMP_1163,CHECKING_05,checking,Revolut EU,revolut,GBP,2024-11-13 08:50:23
PRODUCT_03252,COMP_0002,CHECKING_02,checking,CAIXA GERAL DE DEPOSITOS SA,caixa-geral-de-depositos,EUR,2024-10-22 08:22:37
PRODUCT_03257,COMP_0269,CHECKING_03,checking,Bankinter,bankinter,EUR,2025-06-24 09:20:01
PRODUCT_03258,COMP_1250,CHECKING_01,checking,Cajamar,cajamar,EUR,2025-03-18 08:45:22
PRODUCT_03259,COMP_0268,CHECKING_04,checking,Lloyds UK (Commercial),lloydscommercial_uk,EUR,2024-11-08 10:49:24
PRODUCT_03260,COMP_0214,CHECKING_01,checking,Banco Santander,santander_emp,EUR,2025-05-19 09:22:28
PRODUCT_03262,COMP_0686,CHECKING_02,checking,Banco Sabadell Empresas,sabadell_emp,EUR,2026-04-22 12:03:02
PRODUCT_03263,COMP_0803,CARD_09,card,Banco Sabadell,sabadell_emp,EUR,2023-10-23 10:48:13
PRODUCT_03264,COMP_1053,CHECKING_08,checking,Banco Sabadell Empresas,sabadell_emp,USD,2026-07-06 13:36:32
PRODUCT_03265,COMP_0635,CHECKING_02,checking,Banco Santander Empresas,santander_emp,EUR,2025-09-24 16:00:50
PRODUCT_03266,COMP_0984,CHECKING_01,checking,Other (customer-defined),custom,ILS,2025-04-04 10:03:46
PRODUCT_03267,COMP_0552,CHECKING_02,checking,Banco Sabadell,sabadell_emp,EUR,2024-05-21 15:04:31
PRODUCT_03268,COMP_0538,CARD_01,card,Banco Santander Empresas,santander_emp,EUR,2024-10-23 13:09:12
PRODUCT_03269,COMP_1139,CHECKING_03,checking,Caixabank,caixa_emp,EUR,2023-10-31 10:16:32
PRODUCT_03270,COMP_0658,CHECKING_01,checking,Other (customer-defined),custom,USD,2024-09-12 11:26:14
PRODUCT_03271,COMP_0338,CHECKING_01,checking,BBVA Net Cash Empresas,bbva_emp,EUR,2025-03-20 12:48:39
PRODUCT_03272,COMP_0856,CHECKING_06,checking,Citibank Empresas GLOBAL,citi,GBP,2025-11-11 15:20:31
PRODUCT_03274,COMP_0168,CHECKING_01,checking,HSBC Corporate GLOBAL,hsbc,MYR,2025-12-09 14:17:46
PRODUCT_03275,COMP_0437,CHECKING_02,checking,Bankinter Empresas,bankinter_emp,EUR,2025-10-15 09:17:24
PRODUCT_03276,COMP_0172,CHECKING_03,checking,Banco Sabadell,sabadell_emp,EUR,2024-07-12 12:15:36
PRODUCT_03277,COMP_0988,CARD_09,card,Caixabank Empresas,caixa_emp,EUR,2026-03-03 12:11:50
PRODUCT_03279,COMP_0138,CARD_02,card,BBVA,bbva_emp,EUR,2024-03-11 13:51:43
PRODUCT_03281,COMP_0082,CHECKING_05,checking,Banco Sabadell T. sec - CAL Empresas,sabadell_emp_sec,EUR,2025-05-22 14:36:58
PRODUCT_03282,COMP_0413,CHECKING_03,checking,Banco BPM S.p.A - Corporate,banco_bpm_corporate,EUR,2026-03-19 16:52:56
PRODUCT_03284,COMP_1178,CHECKING_02,checking,BBVA Net Cash Empresas,bbva_emp,EUR,2025-02-26 07:39:56
PRODUCT_03285,COMP_0212,CHECKING_02,checking,Banco Santander Empresas,santander_emp,USD,2025-09-19 12:33:37
PRODUCT_03286,COMP_0295,CARD_03,card,Caixabank,caixa,EUR,2026-04-14 08:26:45
PRODUCT_03289,COMP_0621,CHECKING_03,checking,Other (customer-defined),custom,GBP,2025-09-16 09:59:43
PRODUCT_03290,COMP_0601,CHECKING_03,checking,Banco Santander Empresas,santander_emp,EUR,2026-04-08 13:32:13
PRODUCT_03291,COMP_0604,CHECKING_05,checking,RuralVia Empresas,ruralvia_emp,EUR,2024-10-25 09:51:21
PRODUCT_03292,COMP_1046,CHECKING_02,checking,BBVA Net Cash Empresas,bbva_emp,EUR,2024-12-03 12:29:39
PRODUCT_03297,COMP_0210,CHECKING_01,checking,Bankinter Empresas,bankinter_emp,EUR,2025-10-14 11:10:43
PRODUCT_03298,COMP_0050,CHECKING_01,checking,Bank of America,ins_127989,USD,2025-11-03 12:16:49
PRODUCT_03299,COMP_0630,CHECKING_05,checking,Caixabank Empresas,caixa_emp,EUR,2026-02-13 10:38:01
PRODUCT_03300,COMP_0576,CHECKING_03,checking,Banco Sabadell Empresas,sabadell_emp,EUR,2026-06-23 09:31:39
PRODUCT_03301,COMP_0292,CHECKING_17,checking,Other (customer-defined),custom,GHS,2025-10-15 13:36:03
PRODUCT_03303,COMP_1096,CHECKING_02,checking,Other (customer-defined),custom,EUR,2024-06-05 14:38:48
PRODUCT_03304,COMP_1071,CHECKING_02,checking,Revolut EU,revolut_gb,EUR,2026-07-07 17:17:59
PRODUCT_03306,COMP_0659,CHECKING_01,checking,Bankinter,bankinter_emp,EUR,2024-03-11 11:59:54
PRODUCT_03307,COMP_0799,CHECKING_05,checking,Barclays Business,barclays_business,USD,2026-01-26 12:53:40
PRODUCT_03308,COMP_1071,CHECKING_03,checking,Wise,transferwise,USD,2026-01-22 15:39:31
PRODUCT_03309,COMP_0388,CHECKING_04,checking,Cajamar,cajamar,EUR,2025-02-17 08:11:24
PRODUCT_03310,COMP_0519,CHECKING_06,checking,Banco Sabadell,sabadell_emp,EUR,2025-08-20 07:54:48
PRODUCT_03311,COMP_0909,CHECKING_09,checking,CajaSur,cajasur,EUR,2025-01-29 10:28:11
PRODUCT_03312,COMP_0210,CHECKING_02,checking,Banco Sabadell T. sec - CAL Empresas,sabadell_emp_sec,EUR,2025-10-14 11:30:16
PRODUCT_03313,COMP_0560,CHECKING_06,checking,Banca March,bancamarch,EUR,2026-04-07 10:26:21
PRODUCT_03314,COMP_0806,CHECKING_05,checking,Revolut,revolut,USD,2025-09-04 10:32:04
PRODUCT_03315,COMP_0713,CARD_12,card,Caixabank Empresas,caixa_emp,EUR,2025-03-24 15:08:03
PRODUCT_03317,COMP_0220,CHECKING_02,checking,BBVA Net Cash Empresas,bbva_emp,EUR,2025-12-11 08:10:57
PRODUCT_03318,COMP_0873,CHECKING_02,checking,Banco Santander Empresas,santander_emp,EUR,2025-11-05 10:05:47
PRODUCT_03319,COMP_0231,CHECKING_02,checking,Kutxabank Empresas,kutxabank_emp,EUR,2026-01-08 11:19:51
PRODUCT_03320,COMP_0966,CHECKING_02,checking,Other (customer-defined),custom,BRL,2025-04-16 14:48:35
PRODUCT_03322,COMP_0135,CHECKING_01,checking,Silicon Valley Bank - SVB Go,ins_131932,USD,2024-01-03 09:15:29
PRODUCT_03323,COMP_0604,CHECKING_06,checking,Banco Santander Empresas,santander_emp,EUR,2024-10-23 11:47:27
PRODUCT_03324,COMP_0644,CHECKING_01,checking,Caixabank Empresas,caixa_emp,EUR,2026-03-03 12:33:17
PRODUCT_03325,COMP_0935,CHECKING_01,checking,BBVA Net Cash Empresas,bbva_emp,EUR,2026-03-15 14:04:16
PRODUCT_03326,COMP_0537,CHECKING_01,checking,Banco Sabadell T. sec - CAL Empresas,sabadell_emp_sec,EUR,2025-09-18 10:41:47
PRODUCT_03327,COMP_0375,CHECKING_01,checking,Banco Sabadell Empresas,sabadell_emp,EUR,2025-09-24 07:28:17
PRODUCT_03328,COMP_0053,CHECKING_01,checking,Banco Santander Empresas,santander_emp,EUR,2026-04-27 10:23:14
PRODUCT_03330,COMP_0407,CARD_01,card,Abanca Empresas,abanca_emp,EUR,2025-10-09 12:15:36
PRODUCT_03331,COMP_0912,CARD_01,card,Banco Santander Empresas,santander_emp,EUR,2026-03-27 09:28:26
PRODUCT_03332,COMP_0916,CHECKING_03,checking,Other (customer-defined),custom,PLN,2024-04-24 15:13:52
PRODUCT_03333,COMP_1036,CHECKING_07,checking,Banco Santander Empresas,santander_emp,EUR,2026-07-13 10:26:13
PRODUCT_03334,COMP_0961,CHECKING_02,checking,Payoneer - EU,payoneer,USD,2024-11-13 09:20:17
PRODUCT_03335,COMP_0138,CHECKING_02,checking,Bankinter,bankinter_emp,EUR,2024-03-11 11:58:24
PRODUCT_03336,COMP_1044,CHECKING_05,checking,NOVO BANCO SA,novo-banco-sa,EUR,2026-04-15 10:48:26
PRODUCT_03338,COMP_1210,CHECKING_01,checking,Bankinter,bankinter_emp,EUR,2023-11-08 14:30:13
PRODUCT_03339,COMP_0460,CHECKING_04,checking,Barclays Business,barclays_business,GBP,2023-08-23 09:32:43
PRODUCT_03340,COMP_0469,CHECKING_02,checking,Other (customer-defined),custom,USD,2025-11-27 11:11:42
PRODUCT_03341,COMP_0983,CHECKING_05,checking,Stripe,stripe,EUR,2024-05-28 10:14:46
PRODUCT_03343,COMP_0958,CHECKING_02,checking,Banco Santander Empresas,santander_emp,EUR,2025-03-06 15:44:00
PRODUCT_03344,COMP_0768,CHECKING_02,checking,Banco Santander Empresas,santander_emp,EUR,2025-09-24 16:06:12
PRODUCT_03345,COMP_0579,CHECKING_01,checking,Other (customer-defined),custom,GBP,2024-06-05 14:45:45
PRODUCT_03346,COMP_0460,CHECKING_05,checking,TransferWise,transferwise,USD,2023-08-29 14:22:04
PRODUCT_03347,COMP_0630,CARD_16,card,Caixabank Empresas,caixa_emp,EUR,2026-02-13 10:38:01
PRODUCT_03349,COMP_0924,CHECKING_04,checking,Abanca Empresas,abanca_emp,EUR,2024-10-17 15:35:43
PRODUCT_03350,COMP_0745,CHECKING_02,checking,Bankinter Empresas,bankinter_emp,EUR,2026-02-25 16:20:46
PRODUCT_03351,COMP_0604,INVESTMENT_03,investment,RuralVia Empresas,ruralvia_emp,EUR,2024-10-25 09:51:21
PRODUCT_03352,COMP_0417,CHECKING_01,checking,iberCaja,ibercaja,EUR,2026-07-16 13:10:37
PRODUCT_03353,COMP_0203,CARD_08,card,Caixabank,caixa_emp,EUR,2023-09-14 10:20:02
PRODUCT_03354,COMP_0267,CHECKING_01,checking,Caixabank,caixa_emp,EUR,2023-07-26 10:07:12
PRODUCT_03356,COMP_0792,CHECKING_05,checking,Bankinter,bankinter_emp,EUR,2023-04-27 12:37:07
PRODUCT_03357,COMP_0254,CHECKING_01,checking,Banco Santander,santander_emp,EUR,2023-05-29 08:06:08
PRODUCT_03358,COMP_1162,CHECKING_04,checking,Banca March,bancamarch,USD,2023-08-23 09:11:31
PRODUCT_03359,COMP_0331,CHECKING_01,checking,Banco Santander,santander_emp,EUR,2023-07-03 11:04:53
PRODUCT_03360,COMP_0460,CHECKING_06,checking,TransferWise,transferwise,GBP,2023-08-29 14:22:04
PRODUCT_03361,COMP_0481,CHECKING_02,checking,Alpha Bank,alphabank,EUR,2025-10-21 11:00:55
PRODUCT_03362,COMP_0387,CHECKING_04,checking,Abanca Empresas,abanca_emp,EUR,2025-02-14 12:25:35
PRODUCT_03365,COMP_0653,CHECKING_02,checking,BBVA Net Cash Empresas,bbva_emp,EUR,2025-06-18 08:34:43
PRODUCT_03366,COMP_1251,CHECKING_02,checking,Banco Santander Empresas,santander_emp,USD,2025-04-04 10:39:46
PRODUCT_03368,COMP_1083,CHECKING_03,checking,Other (customer-defined),custom,PLN,2025-09-26 07:58:37
PRODUCT_03369,COMP_0444,CARD_07,card,Banco Sabadell Empresas,sabadell_emp,EUR,2026-03-13 12:08:09
PRODUCT_03370,COMP_0307,CHECKING_01,checking,Intesa Sanpaolo S.p.A,intesa_sanpaolo_corporate,EUR,2024-06-26 13:46:01
PRODUCT_03371,COMP_0504,CHECKING_03,checking,Banco Santander Empresas,santander_emp,EUR,2024-09-03 09:30:55
PRODUCT_03372,COMP_0926,CHECKING_04,checking,Banco Santander Empresas,santander_emp,EUR,2025-04-04 11:45:23
PRODUCT_03373,COMP_0445,CHECKING_03,checking,Lloyds Commercial EU,lloydscommercial_eu,GBP,2026-04-20 10:03:09
PRODUCT_03374,COMP_1044,CHECKING_06,checking,NOVO BANCO SA,novo-banco-sa,EUR,2026-04-15 10:48:26
PRODUCT_03376,COMP_0577,CHECKING_01,checking,Banco Sabadell T. sec - CAL Empresas,sabadell_emp_sec,EUR,2025-05-22 14:36:58
PRODUCT_03377,COMP_0351,CARD_04,card,iberCaja,ibercaja,EUR,2026-07-07 11:08:27
PRODUCT_03378,COMP_0956,CARD_13,card,Caixabank Empresas,caixa_emp,EUR,2026-04-29 14:49:43
PRODUCT_03379,COMP_0132,CARD_01,card,BBVA Net Cash Empresas,bbva_emp,EUR,2026-04-06 16:41:38
PRODUCT_03380,COMP_0228,CHECKING_03,checking,Banco Sabadell Empresas,sabadell_emp,EUR,2026-05-29 09:23:08
PRODUCT_03381,COMP_0783,CHECKING_02,checking,Payhawk,payhawk,GBP,2026-03-03 10:50:00
PRODUCT_03382,COMP_0234,CARD_04,card,Banco Santander Empresas,santander_emp,EUR,2024-11-06 14:05:44
PRODUCT_03383,COMP_0779,CHECKING_01,checking,Other (customer-defined),custom,EUR,2025-01-16 14:56:13
PRODUCT_03385,COMP_1080,CHECKING_01,checking,Caixabank Empresas,caixa_emp,EUR,2026-04-28 15:14:54
PRODUCT_03386,COMP_0790,CHECKING_02,checking,UniCredit eBanking Global by HypoVereinsbank - UniCredit Bank AG,unicreditbusiness_de,EUR,2026-07-17 11:54:06
PRODUCT_03388,COMP_0300,CHECKING_02,checking,Banco Santander Empresas,santander_emp,EUR,2026-02-17 10:07:45
PRODUCT_03390,COMP_0981,CHECKING_01,checking,BANCO BPI SA,banco-bpi-sa,EUR,2023-10-09 15:33:14
PRODUCT_03391,COMP_0456,CARD_02,card,BBVA Net Cash Empresas,bbva_emp,EUR,2025-09-25 09:51:02
PRODUCT_03392,COMP_0780,CHECKING_02,checking,Abanca Empresas,abanca_emp,EUR,2024-10-16 14:34:09
PRODUCT_03394,COMP_1203,CHECKING_05,checking,Revolut EU,revolut_gb,GBP,2026-06-23 13:50:11
PRODUCT_03395,COMP_0090,CHECKING_01,checking,Banca March,bancamarch,EUR,2024-09-27 08:23:13
PRODUCT_03396,COMP_1233,INVESTMENT_01,investment,CAIXA GERAL DE DEPOSITOS SA,caixa-geral-de-depositos,EUR,2025-02-19 11:50:16
PRODUCT_03398,COMP_1242,CHECKING_01,checking,BNP Paribas - Fortis Corporate,fortis-corporate_be,EUR,2026-03-03 10:32:21
PRODUCT_03399,COMP_1134,CHECKING_01,checking,Caixabank,caixa_emp,EUR,2024-03-11 12:06:17
PRODUCT_03400,COMP_0439,CHECKING_03,checking,Banco Santander Empresas,santander_emp,EUR,2026-03-03 12:26:13
PRODUCT_03401,COMP_0246,CHECKING_05,checking,Banco Sabadell Empresas,sabadell_emp,EUR,2024-01-15 10:15:34
PRODUCT_03402,COMP_0243,CHECKING_04,checking,Banco Santander Empresas,santander_emp,EUR,2025-06-10 14:15:40
PRODUCT_03403,COMP_0495,CARD_05,card,Caixabank Empresas,caixa_emp,EUR,2025-12-11 08:58:24
PRODUCT_03404,COMP_0253,CHECKING_02,checking,Paypal,paypal,EUR,2024-11-20 11:42:20
PRODUCT_03405,COMP_0101,CHECKING_06,checking,Banco Sabadell Empresas,sabadell_emp,USD,2024-12-11 14:19:31
PRODUCT_03407,COMP_0849,WALLET_01,wallet,Embat,embat,EUR,2026-09-07 09:31:53
PRODUCT_03408,COMP_0351,CHECKING_08,checking,Banca March,bancamarch,EUR,2026-07-14 07:49:44
PRODUCT_03409,COMP_0631,CHECKING_01,checking,Banco Santander Empresas,santander_emp,EUR,2025-05-04 17:56:58
PRODUCT_03410,COMP_0367,CHECKING_01,checking,Caixabank,caixa_emp,EUR,2024-02-19 10:21:09
PRODUCT_03411,COMP_0236,CHECKING_03,checking,ING,ing,CHF,2026-04-27 12:08:01
PRODUCT_03413,COMP_0773,CHECKING_09,checking,BBVA,bbva_emp,EUR,2024-06-21 10:58:14
PRODUCT_03414,COMP_0447,CHECKING_04,checking,Banca March,bancamarch,USD,2026-02-17 09:27:31
PRODUCT_03415,COMP_0519,CHECKING_07,checking,Bankinter,bankinter_emp,USD,2024-01-08 15:25:14
PRODUCT_03416,COMP_0877,CHECKING_07,checking,CajaSur Empresas,cajasur_emp,EUR,2025-09-24 16:34:10
PRODUCT_03419,COMP_0269,CHECKING_04,checking,BANCO SANTANDER TOTTA SA,banco-santander-totta-sa,GBP,2025-03-31 15:44:30
PRODUCT_03420,COMP_0715,CHECKING_01,checking,BNL Corporate,banca_bnl_corporate,EUR,2025-09-04 10:23:31
PRODUCT_03421,COMP_0169,CHECKING_03,checking,Abanca Empresas,abanca_emp,EUR,2025-05-07 09:33:56
PRODUCT_03422,COMP_0047,INVESTMENT_04,investment,Cajamar,cajamar,EUR,2025-09-09 12:38:23
PRODUCT_03424,COMP_1248,CHECKING_02,checking,Payhawk,payhawk,EUR,2026-02-16 11:46:48
PRODUCT_03428,COMP_0803,CHECKING_04,checking,Banco Pichincha,pichincha,EUR,2025-07-07 06:13:38
PRODUCT_03429,COMP_0228,TPV_02,tpv,Redsys,redsys,EUR,2025-09-22 13:25:56
PRODUCT_03430,COMP_0183,CHECKING_01,checking,BBVA Net Cash Empresas,bbva_emp,EUR,2025-11-26 07:47:00
PRODUCT_03432,COMP_0418,CHECKING_06,checking,Banco Santander,santander_emp,EUR,2026-03-03 07:37:39
PRODUCT_03433,COMP_0282,EXPENSESPLATFORM_05,expensesPlatform,Caixabank,caixa_emp,EUR,2024-02-19 10:45:26
PRODUCT_03434,COMP_1190,CHECKING_01,checking,HSBC Corporate,hsbccorporate,GBP,2026-03-06 12:44:24
PRODUCT_03435,COMP_0420,CHECKING_05,checking,Caixabank Empresas,caixa_emp,EUR,2026-04-07 16:14:45
PRODUCT_03437,COMP_1194,CHECKING_03,checking,Banco BPM S.p.A - Corporate,banco_bpm_corporate,EUR,2025-11-05 14:58:29
PRODUCT_03438,COMP_0772,CHECKING_02,checking,Caixabank Empresas,caixa_emp,EUR,2025-03-24 16:16:40
PRODUCT_03439,COMP_1216,CHECKING_06,checking,Banco Santander Empresas,santander_emp,EUR,2025-09-24 16:06:12
PRODUCT_03443,COMP_0790,CHECKING_03,checking,UniCredit eBanking Global by HypoVereinsbank - UniCredit Bank AG,unicreditbusiness_de,EUR,2026-07-03 11:38:11
PRODUCT_03444,COMP_1016,CARD_18,card,Caixabank Empresas,caixa_emp,EUR,2026-03-20 13:16:26
PRODUCT_03445,COMP_0743,INVESTMENT_01,investment,BBVA Net Cash Empresas,bbva_emp,EUR,2025-09-29 08:36:30
PRODUCT_03446,COMP_1047,CHECKING_01,checking,iberCaja,ibercaja,EUR,2026-07-23 09:34:54
PRODUCT_03448,COMP_1022,CHECKING_01,checking,Banco Santander Empresas,santander_emp_mx,MXN,2024-11-04 14:31:20
PRODUCT_03450,COMP_0691,CHECKING_02,checking,UniCredit eBanking Global by HypoVereinsbank - UniCredit Bank AG,unicreditbusiness_de,EUR,2026-07-16 11:25:55
PRODUCT_03451,COMP_0441,CHECKING_02,checking,Banco Santander Empresas,santander_emp,EUR,2025-04-04 10:39:46
PRODUCT_03452,COMP_0234,CARD_05,card,Banco Santander Empresas,santander_emp,EUR,2024-11-06 14:05:44
PRODUCT_03454,COMP_0415,CARD_01,card,BBVA Net Cash Empresas,bbva_emp,EUR,2026-06-09 07:45:40
PRODUCT_03455,COMP_0337,CHECKING_01,checking,Caixabank Empresas,caixa_emp,EUR,2024-07-30 11:53:28
PRODUCT_03456,COMP_0786,CHECKING_02,checking,Caixabank,caixa_emp,EUR,2024-07-05 05:52:34
PRODUCT_03457,COMP_0231,CHECKING_03,checking,BBVA Net Cash Empresas,bbva_emp,EUR,2024-12-11 11:59:40
PRODUCT_03459,COMP_0897,CHECKING_03,checking,Banco Sabadell Empresas,sabadell_emp,EUR,2026-04-17 08:54:04
PRODUCT_03460,COMP_0161,CHECKING_02,checking,Banco Santander Empresas,santander_emp,EUR,2024-12-19 11:00:01
PRODUCT_03462,COMP_1091,CHECKING_03,checking,BBVA Net Cash Empresas,bbva_emp,EUR,2025-03-18 10:23:32
PRODUCT_03463,COMP_0411,CHECKING_03,checking,RuralVia,ruralvia_emp,EUR,2024-03-01 08:49:59
PRODUCT_03464,COMP_0696,CHECKING_04,checking,Banco Santander,santander_emp,EUR,2024-06-17 13:47:27
PRODUCT_03465,COMP_0094,CHECKING_05,checking,Deutsche Bank,deutschebank_emp,EUR,2023-12-05 09:57:29
PRODUCT_03466,COMP_1034,CHECKING_01,checking,Caixabank Empresas,caixa_emp,EUR,2026-03-31 07:03:23
PRODUCT_03467,COMP_0278,CHECKING_03,checking,Crédit Agricole Val De France,ca_valdefrance,EUR,2023-10-20 10:38:34
PRODUCT_03468,COMP_0837,CHECKING_12,checking,Bankinter,bankinter_emp,EUR,2024-06-12 06:17:58
PRODUCT_03469,COMP_1282,CHECKING_04,checking,BBVA,bbva_emp,EUR,2024-02-09 09:29:22
PRODUCT_03471,COMP_0768,CHECKING_03,checking,Banco Santander Empresas,santander_emp,EUR,2025-09-24 16:06:12
PRODUCT_03472,COMP_0666,INVESTMENT_02,investment,Santander Rio Empresas,santander_rio_emp_ar,ARS,2026-04-10 15:09:32
PRODUCT_03475,COMP_0635,CHECKING_03,checking,BBVA Net Cash Empresas,bbva_emp,EUR,2025-09-24 16:24:56
PRODUCT_03477,COMP_1278,CHECKING_01,checking,Banco Santander Empresas,santander_emp,EUR,2025-05-14 08:07:26
PRODUCT_03478,COMP_0786,CARD_05,card,Caixabank,caixa_emp,EUR,2026-02-17 14:19:36
PRODUCT_03479,COMP_0924,CARD_02,card,RuralVia Empresas,ruralvia_emp,EUR,2024-10-25 10:12:04
PRODUCT_03480,COMP_0549,CHECKING_01,checking,Cajamar,cajamar,EUR,2024-11-18 12:50:53
PRODUCT_03481,COMP_0837,CHECKING_13,checking,Bankinter,bankinter_emp,EUR,2026-02-13 08:25:29
PRODUCT_03482,COMP_1025,CARD_03,card,Banco Santander Empresas,santander_emp,EUR,2026-02-18 14:39:18
PRODUCT_03483,COMP_1190,CHECKING_02,checking,HSBC Corporate,hsbccorporate,USD,2026-03-06 12:44:24
PRODUCT_03484,COMP_0134,CHECKING_01,checking,UniCredit eBanking Global by HypoVereinsbank - UniCredit Bank AG,unicreditbusiness_de,EUR,2025-09-16 13:26:45
PRODUCT_03485,COMP_1197,CHECKING_03,checking,Banco Santander Empresas,santander_emp,EUR,2025-04-04 12:08:29
PRODUCT_03488,COMP_1060,CHECKING_07,checking,Cajamar,cajamar,EUR,2026-05-06 11:34:20
PRODUCT_03489,COMP_1053,CHECKING_09,checking,Bankinter Empresas,bankinter_emp,EUR,2026-07-06 14:21:48
PRODUCT_03490,COMP_0522,CHECKING_02,checking,BBVA,bbva_emp,EUR,2024-04-19 09:44:41
PRODUCT_03491,COMP_1012,CARD_03,card,Banco Santander Empresas,santander_emp,EUR,2026-02-18 14:39:18
PRODUCT_03492,COMP_0135,CHECKING_02,checking,Brex,ins_127888,USD,2025-03-11 09:31:49
PRODUCT_03493,COMP_1006,INVESTMENT_02,investment,Banco Sabadell,sabadell_emp,EUR,2024-02-15 14:22:49
PRODUCT_03495,COMP_0569,CARD_01,card,BBVA Net Cash Empresas,bbva_emp,EUR,2024-11-12 10:53:49
PRODUCT_03496,COMP_0001,CHECKING_01,checking,iberCaja,ibercaja,EUR,2026-03-12 09:31:53
PRODUCT_03499,COMP_0982,CHECKING_03,checking,iberCaja,ibercaja,EUR,2025-03-25 10:20:25
PRODUCT_03500,COMP_0271,CHECKING_09,checking,Banco Santander Empresas,santander_emp,EUR,2026-04-20 10:19:29
PRODUCT_03501,COMP_0047,CHECKING_03,checking,Banco Santander Empresas,santander_emp,EUR,2025-09-24 10:14:49
PRODUCT_03502,COMP_0058,CARD_01,card,BBVA Net Cash Empresas,bbva_emp,EUR,2026-04-06 15:55:12
PRODUCT_03503,COMP_1058,CHECKING_02,checking,Bankinter Empresas,bankinter_emp,EUR,2025-12-11 08:25:04
PRODUCT_03505,COMP_0302,CHECKING_01,checking,KBC Brussels Belgium,kbcbrussels_belgium,GBP,2026-09-10 15:13:48
PRODUCT_03507,COMP_0250,CHECKING_02,checking,Abanca Empresas,abanca_emp,EUR,2024-10-16 14:58:30
PRODUCT_03508,COMP_0928,CHECKING_06,checking,Bankinter Empresas,bankinter_emp,EUR,2025-07-29 11:35:41
PRODUCT_03510,COMP_0020,CHECKING_04,checking,Caixabank Empresas,caixa_emp,EUR,2026-04-28 15:10:57
PRODUCT_03512,COMP_0545,CHECKING_03,checking,Bankinter,bankinter_emp,EUR,2023-11-07 17:07:28
PRODUCT_03513,COMP_0497,CHECKING_02,checking,BBVA Net Cash Empresas,bbva_emp,EUR,2026-03-24 15:02:17
PRODUCT_03514,COMP_0888,CHECKING_01,checking,Banco Sabadell T. sec - CAL Empresas,sabadell_emp_sec,EUR,2024-09-18 08:44:12
PRODUCT_03515,COMP_0049,CARD_02,card,Caixabank Empresas,caixa_emp,EUR,2025-11-14 15:28:30
PRODUCT_03516,COMP_0291,CHECKING_02,checking,Abanca Empresas,abanca_emp,EUR,2026-04-14 16:05:13
PRODUCT_03519,COMP_0139,CHECKING_04,checking,Banco Sabadell Empresas,sabadell_emp,EUR,2025-04-04 11:18:24
PRODUCT_03520,COMP_0385,CHECKING_07,checking,BBVA Net Cash Empresas,bbva_emp,USD,2025-07-15 14:00:35
PRODUCT_03521,COMP_1042,CHECKING_02,checking,BBVA Net Cash Empresas,bbva_emp,EUR,2024-08-22 09:45:33
PRODUCT_03522,COMP_1024,CHECKING_03,checking,RuralVia Empresas,ruralvia_emp,EUR,2025-10-20 13:14:59
PRODUCT_03523,COMP_0832,CHECKING_07,checking,Revolut,revolut,USD,2024-12-13 08:38:24
PRODUCT_03524,COMP_1068,CARD_02,card,Banco Santander,santander,EUR,2026-02-10 12:25:27
PRODUCT_03525,COMP_0698,CHECKING_01,checking,BBVA Net Cash Empresas,bbva_emp,EUR,2026-05-12 13:46:21
PRODUCT_03526,COMP_0893,CHECKING_03,checking,Bankinter Empresas,bankinter_emp,EUR,2026-02-26 17:12:04
PRODUCT_03527,COMP_0843,CHECKING_04,checking,BBVA,bbva_emp,EUR,2024-02-09 09:29:22
PRODUCT_03529,COMP_0919,CHECKING_11,checking,Banco Santander Empresas,santander_emp,EUR,2025-11-03 10:37:28
PRODUCT_03530,COMP_0177,CHECKING_02,checking,Abanca Empresas,abanca_emp,USD,2025-12-10 11:22:04
PRODUCT_03531,COMP_0864,CHECKING_04,checking,Paypal,paypal,USD,2024-02-16 12:15:03
PRODUCT_03532,COMP_0241,CHECKING_04,checking,Commerzbank AG,commerzbank,EUR,2024-01-30 08:50:10
PRODUCT_03533,COMP_1248,CHECKING_03,checking,Payhawk,payhawk,EUR,2026-02-16 11:42:44
PRODUCT_03535,COMP_0713,CHECKING_04,checking,Banco Sabadell T. sec - CAL Empresas,sabadell_emp_sec,EUR,2025-03-24 12:42:26
PRODUCT_03536,COMP_0277,CARD_04,card,Caixabank Empresas,caixa_emp,EUR,2026-03-03 12:23:51
PRODUCT_03537,COMP_1157,CHECKING_02,checking,Caixabank Empresas,caixa_emp,EUR,2026-06-25 11:07:33
PRODUCT_03539,COMP_0253,CHECKING_03,checking,Banco Sabadell T. sec - CAL Empresas,sabadell_emp_sec,EUR,2024-02-16 10:35:15
PRODUCT_03540,COMP_0568,CHECKING_05,checking,Banco Santander Empresas,santander_emp,EUR,2025-03-12 11:54:00
PRODUCT_03541,COMP_0773,CHECKING_10,checking,Banco Santander,santander_emp,EUR,2024-06-26 10:15:15
PRODUCT_03544,COMP_1187,CHECKING_09,checking,Banking Circle GLOBAL,bc,GBP,2026-02-06 11:20:58
PRODUCT_03545,COMP_0009,CARD_04,card,BBVA Net Cash Empresas,bbva_emp,EUR,2025-09-18 14:27:51
PRODUCT_03548,COMP_0909,CHECKING_10,checking,Banco Santander,santander_emp,USD,2026-03-30 08:18:02
PRODUCT_03550,COMP_0377,CHECKING_02,checking,Revolut EU,revolut,GBP,2025-12-10 20:05:13
PRODUCT_03552,COMP_1260,CHECKING_04,checking,BBVA Net Cash Empresas,bbva_emp,EUR,2026-03-05 10:03:18
PRODUCT_03553,COMP_0904,CHECKING_02,checking,Bankinter,bankinter,EUR,2025-05-21 08:20:49
PRODUCT_03554,COMP_0515,CHECKING_10,checking,Banco Santander Empresas,santander_emp,EUR,2026-01-13 16:31:37
PRODUCT_03555,COMP_1152,CHECKING_04,checking,Banco Santander Empresas,santander_emp,EUR,2025-06-04 14:58:00
PRODUCT_03556,COMP_0271,CHECKING_10,checking,Caixabank Empresas,caixa_emp,USD,2026-04-20 11:10:04
PRODUCT_03558,COMP_0507,CHECKING_01,checking,Banco Sabadell T. sec - CAL Empresas,sabadell_emp_sec,EUR,2025-03-25 11:38:17
PRODUCT_03559,COMP_0416,CARD_01,card,Caixabank Empresas,caixa_emp,EUR,2025-12-30 10:17:31
PRODUCT_03560,COMP_1016,CHECKING_02,checking,Caixabank Empresas,caixa_emp,EUR,2026-03-20 13:16:26
PRODUCT_03562,COMP_0851,CHECKING_02,checking,Other (customer-defined),custom,SGD,2025-10-27 18:18:52
PRODUCT_03563,COMP_0944,CHECKING_01,checking,BBVA Net Cash Empresas,bbva_emp,EUR,2026-03-11 10:48:16
PRODUCT_03565,COMP_0754,CHECKING_04,checking,Barclays Corporate,barclays_corporate,EUR,2025-06-12 09:20:35
PRODUCT_03568,COMP_1035,CARD_03,card,Caixabank Empresas,caixa_emp,EUR,2026-07-14 18:45:14
PRODUCT_03569,COMP_0680,CHECKING_04,checking,Deutsche Bank AG,deutschebank-pfb_de,EUR,2026-02-06 13:28:26
PRODUCT_03570,COMP_0252,CHECKING_22,checking,Banking Circle GLOBAL,bc,CHF,2026-07-28 13:40:38
PRODUCT_03571,COMP_0132,CHECKING_02,checking,Caixabank Empresas,caixa_emp,EUR,2026-04-07 16:31:56
PRODUCT_03572,COMP_0592,CHECKING_02,checking,Abanca Empresas,abanca_emp,USD,2025-12-10 12:02:28
PRODUCT_03574,COMP_0827,CHECKING_03,checking,Banco Sabadell Empresas,sabadell_emp,EUR,2022-11-29 10:08:17
PRODUCT_03575,COMP_0786,CARD_06,card,Caixabank,caixa_emp,EUR,2026-02-17 14:19:36
PRODUCT_03578,COMP_1212,CHECKING_03,checking,Other (customer-defined),custom,EUR,2025-06-13 10:35:41
PRODUCT_03579,COMP_1149,CHECKING_02,checking,Bankinter Empresas,bankinter_emp,EUR,2025-09-11 10:28:47
PRODUCT_03580,COMP_0119,CARD_04,card,Caixabank Empresas,caixa_emp,EUR,2026-03-17 17:21:02
PRODUCT_03582,COMP_0504,CHECKING_04,checking,Banco Santander,santander_emp,USD,2024-05-29 13:24:28
PRODUCT_03583,COMP_0292,CHECKING_18,checking,Other (customer-defined),custom,EUR,2025-10-15 13:41:56
PRODUCT_03586,COMP_1036,CHECKING_08,checking,Bankinter Empresas,bankinter_emp,EUR,2026-07-13 10:49:58
PRODUCT_03587,COMP_0290,CHECKING_02,checking,Caixabank Empresas,caixa_emp,EUR,2025-09-16 08:09:27
PRODUCT_03588,COMP_0268,CHECKING_05,checking,Lloyds UK (Commercial),lloydscommercial_uk,GBP,2024-11-08 10:49:24
PRODUCT_03591,COMP_0970,CHECKING_04,checking,Caixabank Empresas,caixa_emp,EUR,2026-03-03 11:18:37
PRODUCT_03592,COMP_0956,CARD_14,card,BBVA Net Cash Empresas,bbva_emp,EUR,2026-04-29 11:21:29
PRODUCT_03593,COMP_0623,CHECKING_08,checking,BBVA Net Cash Empresas,bbva_emp,EUR,2025-04-09 12:55:09
PRODUCT_03594,COMP_0151,CHECKING_01,checking,Banco Sabadell Empresas,sabadell_emp,EUR,2024-11-13 11:10:22
PRODUCT_03595,COMP_0243,CHECKING_05,checking,Banco Santander Empresas,santander_emp,EUR,2025-06-10 14:15:40
PRODUCT_03596,COMP_0059,CHECKING_04,checking,Revolut,revolut,EUR,2024-11-13 08:53:23
PRODUCT_03597,COMP_0299,CHECKING_01,checking,HSBC Corporate EU,hsbccorporate_eu,USD,2025-10-21 09:05:05
PRODUCT_03600,COMP_0739,CHECKING_02,checking,Caixabank,caixa_emp,EUR,2024-02-19 10:18:25
PRODUCT_03602,COMP_0477,RISK_05,risk,Other (customer-defined),custom,USD,2026-04-16 16:21:28
PRODUCT_03603,COMP_0803,CHECKING_05,checking,Banco Sabadell,sabadell_emp,EUR,2023-10-23 10:48:13
PRODUCT_03604,COMP_0075,CHECKING_07,checking,Banca March,bancamarch,EUR,2026-01-28 15:57:08
PRODUCT_03605,COMP_0856,CHECKING_07,checking,Paypal,paypal,CAD,2024-11-13 14:18:49
PRODUCT_03607,COMP_0335,CHECKING_01,checking,Bankinter Empresas,bankinter_emp,EUR,2025-11-14 09:25:30
PRODUCT_03608,COMP_1038,CARD_02,card,Caixabank Empresas,caixa_emp,EUR,2025-09-09 11:37:41
PRODUCT_03609,COMP_1155,CHECKING_03,checking,Caixabank,caixa_emp,EUR,2024-04-24 14:31:37
PRODUCT_03611,COMP_0243,CHECKING_06,checking,Banco Santander Empresas,santander_emp,EUR,2025-06-10 14:15:40
PRODUCT_03612,COMP_0780,CHECKING_03,checking,Banca March,bancamarch,EUR,2024-10-16 14:36:46
PRODUCT_03613,COMP_0696,LINEOFCOMEX_01,lineofcomex,Bankinter,bankinter_emp,EUR,2026-02-11 11:08:25
PRODUCT_03614,COMP_0195,INVESTMENT_01,investment,Cajamar,cajamar,EUR,2024-10-24 09:21:24
PRODUCT_03616,COMP_0508,CHECKING_03,checking,Banco Sabadell Empresas,sabadell_emp,EUR,2026-04-08 07:54:22
PRODUCT_03617,COMP_0505,CHECKING_03,checking,Caixabank Empresas,caixa_emp,EUR,2026-07-13 06:25:15
PRODUCT_03618,COMP_0591,CHECKING_05,checking,Banco Santander Empresas,santander_emp,EUR,2025-12-10 10:50:48
PRODUCT_03620,COMP_0444,CARD_08,card,Banco Sabadell Empresas,sabadell_emp,EUR,2026-03-13 12:08:09
PRODUCT_03622,COMP_1202,CHECKING_01,checking,Banco Santander Empresas,santander_emp,EUR,2024-11-05 09:28:23
PRODUCT_03624,COMP_0875,CHECKING_02,checking,Banco Sabadell,sabadell_emp,EUR,2024-05-10 09:22:49
PRODUCT_03625,COMP_0909,INVESTMENT_04,investment,Banco Santander,santander_emp,EUR,2025-12-04 09:42:41
PRODUCT_03627,COMP_1051,CHECKING_01,checking,Banco Sabadell T. sec - CAL Empresas,sabadell_emp_sec,EUR,2025-11-28 07:03:20
PRODUCT_03628,COMP_0075,CHECKING_08,checking,Caixabank,caixa_emp,EUR,2022-11-17 13:29:59
PRODUCT_03629,COMP_0569,CARD_02,card,BBVA Net Cash Empresas,bbva_emp,EUR,2024-11-12 10:53:49
PRODUCT_03630,COMP_0611,CHECKING_04,checking,Caixabank,caixa,DKK,2024-06-27 14:05:17
PRODUCT_03632,COMP_0419,CHECKING_02,checking,HSBC Corporate,hsbccorporate,GBP,2026-02-10 17:46:24
PRODUCT_03633,COMP_1249,CHECKING_06,checking,Banca March,bancamarch,EUR,2025-05-13 10:29:03
PRODUCT_03634,COMP_0499,CHECKING_01,checking,BBVA Net Cash Empresas,bbva_emp,EUR,2026-05-12 13:46:21
PRODUCT_03635,COMP_0939,CHECKING_04,checking,HSBC Corporate,hsbccorporate,GBP,2026-03-24 15:49:32
PRODUCT_03637,COMP_0909,CHECKING_11,checking,Kutxabank Empresas,kutxabank_emp,EUR,2026-03-09 09:10:35
PRODUCT_03639,COMP_0590,CHECKING_01,checking,Banco Santander Empresas,santander_emp,EUR,2026-04-13 11:41:54
PRODUCT_03640,COMP_1106,CHECKING_03,checking,Caixabank,caixa,EUR,2025-11-20 11:29:51
PRODUCT_03641,COMP_0180,CHECKING_02,checking,Caixabank,caixa_emp,EUR,2024-02-16 10:50:15
PRODUCT_03642,COMP_1282,INVESTMENT_01,investment,Banco Santander,santander_emp,EUR,2024-02-09 11:17:32
PRODUCT_03644,COMP_0969,INVESTMENT_01,investment,Banco Santander,santander_emp,EUR,2025-01-08 16:30:51
PRODUCT_03646,COMP_0145,CHECKING_04,checking,Paypal,paypal,PHP,2026-04-28 15:17:42
PRODUCT_03648,COMP_0493,CHECKING_01,checking,TD Canada Trust,ins_42,CAD,2025-12-18 17:23:40
PRODUCT_03649,COMP_0953,CHECKING_02,checking,Banco Santander,santander_emp,EUR,2026-03-03 07:50:20
PRODUCT_03650,COMP_0255,CARD_04,card,Caixabank Empresas,caixa_emp,EUR,2026-05-13 14:31:29
PRODUCT_03651,COMP_0965,CHECKING_02,checking,Banco Santander Empresas,santander_emp,EUR,2026-05-12 09:56:08
PRODUCT_03652,COMP_1086,CHECKING_06,checking,Banco Sabadell,sabadell_emp,EUR,2023-10-30 11:38:24
PRODUCT_03653,COMP_0684,CHECKING_01,checking,Credit Mutuel,creditmutuel,EUR,2026-03-04 09:00:47
PRODUCT_03654,COMP_0022,CARD_02,card,Abanca Empresas,abanca_emp,EUR,2026-06-23 08:05:08
PRODUCT_03656,COMP_0538,CHECKING_02,checking,Abanca Empresas,abanca_emp,EUR,2024-10-17 16:18:08
PRODUCT_03657,COMP_0799,CHECKING_06,checking,Wise,transferwise,EUR,2026-01-26 13:00:48
PRODUCT_03659,COMP_0518,CHECKING_04,checking,Banco Santander Empresas,santander_emp,EUR,2024-11-06 14:05:44
PRODUCT_03660,COMP_0181,CHECKING_02,checking,Banco Sabadell Empresas,sabadell_emp,EUR,2026-09-07 15:13:52
PRODUCT_03661,COMP_0049,CARD_03,card,Caixabank Empresas,caixa_emp,EUR,2025-02-25 22:02:09
PRODUCT_03662,COMP_1060,CHECKING_08,checking,Caixabank Empresas,caixa_emp,EUR,2026-04-20 12:42:23
PRODUCT_03663,COMP_0800,CHECKING_01,checking,Santander (Corporate UK),santander-coporate_uk,GBP,2026-02-16 12:21:01
PRODUCT_03664,COMP_1049,CARD_03,card,Caixabank Empresas,caixa_emp,EUR,2026-03-11 15:44:52
PRODUCT_03666,COMP_0900,CHECKING_04,checking,Other (customer-defined),custom,AOA,2026-06-04 15:15:31
PRODUCT_03669,COMP_0875,CHECKING_03,checking,Abanca Empresas,abanca_emp,EUR,2025-08-18 16:27:58
PRODUCT_03670,COMP_1282,CHECKING_05,checking,Banco Sabadell,sabadell_emp,EUR,2024-02-09 11:20:20
PRODUCT_03671,COMP_0200,CHECKING_01,checking,Bankinter Empresas,bankinter_emp,EUR,2025-10-03 16:44:10
PRODUCT_03674,COMP_0929,CARD_03,card,Abanca Empresas,abanca_emp,EUR,2025-10-09 13:33:58
PRODUCT_03675,COMP_0924,CARD_03,card,Banco Santander Empresas,santander_emp,EUR,2024-10-24 07:39:08
PRODUCT_03676,COMP_1268,CHECKING_04,checking,Banco Sabadell Empresas,sabadell_emp,EUR,2026-04-28 13:00:36
PRODUCT_03677,COMP_0185,CHECKING_06,checking,BBVA Net Cash Empresas,bbva_emp,USD,2026-06-23 08:36:01
PRODUCT_03678,COMP_0737,CHECKING_01,checking,Banco Sabadell T. sec - CAL Empresas,sabadell_emp_sec,EUR,2023-11-08 15:30:31
PRODUCT_03679,COMP_0960,CARD_01,card,Redsys,redsys,EUR,2026-02-17 10:48:27
PRODUCT_03680,COMP_0725,CHECKING_01,checking,Banco Santander Empresas,santander_emp,EUR,2025-01-22 09:31:24
PRODUCT_03681,COMP_0459,CHECKING_02,checking,Revolut EU,revolut,EUR,2025-10-03 11:30:54
PRODUCT_03682,COMP_0492,CHECKING_01,checking,Caixabank,caixa_emp,EUR,2024-04-24 14:33:19
PRODUCT_03683,COMP_0446,CHECKING_06,checking,BBVA Net Cash Empresas,bbva_emp,EUR,2025-12-16 13:14:06
PRODUCT_03685,COMP_1122,CHECKING_01,checking,Other (customer-defined),custom,CAD,2024-06-11 16:43:30
PRODUCT_03687,COMP_1016,CARD_19,card,Caixabank Empresas,caixa_emp,EUR,2026-03-20 13:16:26
PRODUCT_03689,COMP_0803,CHECKING_06,checking,Banco Pichincha,pichincha,EUR,2023-10-23 10:57:22
PRODUCT_03691,COMP_0730,CHECKING_09,checking,LBBW,bw-bank,EUR,2026-08-10 16:12:06
PRODUCT_03694,COMP_1067,CHECKING_09,checking,Other (customer-defined),custom,AUD,2025-06-07 13:28:31
PRODUCT_03696,COMP_0150,CHECKING_03,checking,Banco Sabadell Empresas,sabadell_emp,EUR,2026-05-29 09:25:11
PRODUCT_03697,COMP_1222,CHECKING_05,checking,Other (customer-defined),custom,USD,2025-04-29 10:59:44
PRODUCT_03699,COMP_0437,CHECKING_03,checking,Banco Santander Empresas,santander_emp,EUR,2025-09-11 10:12:25
PRODUCT_03700,COMP_0252,CHECKING_23,checking,Banking Circle GLOBAL,bc,SEK,2026-07-28 13:50:15
PRODUCT_03701,COMP_0716,CHECKING_03,checking,Banco Santander Empresas,santander_emp,EUR,2026-03-12 15:45:41
PRODUCT_03703,COMP_0780,CARD_02,card,Abanca Empresas,abanca_emp,EUR,2026-06-23 08:03:10
PRODUCT_03704,COMP_0956,CARD_15,card,Caixabank Empresas,caixa_emp,EUR,2026-04-29 14:49:43
PRODUCT_03705,COMP_0335,CHECKING_02,checking,Caixabank Empresas,caixa_emp,EUR,2025-11-14 09:18:21
PRODUCT_03706,COMP_1028,CHECKING_01,checking,Banco Sabadell Empresas,sabadell_emp,EUR,2026-03-20 12:35:25
PRODUCT_03707,COMP_0897,TPV_01,tpv,Redsys,redsys,EUR,2025-09-22 07:27:00
PRODUCT_03711,COMP_0447,CARD_02,card,Banco Santander Empresas,santander_emp,EUR,2025-09-15 09:24:19
PRODUCT_03716,COMP_0402,CHECKING_03,checking,Banco Sabadell Empresas,sabadell_emp,EUR,2025-07-29 11:31:06
PRODUCT_03717,COMP_1096,CHECKING_03,checking,Revolut EU,revolut_eu,EUR,2024-06-04 15:10:43
PRODUCT_03718,COMP_0212,CHECKING_03,checking,Barclays Corporate,barclays_corporate,EUR,2025-09-26 07:52:42
PRODUCT_03719,COMP_0909,INVESTMENT_05,investment,RuralVia Empresas,ruralvia_emp,EUR,2025-02-04 15:07:41
PRODUCT_03720,COMP_0232,CHECKING_01,checking,Banco Santander Empresas,santander_emp,EUR,2025-07-28 08:19:57
PRODUCT_03722,COMP_0282,CHECKING_04,checking,Caixabank,caixa_emp,EUR,2024-02-19 10:45:26
PRODUCT_03723,COMP_0235,CHECKING_02,checking,Revolut EU,revolut,EUR,2025-11-03 17:54:21
PRODUCT_03728,COMP_1149,INVESTMENT_06,investment,Deutsche Bank Empresas,deutschebank_emp,EUR,2025-09-30 12:25:00
PRODUCT_03729,COMP_0153,CHECKING_01,checking,Caixabank,caixa_emp,EUR,2022-11-17 14:04:40
PRODUCT_03730,COMP_0252,CHECKING_24,checking,Banking Circle GLOBAL,bc,CZK,2026-07-28 13:41:33
PRODUCT_03731,COMP_1194,CHECKING_04,checking,Banca Popolare di Sondrio,popolaresondrio_it,EUR,2025-11-05 15:09:47
PRODUCT_03732,COMP_0434,CHECKING_01,checking,Banco Santander Empresas,santander_emp,EUR,2025-06-06 13:05:56
PRODUCT_03733,COMP_1024,CHECKING_04,checking,BBVA Net Cash Empresas,bbva_emp,EUR,2025-10-09 08:32:09
PRODUCT_03734,COMP_1197,CHECKING_04,checking,Banco Santander Empresas,santander_emp,EUR,2025-04-04 12:48:57
PRODUCT_03736,COMP_0837,CHECKING_14,checking,Banca March,bancamarch,EUR,2026-03-02 10:27:27
PRODUCT_03737,COMP_0203,CHECKING_04,checking,Banco Santander,santander_emp,EUR,2023-09-14 09:51:43
PRODUCT_03740,COMP_1035,CHECKING_02,checking,BBVA Net Cash Empresas,bbva_emp,EUR,2025-04-01 14:18:00
PRODUCT_03741,COMP_0606,CHECKING_02,checking,HSBC Corporate,hsbccorporate,USD,2026-05-27 15:11:46
PRODUCT_03742,COMP_0947,CHECKING_02,checking,Banco Sabadell,sabadell_emp,EUR,2023-05-25 05:13:24
PRODUCT_03743,COMP_0400,CHECKING_02,checking,Banco Sabadell T. sec - CAL Empresas,sabadell_emp_sec,EUR,2024-09-17 13:28:16
PRODUCT_03744,COMP_0764,CHECKING_01,checking,Caixabank Empresas,caixa_emp,EUR,2024-07-30 11:52:17
PRODUCT_03746,COMP_0007,CARD_06,card,Banco Santander Empresas,santander_emp,EUR,2026-03-10 15:44:41
PRODUCT_03747,COMP_0351,CHECKING_09,checking,Caixabank,caixa,USD,2026-06-26 10:31:27
PRODUCT_03749,COMP_1072,CHECKING_04,checking,Banca March,bancamarch,EUR,2025-10-29 16:54:31
PRODUCT_03750,COMP_0326,CHECKING_02,checking,Banco Santander Empresas,santander_emp,EUR,2026-03-19 21:13:39
PRODUCT_03751,COMP_0604,CHECKING_07,checking,Cajamar,cajamar,EUR,2025-03-18 08:45:22
PRODUCT_03752,COMP_0058,CHECKING_06,checking,Cajamar,cajamar,EUR,2026-03-11 11:05:43
PRODUCT_03753,COMP_0909,CARD_09,card,Banco Santander,santander_emp,EUR,2024-04-04 08:40:31
PRODUCT_03754,COMP_0672,CHECKING_02,checking,Banco Santander Empresas,santander_emp,EUR,2026-01-09 09:44:28
PRODUCT_03756,COMP_0914,CHECKING_01,checking,Banco Sabadell Empresas,sabadell_emp,EUR,2025-04-04 09:27:47
PRODUCT_03757,COMP_0708,CHECKING_06,checking,Banco Santander Empresas,santander_emp,EUR,2026-03-09 12:49:56
PRODUCT_03758,COMP_1016,CARD_20,card,Caixabank Empresas,caixa_emp,EUR,2026-03-20 13:16:26
PRODUCT_03759,COMP_0495,CHECKING_06,checking,Caixabank Empresas,caixa_emp,EUR,2025-12-11 08:58:24
PRODUCT_03761,COMP_0026,CHECKING_02,checking,Banco Santander Empresas,santander_emp,EUR,2026-03-03 12:26:13
PRODUCT_03762,COMP_0342,CHECKING_03,checking,Banco Santander Empresas,santander_emp,EUR,2025-02-06 10:21:19
PRODUCT_03764,COMP_1199,CHECKING_01,checking,Caixabank Empresas,caixa_emp,EUR,2024-08-21 06:29:35
PRODUCT_03765,COMP_0391,CHECKING_04,checking,Caja Rural De Soria,ruralvia_soria,EUR,2026-03-19 11:26:17
PRODUCT_03766,COMP_0087,CARD_06,card,Abanca Empresas,abanca_emp,EUR,2026-01-29 10:38:44
PRODUCT_03768,COMP_0376,CHECKING_14,checking,Banco Sabadell Empresas,sabadell_emp,EUR,2026-04-08 07:56:52
PRODUCT_03769,COMP_0829,CHECKING_01,checking,Caixabank,caixa_emp,EUR,2024-02-01 10:22:42
PRODUCT_03771,COMP_0913,CHECKING_01,checking,Kutxabank Empresas,kutxabank_emp,EUR,2024-12-11 12:31:42
PRODUCT_03772,COMP_0789,CHECKING_02,checking,Bankinter,bankinter_emp,EUR,2022-11-17 13:33:09
PRODUCT_03773,COMP_0314,CHECKING_05,checking,Revolut EU,revolut_gb,EUR,2024-11-13 08:57:51
PRODUCT_03774,COMP_0354,CHECKING_04,checking,Banco Santander,santander_emp,EUR,2024-04-11 07:13:23
PRODUCT_03775,COMP_0089,CHECKING_02,checking,Banco Santander Empresas,santander_emp,EUR,2025-03-06 12:02:38
PRODUCT_03776,COMP_0444,CARD_09,card,Banco Sabadell Empresas,sabadell_emp,EUR,2026-03-13 12:08:09
PRODUCT_03777,COMP_1090,CHECKING_01,checking,Banco Santander,santander_emp,EUR,2023-06-23 07:06:12
PRODUCT_03778,COMP_1126,CHECKING_02,checking,Banco Sabadell Empresas,sabadell_emp,EUR,2026-02-16 15:16:10
PRODUCT_03780,COMP_0646,CHECKING_03,checking,Stripe,stripe,EUR,2025-05-19 10:09:08
PRODUCT_03781,COMP_0659,CARD_01,card,Bankinter,bankinter_emp,EUR,2024-03-11 11:59:54
PRODUCT_03782,COMP_0311,CHECKING_02,checking,Nordea Business Denmark,nordea-business_dk,EUR,2026-01-08 21:00:30
PRODUCT_03783,COMP_0988,CARD_10,card,Caixabank Empresas,caixa_emp,EUR,2026-03-03 12:11:50
PRODUCT_03784,COMP_0837,CHECKING_15,checking,Bankinter Empresas,bankinter_emp,EUR,2026-03-02 15:19:13
PRODUCT_03785,COMP_0987,CHECKING_01,checking,Banco Santander Empresas,santander_emp,EUR,2025-04-10 09:24:00
PRODUCT_03786,COMP_1135,CHECKING_06,checking,Banco Sabadell Empresas,sabadell_emp,EUR,2026-04-17 08:54:04
PRODUCT_03787,COMP_1160,CHECKING_03,checking,Caixabank,caixa_emp,EUR,2023-05-08 16:22:21
PRODUCT_03788,COMP_0658,CHECKING_02,checking,Other (customer-defined),custom,USD,2024-06-11 18:40:57
PRODUCT_03789,COMP_0038,CARD_05,card,BBVA Net Cash Empresas,bbva_emp,EUR,2026-06-16 09:39:29
PRODUCT_03790,COMP_0630,CARD_17,card,Caixabank Empresas,caixa_emp,EUR,2026-02-13 10:38:01
PRODUCT_03792,COMP_0292,CHECKING_19,checking,Other (customer-defined),custom,USD,2025-10-15 13:17:24
PRODUCT_03793,COMP_1143,CHECKING_02,checking,Banco Santander Empresas,santander_emp,EUR,2025-02-06 10:21:19
PRODUCT_03794,COMP_0529,CHECKING_01,checking,Globalcaja,ruralvia_globalcaja,EUR,2025-11-28 08:19:59
PRODUCT_03795,COMP_0665,CHECKING_05,checking,Caixabank Empresas,caixa_emp,EUR,2025-06-17 14:43:23
PRODUCT_03797,COMP_0139,CHECKING_05,checking,Banco Sabadell Empresas,sabadell_emp,EUR,2025-04-04 11:18:24
PRODUCT_03798,COMP_0348,CHECKING_02,checking,Caixabank Empresas,caixa_emp,EUR,2026-04-20 15:15:09
PRODUCT_03799,COMP_0490,CHECKING_01,checking,Caixabank Empresas,caixa_emp,EUR,2026-04-20 15:33:42
PRODUCT_03800,COMP_1162,CHECKING_05,checking,Stripe,stripe,EUR,2024-03-21 09:11:49
PRODUCT_03801,COMP_0613,CHECKING_02,checking,RuralVia,ruralvia_emp,EUR,2024-03-01 08:54:46
PRODUCT_03802,COMP_1133,CHECKING_05,checking,Banca Monte dei Paschi Business,bmps_business,EUR,2024-11-08 11:15:34
PRODUCT_03803,COMP_1224,CHECKING_01,checking,Caixabank,caixa_emp,EUR,2024-04-11 09:50:07
PRODUCT_03804,COMP_1044,CHECKING_07,checking,Caixa Central de CA Mutuo,gca,EUR,2026-04-15 10:45:58
PRODUCT_03806,COMP_0030,CHECKING_01,checking,Other (customer-defined),custom,BRL,2024-11-05 13:04:49
PRODUCT_03807,COMP_0708,CHECKING_07,checking,Banco Sabadell Empresas,sabadell_emp,EUR,2026-05-12 14:37:37
PRODUCT_03808,COMP_0484,CHECKING_03,checking,Banco Santander Empresas,santander_emp,EUR,2026-04-20 10:19:29
PRODUCT_03809,COMP_0420,CHECKING_06,checking,Abanca Empresas,abanca_emp,EUR,2026-04-14 16:08:35
PRODUCT_03810,COMP_0361,CHECKING_07,checking,Stripe,stripe,DKK,2023-08-25 11:50:52
PRODUCT_03811,COMP_1018,CHECKING_03,checking,Other (customer-defined),custom,EUR,2025-12-01 16:57:53
PRODUCT_03812,COMP_1209,CHECKING_02,checking,Caixabank Empresas,caixa_emp,EUR,2024-12-27 12:19:05
PRODUCT_03815,COMP_0669,CHECKING_01,checking,Caixabank Empresas,caixa_emp,USD,2026-04-28 15:08:22
PRODUCT_03816,COMP_0449,CARD_01,card,Banco Santander,santander_emp,EUR,2026-02-17 14:15:19
PRODUCT_03817,COMP_0909,CHECKING_12,checking,RuralVia,ruralvia_emp,EUR,2026-02-18 11:03:27
PRODUCT_03818,COMP_0521,CHECKING_05,checking,Other (customer-defined),custom,USD,2025-09-01 14:48:20
PRODUCT_03819,COMP_0189,CHECKING_02,checking,Barclays Corporate,barclays_corporate,USD,2025-06-12 09:43:33
PRODUCT_03820,COMP_0409,CHECKING_04,checking,Other (customer-defined),custom,BAM,2026-07-15 09:24:57
PRODUCT_03821,COMP_0609,CHECKING_02,checking,BBVA,bbva,EUR,2025-05-06 10:58:43
PRODUCT_03823,COMP_0120,CHECKING_02,checking,UniCredit eBanking Global by HypoVereinsbank - UniCredit Bank AG,unicreditbusiness_de,EUR,2026-07-17 11:55:24
PRODUCT_03824,COMP_0939,CHECKING_05,checking,Barclays Corporate,barclays_corporate,GBP,2026-03-24 14:30:15
PRODUCT_03825,COMP_1151,CHECKING_01,checking,Santander Totta Empresas Empresas,santander_emp_pt,EUR,2025-10-20 14:34:50
PRODUCT_03826,COMP_0630,CHECKING_06,checking,Caixabank Empresas,caixa_emp,EUR,2026-02-13 10:38:01
PRODUCT_03827,COMP_0435,CHECKING_04,checking,Banco Santander Empresas,santander_emp,EUR,2026-03-17 16:50:28
PRODUCT_03828,COMP_0381,CHECKING_01,checking,BBVA Net Cash Empresas,bbva_emp,EUR,2024-12-03 12:29:39
PRODUCT_03829,COMP_0232,CHECKING_02,checking,Banco Sabadell Empresas,sabadell_emp,EUR,2025-07-21 08:29:14
PRODUCT_03830,COMP_1134,CHECKING_02,checking,Banco Sabadell,sabadell_emp,EUR,2024-03-11 12:15:04
PRODUCT_03831,COMP_0408,CHECKING_01,checking,BBVA Net Cash Empresas,bbva_emp,USD,2026-04-13 15:07:14
PRODUCT_03832,COMP_0360,CHECKING_05,checking,Caixabank Empresas,caixa_emp,EUR,2026-04-20 12:49:31
PRODUCT_03833,COMP_1184,CHECKING_02,checking,Barclays Corporate,barclays_corporate,EUR,2025-06-12 08:40:20
PRODUCT_03834,COMP_1093,CHECKING_04,checking,Banco Santander Empresas,santander_emp,EUR,2025-03-06 15:44:00
PRODUCT_03836,COMP_0808,CHECKING_03,checking,Bankinter,bankinter_emp,EUR,2024-02-14 16:28:04
PRODUCT_03837,COMP_0355,CHECKING_01,checking,Banco Sabadell Empresas,sabadell_emp,EUR,2026-03-12 10:22:29
PRODUCT_03838,COMP_0994,CHECKING_04,checking,Caixabank Empresas,caixa_emp,EUR,2025-07-02 07:43:25
PRODUCT_03839,COMP_0105,CHECKING_01,checking,Banco Santander Empresas,santander_emp,EUR,2024-12-19 11:00:01
PRODUCT_03840,COMP_1133,CHECKING_06,checking,Banca Credito Italiano (UniCredit),unicredit,EUR,2024-11-05 11:07:43
PRODUCT_03841,COMP_1048,CHECKING_04,checking,Abanca Empresas,abanca_emp,EUR,2025-10-09 12:44:46
PRODUCT_03844,COMP_1092,CARD_01,card,Caixabank Empresas,caixa_emp,EUR,2026-03-04 07:58:17
PRODUCT_03845,COMP_0649,CHECKING_01,checking,Caixabank,caixa_emp,EUR,2024-01-31 09:21:29
PRODUCT_03846,COMP_0213,CHECKING_01,checking,Other (customer-defined),custom,NZD,2025-09-03 13:37:23
PRODUCT_03847,COMP_0877,INVESTMENT_01,investment,Banco Santander Empresas,santander_emp,EUR,2025-10-06 15:33:06
PRODUCT_03848,COMP_0910,CHECKING_02,checking,Bankinter Empresas,bankinter_emp,EUR,2025-05-22 14:38:06
PRODUCT_03849,COMP_1171,CHECKING_05,checking,Banco Santander Empresas,santander_emp,EUR,2026-01-15 11:36:55
PRODUCT_03850,COMP_0188,CHECKING_02,checking,Caixabank multicontrato (beta),caixa_multi,EUR,2023-05-02 09:10:57
PRODUCT_03852,COMP_0284,CHECKING_01,checking,Banco Sabadell,sabadell_emp,EUR,2024-02-15 14:22:45
PRODUCT_03853,COMP_0938,CHECKING_01,checking,Commerzbank AG,commerzbank,USD,2024-01-30 08:50:07
PRODUCT_03854,COMP_0272,CHECKING_01,checking,Caixabank Empresas,caixa_emp,EUR,2026-04-07 10:18:46
PRODUCT_03855,COMP_0416,CHECKING_04,checking,Bankinter Empresas,bankinter_emp,EUR,2026-09-03 14:53:39
PRODUCT_03856,COMP_0424,CHECKING_02,checking,Banca March,bancamarch,EUR,2025-06-20 10:35:17
PRODUCT_03858,COMP_0411,CHECKING_04,checking,Banco Santander,santander_emp,EUR,2023-05-29 08:03:49
PRODUCT_03860,COMP_0288,CHECKING_03,checking,Bankinter,bankinter,EUR,2023-02-21 10:36:13
PRODUCT_03861,COMP_0945,CHECKING_05,checking,Banco Santander,santander_emp,EUR,2022-04-06 13:53:40
PRODUCT_03863,COMP_1036,INVESTMENT_02,investment,RuralVia Empresas,ruralvia_emp,EUR,2026-07-15 11:58:35
PRODUCT_03864,COMP_0444,CARD_10,card,Banco Sabadell Empresas,sabadell_emp,EUR,2026-03-13 12:08:09
PRODUCT_03867,COMP_0937,CHECKING_01,checking,Banco Santander Empresas,santander_emp,EUR,2025-10-28 15:01:21
PRODUCT_03869,COMP_0861,INVESTMENT_06,investment,Other (customer-defined),custom,EUR,2026-05-26 15:09:30
PRODUCT_03872,COMP_0861,CHECKING_07,checking,BBVA Net Cash Empresas,bbva_emp,EUR,2025-10-09 08:32:09
PRODUCT_03873,COMP_0481,CHECKING_03,checking,Alpha Bank,alphabank,EUR,2025-10-21 11:00:55
PRODUCT_03874,COMP_0898,CHECKING_06,checking,Banco Sabadell Empresas,sabadell_emp,EUR,2026-02-26 17:20:58
PRODUCT_03876,COMP_0993,CHECKING_04,checking,Bankinter Empresas,bankinter_emp,EUR,2025-10-20 09:22:28
PRODUCT_03877,COMP_1225,CHECKING_04,checking,Banco Santander Empresas,santander_emp,EUR,2026-07-21 07:05:17
PRODUCT_03878,COMP_0866,CHECKING_02,checking,BBVA Net Cash Empresas,bbva_emp,EUR,2025-01-23 14:56:54
PRODUCT_03879,COMP_0034,CHECKING_08,checking,Banca March,bancamarch,EUR,2025-05-22 15:41:57
PRODUCT_03880,COMP_0721,CHECKING_05,checking,Banco Santander Empresas,santander_emp,EUR,2025-04-07 10:44:11
PRODUCT_03881,COMP_0281,CHECKING_01,checking,Banco Santander Empresas,santander_emp,EUR,2025-09-24 16:06:12
PRODUCT_03883,COMP_0351,CARD_05,card,iberCaja,ibercaja,EUR,2026-07-07 11:08:27
PRODUCT_03884,COMP_0550,WALLET_02,wallet,Embat,embat,GBP,2026-08-13 10:33:47
PRODUCT_03887,COMP_0141,CHECKING_03,checking,Banca Popolare di Sondrio,popolaresondrio_it,EUR,2025-10-21 09:06:59
PRODUCT_03889,COMP_0087,INVESTMENT_02,investment,RuralVia Empresas,ruralvia_emp,EUR,2024-10-25 10:25:01
PRODUCT_03890,COMP_0695,CHECKING_03,checking,Payhawk,payhawk,EUR,2024-10-01 08:39:45
PRODUCT_03891,COMP_0805,CHECKING_02,checking,Caixabank,caixa,EUR,2025-10-03 09:01:04
PRODUCT_03892,COMP_0837,CHECKING_16,checking,Bankinter Empresas,bankinter_emp,EUR,2026-03-02 15:17:59
PRODUCT_03893,COMP_0988,CARD_11,card,Banco Santander Empresas,santander_emp,EUR,2026-03-03 12:26:13
PRODUCT_03894,COMP_0969,CHECKING_04,checking,Banco Santander,santander_emp,EUR,2023-05-02 09:41:02
PRODUCT_03895,COMP_1124,CHECKING_03,checking,BBVA Net Cash Empresas,bbva_emp,EUR,2025-04-01 14:20:21
PRODUCT_03896,COMP_0591,CHECKING_06,checking,BBVA Net Cash Empresas,bbva_emp,EUR,2025-12-10 12:26:55
PRODUCT_03898,COMP_0074,CHECKING_03,checking,RuralVia Empresas,ruralvia_emp,EUR,2026-05-12 08:04:00
PRODUCT_03899,COMP_1205,CHECKING_01,checking,Bankinter Empresas,bankinter_emp,EUR,2026-02-26 17:10:11
PRODUCT_03900,COMP_0989,CHECKING_02,checking,Banco Santander Empresas,santander_emp,EUR,2025-07-28 08:19:57
PRODUCT_03901,COMP_1212,CHECKING_04,checking,Banco Sabadell Empresas,sabadell_emp,EUR,2025-05-15 07:48:08
PRODUCT_03902,COMP_0640,CHECKING_02,checking,Caixabank Empresas,caixa_emp,EUR,2024-07-30 11:56:11
PRODUCT_03903,COMP_0864,CHECKING_05,checking,BBVA,bbva_emp,EUR,2024-02-09 09:29:21
PRODUCT_03904,COMP_0504,CHECKING_05,checking,Deutsche Bank,deutschebank_emp,EUR,2024-05-29 13:32:50
PRODUCT_03905,COMP_0909,CARD_10,card,Bankinter,bankinter_emp,EUR,2024-04-03 07:31:38
PRODUCT_03906,COMP_0951,CHECKING_02,checking,Payoneer - EU,payoneer,USD,2025-08-06 12:17:37
PRODUCT_03907,COMP_0070,CHECKING_03,checking,La Banque Postale,labanquepostale,EUR,2025-11-19 09:48:28
PRODUCT_03908,COMP_0216,CHECKING_02,checking,Abanca Empresas,abanca_emp,EUR,2025-10-09 13:42:40
PRODUCT_03909,COMP_1286,CHECKING_01,checking,Caixabank Empresas,caixa_emp,EUR,2024-11-20 14:52:33
PRODUCT_03911,COMP_0270,CHECKING_02,checking,Wise,transferwise,USD,2024-10-17 12:40:48
PRODUCT_03912,COMP_0233,CHECKING_04,checking,Scotiabank Empresas Chile Empresas,scotiabank_emp_cl,CLP,2025-08-14 08:39:46
PRODUCT_03913,COMP_0516,CHECKING_02,checking,Banco Santander Empresas,santander_emp,EUR,2025-10-09 07:38:39
PRODUCT_03914,COMP_0255,CHECKING_02,checking,Banco Santander Empresas,santander_emp,EUR,2026-03-11 10:30:55
PRODUCT_03915,COMP_0351,CARD_06,card,iberCaja,ibercaja,EUR,2026-07-07 11:08:27
PRODUCT_03916,COMP_1039,CARD_01,card,BBVA Net Cash Empresas,bbva_emp,EUR,2026-01-22 10:05:57
PRODUCT_03917,COMP_0016,CHECKING_06,checking,Banco Santander Empresas,santander_emp,EUR,2026-04-08 12:13:07
PRODUCT_03918,COMP_1016,CARD_21,card,Caixabank Empresas,caixa_emp,EUR,2026-03-20 13:16:26
PRODUCT_03919,COMP_0405,CARD_01,card,BBVA,bbva_emp,EUR,2024-03-11 13:51:43
PRODUCT_03920,COMP_1135,TPV_01,tpv,Redsys,redsys,EUR,2025-09-23 08:14:38
PRODUCT_03921,COMP_1221,CHECKING_03,checking,Hamburger Sparkasse,hamburger-sparkasse,EUR,2025-09-16 13:44:34
PRODUCT_03923,COMP_0869,CHECKING_03,checking,HSBC Corporate EU,hsbccorporate_eu,JPY,2025-08-14 07:58:42
PRODUCT_03924,COMP_0062,CHECKING_01,checking,Banco Santander Empresas,santander_emp,EUR,2025-12-18 12:08:41
PRODUCT_03925,COMP_0042,CHECKING_06,checking,City National Bank,ins_110439,USD,2024-09-18 09:51:30
PRODUCT_03926,COMP_0282,EXPENSESPLATFORM_06,expensesPlatform,Caixabank,caixa_emp,EUR,2024-02-19 10:45:26
PRODUCT_03927,COMP_0673,CHECKING_03,checking,Caixabank Empresas,caixa_emp,EUR,2026-03-03 10:31:01
PRODUCT_03928,COMP_0247,WALLET_03,wallet,Embat,embat,SEK,2026-07-09 12:31:21
PRODUCT_03930,COMP_0965,CHECKING_03,checking,BBVA Net Cash Empresas,bbva_emp,EUR,2026-05-13 16:05:22
PRODUCT_03931,COMP_0956,CARD_16,card,BBVA Net Cash Empresas,bbva_emp,EUR,2026-04-29 11:21:29
PRODUCT_03932,COMP_0568,CHECKING_06,checking,Banco Sabadell Empresas,sabadell_emp,EUR,2025-03-12 11:48:57
PRODUCT_03933,COMP_0006,CHECKING_01,checking,Banco Santander Empresas,santander_emp,EUR,2026-05-18 11:45:46
PRODUCT_03936,COMP_0416,CHECKING_05,checking,Caixa Almenara,caixaruralalmenara,EUR,2026-01-13 15:28:41
PRODUCT_03937,COMP_0022,CHECKING_02,checking,Abanca Empresas,abanca_emp,EUR,2024-10-16 14:43:59
PRODUCT_03938,COMP_1018,CHECKING_04,checking,Other (customer-defined),custom,CHF,2025-12-01 16:56:59
PRODUCT_03939,COMP_1165,CHECKING_03,checking,BBVA Net Cash Empresas,bbva_emp,EUR,2024-12-11 11:59:40
PRODUCT_03940,COMP_0324,CHECKING_07,checking,Caixabank Empresas,caixa_emp,EUR,2026-04-20 12:45:09
PRODUCT_03941,COMP_0743,CHECKING_03,checking,Revolut,revolut,USD,2025-10-20 08:22:45
PRODUCT_03942,COMP_0786,CHECKING_03,checking,Banca March,bancamarch,EUR,2026-05-11 11:44:08
PRODUCT_03944,COMP_0912,CARD_02,card,Banco Santander Empresas,santander_emp,EUR,2026-03-27 09:28:26
PRODUCT_03945,COMP_0649,CHECKING_02,checking,Bankinter,bankinter_emp,EUR,2023-08-31 12:32:09
PRODUCT_03946,COMP_0790,CHECKING_04,checking,Stripe,stripe,EUR,2026-07-17 11:27:08
PRODUCT_03950,COMP_0271,CHECKING_11,checking,iberCaja,ibercaja,EUR,2026-04-20 15:35:55
PRODUCT_03954,COMP_0727,CHECKING_06,checking,Revolut,revolut,GBP,2025-12-11 14:42:28
PRODUCT_03956,COMP_0600,CHECKING_03,checking,Bankinter Empresas,bankinter_emp,EUR,2025-03-10 12:23:09
PRODUCT_03957,COMP_0909,INVESTMENT_06,investment,Banco Santander,santander_emp,EUR,2026-06-08 07:43:38
PRODUCT_03958,COMP_0050,CHECKING_02,checking,Bank of America,ins_127989,USD,2025-11-03 12:19:26
PRODUCT_03959,COMP_0301,CHECKING_07,checking,TransferWise,transferwise_es,AUD,2026-03-04 10:28:10
PRODUCT_03960,COMP_0051,CHECKING_02,checking,Payhawk,payhawk,EUR,2024-10-28 11:24:07
PRODUCT_03961,COMP_0855,INVESTMENT_02,investment,Caixabank Empresas,caixa_emp,EUR,2026-08-19 12:26:52
PRODUCT_03962,COMP_0205,SAVING_01,saving,Bank of America,ins_127989,USD,2025-09-24 13:40:32
PRODUCT_03963,COMP_1234,CHECKING_02,checking,BBVA Net Cash Empresas,bbva_emp,EUR,2024-09-18 09:20:06
PRODUCT_03964,COMP_1112,CHECKING_01,checking,Erste Bank and Sparkasse,erstebank_at,EUR,2025-07-31 14:03:59
PRODUCT_03965,COMP_0988,CARD_12,card,Caixabank Empresas,caixa_emp,EUR,2026-03-03 12:11:50
PRODUCT_03966,COMP_1153,CHECKING_01,checking,Other (customer-defined),custom,EUR,2024-08-19 14:29:31
PRODUCT_03967,COMP_0282,EXPENSESPLATFORM_07,expensesPlatform,Caixabank,caixa_emp,EUR,2024-02-19 10:45:26
PRODUCT_03968,COMP_0642,CHECKING_01,checking,BBVA Net Cash Empresas,bbva_emp,EUR,2025-07-29 18:04:01
PRODUCT_03969,COMP_1167,CHECKING_03,checking,Kutxabank,kutxabank_emp,EUR,2024-07-15 12:42:05
PRODUCT_03971,COMP_0047,INVESTMENT_05,investment,BBVA Net Cash Empresas,bbva_emp,EUR,2026-06-01 09:01:21
PRODUCT_03972,COMP_1127,CHECKING_04,checking,Kutxabank Empresas,kutxabank_emp,EUR,2025-03-21 08:50:54
PRODUCT_03973,COMP_1124,CHECKING_04,checking,Caixabank Empresas,caixa_emp,EUR,2025-04-01 14:32:38
PRODUCT_03974,COMP_0956,CARD_17,card,Caixabank Empresas,caixa_emp,EUR,2026-04-29 14:49:43
PRODUCT_03976,COMP_0158,CHECKING_02,checking,HSBC Bank (USA) - HSBCnet,ins_136937,USD,2026-04-09 13:52:22
PRODUCT_03977,COMP_0130,CHECKING_03,checking,Caixabank Empresas,caixa_emp,EUR,2024-12-27 12:23:57
PRODUCT_03978,COMP_0845,CHECKING_02,checking,Banco Santander Empresas,santander_emp,EUR,2025-01-22 09:31:24
PRODUCT_03980,COMP_0616,CHECKING_04,checking,BBVA,bbva_emp,EUR,2024-07-05 07:25:48
PRODUCT_03981,COMP_0336,CHECKING_02,checking,Barclays Corporate,barclays_corporate,GBP,2025-06-12 09:38:58
PRODUCT_03982,COMP_0326,CHECKING_03,checking,BBVA Net Cash Empresas,bbva_emp,EUR,2026-03-19 10:36:24
PRODUCT_03983,COMP_0238,CHECKING_03,checking,Laboral Kutxa Empresas,cajalaboral_emp,EUR,2026-02-17 08:59:24
PRODUCT_03984,COMP_1092,CARD_02,card,Caixabank Empresas,caixa_emp,EUR,2026-03-04 07:58:17
PRODUCT_03985,COMP_0344,CHECKING_02,checking,Barclays Corporate,barclays_corporate,GBP,2025-06-12 09:26:11
PRODUCT_03987,COMP_1090,CHECKING_02,checking,Caixabank Empresas,caixa_emp,EUR,2026-03-09 09:37:51
PRODUCT_03988,COMP_0007,CHECKING_06,checking,Unicaja Empresas,unicaja_emp,EUR,2026-03-11 08:06:33
PRODUCT_03989,COMP_0986,CHECKING_01,checking,Revolut EU,revolut,EUR,2026-06-23 10:05:37
PRODUCT_03990,COMP_0109,CHECKING_03,checking,BANCO BPI SA,banco-bpi-sa,EUR,2025-06-10 14:31:31
PRODUCT_03992,COMP_0644,CARD_01,card,Caixabank Empresas,caixa_emp,EUR,2026-03-03 12:33:17
PRODUCT_03994,COMP_1086,CHECKING_07,checking,Banco Santander,santander_emp,EUR,2023-11-01 10:46:50
PRODUCT_03995,COMP_0282,CHECKING_05,checking,Caixabank,caixa_emp,EUR,2024-02-19 10:45:26
PRODUCT_03996,COMP_0487,CHECKING_03,checking,BBVA Net Cash Empresas,bbva_emp_co,COP,2025-09-16 10:20:25
PRODUCT_03997,COMP_0933,CHECKING_03,checking,HSBC Corporate,hsbccorporate,USD,2026-02-10 17:48:52
PRODUCT_04000,COMP_0944,CHECKING_02,checking,Banco Sabadell Empresas,sabadell_emp,EUR,2026-04-07 07:20:54
PRODUCT_04001,COMP_0480,CHECKING_05,checking,BANKINTER SA - SUCURSAL EM PORTUGAL,bankinter-sa-sucursal-em-portugal,EUR,2024-07-11 12:26:36
PRODUCT_04002,COMP_1082,CHECKING_04,checking,Other (customer-defined),custom,EUR,2025-01-15 10:48:55
PRODUCT_04004,COMP_0190,CHECKING_03,checking,Payhawk,payhawk,EUR,2025-12-16 10:12:57
PRODUCT_04006,COMP_0713,CARD_13,card,Caixabank Empresas,caixa_emp,EUR,2025-03-24 15:08:03
PRODUCT_04007,COMP_1029,CHECKING_02,checking,Banco Santander,santander_emp,EUR,2023-09-14 09:51:41
PRODUCT_04008,COMP_0058,CHECKING_07,checking,Banco Santander Empresas,santander_emp,USD,2026-04-06 17:05:15
PRODUCT_04011,COMP_0598,CHECKING_04,checking,Bankinter Empresas,bankinter_emp,EUR,2026-07-13 16:02:05
PRODUCT_04012,COMP_1242,CHECKING_02,checking,Payhawk,payhawk,EUR,2026-03-03 10:50:48
PRODUCT_04013,COMP_0433,CHECKING_03,checking,Banco Sabadell T. sec - CAL Empresas,sabadell_emp_sec,EUR,2025-03-25 11:51:45
PRODUCT_04015,COMP_0919,CHECKING_12,checking,BBVA Net Cash Empresas,bbva_emp,USD,2025-11-03 10:46:24
PRODUCT_04016,COMP_0087,CHECKING_05,checking,Banco Santander Empresas,santander_emp,EUR,2024-10-15 11:02:08
PRODUCT_04017,COMP_1187,CHECKING_10,checking,Banking Circle GLOBAL,bc,USD,2026-02-06 11:23:36
PRODUCT_04018,COMP_0773,CHECKING_11,checking,Caixabank,caixa_emp,EUR,2025-02-11 09:38:14
PRODUCT_04019,COMP_0951,CHECKING_03,checking,BBVA,bbva_emp,USD,2024-02-09 12:41:51
PRODUCT_04020,COMP_0028,CHECKING_02,checking,Caixabank,caixa_emp,EUR,2024-02-19 15:12:05
PRODUCT_04021,COMP_0255,CHECKING_03,checking,Banco Sabadell Empresas,sabadell_emp,EUR,2026-03-23 15:22:50
PRODUCT_04022,COMP_1272,CHECKING_08,checking,Abanca Empresas,abanca_emp,EUR,2026-03-05 12:24:47
PRODUCT_04023,COMP_0603,CHECKING_03,checking,Banco Sabadell Empresas,sabadell_emp,EUR,2026-03-18 14:45:03
PRODUCT_04025,COMP_0411,CHECKING_05,checking,Laboral Kutxa,cajalaboral_emp,EUR,2023-05-29 08:10:48
PRODUCT_04026,COMP_0802,CHECKING_06,checking,Caixabank Empresas,caixa_emp,EUR,2025-10-14 11:26:36
PRODUCT_04027,COMP_0474,CHECKING_02,checking,Banco Santander,santander_emp,EUR,2024-05-10 09:49:20
PRODUCT_04028,COMP_1072,CHECKING_05,checking,BBVA Net Cash Empresas,bbva_emp,EUR,2026-03-16 12:20:44
PRODUCT_04030,COMP_1168,CHECKING_01,checking,Caixabank Empresas,caixa_emp,EUR,2024-11-26 14:40:30
PRODUCT_04031,COMP_1268,CHECKING_05,checking,Bankinter Empresas,bankinter_emp,EUR,2026-04-29 11:39:10
PRODUCT_04032,COMP_0072,CHECKING_01,checking,HSBC Corporate,hsbccorporate,EUR,2026-03-19 12:44:58
PRODUCT_04033,COMP_0269,CHECKING_05,checking,BANCO SANTANDER TOTTA SA,banco-santander-totta-sa,USD,2025-04-04 11:51:44
PRODUCT_04034,COMP_0342,CHECKING_04,checking,Caixabank Empresas,caixa_emp,EUR,2024-12-17 11:39:29
PRODUCT_04035,COMP_0856,CHECKING_08,checking,Paypal,paypal,SEK,2024-11-13 14:18:49
PRODUCT_04036,COMP_1159,CHECKING_04,checking,Banco Sabadell Empresas,sabadell_emp,EUR,2025-09-08 10:11:41
PRODUCT_04037,COMP_1006,CHECKING_02,checking,Banca March,bancamarch,EUR,2024-02-15 14:30:25
PRODUCT_04038,COMP_0028,CHECKING_03,checking,Paypal,paypal,EUR,2024-02-19 15:32:43
PRODUCT_04039,COMP_1026,CHECKING_01,checking,Banco Santander Empresas,santander_emp,EUR,2026-04-20 12:41:09
PRODUCT_04040,COMP_0912,CHECKING_04,checking,BBVA Net Cash Empresas,bbva_emp,EUR,2025-12-10 12:24:33
PRODUCT_04041,COMP_0202,CHECKING_01,checking,Other (customer-defined),custom,AED,2025-12-03 12:34:39
PRODUCT_04043,COMP_0982,CHECKING_04,checking,Wise,transferwise,USD,2026-03-03 11:09:48
PRODUCT_04044,COMP_1036,INVESTMENT_03,investment,Banco Sabadell Empresas,sabadell_emp,EUR,2026-07-13 12:17:42
PRODUCT_04045,COMP_0749,CHECKING_02,checking,BNP Paribas - Fortis Corporate,fortis-corporate_be,EUR,2026-04-27 11:48:35
PRODUCT_04047,COMP_0735,CHECKING_01,checking,Banco Santander Empresas,santander_emp,EUR,2025-03-06 15:44:00
PRODUCT_04048,COMP_1108,CHECKING_02,checking,Danske Bank Business Denmark,danskebankbusiness_dk,DKK,2026-03-09 13:04:47
PRODUCT_04049,COMP_0912,CARD_03,card,Banco Santander Empresas,santander_emp,EUR,2026-03-27 09:28:26
PRODUCT_04051,COMP_0517,CHECKING_03,checking,BBVA Net Cash Empresas,bbva_emp,EUR,2025-12-18 12:06:44
PRODUCT_04052,COMP_0639,CHECKING_08,checking,Banco Santander Empresas,santander_emp,EUR,2022-11-17 14:07:18
PRODUCT_04053,COMP_0402,CHECKING_04,checking,BBVA Net Cash Empresas,bbva_emp,EUR,2025-07-29 11:12:22
PRODUCT_04054,COMP_0590,CHECKING_02,checking,Banco Santander Empresas,santander_emp,EUR,2025-12-12 09:44:12
PRODUCT_04057,COMP_0872,CHECKING_01,checking,Banca March,bancamarch,EUR,2026-03-04 08:51:47
PRODUCT_04058,COMP_0248,CHECKING_05,checking,BBVA Net Cash Empresas,bbva_emp,EUR,2025-11-03 11:30:16
PRODUCT_04062,COMP_0602,CHECKING_02,checking,Caixabank Empresas,caixa_emp,EUR,2025-03-17 17:14:34
PRODUCT_04063,COMP_0852,CHECKING_03,checking,Paypal,paypal,USD,2026-06-02 12:12:40
PRODUCT_04065,COMP_0406,CHECKING_04,checking,Banco Santander Empresas,santander_emp,USD,2026-03-27 10:40:11
PRODUCT_04066,COMP_0686,CHECKING_03,checking,Embat Payments,embatpayments,EUR,2024-06-26 13:52:22
PRODUCT_04067,COMP_1198,CHECKING_03,checking,Stripe,stripe,USD,2025-04-11 07:20:17
PRODUCT_04068,COMP_0011,CHECKING_02,checking,Banco Sabadell Empresas,sabadell_emp,EUR,2026-02-19 09:14:20
PRODUCT_04069,COMP_1038,CHECKING_05,checking,BBVA Net Cash Empresas,bbva_emp,EUR,2025-09-09 11:47:00
PRODUCT_04072,COMP_0693,CHECKING_06,checking,Banca March,bancamarch,EUR,2026-03-02 10:08:50
PRODUCT_04073,COMP_0947,CHECKING_03,checking,Caixabank,caixa_emp,EUR,2023-05-25 05:17:01
PRODUCT_04074,COMP_0124,CHECKING_02,checking,Caixabank Empresas,caixa_emp,EUR,2026-05-26 15:42:03
PRODUCT_04075,COMP_0959,CHECKING_02,checking,BBVA Empresas Peru Empresas,bbva_emp_pe,USD,2024-11-28 17:06:53
PRODUCT_04076,COMP_0651,TPV_02,tpv,Redsys,redsys,EUR,2025-09-22 13:36:27
PRODUCT_04078,COMP_0252,CHECKING_25,checking,Vereinigte Volksbank Raiffeisenbank eG,volksbank-hunsrueck-nahe,EUR,2026-03-19 10:36:41
PRODUCT_04079,COMP_0856,CHECKING_09,checking,Paypal,paypal,MXN,2024-11-13 14:18:49
PRODUCT_04080,COMP_1149,INVESTMENT_07,investment,Deutsche Bank Empresas,deutschebank_emp,EUR,2025-09-30 11:35:43
PRODUCT_04083,COMP_0984,CHECKING_02,checking,Other (customer-defined),custom,EUR,2025-04-04 08:35:18
PRODUCT_04084,COMP_0215,CHECKING_03,checking,Bankinter Empresas,bankinter_emp,EUR,2026-03-02 14:42:22
PRODUCT_04085,COMP_0200,CHECKING_02,checking,Banca March,bancamarch,EUR,2025-10-30 16:55:24
PRODUCT_04086,COMP_0043,CHECKING_01,checking,Abanca Empresas,abanca_emp,EUR,2026-02-27 09:58:48
PRODUCT_04088,COMP_0817,CHECKING_04,checking,Caixabank,caixa_emp,EUR,2023-07-19 08:29:28
PRODUCT_04089,COMP_0282,CHECKING_06,checking,Caixabank,caixa_emp,EUR,2024-02-19 10:45:26
PRODUCT_04090,COMP_0651,TPV_03,tpv,Redsys,redsys,EUR,2025-09-22 13:44:14
PRODUCT_04091,COMP_0062,CHECKING_02,checking,BBVA Net Cash Empresas,bbva_emp,EUR,2025-12-18 12:06:44
PRODUCT_04094,COMP_0893,CHECKING_04,checking,BBVA Net Cash Empresas,bbva_emp,EUR,2026-03-05 10:56:42
PRODUCT_04095,COMP_0783,CHECKING_03,checking,HSBC Corporate,hsbccorporate,GBP,2026-03-03 13:40:50
PRODUCT_04098,COMP_1067,CHECKING_10,checking,Other (customer-defined),custom,AUD,2025-06-07 13:11:38
PRODUCT_04099,COMP_0832,CHECKING_08,checking,Bankinter Empresas,bankinter_emp,EUR,2026-01-09 09:41:57
PRODUCT_04100,COMP_1200,CHECKING_02,checking,Caixabank Empresas,caixa_emp,EUR,2026-04-20 14:49:36
PRODUCT_04104,COMP_1279,CHECKING_06,checking,Bankinter,bankinter_emp,EUR,2024-03-11 11:53:30
PRODUCT_04106,COMP_0280,CHECKING_01,checking,HSBC Corporate,hsbccorporate,GBP,2026-07-14 11:35:25
PRODUCT_04108,COMP_0087,CARD_07,card,Abanca Empresas,abanca_emp,EUR,2024-10-17 15:51:23
PRODUCT_04109,COMP_1279,CHECKING_07,checking,BBVA,bbva_emp,EUR,2024-03-11 11:08:52
PRODUCT_04111,COMP_0751,CARD_01,card,Banco Sabadell Empresas,sabadell_emp,EUR,2025-09-04 13:42:21
PRODUCT_04112,COMP_0340,CHECKING_02,checking,Caixabank,caixa_emp,EUR,2023-08-23 09:18:11
PRODUCT_04113,COMP_0101,CARD_02,card,Banco Sabadell Empresas,sabadell_emp,EUR,2024-12-11 14:19:31
PRODUCT_04118,COMP_0806,CHECKING_06,checking,Revolut,revolut,GBP,2025-09-04 10:32:04
PRODUCT_04119,COMP_1095,CHECKING_02,checking,Banco Sabadell Empresas,sabadell_emp,EUR,2025-05-15 07:48:08
PRODUCT_04120,COMP_0634,CHECKING_02,checking,Revolut EU,revolut,EUR,2026-01-26 15:23:41
PRODUCT_04121,COMP_1130,CHECKING_03,checking,Banco Santander,santander_emp,USD,2025-05-21 09:44:37
PRODUCT_04123,COMP_0471,CHECKING_10,checking,BBVA,bbva_emp,EUR,2024-01-31 11:03:10
PRODUCT_04124,COMP_0411,CHECKING_06,checking,Banco Sabadell,sabadell_emp,EUR,2023-05-29 07:57:17
PRODUCT_04125,COMP_0518,CHECKING_05,checking,Payoneer - EU,payoneer,EUR,2024-11-13 09:18:13
PRODUCT_04126,COMP_0502,CHECKING_02,checking,Qonto,qonto,EUR,2026-02-04 16:06:04
PRODUCT_04127,COMP_0381,CHECKING_02,checking,Caixabank Empresas,caixa_emp,EUR,2024-12-27 12:01:16
PRODUCT_04128,COMP_0803,CARD_10,card,BBVA Net Cash Empresas,bbva_emp,EUR,2024-11-13 09:43:48
PRODUCT_04129,COMP_0614,CHECKING_03,checking,BBVA Net Cash Empresas,bbva_emp,EUR,2024-10-29 09:00:30
PRODUCT_04130,COMP_0113,CHECKING_02,checking,Banco Santander Empresas,santander_emp,EUR,2026-04-08 08:36:11
PRODUCT_04131,COMP_0361,CHECKING_08,checking,Paypal,paypal,DKK,2023-08-28 08:41:44
PRODUCT_04132,COMP_0657,CHECKING_02,checking,Banco Santander Empresas,santander_emp,EUR,2025-05-02 10:27:24
PRODUCT_04133,COMP_1178,CHECKING_03,checking,Banco Santander Empresas,santander_emp,EUR,2024-09-25 07:40:16
PRODUCT_04134,COMP_0747,CHECKING_04,checking,Caixabank Empresas,caixa_emp,EUR,2025-05-22 15:15:22
PRODUCT_04135,COMP_0137,CHECKING_03,checking,Banco Santander Empresas,santander_emp,EUR,2025-04-04 10:39:46
PRODUCT_04136,COMP_0007,LINEOFCOMEX_03,lineofcomex,Banco Sabadell T. sec - CAL Empresas,sabadell_emp_sec,EUR,2026-03-11 08:04:50
PRODUCT_04138,COMP_0630,CARD_18,card,Caixabank Empresas,caixa_emp,EUR,2026-02-13 10:38:01
PRODUCT_04141,COMP_0721,CHECKING_06,checking,Bankinter Empresas,bankinter_emp,EUR,2025-03-11 08:45:31
PRODUCT_04142,COMP_0409,CHECKING_05,checking,Other (customer-defined),custom,BAM,2026-07-15 09:16:06
PRODUCT_04143,COMP_1093,CHECKING_05,checking,Caixabank Empresas,caixa_emp,EUR,2025-03-06 16:06:38
PRODUCT_04144,COMP_1067,CHECKING_11,checking,Other (customer-defined),custom,CAD,2025-06-07 13:30:45
PRODUCT_04146,COMP_0912,CARD_04,card,Banco Santander Empresas,santander_emp,EUR,2026-03-27 09:28:26
PRODUCT_04150,COMP_0324,CHECKING_08,checking,Caixabank Empresas,caixa_emp,EUR,2026-04-20 12:45:09
PRODUCT_04151,COMP_0280,CHECKING_02,checking,HSBC Corporate,hsbccorporate,EUR,2026-07-14 11:37:46
PRODUCT_04152,COMP_0444,CARD_11,card,Banco Sabadell Empresas,sabadell_emp,EUR,2026-03-13 12:08:09
PRODUCT_04153,COMP_0058,CARD_02,card,BBVA Net Cash Empresas,bbva_emp,EUR,2026-04-06 15:55:12
PRODUCT_04154,COMP_0371,CHECKING_01,checking,BNP Paribas - Corporate,mabanque-corporate,EUR,2026-03-02 10:43:09
PRODUCT_04155,COMP_0505,CHECKING_04,checking,Caixabank Empresas,caixa_emp,USD,2026-07-13 06:25:15
PRODUCT_04156,COMP_0059,CHECKING_05,checking,Citibank Empresas GLOBAL,citi,GBP,2025-11-11 15:20:31
PRODUCT_04157,COMP_0063,CHECKING_01,checking,Bankinter Empresas,bankinter_emp,EUR,2026-02-26 17:10:46
PRODUCT_04158,COMP_1209,CHECKING_03,checking,BBVA Net Cash Empresas,bbva_emp,EUR,2024-12-03 12:21:05
PRODUCT_04160,COMP_0733,CHECKING_03,checking,Caixabank,caixa,EUR,2025-05-06 11:25:55
PRODUCT_04161,COMP_0982,CARD_08,card,Caixabank Empresas,caixa_emp,EUR,2025-03-25 10:07:20
PRODUCT_04162,COMP_0238,CHECKING_04,checking,Banco Santander Empresas,santander_emp,EUR,2026-02-17 08:52:23
PRODUCT_04164,COMP_0565,CHECKING_01,checking,Caixabank Empresas,caixa_emp,EUR,2025-10-07 11:29:33
PRODUCT_04165,COMP_0623,CHECKING_09,checking,iberCaja,ibercaja,EUR,2025-04-24 09:02:31
PRODUCT_04166,COMP_0233,CHECKING_05,checking,Scotiabank Empresas Chile Empresas,scotiabank_emp_cl,EUR,2025-08-14 08:39:46
PRODUCT_04167,COMP_1196,CHECKING_01,checking,Banco Santander Empresas,santander_emp,EUR,2025-01-22 09:31:24
PRODUCT_04168,COMP_0152,CHECKING_01,checking,Banco Santander Empresas,santander_emp,EUR,2024-11-26 14:56:43
PRODUCT_04172,COMP_1036,CARD_03,card,Caixabank Empresas,caixa_emp,EUR,2026-07-13 10:40:02
PRODUCT_04173,COMP_0630,CARD_19,card,Caixabank Empresas,caixa_emp,EUR,2026-02-13 10:38:01
PRODUCT_04175,COMP_1042,CHECKING_03,checking,Banco Santander,santander,EUR,2024-03-01 15:46:37
PRODUCT_04177,COMP_1016,CARD_22,card,Caixabank Empresas,caixa_emp,EUR,2026-03-20 13:16:26
PRODUCT_04178,COMP_0617,CHECKING_01,checking,Other (customer-defined),custom,USD,2025-12-22 16:16:24
PRODUCT_04179,COMP_0322,CHECKING_03,checking,BBVA Net Cash Empresas,bbva_emp,EUR,2024-12-11 11:59:40
PRODUCT_04180,COMP_0254,CHECKING_02,checking,Caixabank,caixa_emp,EUR,2023-05-29 08:13:33
PRODUCT_04181,COMP_1012,CHECKING_03,checking,Caixabank,caixa,EUR,2026-01-22 14:45:26
PRODUCT_04182,COMP_0083,CHECKING_04,checking,Caixabank Empresas,caixa_emp,USD,2026-03-24 11:51:27
PRODUCT_04183,COMP_0491,CHECKING_05,checking,Banco Caminos,bancocaminos,EUR,2024-11-14 12:59:47
PRODUCT_04184,COMP_0626,CHECKING_05,checking,Caixabank,caixa_emp,EUR,2023-03-24 11:17:35
PRODUCT_04186,COMP_0563,CHECKING_03,checking,Banca March,bancamarch,EUR,2025-03-06 16:11:24
PRODUCT_04188,COMP_0837,CHECKING_17,checking,Deutsche Bank (ES) - Empresas,ins_127317,EUR,2026-04-27 08:14:02
PRODUCT_04189,COMP_0597,CHECKING_04,checking,Cajamar,cajamar,EUR,2025-10-30 09:05:46
PRODUCT_04192,COMP_0341,CHECKING_05,checking,Caixabank,caixa_emp,USD,2024-08-08 13:20:57
PRODUCT_04194,COMP_0347,CHECKING_03,checking,Banco Santander Empresas,santander_emp,EUR,2026-01-13 15:57:29
PRODUCT_04195,COMP_0734,CHECKING_02,checking,LBBW,bw-bank,EUR,2026-08-10 16:21:53
PRODUCT_04196,COMP_1026,CHECKING_02,checking,Bankinter Empresas,bankinter_emp,EUR,2026-04-20 12:05:53
PRODUCT_04201,COMP_0623,CHECKING_10,checking,Banco Santander Empresas,santander_emp,EUR,2025-04-09 10:27:32
PRODUCT_04202,COMP_1135,CHECKING_07,checking,Banco Sabadell Empresas,sabadell_emp,EUR,2026-05-29 06:46:24
PRODUCT_04203,COMP_0070,CHECKING_04,checking,BBVA Net Cash Empresas,bbva_emp,EUR,2025-11-03 10:46:24
PRODUCT_04206,COMP_0957,CHECKING_03,checking,BBVA Net Cash Empresas,bbva_emp,EUR,2026-05-14 11:12:08
PRODUCT_04207,COMP_0354,CARD_01,card,Bankinter,bankinter_emp,EUR,2024-04-04 10:41:14
PRODUCT_04208,COMP_0912,CHECKING_05,checking,Abanca Empresas,abanca_emp,USD,2025-12-10 12:05:51
PRODUCT_04210,COMP_0951,CHECKING_04,checking,Payoneer - EU,payoneer,GBP,2025-08-06 12:17:37
PRODUCT_04212,COMP_0252,CHECKING_26,checking,Banking Circle GLOBAL,bc,NOK,2026-05-18 10:12:44
PRODUCT_04213,COMP_0048,CHECKING_01,checking,Banco Sabadell Empresas,sabadell_emp,EUR,2026-05-12 14:09:59
PRODUCT_04214,COMP_0638,CHECKING_02,checking,Kutxabank Empresas,kutxabank_emp,EUR,2024-12-11 12:31:42
PRODUCT_04216,COMP_0542,CARD_01,card,Caixabank Empresas,caixa_emp,EUR,2025-03-24 15:28:24
PRODUCT_04217,COMP_1165,CHECKING_04,checking,Banco Sabadell Empresas,sabadell_emp,EUR,2024-12-11 14:19:31
PRODUCT_04219,COMP_0047,CHECKING_04,checking,Deutsche Bank Empresas,deutschebank_emp,EUR,2025-09-09 12:32:06
PRODUCT_04220,COMP_0604,CHECKING_08,checking,Banco Santander Empresas,santander_emp,EUR,2024-10-23 11:47:27
PRODUCT_04222,COMP_0680,CHECKING_05,checking,Paypal,paypal,USD,2026-01-07 13:22:48
PRODUCT_04224,COMP_0310,CHECKING_02,checking,Caixabank,caixa_emp,EUR,2023-05-29 08:19:12
PRODUCT_04225,COMP_0637,CHECKING_02,checking,Other (customer-defined),custom,EUR,2024-03-15 10:33:18
PRODUCT_04226,COMP_1254,WALLET_01,wallet,Embat,embat,EUR,2025-12-29 12:26:30
PRODUCT_04227,COMP_0540,CHECKING_02,checking,BBVA Net Cash Empresas,bbva_emp,EUR,2026-03-17 17:17:14
PRODUCT_04228,COMP_0858,CHECKING_02,checking,Banco Santander Empresas,santander_emp,EUR,2026-03-17 16:50:28
PRODUCT_04229,COMP_1067,CHECKING_12,checking,Other (customer-defined),custom,NZD,2025-06-07 13:10:54
PRODUCT_04230,COMP_0958,CHECKING_03,checking,Caixabank Empresas,caixa_emp,EUR,2025-03-07 11:48:46
PRODUCT_04231,COMP_1169,CHECKING_07,checking,Caixabank Empresas,caixa_emp,EUR,2025-11-03 12:48:38
PRODUCT_04232,COMP_0695,CHECKING_04,checking,Banca Credito Italiano (UniCredit),unicredit,EUR,2024-06-25 14:13:36
PRODUCT_04235,COMP_0406,CHECKING_05,checking,Banco Santander Empresas,santander_emp,EUR,2026-03-27 10:40:11
PRODUCT_04238,COMP_0137,CHECKING_04,checking,Banco Santander Empresas,santander_emp,EUR,2025-04-04 10:39:46
PRODUCT_04239,COMP_0480,CHECKING_06,checking,NOVO BANCO SA,novo-banco-sa,EUR,2024-11-19 17:58:25
PRODUCT_04240,COMP_0604,CHECKING_09,checking,Banca March,bancamarch,EUR,2026-07-27 05:38:27
PRODUCT_04243,COMP_0696,CHECKING_05,checking,Abanca,abanca_emp,EUR,2024-07-18 11:26:46
PRODUCT_04244,COMP_0855,CHECKING_07,checking,RuralVia Empresas,ruralvia_emp,USD,2026-09-03 11:16:13
PRODUCT_04245,COMP_0803,CARD_11,card,Banco Santander,santander_emp,EUR,2023-10-23 10:45:54
PRODUCT_04247,COMP_0317,CHECKING_01,checking,Eurobank,eurobank,EUR,2025-09-03 13:40:20
PRODUCT_04248,COMP_0303,CHECKING_03,checking,Banco Sabadell Empresas,sabadell_emp,EUR,2026-03-18 14:45:03
PRODUCT_04249,COMP_1016,CARD_23,card,Globalcaja,ruralvia_globalcaja,EUR,2026-03-20 12:54:26
PRODUCT_04250,COMP_0586,CHECKING_02,checking,Banco Santander Empresas,santander_emp,EUR,2026-04-08 15:05:18
PRODUCT_04251,COMP_1038,INVESTMENT_07,investment,Cajamar,cajamar,EUR,2025-09-09 11:51:05
PRODUCT_04252,COMP_0745,CHECKING_03,checking,Laboral Kutxa Empresas,cajalaboral_emp,EUR,2026-02-25 16:18:40
PRODUCT_04253,COMP_0982,CARD_09,card,Caixabank Empresas,caixa_emp,EUR,2025-03-25 10:07:20
PRODUCT_04254,COMP_0483,CHECKING_03,checking,iberCaja,ibercaja,EUR,2025-04-09 13:16:36
PRODUCT_04255,COMP_0682,CHECKING_01,checking,Banco Santander Empresas,santander_emp,EUR,2025-03-06 15:44:00
PRODUCT_04256,COMP_0252,CHECKING_27,checking,Vereinigte Volksbank Raiffeisenbank eG,volksbank-hunsrueck-nahe,EUR,2026-03-19 10:35:20
PRODUCT_04258,COMP_0185,CHECKING_07,checking,Bankinter Empresas,bankinter_emp,USD,2026-06-23 11:32:27
PRODUCT_04259,COMP_0761,CHECKING_02,checking,Barclays Corporate,barclays_corporate,USD,2025-09-26 07:45:08
PRODUCT_04260,COMP_0950,CHECKING_02,checking,Unicaja,unicaja_emp,EUR,2024-02-05 09:30:22
PRODUCT_04261,COMP_0252,CHECKING_28,checking,Banking Circle GLOBAL,bc,DKK,2026-02-27 12:26:34
PRODUCT_04262,COMP_1035,CHECKING_03,checking,Bankinter Empresas,bankinter_emp,EUR,2025-04-01 14:12:33
PRODUCT_04263,COMP_0570,CHECKING_02,checking,Banco Sabadell Empresas,sabadell_emp,EUR,2026-04-07 09:30:25
PRODUCT_04264,COMP_0349,CHECKING_01,checking,Citibank Empresas GLOBAL,citi,USD,2025-11-11 16:32:34
PRODUCT_04265,COMP_0460,CHECKING_07,checking,Stripe,stripe,GBP,2023-08-25 11:59:54
PRODUCT_04266,COMP_0612,CHECKING_05,checking,Caixabank,caixa_emp,USD,2024-02-09 12:13:48
PRODUCT_04267,COMP_0229,CHECKING_01,checking,Banco Santander Empresas,santander_emp,EUR,2024-11-06 14:05:44
PRODUCT_04268,COMP_0276,CHECKING_05,checking,Other (customer-defined),custom,AOA,2026-03-11 12:32:25
PRODUCT_04269,COMP_0073,CHECKING_04,checking,Revolut,revolut,GBP,2024-11-13 08:55:57
PRODUCT_04271,COMP_0124,CARD_02,card,Banco Santander Empresas,santander_emp,EUR,2026-05-27 13:50:00
PRODUCT_04272,COMP_0388,CHECKING_05,checking,Caixabank,caixa_emp,EUR,2024-02-19 10:40:31
PRODUCT_04273,COMP_0101,CHECKING_07,checking,Banco Sabadell Empresas,sabadell_emp,EUR,2024-12-11 14:19:31
PRODUCT_04274,COMP_0994,CHECKING_05,checking,Cajamar,cajamar,EUR,2024-11-26 13:23:52
PRODUCT_04277,COMP_0792,CHECKING_06,checking,Bankinter Empresas,bankinter_emp,EUR,2026-03-02 15:22:37
PRODUCT_04278,COMP_1231,CHECKING_02,checking,Bankinter Empresas,bankinter_emp,EUR,2025-11-04 15:05:38
PRODUCT_04280,COMP_0444,CARD_12,card,Banco Sabadell Empresas,sabadell_emp,EUR,2026-03-13 12:08:09
PRODUCT_04283,COMP_0970,CHECKING_05,checking,Banco Sabadell Empresas,sabadell_emp,EUR,2026-02-26 17:21:40
PRODUCT_04284,COMP_0624,CHECKING_02,checking,Banco BPI,bbpi,EUR,2023-11-06 15:46:34
PRODUCT_04285,COMP_0265,CHECKING_05,checking,Revolut,revolut,GBP,2026-07-14 09:25:36
PRODUCT_04286,COMP_0151,CHECKING_02,checking,Banco Santander Empresas,santander_emp,EUR,2024-11-06 14:05:44
PRODUCT_04287,COMP_0623,CHECKING_11,checking,Banco Santander Empresas,santander_emp,EUR,2025-04-09 10:27:32
PRODUCT_04289,COMP_0808,CHECKING_04,checking,Revolut,revolut,GBP,2023-11-07 17:15:06
PRODUCT_04290,COMP_0293,CHECKING_02,checking,Banco Sabadell,sabadell_emp,EUR,2024-05-21 15:04:32
PRODUCT_04292,COMP_0909,CHECKING_13,checking,Caixabank Empresas,caixa_emp,USD,2025-02-04 14:57:30
PRODUCT_04294,COMP_0850,CHECKING_03,checking,Banco Santander Empresas,santander_emp,EUR,2026-07-13 18:09:07
PRODUCT_04295,COMP_0825,CHECKING_02,checking,BBVA Net Cash Empresas,bbva_emp,EUR,2023-01-31 14:40:07
PRODUCT_04296,COMP_0969,CHECKING_05,checking,Banco Santander,santander_emp,EUR,2023-05-25 05:18:13
PRODUCT_04297,COMP_1020,CHECKING_02,checking,Banco Santander Empresas,santander_emp,EUR,2026-05-18 11:46:52
PRODUCT_04298,COMP_0803,CARD_12,card,BBVA,bbva_emp,EUR,2023-10-23 10:41:31
PRODUCT_04299,COMP_0127,CHECKING_01,checking,Other (customer-defined),custom,BRL,2026-05-06 14:50:31
PRODUCT_04301,COMP_0918,CHECKING_01,checking,Commerzbank AG,commerzbank,EUR,2025-11-13 16:08:47
PRODUCT_04302,COMP_0316,CHECKING_02,checking,Caixabank,caixa_emp,USD,2025-06-17 14:56:06
PRODUCT_04303,COMP_0366,CHECKING_03,checking,Eurobank,eurobank,EUR,2026-03-11 16:40:37
PRODUCT_04304,COMP_1053,CHECKING_10,checking,Banco Sabadell Empresas,sabadell_emp,EUR,2026-07-08 09:17:39
PRODUCT_04305,COMP_1182,CARD_07,card,Caixabank Empresas,caixa_emp,EUR,2025-03-12 12:42:23
PRODUCT_04306,COMP_0754,CHECKING_05,checking,Barclays Corporate,barclays_corporate,GBP,2025-06-12 09:22:21
PRODUCT_04307,COMP_0406,CHECKING_06,checking,Caixabank Empresas,caixa_emp,EUR,2026-03-27 10:42:41
PRODUCT_04308,COMP_0430,CHECKING_01,checking,Other (customer-defined),custom,EUR,2026-02-04 18:18:20
PRODUCT_04310,COMP_0137,CHECKING_05,checking,Banco Santander Empresas,santander_emp,EUR,2025-04-04 12:48:57
PRODUCT_04311,COMP_0739,CHECKING_03,checking,Caixabank,caixa_emp,EUR,2024-02-19 10:18:25
PRODUCT_04312,COMP_0859,CHECKING_02,checking,Other (customer-defined),custom,EUR,2024-04-24 14:55:17
PRODUCT_04313,COMP_1025,CHECKING_02,checking,Banco Santander Empresas,santander_emp,EUR,2026-01-22 14:34:53
PRODUCT_04314,COMP_0279,CHECKING_03,checking,BBVA Net Cash Empresas,bbva_emp,EUR,2024-07-30 12:32:15
PRODUCT_04317,COMP_1173,CHECKING_02,checking,Kutxabank Empresas,kutxabank_emp,EUR,2026-07-09 15:34:15
PRODUCT_04318,COMP_0682,CHECKING_02,checking,BBVA Net Cash Empresas,bbva_emp,EUR,2025-03-06 15:32:31
PRODUCT_04319,COMP_0077,CHECKING_01,checking,Banca March,bancamarch,EUR,2024-01-15 10:03:25
PRODUCT_04320,COMP_1206,CHECKING_02,checking,ING,ing,EUR,2025-08-01 11:59:59
PRODUCT_04321,COMP_1061,CHECKING_01,checking,Santander Totta Empresas Empresas,santander_emp_pt,EUR,2024-01-17 17:44:22
PRODUCT_04323,COMP_1002,CHECKING_01,checking,Banco Santander Empresas,santander_emp,EUR,2025-12-10 10:50:48
PRODUCT_04325,COMP_0040,CHECKING_06,checking,Banco Sabadell Empresas,sabadell_emp,EUR,2026-03-10 13:40:38
PRODUCT_04326,COMP_0216,CARD_02,card,Abanca Empresas,abanca_emp,EUR,2025-10-09 13:42:40
PRODUCT_04327,COMP_0580,CHECKING_03,checking,HSBC Corporate,hsbccorporate,EUR,2026-04-09 13:19:21
PRODUCT_04328,COMP_1061,CHECKING_02,checking,Caixabank Empresas,caixa_emp,EUR,2026-03-12 08:07:47
PRODUCT_04329,COMP_0651,CHECKING_06,checking,BBVA Net Cash Empresas,bbva_emp,EUR,2026-03-16 12:20:44
PRODUCT_04330,COMP_0236,CHECKING_04,checking,ING,ing,EUR,2026-04-27 12:08:01
PRODUCT_04331,COMP_1187,CHECKING_11,checking,Banking Circle GLOBAL,bc,EUR,2026-02-06 10:42:44
PRODUCT_04333,COMP_0909,CARD_11,card,Bankinter,bankinter_emp,EUR,2024-04-03 07:31:38
PRODUCT_04334,COMP_0004,CARD_05,card,Banco Santander Empresas,santander_emp,EUR,2026-02-25 09:39:18
PRODUCT_04335,COMP_0277,CARD_05,card,Caixabank Empresas,caixa_emp,EUR,2026-03-03 12:23:51
PRODUCT_04337,COMP_0692,CHECKING_06,checking,Barclays Business,barclays_business,GBP,2026-03-03 14:05:00
PRODUCT_04338,COMP_0376,CHECKING_15,checking,Banco Sabadell Empresas,sabadell_emp,EUR,2025-09-16 11:04:53
PRODUCT_04339,COMP_0347,CHECKING_04,checking,BBVA Net Cash Empresas,bbva_emp,EUR,2025-10-14 11:17:17
PRODUCT_04340,COMP_0023,CHECKING_01,checking,KBC Belgium,kbc_belgium,EUR,2025-05-29 07:03:58
PRODUCT_04341,COMP_0038,CHECKING_08,checking,iberCaja,ibercaja,EUR,2026-03-11 11:00:00
PRODUCT_04342,COMP_1008,CHECKING_03,checking,Santander (Corporate UK),santander-coporate_uk,GBP,2024-04-11 14:17:06
PRODUCT_04343,COMP_0028,CHECKING_04,checking,Caixabank,caixa_emp,USD,2024-02-19 15:12:05
PRODUCT_04344,COMP_0361,CHECKING_09,checking,Other (customer-defined),custom,DKK,2025-04-16 08:15:07
PRODUCT_04345,COMP_1282,CHECKING_06,checking,Other (customer-defined),custom,EUR,2024-04-10 07:45:44
PRODUCT_04346,COMP_1036,CHECKING_09,checking,iberCaja,ibercaja,EUR,2026-07-13 10:45:33
PRODUCT_04347,COMP_0065,CHECKING_03,checking,Bankinter Empresas,bankinter_emp,EUR,2025-09-26 07:49:53
PRODUCT_04348,COMP_0452,CHECKING_02,checking,Caixabank Empresas,caixa_emp,EUR,2025-03-17 13:48:14
PRODUCT_04350,COMP_0413,CHECKING_04,checking,Intesa Sanpaolo S.p.A - Corporate,intesa_sanpaolo_corporate,EUR,2026-03-12 08:20:52
PRODUCT_04352,COMP_0555,CHECKING_02,checking,Banco Santander Empresas,santander_emp,EUR,2025-02-10 11:18:24
PRODUCT_04353,COMP_1193,CARD_01,card,Banca March,bancamarch,EUR,2025-09-18 13:24:05
PRODUCT_04354,COMP_0377,CHECKING_03,checking,Banca Credito Italiano (UniCredit),unicredit,USD,2026-06-17 10:31:48
PRODUCT_04355,COMP_1104,CHECKING_02,checking,HSBC Bank (USA) - HSBCnet,ins_136937,USD,2026-07-14 11:40:36
PRODUCT_04357,COMP_0016,CHECKING_07,checking,Banco Santander,santander_emp,EUR,2026-03-03 12:06:45
PRODUCT_04359,COMP_0385,CHECKING_08,checking,Caixabank Empresas,caixa_emp,GBP,2025-07-15 13:58:44
PRODUCT_04360,COMP_0888,CARD_01,card,Banco Sabadell T. sec - CAL Empresas,sabadell_emp_sec,EUR,2024-09-18 08:44:12
PRODUCT_04361,COMP_0409,CHECKING_06,checking,Other (customer-defined),custom,BAM,2026-05-15 11:22:34
PRODUCT_04362,COMP_0857,CHECKING_01,checking,Banco Sabadell Empresas,sabadell_emp,EUR,2025-02-14 12:14:56
PRODUCT_04363,COMP_0449,CHECKING_04,checking,Caixabank Empresas,caixa_emp,EUR,2026-04-07 09:36:53
PRODUCT_04364,COMP_0970,CHECKING_06,checking,Kutxabank Empresas,kutxabank_emp,EUR,2026-02-25 09:18:10
PRODUCT_04367,COMP_0082,CHECKING_06,checking,Banco Santander Empresas,santander_emp,EUR,2025-10-28 15:01:21
PRODUCT_04368,COMP_0314,CHECKING_06,checking,Citibank Empresas GLOBAL,citi,USD,2025-11-11 16:32:34
PRODUCT_04370,COMP_0661,CHECKING_01,checking,Banco Santander Empresas,santander_emp,EUR,2025-04-29 09:59:52
PRODUCT_04371,COMP_0014,CHECKING_01,checking,Stripe,stripe,CAD,2026-03-03 11:43:53
PRODUCT_04372,COMP_1053,CHECKING_11,checking,BBVA Net Cash Empresas,bbva_emp,USD,2026-07-07 11:54:35
PRODUCT_04373,COMP_0336,CHECKING_03,checking,Barclays Corporate,barclays_corporate,USD,2025-06-12 09:35:41
PRODUCT_04374,COMP_0281,CHECKING_02,checking,Banco Santander Empresas,santander_emp,EUR,2025-09-24 16:00:50
PRODUCT_04375,COMP_0994,CHECKING_06,checking,Banca March,bancamarch,EUR,2024-11-26 13:05:43
PRODUCT_04376,COMP_0775,CHECKING_01,checking,Other (customer-defined),custom,USD,2025-05-25 18:46:26
PRODUCT_04377,COMP_0405,CHECKING_01,checking,BBVA,bbva_emp,EUR,2024-03-11 11:08:54
PRODUCT_04378,COMP_0719,CHECKING_01,checking,Cajamar,cajamar,EUR,2025-05-18 16:28:59
PRODUCT_04379,COMP_1042,CHECKING_04,checking,BBVA Net Cash Empresas,bbva_emp,GBP,2024-01-09 08:25:02
PRODUCT_04380,COMP_0947,CHECKING_04,checking,BBVA,bbva_emp,EUR,2023-05-25 05:13:05
PRODUCT_04382,COMP_0768,CHECKING_04,checking,Banco Santander Empresas,santander_emp,EUR,2025-09-24 16:06:12
PRODUCT_04384,COMP_0919,CHECKING_13,checking,Banco Santander Empresas,santander_emp,EUR,2025-11-03 10:37:28
PRODUCT_04385,COMP_0471,CHECKING_11,checking,Caixabank,caixa_emp,EUR,2023-07-11 07:41:10
PRODUCT_04386,COMP_0505,INVESTMENT_03,investment,RuralVia,ruralvia,EUR,2026-07-13 06:00:36
PRODUCT_04387,COMP_0593,CHECKING_01,checking,Banco Sabadell Empresas,sabadell_emp,EUR,2025-11-03 15:05:29
PRODUCT_04388,COMP_0837,CHECKING_18,checking,Bankinter Empresas,bankinter_emp,EUR,2026-03-02 15:16:13
PRODUCT_04389,COMP_1152,CHECKING_05,checking,Banco Santander Empresas,santander_emp,EUR,2025-06-04 14:58:00
PRODUCT_04390,COMP_0213,CHECKING_02,checking,Other (customer-defined),custom,NZD,2025-07-21 13:59:45
PRODUCT_04391,COMP_0982,CARD_10,card,Caixabank Empresas,caixa_emp,EUR,2025-03-25 10:07:20
PRODUCT_04393,COMP_0033,CHECKING_02,checking,Societe Generale Entreprises,soc-gen-corporate,EUR,2025-12-19 14:43:24
PRODUCT_04394,COMP_0132,CHECKING_03,checking,Banco Santander Empresas,santander_emp,EUR,2026-04-06 17:05:15
PRODUCT_04396,COMP_0884,CHECKING_01,checking,Banco Santander Empresas,santander_emp,EUR,2025-01-22 09:31:24
PRODUCT_04397,COMP_1268,CHECKING_06,checking,BBVA Net Cash Empresas,bbva_emp,EUR,2026-04-29 11:52:01
PRODUCT_04398,COMP_1086,CHECKING_08,checking,Revolut,revolut,USD,2023-10-30 11:41:37
PRODUCT_04399,COMP_0869,CHECKING_04,checking,Abn Amro NL,abn-amro-nl,EUR,2025-08-12 05:26:32
PRODUCT_04400,COMP_0726,CHECKING_01,checking,Caixabank Empresas,caixa_emp,EUR,2026-06-17 15:01:45
PRODUCT_04401,COMP_0124,TPV_02,tpv,Redsys,redsys,EUR,2026-07-08 08:45:08
PRODUCT_04402,COMP_0201,CHECKING_03,checking,Citibank Empresas GLOBAL,citi,USD,2025-11-11 16:32:34
PRODUCT_04403,COMP_0191,CHECKING_01,checking,Santander UK Plc,santander_uk,GBP,2024-06-05 14:43:49
PRODUCT_04404,COMP_0699,CHECKING_01,checking,Banco Santander,santander_emp,EUR,2023-08-24 07:45:06
PRODUCT_04405,COMP_0639,CHECKING_09,checking,Banco Santander Empresas,santander_emp,EUR,2022-11-17 14:07:27
PRODUCT_04406,COMP_1160,CHECKING_04,checking,Banco Sabadell,sabadell_emp,EUR,2023-05-29 08:01:10
PRODUCT_04407,COMP_0885,CHECKING_04,checking,Banco Sabadell,sabadell_emp,EUR,2023-05-29 07:58:05
PRODUCT_04408,COMP_0477,RISK_06,risk,Other (customer-defined),custom,USD,2026-04-16 16:21:08
PRODUCT_04410,COMP_0424,CHECKING_03,checking,Bankinter Empresas,bankinter_emp,EUR,2025-02-14 10:26:29
PRODUCT_04411,COMP_0628,CHECKING_03,checking,Banca Popolare di Sondrio,popolaresondrio_it,EUR,2024-11-20 15:11:56
PRODUCT_04412,COMP_0988,CARD_13,card,Caixabank Empresas,caixa_emp,EUR,2026-03-03 12:11:50
PRODUCT_04413,COMP_0496,CHECKING_04,checking,Paypal,paypal,EUR,2026-02-23 16:50:32
PRODUCT_04414,COMP_1185,CHECKING_05,checking,Banco Sabadell,sabadell_emp,EUR,2024-05-21 13:46:18
PRODUCT_04415,COMP_0669,CHECKING_02,checking,Caixabank Empresas,caixa_emp,EUR,2026-04-28 15:08:22
PRODUCT_04416,COMP_0797,CHECKING_13,checking,Banca March,bancamarch,EUR,2025-10-29 16:46:21
PRODUCT_04417,COMP_0686,CHECKING_04,checking,Bankinter,bankinter_emp,EUR,2024-06-26 13:50:13
PRODUCT_04420,COMP_1083,CHECKING_04,checking,Barclays Corporate,barclays_corporate,USD,2026-06-12 12:36:10
PRODUCT_04422,COMP_0027,CARD_01,card,BBVA Net Cash Empresas,bbva_emp,EUR,2026-05-12 13:51:59
PRODUCT_04424,COMP_0282,EXPENSESPLATFORM_08,expensesPlatform,Caixabank,caixa_emp,EUR,2024-02-19 10:45:26
PRODUCT_04425,COMP_1036,INVESTMENT_04,investment,RuralVia Empresas,ruralvia_emp,EUR,2026-07-15 11:58:35
PRODUCT_04426,COMP_0859,CHECKING_03,checking,Caixabank Empresas,caixa_emp,EUR,2025-11-04 09:51:48
PRODUCT_04427,COMP_0292,CHECKING_20,checking,Other (customer-defined),custom,USD,2025-10-15 10:55:17
PRODUCT_04428,COMP_0495,CHECKING_07,checking,Ebury GLOBAL,ebury,USD,2026-06-22 17:23:15
PRODUCT_04430,COMP_0292,CHECKING_21,checking,Other (customer-defined),custom,GHS,2025-10-15 13:34:44
PRODUCT_04434,COMP_0798,CARD_10,card,Banco Santander Empresas,santander_emp,EUR,2025-09-11 09:20:11
PRODUCT_04435,COMP_1159,CHECKING_05,checking,Bankinter Empresas,bankinter_emp,GBP,2025-09-08 10:14:55
PRODUCT_04436,COMP_1141,CHECKING_04,checking,Revolut EU,revolut_gb,USD,2025-12-10 13:31:19
PRODUCT_04437,COMP_1198,CHECKING_04,checking,BBVA,bbva_emp,EUR,2024-02-09 09:29:21
PRODUCT_04438,COMP_0670,CHECKING_06,checking,Citibank Empresas GLOBAL,citi,EUR,2025-11-11 16:24:23
PRODUCT_04439,COMP_0198,CHECKING_01,checking,BBVA Net Cash Empresas,bbva_emp,EUR,2024-11-26 14:32:30
PRODUCT_04440,COMP_0978,CARD_03,card,Bankinter Empresas,bankinter_emp,EUR,2024-09-18 09:35:57
PRODUCT_04441,COMP_1216,CHECKING_07,checking,Banco Santander Empresas,santander_emp,EUR,2025-09-24 16:06:12
PRODUCT_04442,COMP_0252,CHECKING_29,checking,Vereinigte Volksbank Raiffeisenbank eG,volksbank-hunsrueck-nahe,EUR,2026-03-19 10:33:39
PRODUCT_04444,COMP_0924,CHECKING_05,checking,Cajamar,cajamar,EUR,2025-03-18 08:45:22
PRODUCT_04445,COMP_0265,CHECKING_06,checking,Revolut,revolut,GBP,2026-09-09 08:29:28
PRODUCT_04446,COMP_0896,CHECKING_03,checking,RuralVia Empresas,ruralvia_emp,EUR,2026-07-13 16:38:06
PRODUCT_04447,COMP_0182,CHECKING_06,checking,Commerzbank AG,commerzbank,EUR,2025-10-29 10:17:04
PRODUCT_04448,COMP_0094,CHECKING_06,checking,Banco Santander,santander_emp,EUR,2023-11-16 09:55:31
PRODUCT_04449,COMP_0621,CHECKING_04,checking,Other (customer-defined),custom,USD,2025-06-07 14:01:35
PRODUCT_04452,COMP_0550,CHECKING_01,checking,Bankinter Empresas,bankinter_emp,EUR,2026-04-23 11:24:57
PRODUCT_04454,COMP_0467,CHECKING_02,checking,Caixabank Empresas,caixa_emp,EUR,2025-05-22 15:19:55
PRODUCT_04455,COMP_1126,CHECKING_03,checking,Cajamar,cajamar,EUR,2026-06-17 13:33:33
PRODUCT_04459,COMP_1281,CHECKING_03,checking,BBVA Net Cash Empresas,bbva_emp,EUR,2025-04-01 09:51:32
PRODUCT_04460,COMP_0927,CARD_01,card,Banco Sabadell Empresas,sabadell_emp,EUR,2024-12-11 14:19:31
PRODUCT_04461,COMP_0837,CHECKING_19,checking,Bankinter,bankinter_emp,EUR,2026-02-13 08:25:29
PRODUCT_04462,COMP_0256,CHECKING_02,checking,Banco Santander Empresas,santander_emp,USD,2025-06-10 14:15:40
PRODUCT_04463,COMP_0588,CHECKING_01,checking,BBVA Net Cash Empresas,bbva_emp,EUR,2024-12-17 14:33:46
PRODUCT_04465,COMP_0287,CHECKING_03,checking,Banco Santander,santander_emp,EUR,2023-10-23 10:45:55
PRODUCT_04467,COMP_0909,CHECKING_14,checking,Banco Sabadell Empresas,sabadell_emp,EUR,2025-02-04 15:20:48
PRODUCT_04468,COMP_0183,RISK_06,risk,Other (customer-defined),custom,EUR,2026-03-17 17:20:18
PRODUCT_04471,COMP_0732,CHECKING_01,checking,Caixabank Empresas,caixa_emp,EUR,2024-07-30 11:55:02
PRODUCT_04472,COMP_0540,CHECKING_03,checking,Payhawk,payhawk,EUR,2026-03-13 09:52:28
PRODUCT_04474,COMP_0985,CHECKING_01,checking,Banco Santander,santander_emp,EUR,2024-05-10 09:49:24
PRODUCT_04475,COMP_0797,CHECKING_14,checking,Banca March,bancamarch,EUR,2025-10-29 18:50:19
PRODUCT_04476,COMP_1059,CHECKING_02,checking,BBVA Net Cash Empresas,bbva_emp,EUR,2025-07-29 11:12:22
PRODUCT_04477,COMP_0444,CARD_13,card,Banco Sabadell Empresas,sabadell_emp,EUR,2026-03-13 12:08:09
PRODUCT_04478,COMP_0674,CHECKING_08,checking,Banca Pueyo,bancapueyo,EUR,2024-06-27 11:34:09
PRODUCT_04479,COMP_1006,INVESTMENT_03,investment,AndBank,andbank,EUR,2024-10-28 09:06:27
PRODUCT_04481,COMP_0402,CHECKING_05,checking,Caixabank Empresas,caixa_emp,USD,2025-07-29 11:09:47
PRODUCT_04482,COMP_0299,CHECKING_02,checking,HSBC Corporate EU,hsbccorporate_eu,EUR,2025-10-21 09:05:05
PRODUCT_04483,COMP_0228,CHECKING_04,checking,Caixabank Empresas,caixa_emp,EUR,2025-09-18 09:52:18
PRODUCT_04484,COMP_0771,CHECKING_01,checking,NOVO BANCO SA,novo-banco-sa,EUR,2025-09-30 15:02:42
PRODUCT_04485,COMP_0646,CARD_01,card,American Express,amex,EUR,2025-07-21 11:19:41
PRODUCT_04486,COMP_0277,CARD_06,card,Caixabank Empresas,caixa_emp,EUR,2026-03-03 12:23:51
PRODUCT_04488,COMP_0947,CHECKING_05,checking,RuralVia,ruralvia_emp,EUR,2024-03-01 08:43:25
PRODUCT_04489,COMP_1135,TPV_02,tpv,Redsys,redsys,EUR,2025-09-23 10:01:30
PRODUCT_04490,COMP_0988,CARD_14,card,Caixabank Empresas,caixa_emp,EUR,2026-03-03 12:11:50
PRODUCT_04491,COMP_1049,CARD_04,card,Caixabank Empresas,caixa_emp,EUR,2026-03-11 15:44:52
PRODUCT_04492,COMP_0461,CHECKING_02,checking,Banco Santander Empresas,santander_emp,EUR,2026-04-08 13:40:01
PRODUCT_04493,COMP_0271,CHECKING_12,checking,Banco Sabadell Empresas,sabadell_emp,EUR,2026-04-13 14:44:25
PRODUCT_04494,COMP_0787,CHECKING_04,checking,DNB,dnb,EUR,2026-04-09 13:31:20
PRODUCT_04495,COMP_0931,CHECKING_03,checking,Banco Santander Empresas,santander_emp,EUR,2025-08-01 11:55:28
PRODUCT_04496,COMP_1135,CHECKING_08,checking,Banca March,bancamarch,EUR,2025-10-29 16:41:54
PRODUCT_04499,COMP_0338,CHECKING_02,checking,Caixabank Empresas,caixa_emp,EUR,2026-05-20 07:23:24
PRODUCT_04500,COMP_0136,CHECKING_02,checking,Banco Santander Empresas,santander_emp,EUR,2025-02-06 15:06:59
PRODUCT_04501,COMP_0058,CHECKING_08,checking,iberCaja,ibercaja,EUR,2026-03-11 11:00:00
PRODUCT_04502,COMP_1072,TPV_01,tpv,Redsys,redsys,EUR,2025-09-22 13:39:33
PRODUCT_04503,COMP_0661,CHECKING_02,checking,Banco Santander Empresas,santander_emp,EUR,2025-01-22 09:31:24
PRODUCT_04504,COMP_0533,CHECKING_01,checking,Bankinter Empresas,bankinter_emp,EUR,2025-02-20 12:31:37
PRODUCT_04505,COMP_1219,CHECKING_02,checking,Caixa Guissona,caixaguissona,EUR,2024-09-17 11:48:37
PRODUCT_04506,COMP_1038,CHECKING_06,checking,Banco Santander Empresas,santander_emp,EUR,2025-09-09 11:29:48
PRODUCT_04507,COMP_0639,CHECKING_10,checking,Abanca Empresas,abanca_emp,EUR,2024-11-22 07:40:28
PRODUCT_04509,COMP_1215,CHECKING_04,checking,Banco Santander Empresas,santander_emp,EUR,2026-06-29 16:45:19
PRODUCT_04510,COMP_0913,CHECKING_02,checking,BBVA Net Cash Empresas,bbva_emp,EUR,2024-12-11 11:59:40
PRODUCT_04511,COMP_1016,CARD_24,card,Caixabank Empresas,caixa_emp,EUR,2026-03-20 13:16:26
PRODUCT_04513,COMP_0349,CHECKING_02,checking,Qonto,qonto,EUR,2024-11-13 09:01:43
PRODUCT_04516,COMP_0797,CHECKING_15,checking,Banca March,bancamarch,EUR,2025-10-29 16:45:19
PRODUCT_04517,COMP_0047,CARD_01,card,BBVA Net Cash Empresas,bbva_emp,EUR,2025-09-09 12:41:52
PRODUCT_04518,COMP_1222,CHECKING_06,checking,Adyen,adyen,MXN,2024-12-05 15:03:06
PRODUCT_04520,COMP_1222,CHECKING_07,checking,Paypal,paypal,USD,2026-02-23 16:45:36
PRODUCT_04521,COMP_0967,CARD_02,card,Banco Sabadell Empresas,sabadell_emp,EUR,2025-02-06 13:47:36
PRODUCT_04522,COMP_0793,CHECKING_04,checking,RuralVia Empresas,ruralvia_emp,EUR,2026-03-12 09:40:01
PRODUCT_04523,COMP_0356,CHECKING_01,checking,Banco Sabadell T. sec - CAL Empresas,sabadell_emp_sec,EUR,2025-05-22 14:36:58
PRODUCT_04524,COMP_0496,CHECKING_05,checking,Ebury GLOBAL,ebury,CAD,2025-12-02 11:28:22
PRODUCT_04525,COMP_1056,CHECKING_05,checking,HSBC Corporate,hsbccorporate,GBP,2026-02-10 07:28:13
PRODUCT_04527,COMP_0748,CHECKING_04,checking,Caixabank,caixa_emp,EUR,2024-07-18 11:34:17
PRODUCT_04529,COMP_0236,CHECKING_05,checking,ING,ing,GBP,2026-04-27 12:08:01
PRODUCT_04530,COMP_0714,CHECKING_01,checking,Bankinter Empresas,bankinter_emp,EUR,2025-05-22 14:59:11
PRODUCT_04531,COMP_0047,CARD_02,card,Caixabank Empresas,caixa_emp,EUR,2025-09-09 12:14:57
PRODUCT_04533,COMP_0444,CARD_14,card,Banco Sabadell Empresas,sabadell_emp,EUR,2026-03-13 12:08:09
PRODUCT_04535,COMP_0047,CHECKING_05,checking,Banco Sabadell Empresas,sabadell_emp,EUR,2025-09-09 12:45:09
PRODUCT_04537,COMP_0291,CHECKING_03,checking,Caixabank Empresas,caixa_emp,EUR,2026-04-07 16:13:23
PRODUCT_04539,COMP_0328,CHECKING_03,checking,Caixabank Empresas,caixa_emp,EUR,2026-05-26 15:42:47
PRODUCT_04540,COMP_1011,CHECKING_02,checking,ABN AMRO Bank N.V.,abn-amro-nl,EUR,2025-02-26 16:08:13
PRODUCT_04542,COMP_0070,CHECKING_05,checking,BNP Paribas - Corporate,mabanque-corporate,USD,2025-11-19 09:43:49
PRODUCT_04543,COMP_0008,CHECKING_04,checking,Banco Sabadell T. sec - CAL Empresas,sabadell_emp_sec,EUR,2026-05-26 08:02:48
PRODUCT_04544,COMP_0627,CHECKING_04,checking,Caixabank,caixa_emp,EUR,2022-11-17 14:01:02
PRODUCT_04545,COMP_0323,SAVING_01,saving,Chase,ins_56,USD,2026-03-03 13:51:08
PRODUCT_04546,COMP_1016,CARD_25,card,Caixabank Empresas,caixa_emp,EUR,2026-03-20 13:16:26
PRODUCT_04548,COMP_1172,CHECKING_01,checking,Banco Sabadell Empresas,sabadell_emp,EUR,2025-07-14 13:29:16
PRODUCT_04549,COMP_0614,CHECKING_04,checking,Caixabank,caixa_emp,EUR,2024-02-09 12:39:47
PRODUCT_04550,COMP_0693,CHECKING_07,checking,Revolut,revolut,GBP,2024-10-18 11:29:44
PRODUCT_04551,COMP_0569,CARD_03,card,BBVA Net Cash Empresas,bbva_emp,EUR,2024-11-12 10:53:49
PRODUCT_04552,COMP_0725,CHECKING_02,checking,Banco Santander Empresas,santander_emp,EUR,2025-04-24 08:00:30
PRODUCT_04553,COMP_1267,CHECKING_04,checking,Unicaja Empresas,unicaja_emp,EUR,2025-11-03 13:21:04
PRODUCT_04554,COMP_0755,CHECKING_01,checking,BBVA Net Cash Empresas,bbva_emp,EUR,2025-03-18 10:23:32
PRODUCT_04555,COMP_0843,CHECKING_05,checking,Paypal,paypal,USD,2024-02-19 10:06:32
PRODUCT_04556,COMP_0782,CHECKING_01,checking,ING,ing,EUR,2025-12-22 14:59:57
PRODUCT_04557,COMP_0963,CHECKING_01,checking,Caixabank,caixa,EUR,2025-08-01 04:52:11
PRODUCT_04559,COMP_0238,CHECKING_05,checking,Caixabank Empresas,caixa_emp,EUR,2026-02-17 08:49:05
PRODUCT_04561,COMP_0059,CHECKING_06,checking,Revolut,revolut,GBP,2024-11-13 08:53:23
PRODUCT_04562,COMP_0178,CARD_01,card,Bankinter,bankinter_emp,EUR,2025-01-28 12:24:53
PRODUCT_04565,COMP_0248,CHECKING_06,checking,Globalcaja,ruralvia_globalcaja,EUR,2025-11-03 12:36:06
PRODUCT_04566,COMP_0415,CARD_02,card,BBVA Net Cash Empresas,bbva_emp,EUR,2026-06-09 07:45:40
PRODUCT_04569,COMP_0282,EXPENSESPLATFORM_09,expensesPlatform,Caixabank,caixa_emp,EUR,2024-02-19 10:45:26
PRODUCT_04572,COMP_0126,CARD_05,card,Bankinter Empresas,bankinter_emp,EUR,2025-01-28 12:56:06
PRODUCT_04573,COMP_0509,CHECKING_02,checking,Caixabank,caixa_emp,EUR,2024-02-16 10:45:39
PRODUCT_04574,COMP_0726,CHECKING_02,checking,iberCaja,ibercaja,EUR,2025-03-21 09:17:09
PRODUCT_04576,COMP_1047,CHECKING_02,checking,Deutsche Bank Empresas,deutschebank_emp,EUR,2026-09-08 10:51:03
PRODUCT_04578,COMP_0142,CHECKING_01,checking,Banco Santander Empresas,santander_emp,EUR,2025-04-04 11:11:46
PRODUCT_04580,COMP_0555,CHECKING_03,checking,BBVA Net Cash Empresas,bbva_emp,EUR,2025-02-10 12:07:55
PRODUCT_04581,COMP_0505,CHECKING_05,checking,Banco Sabadell Empresas,sabadell_emp,EUR,2026-07-13 06:10:21
PRODUCT_04582,COMP_0235,CHECKING_03,checking,BNP Paribas,mabanque,EUR,2025-11-03 16:54:49
PRODUCT_04583,COMP_0555,CARD_01,card,Caixabank Empresas,caixa_emp,EUR,2025-02-10 11:13:45
PRODUCT_04584,COMP_1173,CHECKING_03,checking,Bankinter Empresas,bankinter_emp,EUR,2024-11-05 08:18:15
PRODUCT_04585,COMP_0633,CHECKING_03,checking,ING,ing,USD,2025-12-22 14:59:57
PRODUCT_04587,COMP_1015,CHECKING_01,checking,Citibank Online - Private Bank Investments,ins_116728,USD,2024-11-18 16:28:21
PRODUCT_04589,COMP_0207,CHECKING_02,checking,Caixabank,caixa_emp,EUR,2023-08-31 12:47:56
PRODUCT_04590,COMP_0058,CARD_03,card,BBVA Net Cash Empresas,bbva_emp,EUR,2026-04-06 15:55:12
PRODUCT_04591,COMP_0523,CHECKING_03,checking,Societe Generale Entreprises,soc-gen-corporate,EUR,2026-03-02 10:46:54
PRODUCT_04593,COMP_0965,CHECKING_04,checking,Banco Santander Empresas,santander_emp,EUR,2026-05-12 09:56:50
PRODUCT_04594,COMP_0288,CHECKING_04,checking,Revolut,revolut,EUR,2024-08-06 10:50:32
PRODUCT_04595,COMP_0751,CARD_02,card,Banco Sabadell Empresas,sabadell_emp,EUR,2025-09-04 13:42:21
PRODUCT_04599,COMP_0079,CHECKING_03,checking,BBVA Net Cash Empresas,bbva_emp,EUR,2026-02-25 10:59:40
PRODUCT_04601,COMP_0776,CHECKING_01,checking,Caixabank,caixa_emp,EUR,2023-05-30 11:04:20
PRODUCT_04602,COMP_0634,CHECKING_03,checking,Revolut EU,revolut,USD,2026-01-26 15:23:41
PRODUCT_04603,COMP_0604,CARD_02,card,RuralVia Empresas,ruralvia_emp,EUR,2024-10-25 09:51:21
PRODUCT_04606,COMP_1072,CHECKING_06,checking,Caixabank Empresas,caixa_emp,EUR,2025-09-18 09:09:44
PRODUCT_04608,COMP_1140,CHECKING_02,checking,BBVA Net Cash Empresas,bbva_emp,EUR,2026-03-05 10:05:07
PRODUCT_04609,COMP_0383,CHECKING_05,checking,Banco Santander Empresas,santander_emp,EUR,2022-11-29 10:34:26
PRODUCT_04610,COMP_0490,CHECKING_02,checking,BBVA Net Cash Empresas,bbva_emp,EUR,2026-04-22 12:28:57
PRODUCT_04611,COMP_1269,CARD_03,card,Caixabank Empresas,caixa_emp,EUR,2025-07-15 14:33:31
PRODUCT_04618,COMP_1141,CHECKING_05,checking,Wise,transferwise,USD,2025-12-10 13:47:40
PRODUCT_04619,COMP_1162,CHECKING_06,checking,Paypal,paypal,EUR,2023-08-28 08:44:00
PRODUCT_04620,COMP_1272,CHECKING_09,checking,Cajamar,cajamar,EUR,2026-03-05 12:22:14
PRODUCT_04621,COMP_0394,CHECKING_02,checking,Other (customer-defined),custom,EUR,2026-02-25 13:32:53
PRODUCT_04622,COMP_0897,CHECKING_04,checking,BBVA Net Cash Empresas,bbva_emp,EUR,2026-03-16 12:20:44
PRODUCT_04623,COMP_0496,CHECKING_06,checking,Ebury GLOBAL,ebury,JPY,2025-12-02 11:28:22
PRODUCT_04624,COMP_0718,CHECKING_01,checking,Caixabank Empresas,caixa_emp,EUR,2026-04-20 14:22:28
PRODUCT_04625,COMP_0576,CHECKING_04,checking,BBVA Net Cash Empresas,bbva_emp,USD,2026-06-23 09:11:09
PRODUCT_04626,COMP_0245,CHECKING_01,checking,Caixabank Empresas,caixa_emp,EUR,2025-07-31 10:19:52
PRODUCT_04627,COMP_0405,CHECKING_02,checking,Bankinter Empresas,bankinter_emp,EUR,2025-12-04 12:16:27
PRODUCT_04630,COMP_1135,CHECKING_09,checking,Caixabank Empresas,caixa_emp,EUR,2025-09-18 09:20:29
PRODUCT_04631,COMP_0919,CHECKING_14,checking,BBVA Net Cash Empresas,bbva_emp,EUR,2025-11-03 10:46:24
PRODUCT_04633,COMP_0502,CHECKING_03,checking,Qonto,qonto,EUR,2026-02-04 16:06:04
PRODUCT_04634,COMP_0909,CHECKING_15,checking,BBVA,bbva_emp,EUR,2024-04-03 07:21:30
PRODUCT_04637,COMP_0525,CHECKING_02,checking,Bankinter Empresas,bankinter_emp,USD,2024-11-05 08:19:24
PRODUCT_04641,COMP_0597,CHECKING_05,checking,Caixabank Empresas,caixa_emp,EUR,2025-10-30 08:48:25
PRODUCT_04642,COMP_0538,CHECKING_03,checking,Bankinter Empresas,bankinter_emp,EUR,2024-10-23 13:25:13
PRODUCT_04643,COMP_1149,CARD_03,card,Banco Santander Empresas,santander_emp,EUR,2025-09-11 11:13:14
PRODUCT_04644,COMP_0007,CHECKING_07,checking,Other (customer-defined),custom,EUR,2026-06-04 08:37:31
PRODUCT_04645,COMP_0283,CHECKING_04,checking,Other (customer-defined),custom,EUR,2026-02-12 14:58:11
PRODUCT_04646,COMP_0360,CHECKING_06,checking,Bankinter Empresas,bankinter_emp,EUR,2026-04-20 11:02:11
PRODUCT_04647,COMP_0856,CHECKING_10,checking,Paypal,paypal,EUR,2024-11-13 14:18:49
PRODUCT_04648,COMP_0946,CHECKING_05,checking,Banco Santander Empresas,santander_emp,EUR,2025-11-20 07:44:29
PRODUCT_04654,COMP_0600,CHECKING_04,checking,Banco Sabadell Empresas,sabadell_emp,EUR,2025-03-07 12:22:54
PRODUCT_04655,COMP_0656,CHECKING_05,checking,ING,ing,GBP,2025-12-04 12:51:24
PRODUCT_04656,COMP_0095,CHECKING_01,checking,Intesa Sanpaolo S.p.A - Corporate,intesa_sanpaolo_corporate,EUR,2025-11-25 11:17:51
PRODUCT_04657,COMP_0793,CHECKING_05,checking,Banco Santander Empresas,santander_emp,EUR,2026-03-16 15:13:46
PRODUCT_04659,COMP_0101,CHECKING_08,checking,Caixabank Empresas,caixa_emp,EUR,2024-12-16 17:17:09
PRODUCT_04661,COMP_0807,CHECKING_01,checking,Banco Santander Empresas,santander_emp,EUR,2024-11-06 14:05:44
PRODUCT_04664,COMP_0909,CARD_12,card,Bankinter,bankinter_emp,EUR,2024-04-03 07:31:38
PRODUCT_04667,COMP_0189,CHECKING_03,checking,Barclays Corporate,barclays_corporate,EUR,2025-06-12 09:45:01
PRODUCT_04668,COMP_1252,CHECKING_06,checking,Banco Santander Empresas,santander_emp,EUR,2026-04-08 12:17:20
PRODUCT_04669,COMP_0385,CHECKING_09,checking,Cajamar,cajamar,EUR,2025-08-01 10:18:08
PRODUCT_04670,COMP_1194,CHECKING_05,checking,Banca Credito Italiano (UniCredit),unicredit,EUR,2026-01-12 09:48:47
PRODUCT_04671,COMP_0887,CHECKING_01,checking,BBVA Net Cash Empresas,bbva_emp,EUR,2026-03-17 17:17:14
PRODUCT_04672,COMP_0782,CHECKING_02,checking,ABN AMRO Bank N.V.,abn-amro-nl,EUR,2025-11-27 14:02:11
PRODUCT_04673,COMP_1260,CHECKING_05,checking,Bankinter Empresas,bankinter_emp,EUR,2026-02-26 17:06:02
PRODUCT_04674,COMP_1187,CHECKING_12,checking,Banking Circle GLOBAL,bc,USD,2026-02-06 11:35:06
PRODUCT_04675,COMP_1035,CARD_04,card,Caixabank Empresas,caixa_emp,EUR,2026-07-14 18:45:14
PRODUCT_04676,COMP_0431,CHECKING_02,checking,Crédit Industriel et Commercial,cic_fr,EUR,2025-01-29 14:45:06
PRODUCT_04677,COMP_0721,CHECKING_07,checking,Caixabank Empresas,caixa_emp,EUR,2025-03-11 08:50:51
PRODUCT_04679,COMP_0016,CHECKING_08,checking,Banco Santander Empresas,santander_emp,EUR,2026-04-08 13:52:36
PRODUCT_04683,COMP_0074,INVESTMENT_01,investment,Banca March,bancamarch,EUR,2025-03-21 12:21:54
PRODUCT_04684,COMP_0274,CHECKING_03,checking,BBVA Net Cash Empresas,bbva_emp,EUR,2025-12-23 07:38:49
PRODUCT_04685,COMP_0113,CHECKING_03,checking,Banco Sabadell Empresas,sabadell_emp,EUR,2023-03-23 11:44:45
PRODUCT_04687,COMP_1100,CHECKING_02,checking,Banco Santander Empresas,santander_emp,EUR,2025-06-30 12:45:59
PRODUCT_04688,COMP_1034,CHECKING_02,checking,Caixabank Empresas,caixa_emp,EUR,2026-03-31 07:03:23
PRODUCT_04689,COMP_0797,CHECKING_16,checking,Banca March,bancamarch,EUR,2025-10-29 16:36:37
PRODUCT_04691,COMP_0292,CHECKING_22,checking,Other (customer-defined),custom,EUR,2025-10-15 13:19:12
PRODUCT_04693,COMP_0988,CHECKING_04,checking,Caixabank Empresas,caixa_emp,EUR,2026-03-03 12:11:50
PRODUCT_04694,COMP_0351,CHECKING_10,checking,Caixabank,caixa,EUR,2026-06-26 10:31:27
PRODUCT_04695,COMP_1053,CHECKING_12,checking,Banco Sabadell Empresas,sabadell_emp,USD,2026-07-08 09:17:39
PRODUCT_04698,COMP_1196,CHECKING_02,checking,Banco Santander Empresas,santander_emp,EUR,2025-06-02 07:59:54
PRODUCT_04699,COMP_0988,CHECKING_05,checking,Banca March,bancamarch,EUR,2026-03-04 08:51:47
PRODUCT_04700,COMP_0856,CHECKING_11,checking,Paypal,paypal,USD,2024-11-13 14:18:49
PRODUCT_04702,COMP_1070,CHECKING_02,checking,Caixabank Empresas,caixa_emp,EUR,2025-03-11 11:23:02
PRODUCT_04703,COMP_0711,CHECKING_01,checking,Stripe,stripe,EUR,2024-03-18 15:09:39
PRODUCT_04706,COMP_0058,CARD_04,card,BBVA Net Cash Empresas,bbva_emp,EUR,2026-04-06 15:55:12
PRODUCT_04708,COMP_1049,CHECKING_05,checking,Other (customer-defined),custom,EUR,2026-03-23 11:10:13
PRODUCT_04710,COMP_0828,CHECKING_01,checking,Other (customer-defined),custom,USD,2023-10-04 07:57:44
PRODUCT_04711,COMP_0945,CHECKING_06,checking,Banco Sabadell,sabadell_emp,EUR,2023-07-07 08:50:01
PRODUCT_04713,COMP_0623,CHECKING_12,checking,Banco Santander Empresas,santander_emp,EUR,2025-04-09 10:41:48
PRODUCT_04714,COMP_0444,CARD_15,card,Banco Sabadell Empresas,sabadell_emp,EUR,2026-03-13 12:08:09
PRODUCT_04715,COMP_0438,CHECKING_03,checking,Caixabank Empresas,caixa_emp,USD,2026-07-02 11:08:46
PRODUCT_04716,COMP_0320,CHECKING_02,checking,Bankinter Empresas,bankinter_emp,EUR,2026-04-23 11:41:19
PRODUCT_04717,COMP_0795,CHECKING_03,checking,Caixabank,caixa,EUR,2026-04-23 11:56:55
PRODUCT_04718,COMP_1053,CHECKING_13,checking,Banco Sabadell Empresas,sabadell_emp,EUR,2026-07-08 09:17:39
PRODUCT_04719,COMP_0477,RISK_07,risk,Other (customer-defined),custom,USD,2026-05-18 21:46:04
PRODUCT_04722,COMP_0200,CHECKING_03,checking,Other (customer-defined),custom,EUR,2026-03-18 14:52:41
PRODUCT_04725,COMP_1036,CARD_04,card,BBVA Net Cash Empresas,bbva_emp,EUR,2026-07-13 12:47:50
PRODUCT_04727,COMP_0295,CHECKING_01,checking,Caixabank,caixa,EUR,2026-04-23 11:48:17
PRODUCT_04728,COMP_0822,CHECKING_01,checking,BBVA Net Cash Empresas,bbva_emp_co,COP,2025-02-20 14:40:37
PRODUCT_04730,COMP_0145,CHECKING_05,checking,Paypal,paypal,USD,2026-04-28 15:17:42
PRODUCT_04731,COMP_0354,CHECKING_05,checking,Caixabank,caixa_emp,EUR,2024-04-04 10:45:18
PRODUCT_04732,COMP_0388,EXPENSESPLATFORM_01,expensesPlatform,Caixabank,caixa_emp,EUR,2024-02-19 10:40:31
PRODUCT_04734,COMP_1053,CHECKING_14,checking,Abanca Empresas,abanca_emp,USD,2026-07-07 11:49:24
PRODUCT_04735,COMP_1145,CHECKING_01,checking,iberCaja,ibercaja,EUR,2026-07-13 07:28:23
PRODUCT_04736,COMP_0854,CARD_02,card,Iberia Cards Empresas,iberiacards_emp,EUR,2025-09-30 10:56:57
PRODUCT_04737,COMP_0184,CHECKING_01,checking,Banco Santander Empresas,santander_emp,EUR,2026-06-23 09:42:43
PRODUCT_04739,COMP_0880,WALLET_01,wallet,Embat,embat,USD,2025-10-14 06:28:50
PRODUCT_04740,COMP_0035,CHECKING_02,checking,Banco Santander Empresas,santander_emp,USD,2024-11-05 09:14:22
PRODUCT_04741,COMP_0982,CARD_11,card,Caixabank Empresas,caixa_emp,EUR,2025-03-25 10:07:20
PRODUCT_04742,COMP_1248,CHECKING_04,checking,Commerzbank AG,commerzbank,EUR,2025-04-23 10:46:34
PRODUCT_04744,COMP_0604,CHECKING_10,checking,Abanca Empresas,abanca_emp,EUR,2024-10-17 16:01:12
PRODUCT_04745,COMP_0411,CHECKING_07,checking,Caixabank,caixa_emp,EUR,2023-05-29 08:10:26
PRODUCT_04746,COMP_0223,CHECKING_02,checking,Banco Santander Empresas,santander_emp,EUR,2022-11-29 10:34:26
PRODUCT_04747,COMP_0444,CARD_16,card,Banco Sabadell Empresas,sabadell_emp,EUR,2026-03-13 12:08:09
PRODUCT_04749,COMP_0368,CHECKING_02,checking,Caixabank,caixa_emp,EUR,2023-09-14 10:32:16
PRODUCT_04750,COMP_0666,CHECKING_02,checking,Banco Galicia Empresas,bancogalicia_emp_ar,ARS,2024-07-10 13:03:45
PRODUCT_04751,COMP_0335,CHECKING_03,checking,Millennium bcp,millenniumbcp,EUR,2025-11-14 09:15:39
PRODUCT_04752,COMP_0821,CHECKING_03,checking,BBVA Net Cash Empresas,bbva_emp,EUR,2023-03-23 12:12:12
PRODUCT_04753,COMP_0517,CARD_02,card,BBVA Net Cash Empresas,bbva_emp,EUR,2025-12-18 12:06:44
PRODUCT_04755,COMP_0993,CHECKING_05,checking,Banco Santander Empresas,santander_emp,EUR,2025-10-20 08:40:57
PRODUCT_04756,COMP_0400,CHECKING_03,checking,Banca March,bancamarch,EUR,2024-09-17 12:30:25
PRODUCT_04757,COMP_0094,CHECKING_07,checking,Banco Sabadell,sabadell_emp,EUR,2023-11-16 09:49:39
PRODUCT_04759,COMP_0352,CHECKING_04,checking,Banco Sabadell Empresas,sabadell_emp,EUR,2026-06-23 09:31:39
PRODUCT_04760,COMP_1267,CHECKING_05,checking,BBVA Net Cash Empresas,bbva_emp,EUR,2026-04-10 08:13:07
PRODUCT_04761,COMP_0133,CHECKING_01,checking,Banco Santander Empresas,santander_emp,EUR,2025-03-17 12:06:38
PRODUCT_04763,COMP_0496,CHECKING_07,checking,Banco Sabadell Empresas,sabadell_emp,EUR,2024-11-14 17:27:24
PRODUCT_04764,COMP_1141,CHECKING_06,checking,HSBC Corporate,hsbccorporate,EUR,2026-01-13 20:58:20
PRODUCT_04765,COMP_0708,CARD_02,card,Banco Sabadell Empresas,sabadell_emp,EUR,2026-02-24 15:03:09
PRODUCT_04766,COMP_0538,CHECKING_04,checking,Abanca Empresas,abanca_emp,EUR,2024-10-17 16:18:08
PRODUCT_04767,COMP_0447,CARD_03,card,Banco Santander Empresas,santander_emp,EUR,2025-09-15 09:24:19
PRODUCT_04769,COMP_0099,CHECKING_02,checking,Caixabank Empresas,caixa_emp,EUR,2023-11-03 11:38:17
PRODUCT_04771,COMP_0351,CHECKING_11,checking,Deutsche Bank Empresas,deutschebank_emp,EUR,2026-07-14 07:36:29
PRODUCT_04772,COMP_0909,CHECKING_16,checking,Cajamar,cajamar,EUR,2025-01-28 11:31:49
PRODUCT_04774,COMP_0958,CHECKING_04,checking,Caixabank Empresas,caixa_emp,EUR,2025-03-07 11:48:46
PRODUCT_04776,COMP_0728,CHECKING_01,checking,Silicon Valley Bank - SVB Online Banking,ins_53,USD,2026-01-26 12:58:11
PRODUCT_04777,COMP_0183,RISK_07,risk,Other (customer-defined),custom,EUR,2026-03-17 17:18:20
PRODUCT_04778,COMP_1203,CHECKING_06,checking,Revolut EU,revolut_gb,EUR,2026-06-23 13:50:11
PRODUCT_04779,COMP_1159,CHECKING_06,checking,Bankinter Empresas,bankinter_emp,USD,2025-09-08 10:14:55
PRODUCT_04780,COMP_0139,CHECKING_06,checking,Banco Sabadell Empresas,sabadell_emp,EUR,2025-04-04 11:18:24
PRODUCT_04781,COMP_1187,CHECKING_13,checking,HSBC Corporate GLOBAL,hsbc,GBP,2025-12-16 09:48:49
PRODUCT_04782,COMP_0909,CARD_13,card,Bankinter,bankinter_emp,EUR,2024-04-03 07:31:38
PRODUCT_04783,COMP_0271,CHECKING_13,checking,Caixabank Empresas,caixa_emp,EUR,2026-04-20 11:10:04
PRODUCT_04784,COMP_0148,CHECKING_01,checking,Caixabank Empresas,caixa_emp,EUR,2025-07-17 16:02:42
PRODUCT_04785,COMP_1031,CHECKING_01,checking,Caixabank Empresas,caixa_emp,EUR,2026-05-15 08:05:55
PRODUCT_04786,COMP_1224,CHECKING_02,checking,Caixabank,caixa_emp,EUR,2024-04-11 09:50:07
PRODUCT_04788,COMP_0405,CHECKING_03,checking,Banco Santander,santander_emp,EUR,2024-03-11 11:44:24
PRODUCT_04789,COMP_0236,CHECKING_06,checking,KBC Brussels Belgium,kbcbrussels_belgium,EUR,2026-09-08 14:25:43
PRODUCT_04792,COMP_0873,CHECKING_03,checking,Caixabank Empresas,caixa_emp,EUR,2025-03-25 12:16:48
PRODUCT_04793,COMP_0268,CHECKING_06,checking,Bankinter Empresas,bankinter_emp,EUR,2024-11-11 10:20:19
PRODUCT_04794,COMP_0624,CHECKING_03,checking,Bankinter,bankinter_emp,EUR,2023-07-07 10:44:32
PRODUCT_04795,COMP_0004,CARD_06,card,Banco Santander Empresas,santander_emp,EUR,2026-02-25 09:39:18
PRODUCT_04796,COMP_0087,CARD_08,card,Banca March,bancamarch,EUR,2024-10-17 16:20:16
PRODUCT_04797,COMP_1152,CHECKING_06,checking,Banco Santander Empresas,santander_emp,EUR,2025-06-04 14:58:00
PRODUCT_04798,COMP_0495,CHECKING_08,checking,Banco Santander Empresas,santander_emp,EUR,2025-12-09 12:04:13
PRODUCT_04799,COMP_1102,CHECKING_01,checking,Rabobank,rabobank,EUR,2025-10-09 14:59:45
PRODUCT_04800,COMP_1175,CHECKING_01,checking,Banco Santander Empresas,santander_emp,EUR,2026-03-09 12:49:56
PRODUCT_04802,COMP_1035,CHECKING_04,checking,Caixabank Empresas,caixa_emp,EUR,2025-04-01 14:30:12
PRODUCT_04803,COMP_0415,CHECKING_02,checking,BBVA Net Cash Empresas,bbva_emp,EUR,2026-06-09 07:45:40
PRODUCT_04804,COMP_0407,CARD_02,card,Abanca Empresas,abanca_emp,EUR,2025-10-09 12:10:26
PRODUCT_04805,COMP_0517,CHECKING_04,checking,Banco Santander Empresas,santander_emp,EUR,2025-12-18 12:08:41
PRODUCT_04806,COMP_0394,CHECKING_03,checking,BBVA Net Cash Empresas,bbva_emp,EUR,2025-10-09 16:43:41
PRODUCT_04808,COMP_1059,LINEOFCOMEX_01,lineofcomex,American Express,amex,EUR,2025-11-04 12:19:19
PRODUCT_04812,COMP_0687,CHECKING_02,checking,Banco Santander,santander_emp,EUR,2024-07-12 11:38:56
PRODUCT_04813,COMP_1282,CHECKING_07,checking,Paypal,paypal,USD,2024-02-19 09:15:58
PRODUCT_04814,COMP_1006,CHECKING_03,checking,BBVA,bbva_emp,EUR,2024-02-15 14:32:00
PRODUCT_04815,COMP_0483,CHECKING_04,checking,Banco Santander Empresas,santander_emp,EUR,2025-04-09 10:27:32
PRODUCT_04816,COMP_0448,CHECKING_01,checking,Caixabank,caixa_emp,EUR,2023-05-30 11:03:56
PRODUCT_04823,COMP_0562,CHECKING_01,checking,Caixabank,caixa_emp,EUR,2024-02-09 12:18:13
PRODUCT_04824,COMP_1237,CHECKING_02,checking,Caixabank Empresas,caixa_emp,USD,2026-04-28 08:08:14
PRODUCT_04825,COMP_0929,CHECKING_05,checking,Abanca Empresas,abanca_emp,EUR,2025-10-09 13:33:58
PRODUCT_04826,COMP_0554,CHECKING_03,checking,Millennium bcp,millenniumbcp,EUR,2026-03-11 17:10:25
PRODUCT_04828,COMP_0049,CARD_04,card,Caixabank Empresas,caixa_emp,EUR,2025-02-25 22:02:09
PRODUCT_04829,COMP_0437,CHECKING_04,checking,Bankinter Empresas,bankinter_emp,USD,2025-10-15 09:17:24
PRODUCT_04831,COMP_0292,CHECKING_23,checking,Other (customer-defined),custom,USD,2025-10-15 13:32:38
PRODUCT_04832,COMP_0034,CHECKING_09,checking,Banca March,bancamarch,EUR,2025-05-22 15:41:57
PRODUCT_04833,COMP_0861,INVESTMENT_07,investment,Caixabank Empresas,caixa_emp,EUR,2026-03-10 09:38:06
PRODUCT_04834,COMP_1086,CHECKING_09,checking,Paypal,paypal,EUR,2023-11-13 09:45:54
PRODUCT_04835,COMP_0969,CHECKING_06,checking,Caixabank,caixa_emp,EUR,2023-05-30 08:02:44
PRODUCT_04837,COMP_0065,CHECKING_04,checking,Banco Sabadell Empresas,sabadell_emp,EUR,2026-04-22 12:03:02
PRODUCT_04838,COMP_0956,CARD_18,card,Caixabank Empresas,caixa_emp,EUR,2026-04-29 14:49:43
PRODUCT_04841,COMP_0203,CHECKING_05,checking,Banco Sabadell,sabadell_emp,EUR,2023-09-14 09:30:19
PRODUCT_04843,COMP_1149,INVESTMENT_08,investment,Deutsche Bank Empresas,deutschebank_emp,EUR,2025-09-30 11:46:52
PRODUCT_04844,COMP_0607,CHECKING_02,checking,Caixabank Empresas,caixa_emp,EUR,2025-03-24 16:21:40
PRODUCT_04845,COMP_0504,CARD_04,card,Banco Santander,santander_emp,EUR,2024-07-09 10:42:31
PRODUCT_04846,COMP_0860,CHECKING_01,checking,Other (customer-defined),custom,XOF,2025-10-15 08:31:56
PRODUCT_04847,COMP_1186,CHECKING_01,checking,Caixabank Empresas,caixa_emp,PLN,2025-09-09 14:59:29
PRODUCT_04849,COMP_0177,CHECKING_03,checking,Abanca Empresas,abanca_emp,EUR,2025-12-10 11:22:04
PRODUCT_04851,COMP_1023,CHECKING_02,checking,DNB,dnb,NOK,2026-03-09 13:07:18
PRODUCT_04852,COMP_1028,CHECKING_02,checking,Caixabank Empresas,caixa_emp,EUR,2026-03-20 13:21:38
PRODUCT_04853,COMP_0816,CHECKING_02,checking,Kutxabank,kutxabank_emp,EUR,2023-05-30 14:38:04
PRODUCT_04854,COMP_0297,CHECKING_03,checking,Laboral Kutxa Empresas,cajalaboral_emp,EUR,2026-02-26 10:40:18
PRODUCT_04856,COMP_0837,INVESTMENT_06,investment,Deutsche Bank (ES) - Empresas,ins_127317,EUR,2025-09-22 10:40:56
PRODUCT_04857,COMP_0484,CHECKING_04,checking,Bankinter Empresas,bankinter_emp,EUR,2026-04-20 10:49:35
PRODUCT_04858,COMP_0999,CHECKING_02,checking,Banco Santander Empresas,santander_emp,EUR,2025-01-22 09:31:24
PRODUCT_04860,COMP_0919,CHECKING_15,checking,Deutsche Bank Empresas,deutschebank_emp,USD,2025-11-03 11:32:24
PRODUCT_04863,COMP_0552,CHECKING_03,checking,Banco Santander,santander_emp,EUR,2024-05-21 13:50:06
PRODUCT_04865,COMP_0277,CARD_07,card,Caixabank Empresas,caixa_emp,EUR,2026-03-03 12:23:51
PRODUCT_04867,COMP_0505,CHECKING_06,checking,Laboral Kutxa Empresas,cajalaboral_emp,EUR,2026-07-13 06:08:50
PRODUCT_04868,COMP_0351,CHECKING_12,checking,Caixabank,caixa,EUR,2026-06-26 10:31:27
PRODUCT_04869,COMP_0341,CHECKING_06,checking,Caixabank,caixa_emp,GBP,2025-06-17 14:59:03
PRODUCT_04870,COMP_1089,CHECKING_01,checking,HSBC Bank (USA) - HSBCnet,ins_136937,USD,2026-07-13 13:18:20
PRODUCT_04871,COMP_0385,CHECKING_10,checking,RuralVia Empresas,ruralvia_emp,EUR,2025-08-01 10:07:37
PRODUCT_04872,COMP_0269,LINEOFCOMEX_02,lineofcomex,5th Bank of Eastern Fargo,ins_130209,EUR,2025-10-02 08:16:13
PRODUCT_04873,COMP_0027,CHECKING_02,checking,Banco Sabadell T. sec - CAL Empresas,sabadell_emp_sec,EUR,2026-05-13 12:47:09
PRODUCT_04875,COMP_1005,CHECKING_02,checking,Banca March,bancamarch,EUR,2025-05-22 15:41:57
PRODUCT_04878,COMP_0424,CHECKING_04,checking,Banco Sabadell Empresas,sabadell_emp,EUR,2025-02-14 12:14:56
PRODUCT_04880,COMP_0942,CHECKING_01,checking,Banco Sabadell,sabadell_emp,EUR,2023-09-14 09:38:48
PRODUCT_04881,COMP_0445,CHECKING_04,checking,Lloyds Commercial EU,lloydscommercial_eu,USD,2026-04-20 10:03:09
PRODUCT_04882,COMP_1077,CHECKING_03,checking,Banco Sabadell Empresas,sabadell_emp,EUR,2026-04-17 08:54:04
PRODUCT_04885,COMP_0437,CHECKING_05,checking,Barclays Corporate,barclays_corporate,USD,2025-09-26 07:42:58
PRODUCT_04887,COMP_0102,CHECKING_01,checking,Caixabank,caixa_emp,EUR,2023-05-29 08:21:41
PRODUCT_04888,COMP_0047,CHECKING_06,checking,Banca March,bancamarch,EUR,2025-09-10 07:48:38
PRODUCT_04889,COMP_0746,CHECKING_02,checking,Banco Santander Empresas,santander_emp,EUR,2025-05-04 18:28:28
PRODUCT_04890,COMP_0047,CHECKING_07,checking,Caixabank Empresas,caixa_emp,EUR,2025-09-09 12:14:57
PRODUCT_04891,COMP_0593,CHECKING_02,checking,Banco Santander Empresas,santander_emp,EUR,2025-07-29 16:07:16
PRODUCT_04892,COMP_0878,CHECKING_02,checking,Caixabank Empresas,caixa_emp,EUR,2026-03-16 15:10:04
PRODUCT_04893,COMP_0495,CARD_06,card,Caixabank Empresas,caixa_emp,EUR,2025-12-11 08:58:24
PRODUCT_04894,COMP_0460,CHECKING_08,checking,TransferWise,transferwise,EUR,2023-08-29 14:22:04
PRODUCT_04895,COMP_0627,CHECKING_05,checking,Banco Santander Empresas,santander_emp,EUR,2024-11-05 09:51:33
PRODUCT_04897,COMP_0246,CHECKING_06,checking,Caixabank,caixa_emp,EUR,2024-01-15 11:10:39
PRODUCT_04898,COMP_0100,CHECKING_05,checking,Cajamar,cajamar,EUR,2025-05-21 08:34:34
PRODUCT_04899,COMP_0513,CARD_01,card,Banco Sabadell T. sec - CAL Empresas,sabadell_emp_sec,EUR,2024-09-17 10:30:34
PRODUCT_04902,COMP_0135,CHECKING_03,checking,Brex,ins_127888,USD,2025-03-11 09:31:49
PRODUCT_04903,COMP_0808,CHECKING_05,checking,Revolut,revolut,EUR,2023-11-07 17:15:06
PRODUCT_04904,COMP_0721,CHECKING_08,checking,Unicaja Empresas,unicaja_emp,EUR,2026-01-27 15:52:59
PRODUCT_04905,COMP_1072,TPV_02,tpv,Redsys,redsys,EUR,2025-09-22 07:22:58
PRODUCT_04906,COMP_0292,CHECKING_24,checking,Other (customer-defined),custom,USD,2025-10-15 13:40:04
PRODUCT_04907,COMP_1056,CHECKING_06,checking,HSBC Corporate,hsbccorporate,GBP,2026-02-10 07:30:11
PRODUCT_04908,COMP_0846,CHECKING_01,checking,Banco Santander,santander_emp,EUR,2024-05-10 09:50:48
PRODUCT_04909,COMP_0832,CHECKING_09,checking,Revolut,revolut,EUR,2024-12-13 08:38:24
PRODUCT_04910,COMP_0361,CHECKING_10,checking,Paypal,paypal,BRL,2023-08-28 08:41:44
PRODUCT_04912,COMP_0626,CHECKING_06,checking,Banco Santander,santander_emp,EUR,2023-04-27 09:54:00
PRODUCT_04913,COMP_0412,CHECKING_01,checking,Caixabank,caixa_emp,EUR,2023-09-14 10:28:20
PRODUCT_04914,COMP_0825,CHECKING_03,checking,BBVA Net Cash Empresas,bbva_emp,EUR,2023-05-22 06:35:52
PRODUCT_04915,COMP_0164,CHECKING_02,checking,Bankinter,bankinter_emp,EUR,2023-07-07 10:43:09
PRODUCT_04916,COMP_1203,CHECKING_07,checking,Revolut EU,revolut_gb,GBP,2026-06-23 13:50:11
PRODUCT_04917,COMP_0136,CARD_02,card,Banco Sabadell T. sec - CAL Empresas,sabadell_emp_sec,EUR,2024-09-17 13:28:16
PRODUCT_04919,COMP_0612,CHECKING_06,checking,BBVA,bbva_emp,EUR,2024-02-09 12:08:01
PRODUCT_04920,COMP_0674,CHECKING_09,checking,Caixabank,caixa_emp,EUR,2024-06-26 11:13:41
PRODUCT_04921,COMP_0456,CHECKING_01,checking,Bankinter Empresas,bankinter_emp,EUR,2025-07-29 14:23:22
PRODUCT_04922,COMP_0685,CHECKING_03,checking,Bankinter Empresas,bankinter_emp,EUR,2025-12-11 09:32:41
PRODUCT_04924,COMP_0437,CHECKING_06,checking,Banco Santander Empresas,santander_emp,USD,2025-09-11 10:12:25
PRODUCT_04925,COMP_0931,CHECKING_04,checking,Banco BPI,bbpi,EUR,2025-01-14 11:19:11
PRODUCT_04926,COMP_0651,CHECKING_07,checking,Banco Sabadell Empresas,sabadell_emp,EUR,2026-05-29 08:36:33
PRODUCT_04927,COMP_0511,CHECKING_03,checking,Caixabank Empresas,caixa_emp,EUR,2024-11-05 08:29:20
PRODUCT_04928,COMP_0413,CHECKING_05,checking,Intesa Sanpaolo S.p.A - Corporate,intesa_sanpaolo_corporate,EUR,2026-03-12 08:20:52
PRODUCT_04929,COMP_0007,LINEOFCOMEX_04,lineofcomex,Unicaja Empresas,unicaja_emp,EUR,2026-03-18 09:23:37
PRODUCT_04930,COMP_0797,CHECKING_17,checking,Banca March,bancamarch,EUR,2025-10-29 16:55:47
PRODUCT_04931,COMP_0181,CHECKING_03,checking,Banco Sabadell,sabadell_emp,EUR,2024-03-14 12:27:31
PRODUCT_04934,COMP_0807,CHECKING_02,checking,Revolut,revolut,EUR,2025-02-14 10:06:49
PRODUCT_04935,COMP_0293,CHECKING_03,checking,Banco Santander,santander_emp,EUR,2024-05-21 13:50:09
PRODUCT_04937,COMP_0708,CHECKING_08,checking,Banco Sabadell Empresas,sabadell_emp,EUR,2026-05-12 14:37:37
PRODUCT_04938,COMP_1038,CHECKING_07,checking,Caixabank Empresas,caixa_emp,EUR,2025-09-09 11:37:41
PRODUCT_04939,COMP_0471,CHECKING_12,checking,Banco Santander,santander_emp,EUR,2023-09-20 11:22:38
PRODUCT_04943,COMP_0863,CHECKING_02,checking,Banco Sabadell Empresas,sabadell_emp,USD,2026-02-18 12:21:39
PRODUCT_04945,COMP_0007,CHECKING_08,checking,Laboral Kutxa Empresas,cajalaboral_emp,EUR,2026-03-11 08:05:43
PRODUCT_04947,COMP_0023,WALLET_01,wallet,Embat,embat,EUR,2025-11-20 15:10:05
PRODUCT_04948,COMP_0602,CHECKING_03,checking,Banco Santander Empresas,santander_emp,EUR,2025-03-17 12:06:38
PRODUCT_04949,COMP_0494,CHECKING_01,checking,BBVA Net Cash Empresas,bbva_emp,EUR,2026-02-13 13:12:22
PRODUCT_04950,COMP_0328,CHECKING_04,checking,Banco Sabadell Empresas,sabadell_emp,EUR,2026-07-06 09:49:24
PRODUCT_04951,COMP_0036,CHECKING_01,checking,Banco Santander Empresas,santander_emp,EUR,2025-03-18 12:14:16
PRODUCT_04952,COMP_1159,CHECKING_07,checking,Banco Sabadell Empresas,sabadell_emp,EUR,2026-02-06 10:23:43
PRODUCT_04953,COMP_0328,TPV_01,tpv,Redsys,redsys,EUR,2026-07-08 08:47:39
PRODUCT_04954,COMP_0023,CHECKING_02,checking,CBC Belgium,cbc_belgium,EUR,2025-05-29 07:02:56
PRODUCT_04955,COMP_0001,CHECKING_02,checking,Banco Santander Empresas,santander_emp,EUR,2026-03-16 15:13:46
PRODUCT_04956,COMP_0277,CARD_08,card,Caixabank Empresas,caixa_emp,EUR,2026-03-03 12:23:51
PRODUCT_04957,COMP_0049,CARD_05,card,Caixabank Empresas,caixa_emp,EUR,2025-07-21 13:31:06
PRODUCT_04958,COMP_0788,CHECKING_03,checking,Bankinter,bankinter_emp,EUR,2024-04-08 08:16:56
PRODUCT_04959,COMP_0802,CHECKING_07,checking,Caixabank Empresas,caixa_emp,EUR,2025-10-14 11:26:36
PRODUCT_04960,COMP_0136,CHECKING_03,checking,Caixa Guissona,caixaguissona,EUR,2024-09-17 11:48:37
PRODUCT_04962,COMP_0316,CHECKING_03,checking,Caixabank,caixa_emp,EUR,2023-12-29 10:06:56
PRODUCT_04963,COMP_1141,CHECKING_07,checking,Other (customer-defined),custom,GBP,2026-01-08 15:10:52
PRODUCT_04964,COMP_0247,WALLET_04,wallet,Embat,embat,USD,2025-10-09 06:23:18
PRODUCT_04966,COMP_0844,CHECKING_02,checking,Caixabank Empresas,caixa_emp,EUR,2026-05-25 11:29:17
PRODUCT_04967,COMP_1016,INVESTMENT_01,investment,Banco Sabadell Empresas,sabadell_emp,EUR,2026-03-20 13:10:47
PRODUCT_04968,COMP_0398,CARD_01,card,Caixabank Empresas,caixa_emp,EUR,2025-09-09 11:35:29
PRODUCT_04969,COMP_1135,CHECKING_10,checking,BBVA Net Cash Empresas,bbva_emp,EUR,2026-03-16 11:41:03
PRODUCT_04971,COMP_1216,CHECKING_08,checking,CajaSur Empresas,cajasur_emp,EUR,2025-09-24 16:38:26
PRODUCT_04972,COMP_0007,LINEOFCOMEX_05,lineofcomex,iberCaja,ibercaja,EUR,2026-03-11 08:02:34
PRODUCT_04974,COMP_0464,SAVING_01,saving,DNB,dnb,NOK,2026-04-09 13:31:20
PRODUCT_04975,COMP_0362,CARD_04,card,Banco Sabadell T. sec - CAL Empresas,sabadell_emp_sec,EUR,2024-09-17 12:48:01
PRODUCT_04977,COMP_0087,CARD_09,card,Abanca Empresas,abanca_emp,EUR,2026-01-29 10:38:44
PRODUCT_04980,COMP_0793,CHECKING_06,checking,Kutxabank Empresas,kutxabank_emp,EUR,2026-03-16 15:18:54
PRODUCT_04981,COMP_0823,CHECKING_01,checking,Banco Santander Empresas,santander_emp,EUR,2022-11-17 14:05:12
PRODUCT_04982,COMP_0562,CHECKING_02,checking,BBVA,bbva_emp,EUR,2024-02-09 12:16:55
PRODUCT_04983,COMP_0253,CHECKING_04,checking,Paypal,paypal,USD,2024-11-20 11:42:20
PRODUCT_04985,COMP_0915,CHECKING_04,checking,Banco Sabadell T. sec - CAL Empresas,sabadell_emp_sec,EUR,2025-03-20 14:39:47
PRODUCT_04986,COMP_0096,CHECKING_03,checking,Banco Santander Empresas,santander_emp,EUR,2025-04-04 10:39:46
PRODUCT_04987,COMP_1286,CHECKING_02,checking,BBVA Net Cash Empresas,bbva_emp,EUR,2024-11-20 14:50:01
PRODUCT_04989,COMP_0189,CHECKING_04,checking,Barclays Corporate,barclays_corporate,GBP,2025-06-12 09:48:49
PRODUCT_04990,COMP_1028,CHECKING_03,checking,Globalcaja,ruralvia_globalcaja,EUR,2026-03-20 13:10:45
PRODUCT_04992,COMP_0574,CHECKING_02,checking,Caixabank,caixa_emp,EUR,2023-10-31 09:52:57
PRODUCT_04994,COMP_1191,CHECKING_03,checking,Caixabank Empresas,caixa_emp,EUR,2024-10-28 15:21:04
PRODUCT_04995,COMP_0761,CHECKING_03,checking,Barclays Corporate,barclays_corporate,EUR,2025-09-26 07:44:16
PRODUCT_04996,COMP_0885,CHECKING_05,checking,RuralVia,ruralvia_emp,EUR,2024-03-01 08:47:56
PRODUCT_04997,COMP_0982,CHECKING_05,checking,Caixabank Empresas,caixa_emp,EUR,2025-03-25 10:07:20
PRODUCT_04999,COMP_1028,CARD_05,card,Globalcaja,ruralvia_globalcaja,EUR,2026-03-20 13:10:45
PRODUCT_05000,COMP_0659,CHECKING_02,checking,BBVA,bbva_emp,EUR,2024-03-11 11:08:54
PRODUCT_05001,COMP_1067,CHECKING_13,checking,Other (customer-defined),custom,USD,2025-06-07 14:07:25
PRODUCT_05002,COMP_1229,CHECKING_03,checking,HSBC Corporate,hsbccorporate,USD,2026-01-13 20:58:20
PRODUCT_05003,COMP_0777,CHECKING_02,checking,Coastal Community Bank (WA) - Online Banking,ins_111890,USD,2026-05-20 11:34:24
PRODUCT_05004,COMP_0956,CARD_19,card,Caixabank Empresas,caixa_emp,EUR,2026-04-29 14:49:43
PRODUCT_05005,COMP_1221,CHECKING_04,checking,Hamburger Sparkasse,hamburger-sparkasse,EUR,2026-02-11 17:57:32
PRODUCT_05006,COMP_0282,CHECKING_07,checking,Caixabank Empresas,caixa_emp,EUR,2025-03-11 12:48:29
PRODUCT_05007,COMP_0340,WALLET_01,wallet,Embat,embat,EUR,2025-05-28 15:49:06
PRODUCT_05008,COMP_0406,CHECKING_07,checking,Other (customer-defined),custom,EUR,2026-09-08 08:00:47
PRODUCT_05009,COMP_0939,CHECKING_06,checking,Barclays Corporate,barclays_corporate,USD,2026-03-24 14:30:15
PRODUCT_05010,COMP_1153,CHECKING_02,checking,Other (customer-defined),custom,EUR,2024-08-19 14:22:48
PRODUCT_05012,COMP_1136,CHECKING_01,checking,Banco Santander Empresas,santander_emp,EUR,2025-04-23 10:30:03
PRODUCT_05014,COMP_0909,CHECKING_17,checking,BBVA,bbva_emp,USD,2024-04-03 07:21:30
PRODUCT_05015,COMP_0729,CHECKING_01,checking,Caixabank Empresas,caixa_emp,EUR,2025-09-09 11:59:08
PRODUCT_05016,COMP_1248,CHECKING_05,checking,BNP Paribas - Corporate,mabanque-corporate,EUR,2025-04-14 09:11:18
PRODUCT_05017,COMP_0843,CHECKING_06,checking,Banco Santander,santander_emp,EUR,2024-02-09 12:35:06
PRODUCT_05018,COMP_0909,INVESTMENT_07,investment,Other (customer-defined),custom,EUR,2025-09-02 09:25:01
PRODUCT_05019,COMP_0616,CHECKING_05,checking,Caixabank,caixa_emp,GBP,2024-06-17 09:19:01
PRODUCT_05020,COMP_1163,CHECKING_06,checking,Revolut EU,revolut,JPY,2024-11-13 08:50:23
PRODUCT_05021,COMP_0791,CARD_01,card,Banco Santander Empresas,santander_emp,EUR,2024-10-18 11:20:36
PRODUCT_05022,COMP_0861,INVESTMENT_08,investment,Caixabank Empresas,caixa_emp,EUR,2026-03-10 09:38:06
PRODUCT_05023,COMP_0292,CHECKING_25,checking,Other (customer-defined),custom,GHS,2025-10-15 10:50:13
PRODUCT_05024,COMP_1010,CHECKING_03,checking,Caixabank Empresas,caixa_emp,EUR,2026-04-20 14:09:55
PRODUCT_05025,COMP_0385,CHECKING_11,checking,iberCaja,ibercaja,EUR,2025-08-01 10:15:30
PRODUCT_05026,COMP_1008,INVESTMENT_04,investment,Banca March,bancamarch,EUR,2026-09-02 10:17:57
PRODUCT_05027,COMP_0890,CHECKING_02,checking,BBVA,bbva_emp,EUR,2024-04-22 11:46:08
PRODUCT_05028,COMP_1024,CARD_02,card,BBVA Net Cash Empresas,bbva_emp,EUR,2025-10-21 11:10:06
PRODUCT_05029,COMP_1081,CHECKING_05,checking,Kutxabank Empresas,kutxabank_emp,EUR,2024-12-11 12:31:42
PRODUCT_05030,COMP_0616,CHECKING_06,checking,Banco Santander,santander_emp,EUR,2024-07-05 05:32:03
PRODUCT_05032,COMP_0600,CHECKING_05,checking,Banco Santander Empresas,santander_emp,EUR,2025-04-07 10:44:11
PRODUCT_05035,COMP_0639,CHECKING_11,checking,Abanca,abanca_emp,EUR,2024-06-14 07:51:24
PRODUCT_05036,COMP_1040,CHECKING_02,checking,Unicaja Empresas,unicaja_emp,EUR,2026-06-30 07:09:58
PRODUCT_05037,COMP_0909,CHECKING_18,checking,Bankinter,bankinter_emp,USD,2024-04-03 07:31:38
PRODUCT_05038,COMP_0029,CHECKING_05,checking,Other (customer-defined),custom,SGD,2026-06-18 15:54:11
PRODUCT_05039,COMP_0568,CHECKING_07,checking,Banco Sabadell Empresas,sabadell_emp,EUR,2025-03-12 11:48:57
PRODUCT_05040,COMP_0252,CHECKING_30,checking,Banking Circle GLOBAL,bc,USD,2026-05-18 10:23:35
PRODUCT_05041,COMP_1198,CHECKING_05,checking,Caixabank,caixa_emp,EUR,2024-02-09 12:27:54
PRODUCT_05042,COMP_0546,CHECKING_03,checking,Globalcaja,ruralvia_globalcaja,EUR,2025-11-28 07:20:28
PRODUCT_05044,COMP_1211,CHECKING_02,checking,Caixabank Empresas,caixa_emp,EUR,2025-03-18 15:46:08
PRODUCT_05045,COMP_0793,CHECKING_07,checking,Bankinter Empresas,bankinter_emp,EUR,2026-03-16 15:17:27
PRODUCT_05047,COMP_1215,CARD_03,card,Caixabank Empresas,caixa_emp,EUR,2026-07-08 18:39:31
PRODUCT_05048,COMP_0420,CHECKING_07,checking,Banco Sabadell Empresas,sabadell_emp,EUR,2026-04-07 07:20:54
PRODUCT_05049,COMP_0690,CHECKING_02,checking,HSBC Corporate,hsbccorporate,USD,2026-01-13 20:58:20
PRODUCT_05050,COMP_1077,CHECKING_04,checking,Banco Sabadell Empresas,sabadell_emp,EUR,2026-06-01 06:55:00
PRODUCT_05051,COMP_0733,CHECKING_04,checking,Caixabank,caixa,EUR,2025-05-06 11:25:19
PRODUCT_05052,COMP_0639,CHECKING_12,checking,Abanca Empresas,abanca_emp,EUR,2024-11-22 07:39:33
PRODUCT_05053,COMP_0277,CARD_09,card,Caixabank Empresas,caixa_emp,EUR,2026-03-03 12:23:51
PRODUCT_05054,COMP_0351,CHECKING_13,checking,RuralVia Empresas,ruralvia_emp,EUR,2026-07-14 07:46:38
PRODUCT_05056,COMP_0480,CHECKING_07,checking,BANCO SANTANDER TOTTA SA,banco-santander-totta-sa,EUR,2024-06-27 09:46:42
PRODUCT_05057,COMP_0690,CHECKING_03,checking,HSBC Corporate,hsbccorporate,USD,2026-01-13 20:58:20
PRODUCT_05058,COMP_0701,CHECKING_01,checking,Other (customer-defined),custom,EUR,2025-05-25 18:48:25
PRODUCT_05059,COMP_0505,INVESTMENT_04,investment,Banco Santander Empresas,santander_emp,EUR,2026-07-13 06:12:55
PRODUCT_05060,COMP_0961,CHECKING_03,checking,Citibank Empresas GLOBAL,citi,USD,2025-11-11 16:32:34
PRODUCT_05061,COMP_0521,CHECKING_06,checking,Other (customer-defined),custom,USD,2025-08-22 08:45:17
PRODUCT_05062,COMP_1272,INVESTMENT_01,investment,Banco Santander Empresas,santander_emp,EUR,2026-03-30 17:14:47
PRODUCT_05064,COMP_0270,CHECKING_03,checking,Wise,transferwise,EUR,2024-10-17 12:40:48
PRODUCT_05066,COMP_0864,CHECKING_06,checking,Paypal,paypal,EUR,2024-02-16 12:15:03
PRODUCT_05067,COMP_1216,CHECKING_09,checking,Banco Santander Empresas,santander_emp,EUR,2025-09-24 16:06:12
PRODUCT_05068,COMP_0928,CHECKING_07,checking,Bankinter Empresas,bankinter_emp,EUR,2025-07-29 11:35:41
PRODUCT_05069,COMP_0802,CHECKING_08,checking,Caixabank Empresas,caixa_emp,EUR,2026-06-30 10:10:13
PRODUCT_05071,COMP_0570,INVESTMENT_01,investment,Cajamar,cajamar,EUR,2026-04-07 09:37:08
PRODUCT_05073,COMP_0326,CHECKING_04,checking,Caixabank Empresas,caixa_emp,EUR,2025-09-09 11:57:40
PRODUCT_05074,COMP_1279,CHECKING_08,checking,Banco Sabadell,sabadell_emp,EUR,2024-03-11 12:15:04
PRODUCT_05076,COMP_0073,CHECKING_05,checking,Paypal,paypal,EUR,2024-11-13 14:21:38
PRODUCT_05077,COMP_0292,CHECKING_26,checking,Other (customer-defined),custom,USD,2025-10-15 09:16:01
PRODUCT_05079,COMP_1049,CHECKING_06,checking,BBVA Net Cash Empresas,bbva_emp,EUR,2026-03-11 10:23:04
PRODUCT_05080,COMP_0298,CHECKING_01,checking,Caixabank Empresas,caixa_emp,EUR,2025-04-24 06:49:54
PRODUCT_05081,COMP_0170,CHECKING_01,checking,Commerzbank AG,commerzbank,EUR,2026-04-08 04:52:12
PRODUCT_05082,COMP_0042,CHECKING_07,checking,National Bank of Canada - Business,ins_126338,CAD,2025-01-21 15:34:25
PRODUCT_05085,COMP_0418,CHECKING_07,checking,Banco Santander,santander_emp,EUR,2023-06-15 11:07:45
PRODUCT_05086,COMP_0035,CHECKING_03,checking,Bankinter,bankinter_emp,EUR,2022-11-17 13:31:21
PRODUCT_05087,COMP_0613,CHECKING_03,checking,Caixabank,caixa_emp,EUR,2023-05-29 08:16:53
PRODUCT_05088,COMP_0438,CHECKING_04,checking,Caixabank,caixa_emp,EUR,2023-06-29 09:23:31
PRODUCT_05089,COMP_0942,CHECKING_02,checking,Banco Santander,santander_emp,EUR,2023-09-15 13:33:46
PRODUCT_05091,COMP_1264,CHECKING_03,checking,BNP Paribas - Mabanque Corporate,mabanque-corporate,EUR,2023-07-26 11:35:24
PRODUCT_05092,COMP_0203,CARD_09,card,Caixabank,caixa_emp,EUR,2023-09-14 10:20:02
PRODUCT_05093,COMP_0451,CHECKING_01,checking,Banco Santander,santander_emp,EUR,2023-05-30 10:54:29
PRODUCT_05094,COMP_0121,CHECKING_02,checking,Banco Santander,santander_emp,EUR,2023-05-29 08:07:42
PRODUCT_05095,COMP_0340,CHECKING_03,checking,Banco Santander,santander_emp,EUR,2023-08-23 09:21:51
PRODUCT_05096,COMP_0361,CHECKING_11,checking,Paypal,paypal,CAD,2023-08-28 08:41:44
PRODUCT_05097,COMP_0627,CHECKING_06,checking,Banco Santander Empresas,santander_emp,EUR,2022-11-17 14:24:21
PRODUCT_05099,COMP_0035,CHECKING_04,checking,Banco Santander Empresas,santander_emp,EUR,2023-03-23 08:08:14
PRODUCT_05100,COMP_0442,CHECKING_01,checking,Banco Santander,santander_emp,EUR,2023-05-30 10:55:22
PRODUCT_05101,COMP_0341,CHECKING_07,checking,Bankinter,bankinter_emp,USD,2023-07-18 10:09:58
PRODUCT_05102,COMP_0792,CHECKING_07,checking,Caixabank,caixa_emp,EUR,2023-03-24 11:22:06
PRODUCT_05103,COMP_0383,CHECKING_06,checking,Banco Santander Empresas,santander_emp,EUR,2022-11-29 10:34:26
PRODUCT_05104,COMP_1160,CHECKING_05,checking,Caixabank,caixa_emp,EUR,2023-05-08 16:22:21
PRODUCT_05105,COMP_0945,CHECKING_07,checking,Banca March,bancamarch,EUR,2023-08-09 06:55:25
PRODUCT_05107,COMP_0649,CHECKING_03,checking,Banco Santander,santander_emp,EUR,2023-08-31 12:30:01
PRODUCT_05109,COMP_0825,CHECKING_04,checking,Banco Santander Empresas,santander_emp,EUR,2023-01-31 14:37:24
PRODUCT_05111,COMP_0789,CHECKING_03,checking,Banco Santander Empresas,santander_emp,EUR,2022-11-17 13:32:35
PRODUCT_05112,COMP_1120,CHECKING_01,checking,Banco Santander,santander_emp,EUR,2022-04-25 13:37:21
PRODUCT_05114,COMP_0601,CHECKING_04,checking,Banco Santander,santander_emp,EUR,2023-04-27 09:54:05
PRODUCT_05115,COMP_0776,CHECKING_02,checking,Banco Santander,santander_emp,EUR,2023-05-29 08:04:05
PRODUCT_05116,COMP_1252,CHECKING_07,checking,Banco Santander,santander_emp,EUR,2023-06-15 11:45:36
PRODUCT_05117,COMP_0703,CHECKING_04,checking,Caixabank,caixa_emp,EUR,2022-11-17 13:49:31
PRODUCT_05118,COMP_1162,CHECKING_07,checking,Paypal,paypal,USD,2023-08-28 08:44:00
PRODUCT_05119,COMP_0868,CARD_01,card,Banco Sabadell,sabadell_emp,EUR,2023-07-03 10:29:00
PRODUCT_05120,COMP_0361,CHECKING_12,checking,Paypal,paypal,PHP,2023-08-28 08:41:44
PRODUCT_05121,COMP_1069,CHECKING_02,checking,Caixabank,caixa_emp,EUR,2023-07-28 07:31:37
PRODUCT_05122,COMP_1202,CHECKING_02,checking,Bankinter,bankinter_emp,EUR,2022-11-17 13:36:37
PRODUCT_05124,COMP_0792,CHECKING_08,checking,Caixabank,caixa_emp,EUR,2023-03-24 11:22:06
PRODUCT_05125,COMP_0399,CHECKING_07,checking,Bankinter,bankinter_emp,USD,2022-11-17 13:51:48
PRODUCT_05126,COMP_0827,CHECKING_04,checking,Caixabank,caixa_emp,EUR,2022-11-29 11:25:28
PRODUCT_05127,COMP_1202,CHECKING_03,checking,Caixabank,caixa_emp,EUR,2022-11-17 13:37:09
PRODUCT_05128,COMP_0423,CHECKING_01,checking,Banco Santander,santander_emp,EUR,2022-04-06 14:22:39
PRODUCT_05130,COMP_0816,CHECKING_03,checking,Banco Santander,santander_emp,EUR,2023-05-25 05:08:52
PRODUCT_05131,COMP_0639,CHECKING_13,checking,Caixabank,caixa_emp,EUR,2022-11-17 14:08:49
PRODUCT_05133,COMP_0418,CHECKING_08,checking,Banco Santander,santander_emp,EUR,2023-06-15 11:44:48
PRODUCT_05134,COMP_1202,CHECKING_04,checking,Banco Santander Empresas,santander_emp,EUR,2022-11-17 13:36:10
PRODUCT_05135,COMP_0601,CHECKING_05,checking,Banco Santander,santander_emp,EUR,2023-04-27 09:54:05
PRODUCT_05136,COMP_0945,CHECKING_08,checking,Bankinter,bankinter_emp,EUR,2022-04-06 14:02:34
PRODUCT_05137,COMP_0820,CHECKING_04,checking,Caixabank,caixa_emp,EUR,2023-05-29 08:12:56
PRODUCT_05138,COMP_0418,CHECKING_09,checking,Banco Santander,santander_emp,EUR,2023-06-15 11:07:45
PRODUCT_05139,COMP_0423,CHECKING_02,checking,Banco Santander,santander_emp,EUR,2022-04-06 14:22:39
PRODUCT_05140,COMP_0809,CHECKING_01,checking,Banco Sabadell,sabadell_emp,EUR,2023-06-08 13:56:10
PRODUCT_05141,COMP_0361,CHECKING_13,checking,Paypal,paypal,RUB,2023-08-28 08:41:44
PRODUCT_05142,COMP_0340,CHECKING_04,checking,Banco Santander,santander_emp,EUR,2023-08-23 09:21:51
PRODUCT_05143,COMP_0089,CHECKING_03,checking,Bankinter,bankinter_emp,EUR,2023-08-31 10:16:59
PRODUCT_05144,COMP_0796,CHECKING_03,checking,Bankinter,bankinter_emp,EUR,2023-05-29 09:20:03
PRODUCT_05145,COMP_0825,CHECKING_05,checking,Caixabank,caixa_emp,EUR,2023-01-31 14:37:53
PRODUCT_05146,COMP_0442,CARD_01,card,Banco Santander,santander_emp,EUR,2023-05-30 08:47:41
PRODUCT_05147,COMP_0042,CHECKING_08,checking,Banco Santander,santander_emp,USD,2022-04-06 14:10:39
PRODUCT_05148,COMP_0832,CHECKING_10,checking,Bankinter,bankinter_emp,EUR,2023-02-20 12:17:15
PRODUCT_05149,COMP_0399,CHECKING_08,checking,Caixabank,caixa_emp,EUR,2022-11-17 13:52:57
PRODUCT_05150,COMP_0460,CHECKING_09,checking,Paypal,paypal,CAD,2023-08-28 08:11:35
PRODUCT_05152,COMP_0703,CHECKING_05,checking,Banco Santander Empresas,santander_emp,EUR,2022-11-17 13:49:18
PRODUCT_05153,COMP_1202,CHECKING_05,checking,Caixabank,caixa_emp,EUR,2022-11-17 13:37:00
PRODUCT_05155,COMP_0075,CHECKING_09,checking,Caixabank,caixa_emp,USD,2022-11-17 13:29:49
PRODUCT_05156,COMP_0814,CHECKING_01,checking,Caixabank,caixa_emp,EUR,2023-09-14 10:29:46
PRODUCT_05157,COMP_0821,CHECKING_04,checking,Banco Santander,santander_emp,EUR,2023-04-27 09:54:05
PRODUCT_05158,COMP_0361,CHECKING_14,checking,Paypal,paypal,USD,2023-08-28 08:41:44
PRODUCT_05159,COMP_0816,CHECKING_04,checking,Caixabank,caixa_emp,EUR,2023-05-25 05:07:20
PRODUCT_05160,COMP_0471,CHECKING_13,checking,Banco Santander,santander_emp,EUR,2022-04-06 12:43:08
PRODUCT_05161,COMP_0329,CHECKING_02,checking,BBVA,bbva,EUR,2022-06-27 07:42:46
PRODUCT_05162,COMP_0035,CHECKING_05,checking,Banco Santander Empresas,santander_emp,EUR,2022-11-17 13:30:44
PRODUCT_05163,COMP_1213,CHECKING_04,checking,Caixabank,caixa_emp,EUR,2023-05-29 08:22:28
PRODUCT_05165,COMP_1160,CHECKING_06,checking,Laboral Kutxa,cajalaboral_emp,EUR,2023-05-30 13:51:32
PRODUCT_05166,COMP_0266,CHECKING_01,checking,Santander Totta Empresas Empresas,santander_emp_pt,EUR,2023-09-14 10:40:59
PRODUCT_05167,COMP_0613,CHECKING_04,checking,Caixabank,caixa_emp,EUR,2023-05-29 08:17:05
PRODUCT_05168,COMP_0832,CHECKING_11,checking,Caixabank Empresas,caixa_emp,EUR,2023-02-20 12:20:08
PRODUCT_05169,COMP_0075,CHECKING_10,checking,Banco Santander Empresas,santander_emp,USD,2022-11-17 13:27:05
PRODUCT_05171,COMP_0164,CHECKING_03,checking,Banco Santander,santander_emp,EUR,2023-07-07 10:24:38
PRODUCT_05172,COMP_0383,CHECKING_07,checking,Caixabank,caixa_emp,EUR,2022-11-29 11:20:02
PRODUCT_05174,COMP_1239,CHECKING_01,checking,Banco Santander,santander_emp,EUR,2022-04-25 13:23:57
PRODUCT_05175,COMP_0824,CHECKING_02,checking,BBVA Net Cash Empresas,bbva_emp,EUR,2022-10-13 13:27:20
PRODUCT_05176,COMP_0462,CHECKING_01,checking,Intesa Sanpaolo S.p.A,intesa_sanpaolo,EUR,2022-10-21 07:43:39
PRODUCT_05177,COMP_0042,CHECKING_09,checking,BBVA,bbva_emp,EUR,2022-04-06 14:14:55
PRODUCT_05178,COMP_0263,CHECKING_01,checking,Banco Santander,santander_emp,EUR,2022-04-25 13:21:25
PRODUCT_05179,COMP_0582,CHECKING_01,checking,Banco Santander Empresas,santander_emp,EUR,2022-09-07 14:48:37
PRODUCT_05180,COMP_0471,CHECKING_14,checking,RuralVia,ruralvia_emp,EUR,2022-04-06 12:33:18
PRODUCT_05181,COMP_0963,CHECKING_02,checking,BBVA,bbva_emp,EUR,2022-09-07 14:27:23
PRODUCT_05182,COMP_0471,CHECKING_15,checking,Abanca,abanca_emp,USD,2022-04-06 07:11:20
PRODUCT_05183,COMP_0471,CHECKING_16,checking,RuralVia,ruralvia_emp,EUR,2022-04-06 12:33:18
PRODUCT_05184,COMP_0945,CHECKING_09,checking,Abanca,abanca_emp,USD,2022-04-06 13:55:41
PRODUCT_05185,COMP_0625,CHECKING_01,checking,Caixabank,caixa_emp,EUR,2022-09-13 15:59:52
PRODUCT_05186,COMP_0308,CHECKING_01,checking,Banco Santander,santander_emp,EUR,2023-07-04 09:42:21
PRODUCT_05187,COMP_0471,CHECKING_17,checking,Deutsche Bank,deutschebank_emp,USD,2022-04-06 16:08:19
PRODUCT_05188,COMP_0819,CHECKING_01,checking,Banco Sabadell,sabadell_emp,EUR,2023-07-04 09:19:01
PRODUCT_05189,COMP_0308,CHECKING_02,checking,Banco Sabadell,sabadell_emp,EUR,2023-05-22 20:44:22
PRODUCT_05190,COMP_0471,CHECKING_18,checking,Bankinter,bankinter_emp,EUR,2022-04-06 07:26:09
PRODUCT_05191,COMP_0309,CHECKING_01,checking,Banco Santander,santander_emp,EUR,2022-04-25 13:17:46
PRODUCT_05193,COMP_0886,CHECKING_01,checking,Qonto ,qonto,EUR,2022-02-22 12:41:37
PRODUCT_05194,COMP_0945,CHECKING_10,checking,Banco Santander,santander_emp,EUR,2022-04-06 13:53:40
PRODUCT_05195,COMP_0578,CHECKING_01,checking,Banco Santander,santander_emp,EUR,2022-05-20 07:51:32
PRODUCT_05196,COMP_0042,CHECKING_10,checking,Bankinter,bankinter_emp,USD,2022-04-06 14:12:36
PRODUCT_05197,COMP_0826,CHECKING_01,checking,Banco Santander,santander_emp,EUR,2022-04-25 13:34:40
PRODUCT_05199,COMP_0656,CHECKING_06,checking,ING,ing,USD,2025-12-04 12:51:24
PRODUCT_05200,COMP_0495,CHECKING_09,checking,Ebury GLOBAL,ebury,EUR,2026-06-22 17:24:59
PRODUCT_05202,COMP_0601,CHECKING_06,checking,Banco Santander Empresas,santander_emp,EUR,2026-04-08 13:36:44
PRODUCT_05203,COMP_0686,CHECKING_05,checking,Banco Sabadell Empresas,sabadell_emp,EUR,2026-04-22 12:03:02
PRODUCT_05205,COMP_0234,CHECKING_03,checking,Citibank Empresas GLOBAL,citi,GBP,2025-11-11 15:20:31
PRODUCT_05206,COMP_1059,CHECKING_03,checking,Caixabank Empresas,caixa_emp,EUR,2025-07-29 13:32:06
PRODUCT_05207,COMP_0686,CHECKING_06,checking,Revolut,revolut,EUR,2026-06-16 08:08:58
PRODUCT_05208,COMP_1256,CHECKING_01,checking,Caixabank Empresas,caixa_emp,EUR,2024-12-27 12:14:28
PRODUCT_05210,COMP_0630,CHECKING_07,checking,Banco Santander Empresas,santander_emp,EUR,2026-02-13 10:42:55
PRODUCT_05211,COMP_0362,CHECKING_06,checking,Bankinter Empresas,bankinter_emp,EUR,2024-09-18 10:19:40
PRODUCT_05213,COMP_0119,CARD_05,card,Caixabank Empresas,caixa_emp,EUR,2026-03-17 17:21:02
PRODUCT_05214,COMP_0803,CARD_13,card,Banco Santander,santander_emp,EUR,2023-10-23 10:45:54
PRODUCT_05216,COMP_0738,CHECKING_02,checking,Other (customer-defined),custom,EUR,2026-05-07 15:20:37
PRODUCT_05217,COMP_1084,CHECKING_01,checking,Banco Sabadell T. sec - CAL Empresas,sabadell_emp_sec,EUR,2025-05-22 14:36:58
PRODUCT_05218,COMP_0904,CHECKING_03,checking,Banco Sabadell,sabadell,EUR,2025-05-21 08:41:01
PRODUCT_05219,COMP_0394,CHECKING_04,checking,Banco Sabadell Empresas,sabadell_emp,EUR,2025-10-30 16:45:13
PRODUCT_05220,COMP_0496,CHECKING_08,checking,Ebury GLOBAL,ebury,USD,2025-12-02 11:28:22
PRODUCT_05221,COMP_0336,CHECKING_04,checking,Barclays Corporate,barclays_corporate,GBP,2025-06-12 09:40:26
PRODUCT_05222,COMP_0051,CHECKING_03,checking,BBVA Net Cash Empresas,bbva_emp,EUR,2024-12-11 15:11:27
PRODUCT_05223,COMP_1056,CHECKING_07,checking,HSBC Corporate,hsbccorporate,USD,2026-02-10 17:40:53
PRODUCT_05224,COMP_1275,CHECKING_02,checking,Banco Sabadell Empresas,sabadell_emp,EUR,2025-10-08 11:17:56
PRODUCT_05225,COMP_0702,CHECKING_01,checking,Caisse d Epargne Bretagne-Pays De Loire,caisse-d-epargne-bretagne-pays-de-loire,EUR,2026-03-03 12:57:14
PRODUCT_05226,COMP_1210,CHECKING_02,checking,BBVA,bbva_emp,EUR,2024-06-26 09:06:18
PRODUCT_05227,COMP_0909,CHECKING_19,checking,BBVA,bbva_emp,EUR,2025-02-12 15:05:36
PRODUCT_05229,COMP_0352,CHECKING_05,checking,Caixabank Empresas,caixa_emp,USD,2026-06-23 11:27:13
PRODUCT_05230,COMP_0630,CHECKING_08,checking,Caja Rural de Almendralejo,cajaalmendralejo,EUR,2026-02-13 10:41:17
PRODUCT_05231,COMP_0305,CHECKING_04,checking,Cajasiete,ruralvia_cajasiete,EUR,2026-01-09 10:55:25
PRODUCT_05232,COMP_0243,CHECKING_07,checking,Bankinter Empresas,bankinter_emp,EUR,2025-06-10 14:14:27
PRODUCT_05234,COMP_0302,CHECKING_02,checking,BNP Paribas - Fortis Corporate,fortis-corporate_be,PLN,2026-04-27 11:48:35
PRODUCT_05235,COMP_0651,CHECKING_08,checking,Banca March,bancamarch,EUR,2025-10-29 16:54:06
PRODUCT_05236,COMP_0436,CHECKING_04,checking,Banco Santander Empresas,santander_emp,EUR,2026-03-17 16:50:28
PRODUCT_05237,COMP_0664,CHECKING_04,checking,RuralVia Empresas,ruralvia_emp,EUR,2026-03-16 14:52:35
PRODUCT_05238,COMP_0622,CHECKING_01,checking,ING,ing,GBP,2025-12-22 14:59:57
PRODUCT_05239,COMP_1076,CHECKING_02,checking,BBVA Net Cash Empresas,bbva_emp,EUR,2025-07-29 11:12:22
PRODUCT_05241,COMP_0195,CHECKING_04,checking,RuralVia Empresas,ruralvia_emp,EUR,2024-10-25 10:22:55
PRODUCT_05242,COMP_1194,CHECKING_06,checking,Banco BPM S.p.A - Corporate,banco_bpm_corporate,EUR,2025-11-05 14:58:29
PRODUCT_05243,COMP_0798,CARD_11,card,Eurocaja Rural Empresas,eurocajarural_emp,EUR,2025-09-11 15:00:12
PRODUCT_05245,COMP_0952,CHECKING_01,checking,Caixabank Empresas,caixa_emp,EUR,2025-03-17 16:45:00
PRODUCT_05246,COMP_0495,CARD_07,card,Caixabank Empresas,caixa_emp,EUR,2025-12-11 08:58:24
PRODUCT_05248,COMP_1134,CHECKING_03,checking,BBVA,bbva_emp,EUR,2024-03-11 11:14:08
PRODUCT_05250,COMP_0836,CHECKING_02,checking,BBVA Net Cash Empresas,bbva_emp,GBP,2025-07-02 08:29:54
PRODUCT_05251,COMP_0863,CHECKING_03,checking,Banco Sabadell Empresas,sabadell_emp,EUR,2025-03-04 13:13:27
PRODUCT_05252,COMP_0252,CHECKING_31,checking,Vereinigte Volksbank Raiffeisenbank eG,volksbank-hunsrueck-nahe,NOK,2026-03-19 10:56:47
PRODUCT_05253,COMP_0569,CHECKING_03,checking,BBVA Net Cash Empresas,bbva_emp,EUR,2024-11-07 16:44:14
PRODUCT_05254,COMP_0988,CHECKING_06,checking,Caixabank Empresas,caixa_emp,USD,2026-03-03 12:11:50
PRODUCT_05256,COMP_1159,CHECKING_08,checking,Bankinter Empresas,bankinter_emp,EUR,2025-09-08 10:14:55
PRODUCT_05257,COMP_1231,CHECKING_03,checking,Eurocaja Rural Empresas,eurocajarural_emp,EUR,2025-11-04 15:01:33
PRODUCT_05259,COMP_0956,CARD_20,card,Caixabank Empresas,caixa_emp,EUR,2026-04-29 14:49:43
PRODUCT_05261,COMP_0909,CARD_14,card,Bankinter,bankinter_emp,EUR,2024-04-03 07:31:38
PRODUCT_05263,COMP_0570,INVESTMENT_02,investment,Cajamar,cajamar,EUR,2026-04-07 09:37:08
PRODUCT_05265,COMP_0155,CHECKING_01,checking,Caixabank,caixa_emp,EUR,2024-04-11 09:46:54
PRODUCT_05266,COMP_0140,CHECKING_02,checking,Banco Santander Empresas,santander_emp,EUR,2025-07-30 06:29:39
PRODUCT_05267,COMP_1255,CHECKING_04,checking,Swedbank,swedbank_se,SEK,2024-08-08 11:10:56
PRODUCT_05268,COMP_0919,CHECKING_16,checking,Caixabank Empresas,caixa_emp,USD,2025-11-03 10:43:56
PRODUCT_05269,COMP_0909,INVESTMENT_08,investment,Banca March,bancamarch,EUR,2025-06-12 08:56:45
PRODUCT_05270,COMP_0324,CHECKING_09,checking,Banco Santander Empresas,santander_emp,EUR,2026-04-13 09:31:50
PRODUCT_05272,COMP_0956,CARD_21,card,Caixabank Empresas,caixa_emp,EUR,2026-04-29 14:49:43
PRODUCT_05274,COMP_0292,CHECKING_27,checking,Other (customer-defined),custom,USD,2025-10-15 13:33:05
PRODUCT_05275,COMP_1193,CHECKING_01,checking,Banco Santander Empresas,santander_emp,EUR,2025-09-25 05:51:05
PRODUCT_05279,COMP_0612,CHECKING_07,checking,Paypal,paypal,EUR,2024-02-19 09:21:02
PRODUCT_05280,COMP_0065,CHECKING_05,checking,iberCaja,ibercaja,EUR,2024-09-25 09:29:41
PRODUCT_05281,COMP_0020,CHECKING_05,checking,Caixabank Empresas,caixa_emp,GBP,2026-04-28 15:10:57
PRODUCT_05282,COMP_0792,CHECKING_09,checking,Caixabank Empresas,caixa_emp,EUR,2026-03-10 09:41:56
PRODUCT_05283,COMP_0295,CARD_04,card,Caixabank,caixa,EUR,2026-04-14 08:26:45
PRODUCT_05285,COMP_1008,INVESTMENT_05,investment,Banca March,bancamarch,EUR,2025-11-12 12:40:47
PRODUCT_05286,COMP_1134,CHECKING_04,checking,Caixabank,caixa_emp,EUR,2024-03-11 12:06:17
PRODUCT_05287,COMP_0182,CHECKING_07,checking,Vereinigte Volksbank Raiffeisenbank eG,volksbank-hunsrueck-nahe,EUR,2026-03-19 11:00:47
PRODUCT_05290,COMP_0008,CHECKING_05,checking,Banco Santander Empresas,santander_emp,EUR,2026-01-13 09:31:31
PRODUCT_05291,COMP_1182,CHECKING_04,checking,Revolut,revolut,EUR,2025-12-04 15:00:24
PRODUCT_05292,COMP_0511,CHECKING_04,checking,Bankinter Empresas,bankinter_emp,EUR,2025-12-11 15:15:04
PRODUCT_05293,COMP_1213,CHECKING_05,checking,BBVA,bbva_emp,EUR,2023-05-29 08:22:41
PRODUCT_05294,COMP_0398,CHECKING_01,checking,Caixabank Empresas,caixa_emp,EUR,2025-09-09 11:35:29
PRODUCT_05296,COMP_1277,CHECKING_01,checking,Caixabank Empresas,caixa_emp,EUR,2025-03-07 11:38:48
PRODUCT_05297,COMP_0336,CHECKING_05,checking,Barclays Corporate,barclays_corporate,EUR,2025-06-12 09:41:49
PRODUCT_05299,COMP_0415,CHECKING_03,checking,BBVA Net Cash Empresas,bbva_emp,EUR,2026-06-09 07:45:40
PRODUCT_05300,COMP_0334,CHECKING_02,checking,Caixabank Empresas,caixa_emp,EUR,2025-02-17 08:10:46
PRODUCT_05301,COMP_1129,CHECKING_02,checking,Banco Santander Empresas,santander_emp,EUR,2026-02-11 11:56:06
PRODUCT_05302,COMP_1243,CHECKING_02,checking,Abanca Empresas,abanca_emp,EUR,2026-04-14 16:16:07
PRODUCT_05303,COMP_1072,CHECKING_07,checking,Caixabank Empresas,caixa_emp,EUR,2025-09-18 09:09:44
PRODUCT_05305,COMP_0652,CHECKING_02,checking,Banco Santander Empresas,santander_emp,EUR,2025-01-22 09:31:24
PRODUCT_05306,COMP_0362,CHECKING_07,checking,Arquia,arquia,EUR,2024-09-17 14:31:05
PRODUCT_05307,COMP_0910,CHECKING_03,checking,Caixabank Empresas,caixa_emp,EUR,2025-05-22 15:00:34
PRODUCT_05310,COMP_0705,CARD_02,card,Abanca Empresas,abanca_emp,EUR,2025-10-09 12:42:55
PRODUCT_05312,COMP_0873,CHECKING_04,checking,Banco Sabadell Empresas,sabadell_emp,EUR,2025-03-25 11:58:49
PRODUCT_05316,COMP_1049,CHECKING_07,checking,Banco Sabadell Empresas,sabadell_emp,EUR,2026-03-23 17:34:47
PRODUCT_05317,COMP_0535,CHECKING_02,checking,ABN AMRO Bank N.V.,abn-amro-nl,EUR,2025-11-27 10:05:40
PRODUCT_05318,COMP_0292,CHECKING_28,checking,Other (customer-defined),custom,GHS,2025-10-15 13:39:30
PRODUCT_05319,COMP_1216,CHECKING_10,checking,Banco Santander Empresas,santander_emp,EUR,2025-09-24 16:06:12
PRODUCT_05320,COMP_0042,CHECKING_11,checking,Banco Sabadell Miami,_sabadell_miami,USD,2022-07-12 08:04:41
PRODUCT_05321,COMP_0926,CHECKING_05,checking,Banco Santander Empresas,santander_emp,EUR,2025-04-04 11:45:23
PRODUCT_05322,COMP_0021,CHECKING_01,checking,Banco Sabadell Empresas,sabadell_emp,EUR,2026-04-07 15:07:34
PRODUCT_05323,COMP_0910,CHECKING_04,checking,Banco Sabadell T. sec - CAL Empresas,sabadell_emp_sec,EUR,2025-05-22 14:36:58
PRODUCT_05324,COMP_0038,CARD_06,card,BBVA Net Cash Empresas,bbva_emp,EUR,2026-04-06 15:50:19
PRODUCT_05325,COMP_0367,CHECKING_02,checking,BBVA Net Cash Empresas,bbva_emp,EUR,2026-01-26 09:25:58
PRODUCT_05328,COMP_0320,CHECKING_03,checking,Bankinter Empresas,bankinter_emp,EUR,2026-04-23 11:41:19
PRODUCT_05329,COMP_0907,CHECKING_01,checking,Bankinter Empresas,bankinter_emp,EUR,2024-07-30 12:25:55
PRODUCT_05330,COMP_0420,CHECKING_08,checking,BBVA Net Cash Empresas,bbva_emp,EUR,2026-03-11 10:48:16
PRODUCT_05332,COMP_0082,CHECKING_07,checking,Banco Santander Empresas,santander_emp,EUR,2025-10-28 15:01:21
PRODUCT_05333,COMP_0604,CHECKING_11,checking,Abanca Empresas,abanca_emp,EUR,2024-10-17 16:01:12
PRODUCT_05337,COMP_0006,CHECKING_02,checking,Banco Santander Empresas,santander_emp,EUR,2026-01-13 09:31:31
PRODUCT_05339,COMP_0837,CHECKING_20,checking,Banco Santander Empresas,santander_emp,EUR,2026-04-08 13:54:52
PRODUCT_05340,COMP_0505,INVESTMENT_05,investment,Caixabank Empresas,caixa_emp,EUR,2026-07-13 06:25:15
PRODUCT_05341,COMP_0759,CARD_01,card,American Express,ins_10,USD,2025-02-18 10:25:53
PRODUCT_05342,COMP_0289,CHECKING_04,checking,Cajaruralaragon,ruralvia_cajaruralaragon,EUR,2024-10-10 13:46:03
PRODUCT_05343,COMP_1036,CARD_05,card,BBVA Net Cash Empresas,bbva_emp,EUR,2026-07-13 12:47:50
PRODUCT_05344,COMP_0447,CARD_04,card,Banco Santander Empresas,santander_emp,EUR,2025-09-15 09:24:19
PRODUCT_05346,COMP_0928,CHECKING_08,checking,Banco Santander Empresas,santander_emp,USD,2025-07-29 11:21:40
PRODUCT_05347,COMP_1153,CHECKING_03,checking,Other (customer-defined),custom,EUR,2024-08-19 14:28:10
PRODUCT_05348,COMP_0094,CHECKING_08,checking,Banco Santander,santander_emp,EUR,2023-11-16 09:55:31
PRODUCT_05349,COMP_0444,CARD_17,card,Banco Sabadell Empresas,sabadell_emp,EUR,2026-03-13 12:08:09
PRODUCT_05350,COMP_0384,CHECKING_03,checking,BBVA Net Cash Empresas,bbva_emp,EUR,2024-11-08 09:34:25
PRODUCT_05353,COMP_0196,CHECKING_02,checking,Commerzbank AG,commerzbank,EUR,2025-09-26 07:55:38
PRODUCT_05354,COMP_0087,CARD_10,card,Abanca Empresas,abanca_emp,EUR,2024-10-17 15:51:23
PRODUCT_05356,COMP_0038,CARD_07,card,BBVA Net Cash Empresas,bbva_emp,EUR,2026-04-06 15:48:24
PRODUCT_05357,COMP_0511,CHECKING_05,checking,Bankinter Empresas,bankinter_emp,EUR,2025-11-24 09:48:18
PRODUCT_05358,COMP_0962,CHECKING_01,checking,Crédit Agricole de Paris et d'Ile-de-France,credit_agricole_paris,EUR,2025-10-24 08:12:27
PRODUCT_05362,COMP_0471,INVESTMENT_01,investment,Caja de Ingenieros,cajaingenieros,EUR,2025-11-18 11:56:02
PRODUCT_05364,COMP_1037,CHECKING_05,checking,Banco Sabadell Empresas,sabadell_emp,EUR,2026-04-17 08:54:04
PRODUCT_05365,COMP_0850,CHECKING_04,checking,Banco Sabadell Empresas,sabadell_emp,EUR,2026-07-13 10:28:28
PRODUCT_05366,COMP_0802,CHECKING_09,checking,Cajamar,cajamar,EUR,2025-10-20 11:59:16
PRODUCT_05367,COMP_0234,CHECKING_04,checking,BBVA Net Cash Empresas,bbva_emp,EUR,2024-11-06 14:35:35
PRODUCT_05370,COMP_0658,CHECKING_03,checking,Other (customer-defined),custom,AED,2024-06-11 18:40:06
PRODUCT_05371,COMP_0277,CARD_10,card,Caixabank Empresas,caixa_emp,EUR,2026-03-03 12:23:51
PRODUCT_05372,COMP_0047,CHECKING_08,checking,Abanca Empresas,abanca_emp,EUR,2025-09-09 12:47:32
PRODUCT_05377,COMP_0038,CARD_08,card,BBVA Net Cash Empresas,bbva_emp,EUR,2026-04-06 15:55:12
PRODUCT_05378,COMP_0713,CARD_14,card,Caixabank Empresas,caixa_emp,EUR,2025-03-24 15:08:03
PRODUCT_05379,COMP_0335,CHECKING_04,checking,Banco Santander Empresas,santander_emp,EUR,2025-11-14 09:20:56
PRODUCT_05380,COMP_0816,CHECKING_05,checking,Laboral Kutxa,cajalaboral_emp,EUR,2023-05-25 05:07:38
PRODUCT_05381,COMP_0351,CARD_07,card,iberCaja,ibercaja,EUR,2026-07-07 11:08:27
PRODUCT_05383,COMP_0332,CHECKING_01,checking,Caixabank Empresas,caixa_emp,EUR,2026-02-17 09:32:27
PRODUCT_05384,COMP_0927,CHECKING_04,checking,Payhawk,payhawk,EUR,2024-12-11 12:56:43
PRODUCT_05385,COMP_0406,CHECKING_08,checking,Other (customer-defined),custom,USD,2026-09-08 08:01:59
PRODUCT_05386,COMP_0030,CHECKING_02,checking,Other (customer-defined),custom,BRL,2024-07-18 08:21:01
PRODUCT_05387,COMP_0291,CHECKING_04,checking,BBVA Net Cash Empresas,bbva_emp,EUR,2026-03-11 10:48:16
PRODUCT_05390,COMP_0381,CHECKING_03,checking,Banco Santander Empresas,santander_emp,EUR,2025-02-06 10:21:19
PRODUCT_05391,COMP_1126,CHECKING_04,checking,Caixabank Empresas,caixa_emp,EUR,2026-02-16 15:19:01
PRODUCT_05392,COMP_1187,CHECKING_14,checking,HSBC Corporate GLOBAL,hsbc,EUR,2025-12-16 09:48:49
PRODUCT_05393,COMP_0914,CHECKING_02,checking,Banco Santander Empresas,santander_emp,EUR,2025-05-09 09:07:35
PRODUCT_05394,COMP_0605,CHECKING_01,checking,HSBC Corporate,hsbccorporate,GBP,2026-03-06 14:06:29
PRODUCT_05395,COMP_1187,CHECKING_15,checking,Banking Circle GLOBAL,bc,GBP,2026-02-06 11:18:44
PRODUCT_05396,COMP_0338,CHECKING_03,checking,Bankinter Empresas,bankinter_emp,EUR,2025-03-26 13:13:03
PRODUCT_05398,COMP_0210,CHECKING_03,checking,BBVA Net Cash Empresas,bbva_emp,EUR,2025-10-14 11:17:17
PRODUCT_05399,COMP_1164,CHECKING_03,checking,Banco Sabadell T. sec - CAL Empresas,sabadell_emp_sec,EUR,2025-11-28 07:03:20
PRODUCT_05401,COMP_0538,CHECKING_05,checking,C.R. Del Sur,ruralvia_cajaruralsur,EUR,2024-10-23 13:16:42
PRODUCT_05404,COMP_0612,CHECKING_08,checking,Caixabank,caixa_emp,EUR,2024-02-09 12:13:48
PRODUCT_05406,COMP_1226,CHECKING_01,checking,Caixabank,caixa_emp,EUR,2023-05-24 14:16:12
PRODUCT_05407,COMP_0994,CHECKING_07,checking,Banco Sabadell Empresas,sabadell_emp,EUR,2024-11-26 13:12:41
PRODUCT_05409,COMP_0505,INVESTMENT_06,investment,Banco Santander Empresas,santander_emp,EUR,2026-07-13 06:12:55
PRODUCT_05410,COMP_0024,CHECKING_02,checking,Banco Santander Empresas,santander_emp,EUR,2025-04-29 12:58:44
PRODUCT_05411,COMP_0872,CHECKING_02,checking,Caixabank Empresas,caixa_emp,EUR,2026-03-04 08:05:43
PRODUCT_05412,COMP_1110,CHECKING_03,checking,Payhawk,payhawk,EUR,2025-12-16 10:39:26
PRODUCT_05413,COMP_1099,CHECKING_02,checking,Other (customer-defined),custom,EUR,2024-06-05 14:24:30
PRODUCT_05414,COMP_0713,CHECKING_05,checking,Bankinter Empresas,bankinter_emp,EUR,2025-03-24 12:20:49
PRODUCT_05415,COMP_0974,CARD_03,card,Banco Santander Empresas,santander_emp,EUR,2026-01-13 09:41:59
PRODUCT_05416,COMP_0295,CHECKING_02,checking,Caixabank,caixa,EUR,2026-04-23 11:47:14
PRODUCT_05418,COMP_0476,CHECKING_01,checking,MoraBanc,morabanc,EUR,2024-01-29 13:45:21
PRODUCT_05419,COMP_0477,RISK_08,risk,Other (customer-defined),custom,USD,2026-04-16 16:20:05
PRODUCT_05420,COMP_0007,CHECKING_09,checking,Other (customer-defined),custom,EUR,2026-04-14 08:18:56
PRODUCT_05422,COMP_0240,CHECKING_03,checking,Wise (CA),ins_133019,USD,2025-12-10 13:45:06
PRODUCT_05423,COMP_0073,CHECKING_06,checking,Citibank Empresas GLOBAL,citi,GBP,2025-11-11 15:20:31
PRODUCT_05424,COMP_0539,EXPENSESPLATFORM_01,expensesPlatform,Caixabank,caixa_emp,EUR,2024-02-19 10:37:51
PRODUCT_05425,COMP_0803,CARD_14,card,Bankinter,bankinter_emp,EUR,2023-10-23 10:52:36
PRODUCT_05426,COMP_0667,CHECKING_01,checking,iberCaja,ibercaja,EUR,2025-05-18 16:24:49
PRODUCT_05427,COMP_0007,CHECKING_10,checking,Deutsche Bank Empresas,deutschebank_emp,USD,2026-03-24 15:54:09
PRODUCT_05428,COMP_0854,CHECKING_02,checking,Caixabank Empresas,caixa_emp,EUR,2025-07-29 13:35:42
PRODUCT_05429,COMP_0252,CHECKING_32,checking,Banking Circle GLOBAL,bc,DKK,2026-07-28 13:42:29
PRODUCT_05431,COMP_0543,CHECKING_02,checking,Banco Sabadell Empresas,sabadell_emp,EUR,2025-07-14 13:27:30
PRODUCT_05434,COMP_0727,CHECKING_07,checking,Revolut,revolut,USD,2025-12-11 14:42:28
PRODUCT_05436,COMP_0648,CHECKING_02,checking,Banco Sabadell Empresas,sabadell_emp,EUR,2025-07-14 13:25:22
PRODUCT_05438,COMP_1272,CHECKING_10,checking,Banco Santander Empresas,santander_emp,USD,2026-03-05 14:03:23
PRODUCT_05439,COMP_0653,CHECKING_03,checking,Bankinter Empresas,bankinter_emp,EUR,2025-06-04 14:54:42
PRODUCT_05440,COMP_0158,CHECKING_03,checking,HSBC Bank (USA) - HSBCnet,ins_136937,USD,2026-04-09 13:52:22
PRODUCT_05441,COMP_0553,CHECKING_01,checking,Banco Sabadell Empresas,sabadell_emp,EUR,2025-04-04 11:18:24
PRODUCT_05442,COMP_0517,INVESTMENT_01,investment,Caixabank Empresas,caixa_emp,EUR,2025-12-18 12:11:24
PRODUCT_05445,COMP_0674,CHECKING_10,checking,Abanca,abanca_emp,EUR,2024-06-26 15:52:20
PRODUCT_05447,COMP_1125,CHECKING_01,checking,Banco Sabadell T. sec - CAL Empresas,sabadell_emp_sec,EUR,2025-04-09 13:40:36
PRODUCT_05448,COMP_0691,INVESTMENT_01,investment,Other (customer-defined),custom,EUR,2026-08-24 08:23:16
PRODUCT_05449,COMP_0856,CHECKING_12,checking,Citibank Empresas GLOBAL,citi,USD,2025-11-11 16:32:34
PRODUCT_05452,COMP_0324,CHECKING_10,checking,iberCaja,ibercaja,EUR,2026-04-20 15:35:55
PRODUCT_05453,COMP_0336,CHECKING_06,checking,Barclays Corporate,barclays_corporate,EUR,2025-06-12 09:38:19
PRODUCT_05454,COMP_1077,CARD_04,card,Banca March,bancamarch,EUR,2026-06-01 09:07:20
PRODUCT_05455,COMP_0156,CHECKING_01,checking,Caixabank,caixa,EUR,2026-06-15 07:27:35
PRODUCT_05456,COMP_0717,CHECKING_01,checking,iberCaja,ibercaja,EUR,2025-09-05 06:51:38
PRODUCT_05458,COMP_0896,CHECKING_04,checking,Banco Sabadell Empresas,sabadell_emp,USD,2026-07-13 17:38:07
PRODUCT_05459,COMP_0212,CHECKING_04,checking,Banco Santander Empresas,santander_emp,EUR,2025-09-19 12:33:37
PRODUCT_05461,COMP_0647,CHECKING_02,checking,BBVA,bbva_emp,EUR,2024-05-21 14:47:45
PRODUCT_05462,COMP_0559,CHECKING_01,checking,HSBC Corporate GLOBAL,hsbc,EUR,2025-07-17 06:59:02
PRODUCT_05464,COMP_0222,CHECKING_01,checking,Santander Totta Empresas Empresas,santander_emp_pt,EUR,2026-04-27 06:45:40
PRODUCT_05465,COMP_0351,CHECKING_14,checking,Unicaja Empresas,unicaja_emp,USD,2026-07-07 11:27:15
PRODUCT_05469,COMP_0569,CARD_04,card,BBVA Net Cash Empresas,bbva_emp,EUR,2024-11-12 10:53:49
PRODUCT_05474,COMP_0049,CARD_06,card,Caixabank Empresas,caixa_emp,EUR,2025-06-27 09:46:00
PRODUCT_05475,COMP_0288,CHECKING_05,checking,Revolut,revolut,EUR,2025-05-14 11:37:34
PRODUCT_05476,COMP_1152,CHECKING_07,checking,Banco Santander Empresas,santander_emp,EUR,2025-06-04 14:58:00
PRODUCT_05477,COMP_0905,CHECKING_02,checking,Cajamar,cajamar,EUR,2025-07-25 09:18:50
PRODUCT_05479,COMP_0395,CHECKING_04,checking,Caixabank Empresas,caixa_emp,EUR,2025-05-14 10:28:01
PRODUCT_05480,COMP_1250,CHECKING_02,checking,Banco Santander Empresas,santander_emp,EUR,2024-10-21 07:09:56
PRODUCT_05482,COMP_0109,CHECKING_04,checking,NOVO BANCO SA,novo-banco-sa,EUR,2025-06-12 14:37:05
PRODUCT_05483,COMP_0487,CHECKING_04,checking,Davivienda,davivienda_co,COP,2025-08-27 10:52:09
PRODUCT_05484,COMP_0897,CHECKING_05,checking,Banca March,bancamarch,EUR,2025-10-29 16:56:49
PRODUCT_05486,COMP_0009,CARD_05,card,BBVA Net Cash Empresas,bbva_emp,EUR,2025-09-18 14:27:51
PRODUCT_05489,COMP_0713,CHECKING_06,checking,Banco Santander Empresas,santander_emp,EUR,2025-03-25 08:16:34
PRODUCT_05490,COMP_0495,CHECKING_10,checking,Caixabank Empresas,caixa_emp,EUR,2025-12-11 08:58:24
PRODUCT_05491,COMP_0901,CHECKING_05,checking,Banco Santander,santander_emp,EUR,2026-04-07 10:02:27
PRODUCT_05492,COMP_0808,CHECKING_06,checking,Bankinter,bankinter_emp,USD,2023-11-08 14:24:21
PRODUCT_05494,COMP_0452,CHECKING_03,checking,BBVA Net Cash Empresas,bbva_emp,EUR,2025-03-18 10:23:32
PRODUCT_05495,COMP_1254,WALLET_02,wallet,Embat,embat,USD,2026-08-28 10:06:16
PRODUCT_05496,COMP_1072,TPV_03,tpv,Redsys,redsys,EUR,2025-09-22 13:13:27
PRODUCT_05497,COMP_0056,CHECKING_02,checking,Bankinter Empresas,bankinter_emp,EUR,2026-01-22 11:55:28
PRODUCT_05498,COMP_0743,INVESTMENT_02,investment,BBVA Net Cash Empresas,bbva_emp,EUR,2025-09-29 08:38:11
PRODUCT_05500,COMP_0912,CARD_05,card,Banco Santander Empresas,santander_emp,EUR,2026-03-27 09:28:26
PRODUCT_05502,COMP_0604,CHECKING_12,checking,Cajamar,cajamar,EUR,2024-10-15 11:31:43
PRODUCT_05503,COMP_0909,INVESTMENT_09,investment,Caja de Ingenieros,cajaingenieros,EUR,2024-05-02 11:43:22
PRODUCT_05504,COMP_0496,CARD_01,card,Redsys,redsys,EUR,2026-02-17 10:48:27
PRODUCT_05505,COMP_0606,CHECKING_03,checking,HSBC Corporate,hsbccorporate,GBP,2026-05-27 15:11:14
PRODUCT_05506,COMP_0489,CHECKING_01,checking,Nordea Business Denmark,nordea-business_dk,DKK,2026-01-08 20:58:24
PRODUCT_05508,COMP_0385,CHECKING_12,checking,RuralVia Empresas,ruralvia_emp,EUR,2025-08-01 10:09:37
PRODUCT_05509,COMP_0282,EXPENSESPLATFORM_10,expensesPlatform,Caixabank,caixa_emp,EUR,2024-02-19 10:45:26
PRODUCT_05510,COMP_0218,CHECKING_04,checking,RuralVia Empresas,ruralvia_emp,EUR,2025-03-10 12:34:59
PRODUCT_05511,COMP_1090,CHECKING_03,checking,Banco Santander Empresas,santander_emp,EUR,2026-04-08 13:41:30
PRODUCT_05512,COMP_1261,CHECKING_01,checking,Banco Santander Empresas,santander_emp,EUR,2026-03-05 12:26:10
PRODUCT_05513,COMP_0651,CHECKING_09,checking,Caixabank Empresas,caixa_emp,EUR,2025-09-18 09:04:35
PRODUCT_05515,COMP_0798,CARD_12,card,Banco Santander Empresas,santander_emp,EUR,2025-09-11 09:57:00
PRODUCT_05517,COMP_0788,CHECKING_04,checking,Banco Sabadell,sabadell_emp,EUR,2023-10-25 14:07:05
PRODUCT_05518,COMP_0418,CHECKING_10,checking,Banco Santander Empresas,santander_emp,EUR,2026-04-08 08:52:47
PRODUCT_05519,COMP_1106,CHECKING_04,checking,Bankinter Empresas,bankinter_emp,EUR,2026-08-27 07:03:42
PRODUCT_05521,COMP_0861,INVESTMENT_09,investment,Caixabank Empresas,caixa_emp,EUR,2026-03-10 09:38:06
PRODUCT_05522,COMP_0440,CHECKING_01,checking,Vietcombank,_vietcom,EUR,2023-06-29 06:55:26
PRODUCT_05523,COMP_0113,CHECKING_04,checking,Banco Sabadell Empresas,sabadell_emp,EUR,2023-06-06 15:23:35
PRODUCT_05524,COMP_1236,CHECKING_03,checking,Caixabank,caixa_emp,EUR,2023-07-27 09:06:47
PRODUCT_05525,COMP_0811,CHECKING_01,checking,BNP Paribas - Mabanque Corporate,mabanque-corporate,EUR,2023-06-14 11:13:16
PRODUCT_05527,COMP_0139,CHECKING_07,checking,Banco Sabadell Empresas,sabadell_emp,EUR,2025-04-04 11:18:24
PRODUCT_05528,COMP_0042,CHECKING_12,checking,Truist,ins_130888,USD,2023-12-12 14:13:55
PRODUCT_05529,COMP_1276,CHECKING_02,checking,BBVA Net Cash Empresas,bbva_emp,EUR,2025-03-18 10:23:32
PRODUCT_05530,COMP_0129,CHECKING_03,checking,RuralVia Empresas,ruralvia_emp,EUR,2025-12-12 09:11:50
PRODUCT_05531,COMP_1127,CHECKING_05,checking,Kutxabank Empresas,kutxabank_emp,EUR,2026-03-27 16:28:43
PRODUCT_05532,COMP_0385,CHECKING_13,checking,Banco Santander Empresas,santander_emp,USD,2025-07-15 14:02:14
PRODUCT_05533,COMP_0136,CARD_03,card,Banco Sabadell T. sec - CAL Empresas,sabadell_emp_sec,EUR,2024-09-17 13:28:16
PRODUCT_05534,COMP_0038,CARD_09,card,BBVA Net Cash Empresas,bbva_emp,EUR,2026-04-06 15:55:12
PRODUCT_05535,COMP_1045,CHECKING_02,checking,Banco Santander,santander_emp,EUR,2024-05-10 09:49:27
PRODUCT_05537,COMP_0270,CHECKING_04,checking,Banco Santander,santander,EUR,2024-12-04 18:14:56
PRODUCT_05538,COMP_0974,CARD_04,card,Banco Santander Empresas,santander_emp,EUR,2026-06-09 08:05:22
PRODUCT_05540,COMP_1026,CHECKING_03,checking,Banco Sabadell Empresas,sabadell_emp,EUR,2026-04-20 12:30:30
PRODUCT_05541,COMP_0447,CHECKING_05,checking,Bankinter Empresas,bankinter_emp,USD,2026-09-07 10:05:03
PRODUCT_05543,COMP_0994,CHECKING_08,checking,Caixabank Empresas,caixa_emp,USD,2025-01-15 09:18:52
PRODUCT_05545,COMP_1247,CHECKING_03,checking,Banco Santander Empresas,santander_emp,EUR,2025-04-04 12:48:57
PRODUCT_05546,COMP_1230,CHECKING_01,checking,Banco Sabadell Empresas,sabadell_emp,EUR,2025-06-19 13:01:19
PRODUCT_05547,COMP_0798,CARD_13,card,Banco Santander Empresas,santander_emp,EUR,2025-09-11 09:57:00
PRODUCT_05552,COMP_0604,CARD_03,card,RuralVia Empresas,ruralvia_emp,EUR,2024-10-25 09:51:21
PRODUCT_05554,COMP_1271,CHECKING_04,checking,Banco Santander Empresas,santander_emp,EUR,2025-05-22 15:47:15
PRODUCT_05555,COMP_0302,CHECKING_03,checking,KBC Brussels Belgium,kbcbrussels_belgium,USD,2026-09-10 15:13:48
PRODUCT_05556,COMP_1215,CARD_04,card,Caixabank Empresas,caixa_emp,EUR,2026-07-08 18:39:31
PRODUCT_05558,COMP_0367,CHECKING_03,checking,Banco Santander,santander_emp,EUR,2024-02-19 10:29:16
PRODUCT_05559,COMP_0872,CHECKING_03,checking,Bankinter Empresas,bankinter_emp,EUR,2026-07-14 08:04:16
PRODUCT_05561,COMP_1029,CHECKING_03,checking,BBVA,bbva_emp,EUR,2024-06-18 09:22:07
PRODUCT_05562,COMP_0874,CHECKING_02,checking,Banco Santander Empresas,santander_emp,EUR,2025-12-10 12:16:05
PRODUCT_05563,COMP_0481,CHECKING_04,checking,Alpha Bank,alphabank,EUR,2025-10-21 11:00:55
PRODUCT_05565,COMP_0195,CHECKING_05,checking,Cajamar,cajamar,EUR,2025-03-31 10:14:30
PRODUCT_05566,COMP_0877,CHECKING_08,checking,Banco Sabadell Empresas,sabadell_emp,EUR,2025-09-25 14:14:17
PRODUCT_05567,COMP_1012,INVESTMENT_01,investment,Banco Santander Empresas,santander_emp,EUR,2026-04-29 07:17:53
PRODUCT_05568,COMP_0982,CARD_12,card,Caixabank Empresas,caixa_emp,EUR,2025-03-25 10:07:20
PRODUCT_05570,COMP_0685,CHECKING_04,checking,Caixabank,caixa_emp,EUR,2024-03-26 10:41:53
PRODUCT_05572,COMP_0075,CHECKING_11,checking,Arquia,arquia,EUR,2026-01-19 14:12:15
PRODUCT_05574,COMP_0193,CHECKING_05,checking,Caixabank Empresas,caixa_emp,EUR,2025-10-09 16:38:27
PRODUCT_05576,COMP_0694,CHECKING_02,checking,Other (customer-defined),custom,EUR,2024-05-22 11:37:16
PRODUCT_05577,COMP_0314,CHECKING_07,checking,Citibank Empresas GLOBAL,citi,EUR,2025-11-11 16:24:23
PRODUCT_05579,COMP_0507,CHECKING_02,checking,Caixabank Empresas,caixa_emp,EUR,2025-03-24 16:26:50
PRODUCT_05582,COMP_0619,CARD_02,card,Caixabank,caixa,EUR,2026-04-14 08:23:52
PRODUCT_05584,COMP_0351,CHECKING_15,checking,Banco Santander Empresas,santander_emp,EUR,2026-07-07 10:35:37
PRODUCT_05585,COMP_0385,CHECKING_14,checking,Banco Sabadell T. sec - CAL Empresas,sabadell_emp_sec,EUR,2025-07-15 13:49:14
PRODUCT_05587,COMP_0626,CHECKING_07,checking,Banco Santander Empresas,santander_emp,EUR,2026-04-08 08:37:51
PRODUCT_05591,COMP_1006,CARD_04,card,Banco Sabadell,sabadell_emp,EUR,2024-02-15 14:22:49
PRODUCT_05592,COMP_0909,CHECKING_20,checking,Other (customer-defined),custom,EUR,2025-05-20 09:01:00
PRODUCT_05593,COMP_0887,CHECKING_02,checking,Banco Santander Empresas,santander_emp,EUR,2026-03-17 16:50:28
PRODUCT_05594,COMP_0271,CHECKING_14,checking,BBVA Net Cash Empresas,bbva_emp,USD,2026-04-20 11:54:21
PRODUCT_05596,COMP_0956,CHECKING_03,checking,Banco Santander Empresas,santander_emp,EUR,2026-04-29 14:43:31
PRODUCT_05598,COMP_0604,CARD_04,card,Banco Santander Empresas,santander_emp,EUR,2024-10-23 11:47:27
PRODUCT_05600,COMP_0224,CHECKING_02,checking,Caixabank Empresas,caixa_emp,EUR,2025-11-04 15:36:46
PRODUCT_05601,COMP_0797,CHECKING_18,checking,Banca March,bancamarch,EUR,2025-10-29 16:38:12
PRODUCT_05602,COMP_0817,CHECKING_05,checking,Banco Santander Empresas,santander_emp,EUR,2026-04-08 13:36:11
PRODUCT_05603,COMP_0074,CHECKING_04,checking,Banco Santander Empresas,santander_emp,EUR,2025-03-18 12:21:11
PRODUCT_05605,COMP_0383,CHECKING_08,checking,Banco Santander Empresas,santander_emp,EUR,2022-11-29 10:34:26
PRODUCT_05606,COMP_0502,INVESTMENT_03,investment,UnitPlus,unitplus,EUR,2026-03-03 17:57:39
PRODUCT_05607,COMP_1103,CHECKING_02,checking,Banco Santander Empresas,santander_emp,USD,2026-03-03 12:26:13
PRODUCT_05608,COMP_1056,CHECKING_08,checking,HSBC Corporate,hsbccorporate,CHF,2026-02-10 17:41:55
PRODUCT_05611,COMP_0298,CHECKING_02,checking,Banco Sabadell Empresas,sabadell_emp,EUR,2025-04-24 06:56:47
PRODUCT_05612,COMP_0328,CARD_02,card,Banco Santander Empresas,santander_emp,EUR,2026-05-27 11:56:52
PRODUCT_05613,COMP_1043,CHECKING_02,checking,Banco Sabadell Empresas,sabadell_emp,EUR,2026-03-03 09:38:41
PRODUCT_05614,COMP_1170,CHECKING_01,checking,Banco Santander Empresas,santander_emp,USD,2025-06-06 09:54:43
PRODUCT_05616,COMP_0081,CHECKING_01,checking,Banco Santander Empresas,santander_emp,EUR,2025-04-04 11:11:46
PRODUCT_05617,COMP_0336,CHECKING_07,checking,Barclays Corporate,barclays_corporate,USD,2025-06-12 09:41:06
PRODUCT_05618,COMP_0695,CHECKING_05,checking,Payhawk,payhawk,USD,2024-10-01 08:39:45
PRODUCT_05620,COMP_1068,RISK_01,risk,Banco Sabadell Empresas,sabadell_emp,EUR,2026-02-19 15:48:09
PRODUCT_05621,COMP_0341,CHECKING_08,checking,Other (customer-defined),custom,EUR,2024-08-23 09:26:40
PRODUCT_05622,COMP_0027,CHECKING_03,checking,Banco Sabadell T. sec - CAL Empresas,sabadell_emp_sec,USD,2026-05-13 12:47:09
PRODUCT_05624,COMP_0928,CHECKING_09,checking,Bankinter Empresas,bankinter_emp,USD,2025-07-29 11:35:41
PRODUCT_05625,COMP_0988,CARD_15,card,Caixabank Empresas,caixa_emp,EUR,2026-03-03 12:11:50
PRODUCT_05626,COMP_0817,CHECKING_06,checking,Caixabank,caixa_emp,EUR,2026-03-03 12:16:33
PRODUCT_05627,COMP_0174,CHECKING_02,checking,Caixabank,caixa_emp,EUR,2024-06-17 09:27:40
PRODUCT_05628,COMP_0763,CHECKING_01,checking,Banco Sabadell T. sec - CAL Empresas,sabadell_emp_sec,EUR,2025-11-28 07:03:20
PRODUCT_05629,COMP_0326,CARD_01,card,Caixabank Empresas,caixa_emp,EUR,2025-09-09 11:57:40
PRODUCT_05630,COMP_0299,CHECKING_03,checking,ING,ing,EUR,2025-12-01 13:36:34
PRODUCT_05633,COMP_0444,CARD_18,card,Banco Sabadell Empresas,sabadell_emp,EUR,2026-03-13 12:08:09
PRODUCT_05634,COMP_0909,CHECKING_21,checking,Deutsche Bank Empresas,deutschebank_emp,USD,2025-03-06 08:33:46
PRODUCT_05635,COMP_1015,CHECKING_02,checking,Citibank Online - Private Bank Investments,ins_116728,USD,2024-11-15 09:40:36
PRODUCT_05636,COMP_0065,CHECKING_06,checking,Caixabank Empresas,caixa_emp,EUR,2024-10-28 15:24:08
PRODUCT_05637,COMP_0291,CHECKING_05,checking,Banco Sabadell Empresas,sabadell_emp,EUR,2026-04-07 07:20:54
PRODUCT_05638,COMP_0010,CHECKING_01,checking,Banco Santander,santander_emp,EUR,2024-05-29 13:24:28
PRODUCT_05639,COMP_0630,CARD_20,card,Caixabank Empresas,caixa_emp,EUR,2026-02-13 10:38:01
PRODUCT_05640,COMP_0842,CHECKING_03,checking,Caixabank Empresas,caixa_emp,EUR,2025-09-16 08:09:00
PRODUCT_05641,COMP_0351,CHECKING_16,checking,Banco Santander Empresas,santander_emp,USD,2026-07-07 10:35:37
PRODUCT_05642,COMP_0402,CARD_03,card,Caixabank Empresas,caixa_emp,EUR,2025-09-29 10:12:10
PRODUCT_05643,COMP_0334,CHECKING_03,checking,Banco Santander Empresas,santander_emp,EUR,2025-02-17 08:13:52
PRODUCT_05644,COMP_0428,CHECKING_01,checking,Banca March,bancamarch,EUR,2024-01-15 10:03:20
PRODUCT_05646,COMP_1072,CHECKING_08,checking,Banca March,bancamarch,EUR,2025-10-29 16:37:34
PRODUCT_05647,COMP_0769,CHECKING_03,checking,Banco Sabadell Empresas,sabadell_emp,EUR,2026-07-13 10:28:28
PRODUCT_05648,COMP_1051,CHECKING_02,checking,Banco Santander Empresas,santander_emp,EUR,2025-11-28 07:08:26
PRODUCT_05654,COMP_0269,CHECKING_06,checking,BBVA,bbva,EUR,2025-09-12 07:53:53
PRODUCT_05655,COMP_1176,CHECKING_01,checking,Caixabank Empresas,caixa_emp,EUR,2026-01-09 08:55:23
PRODUCT_05656,COMP_0231,CHECKING_04,checking,Kutxabank Empresas,kutxabank_emp,EUR,2024-12-11 12:31:42
PRODUCT_05658,COMP_1155,WALLET_01,wallet,Caixabank,caixa_emp,USD,2026-01-14 17:45:13
PRODUCT_05659,COMP_0844,INVESTMENT_01,investment,Caixabank Empresas,caixa_emp,EUR,2026-06-08 09:34:01
PRODUCT_05660,COMP_0640,CHECKING_03,checking,Caixabank Empresas,caixa_emp,EUR,2024-07-30 11:56:11
PRODUCT_05661,COMP_0274,CHECKING_04,checking,Banca March,bancamarch,USD,2025-02-14 10:27:31
PRODUCT_05662,COMP_0284,INVESTMENT_01,investment,Renta 4 Banco,renta4,EUR,2026-09-02 11:58:51
PRODUCT_05664,COMP_0189,CHECKING_05,checking,Barclays Corporate,barclays_corporate,GBP,2025-06-12 09:48:01
PRODUCT_05665,COMP_0282,CHECKING_08,checking,Caixabank,caixa_emp,EUR,2024-02-19 10:45:26
PRODUCT_05666,COMP_0944,CHECKING_03,checking,Caixabank Empresas,caixa_emp,EUR,2026-04-07 16:39:48
PRODUCT_05667,COMP_0772,CHECKING_03,checking,Banco Santander Empresas,santander_emp,EUR,2025-03-25 08:16:34
PRODUCT_05668,COMP_0864,CHECKING_07,checking,Banco Santander,santander_emp,EUR,2024-03-01 08:59:24
PRODUCT_05671,COMP_0817,CHECKING_07,checking,Banco Santander,santander_emp,EUR,2023-04-27 09:53:58
PRODUCT_05672,COMP_0630,CHECKING_09,checking,Caixabank Empresas,caixa_emp,EUR,2026-02-13 10:38:01
PRODUCT_05673,COMP_0902,CHECKING_01,checking,BBVA Net Cash Empresas,bbva_emp,EUR,2025-04-04 11:33:55
PRODUCT_05674,COMP_0277,CHECKING_03,checking,Caixabank Empresas,caixa_emp,EUR,2026-03-03 12:23:51
PRODUCT_05675,COMP_0041,CHECKING_03,checking,iberCaja,ibercaja,EUR,2026-02-16 16:02:33
PRODUCT_05677,COMP_0100,CHECKING_06,checking,BBVA,bbva,EUR,2025-06-13 10:00:42
PRODUCT_05679,COMP_0877,CHECKING_09,checking,Caixabank Empresas,caixa_emp,EUR,2025-09-25 14:10:21
PRODUCT_05681,COMP_0088,CHECKING_01,checking,Caixabank Empresas,caixa_emp,EUR,2025-05-22 15:12:07
PRODUCT_05682,COMP_0823,CHECKING_02,checking,Banco Santander Empresas,santander_emp,EUR,2024-11-05 09:59:25
PRODUCT_05683,COMP_0693,CHECKING_08,checking,Revolut,revolut,EUR,2024-10-18 11:29:44
PRODUCT_05684,COMP_0775,CHECKING_02,checking,Other (customer-defined),custom,GBP,2025-05-25 18:45:44
PRODUCT_05685,COMP_1149,INVESTMENT_09,investment,Deutsche Bank Empresas,deutschebank_emp,EUR,2025-09-30 11:42:36
PRODUCT_05686,COMP_1140,CHECKING_03,checking,Laboral Kutxa Empresas,cajalaboral_emp,EUR,2026-02-26 10:38:41
PRODUCT_05687,COMP_0544,CARD_04,card,Caixabank Empresas,caixa_emp,EUR,2025-02-11 15:53:45
PRODUCT_05688,COMP_0248,CHECKING_07,checking,Banco Santander Empresas,santander_emp,EUR,2025-10-31 12:54:14
PRODUCT_05690,COMP_0138,CHECKING_03,checking,BBVA,bbva_emp,EUR,2024-03-11 11:08:53
PRODUCT_05691,COMP_0527,CHECKING_03,checking,BBVA Net Cash Empresas,bbva_emp,USD,2025-07-08 13:59:43
PRODUCT_05692,COMP_0058,CHECKING_09,checking,BBVA Net Cash Empresas,bbva_emp,EUR,2026-03-11 10:48:16
PRODUCT_05693,COMP_0849,CHECKING_02,checking,Payhawk,payhawk,EUR,2026-05-21 07:56:33
PRODUCT_05694,COMP_0344,CHECKING_03,checking,Barclays Corporate,barclays_corporate,USD,2025-07-11 14:06:47
PRODUCT_05695,COMP_0352,CHECKING_06,checking,Caixabank Empresas,caixa_emp,EUR,2026-06-23 11:27:13
PRODUCT_05696,COMP_0732,CARD_01,card,BBVA Net Cash Empresas,bbva_emp,EUR,2024-08-01 06:39:34
PRODUCT_05697,COMP_0542,CHECKING_03,checking,Banco Sabadell T. sec - CAL Empresas,sabadell_emp_sec,EUR,2025-03-24 12:10:37
PRODUCT_05700,COMP_0159,CHECKING_02,checking,BBVA Net Cash Empresas,bbva_emp,EUR,2025-01-23 14:56:54
PRODUCT_05702,COMP_0630,INVESTMENT_01,investment,Caja Rural de Almendralejo,cajaalmendralejo,EUR,2026-02-13 10:41:17
PRODUCT_05704,COMP_0119,CHECKING_02,checking,Caixabank Empresas,caixa_emp,EUR,2026-03-13 09:31:21
PRODUCT_05705,COMP_0823,CHECKING_03,checking,Caixabank,caixa_emp,EUR,2022-11-17 14:05:30
PRODUCT_05706,COMP_0327,CHECKING_01,checking,ING,ing,EUR,2025-12-17 07:47:58
PRODUCT_05707,COMP_0071,CARD_01,card,BBVA Net Cash Empresas,bbva_emp,EUR,2025-02-05 12:15:28
PRODUCT_05708,COMP_0739,CHECKING_04,checking,Banco Santander,santander_emp,EUR,2024-02-19 09:13:27
PRODUCT_05709,COMP_0282,CHECKING_09,checking,Caixabank,caixa_emp,EUR,2024-02-19 10:45:26
PRODUCT_05710,COMP_1121,CHECKING_02,checking,Intesa Sanpaolo,sanpaolo_it,EUR,2025-12-19 16:22:46
PRODUCT_05711,COMP_0993,CHECKING_06,checking,BBVA Net Cash Empresas,bbva_emp,EUR,2025-10-09 08:32:09
PRODUCT_05712,COMP_0505,CHECKING_07,checking,Deutsche Bank Empresas,deutschebank_emp,EUR,2026-07-13 06:06:44
PRODUCT_05713,COMP_0220,CHECKING_03,checking,Abanca Empresas,abanca_emp,EUR,2025-12-09 12:15:36
PRODUCT_05714,COMP_0281,CHECKING_03,checking,Banco Santander Empresas,santander_emp,EUR,2025-09-24 16:06:12
PRODUCT_05715,COMP_0730,CHECKING_10,checking,SSK München,ssk-muenchen,EUR,2026-07-29 18:27:52
PRODUCT_05717,COMP_0365,CHECKING_07,checking,Societe Generale Entreprises,soc-gen-corporate,EUR,2026-03-02 10:46:54
PRODUCT_05718,COMP_1037,TPV_03,tpv,Redsys,redsys,EUR,2025-09-23 07:29:02
PRODUCT_05720,COMP_1012,INVESTMENT_02,investment,BBVA Net Cash Empresas,bbva_emp,EUR,2026-08-24 10:28:04
PRODUCT_05725,COMP_0033,CHECKING_03,checking,BNP Paribas - Corporate,mabanque-corporate,EUR,2025-12-19 14:41:23
PRODUCT_05726,COMP_0066,CHECKING_03,checking,Abanca Empresas,abanca_emp,EUR,2026-04-22 13:39:45
PRODUCT_05727,COMP_0054,CHECKING_06,checking,Banco Santander Empresas,santander_emp,EUR,2025-04-04 11:45:23
PRODUCT_05729,COMP_0035,CHECKING_06,checking,Banco Santander Empresas,santander_emp,USD,2022-11-17 13:30:56
PRODUCT_05730,COMP_0210,CHECKING_04,checking,Banco Sabadell T. sec - CAL Empresas,sabadell_emp_sec,EUR,2026-01-13 16:20:31
PRODUCT_05732,COMP_0515,CHECKING_11,checking,Banco Sabadell T. sec - CAL Empresas,sabadell_emp_sec,EUR,2025-10-14 11:30:16
PRODUCT_05733,COMP_0225,CHECKING_02,checking,Stripe,stripe,EUR,2026-01-27 09:24:31
PRODUCT_05734,COMP_0084,CHECKING_01,checking,Caixabank Empresas,caixa_emp,EUR,2026-04-20 11:45:11
PRODUCT_05735,COMP_0101,CHECKING_09,checking,Caixabank Empresas,caixa_emp,USD,2024-12-16 17:17:09
PRODUCT_05736,COMP_0007,CHECKING_11,checking,Banco Santander Empresas,santander_emp,EUR,2026-03-10 15:44:41
PRODUCT_05737,COMP_0087,CARD_11,card,Abanca Empresas,abanca_emp,EUR,2026-07-20 08:46:08
PRODUCT_05738,COMP_0741,CHECKING_01,checking,Crédit Industriel et Commercial,cic,EUR,2024-05-29 13:44:47
PRODUCT_05739,COMP_0008,CHECKING_06,checking,Banco Santander Empresas,santander_emp,EUR,2026-05-18 11:48:45
PRODUCT_05740,COMP_1279,CHECKING_09,checking,BBVA,bbva_emp,EUR,2024-03-11 11:08:52
PRODUCT_05741,COMP_0750,CHECKING_02,checking,Caixabank Empresas,caixa_emp,EUR,2025-05-22 15:05:27
PRODUCT_05742,COMP_0234,CHECKING_05,checking,Citibank Empresas GLOBAL,citi,EUR,2025-11-11 16:24:23
PRODUCT_05743,COMP_0280,CHECKING_03,checking,Barclays Corporate,barclays_corporate,GBP,2026-07-14 11:34:24
PRODUCT_05744,COMP_0354,CHECKING_06,checking,Kutxabank Empresas,kutxabank_emp,EUR,2026-03-09 09:10:35
PRODUCT_05745,COMP_0837,CHECKING_21,checking,Deutsche Bank (ES) - Empresas,ins_127317,EUR,2025-09-17 12:46:42
PRODUCT_05746,COMP_1191,CHECKING_04,checking,iberCaja,ibercaja,EUR,2026-03-05 07:53:55
PRODUCT_05748,COMP_0731,CHECKING_01,checking,Caixabank Empresas,caixa_emp,EUR,2026-02-17 08:38:00
PRODUCT_05749,COMP_0686,CHECKING_07,checking,iberCaja,ibercaja,EUR,2025-10-21 10:44:26
PRODUCT_05751,COMP_0887,CHECKING_03,checking,Banco Sabadell T. sec - CAL Empresas,sabadell_emp_sec,EUR,2026-03-13 09:36:44
PRODUCT_05752,COMP_0604,CARD_05,card,RuralVia Empresas,ruralvia_emp,EUR,2024-10-25 09:51:21
PRODUCT_05753,COMP_1056,CHECKING_09,checking,HSBC Corporate,hsbccorporate,CHF,2026-02-10 17:37:46
PRODUCT_05754,COMP_0684,CHECKING_02,checking,Banco Santander Empresas,santander_emp,EUR,2026-03-03 12:26:13
PRODUCT_05755,COMP_0266,CHECKING_02,checking,Santander Totta Empresas Empresas,santander_emp_pt,EUR,2025-10-20 14:20:26
PRODUCT_05756,COMP_1257,CHECKING_02,checking,Banco Santander Empresas,santander_emp,EUR,2025-01-22 09:31:24
PRODUCT_05759,COMP_0897,CHECKING_06,checking,Banco Sabadell Empresas,sabadell_emp,EUR,2026-05-29 09:26:30
PRODUCT_05760,COMP_0444,CARD_19,card,Banco Sabadell Empresas,sabadell_emp,EUR,2026-03-13 12:08:09
PRODUCT_05762,COMP_0330,CHECKING_01,checking,BBVA Net Cash Empresas,bbva_emp,EUR,2025-03-20 12:48:39
PRODUCT_05763,COMP_1243,CARD_02,card,BBVA Net Cash Empresas,bbva_emp,EUR,2026-04-06 16:21:17
PRODUCT_05765,COMP_0504,CHECKING_06,checking,Banca March,bancamarch,USD,2024-10-17 15:27:54
PRODUCT_05766,COMP_0007,LINEOFCOMEX_06,lineofcomex,Deutsche Bank Empresas,deutschebank_emp,EUR,2026-06-04 15:20:47
PRODUCT_05767,COMP_0302,CHECKING_04,checking,KBC Brussels Belgium,kbcbrussels_belgium,EUR,2026-09-10 15:13:48
PRODUCT_05768,COMP_0389,CHECKING_03,checking,Caixabank Empresas,caixa_emp,EUR,2025-06-20 08:43:27
PRODUCT_05769,COMP_0281,CHECKING_04,checking,BBVA Net Cash Empresas,bbva_emp,EUR,2025-09-24 16:24:56
PRODUCT_05771,COMP_0255,CHECKING_04,checking,Caixabank Empresas,caixa_emp,EUR,2026-03-11 14:59:23
PRODUCT_05772,COMP_0292,CHECKING_29,checking,Other (customer-defined),custom,EUR,2025-10-15 13:33:34
PRODUCT_05775,COMP_0185,CHECKING_08,checking,Banco Santander Empresas,santander_emp,EUR,2026-07-21 10:03:18
PRODUCT_05776,COMP_0653,CHECKING_04,checking,Bankinter Empresas,bankinter_emp,EUR,2025-06-04 14:54:42
PRODUCT_05777,COMP_0635,INVESTMENT_01,investment,Banco Santander Empresas,santander_emp,EUR,2025-10-06 15:33:06
PRODUCT_05778,COMP_0760,CHECKING_02,checking,Caixabank,caixa_emp,EUR,2023-09-22 15:38:48
PRODUCT_05779,COMP_0255,CARD_05,card,Caixabank Empresas,caixa_emp,EUR,2026-03-11 14:59:23
PRODUCT_05780,COMP_0982,CHECKING_06,checking,BBVA Net Cash Empresas,bbva_emp,EUR,2025-03-25 10:16:47
PRODUCT_05781,COMP_0282,CHECKING_10,checking,Caixabank,caixa_emp,EUR,2024-02-19 10:45:26
PRODUCT_05782,COMP_0007,CHECKING_12,checking,Other (customer-defined),custom,EUR,2026-05-07 15:23:21
PRODUCT_05783,COMP_1089,CHECKING_02,checking,Other (customer-defined),custom,USD,2025-01-22 14:13:37
PRODUCT_05784,COMP_0477,CHECKING_03,checking,Other (customer-defined),custom,USD,2026-08-24 07:26:41
PRODUCT_05787,COMP_0468,CHECKING_02,checking,Caixabank Empresas,caixa_emp,EUR,2026-04-20 13:58:20
PRODUCT_05788,COMP_0837,INVESTMENT_07,investment,Deutsche Bank (ES) - Empresas,ins_127317,EUR,2025-09-22 10:39:27
PRODUCT_05790,COMP_0984,CHECKING_03,checking,BBVA Net Cash Empresas,bbva_emp,USD,2024-12-18 14:00:33
PRODUCT_05791,COMP_0958,CARD_02,card,Banco Santander Empresas,santander_emp,EUR,2025-03-06 15:44:00
PRODUCT_05792,COMP_1110,CHECKING_04,checking,Other (customer-defined),custom,EUR,2026-01-13 12:03:31
PRODUCT_05795,COMP_0792,CHECKING_10,checking,Bankinter,bankinter_emp,EUR,2023-06-09 07:32:19
PRODUCT_05797,COMP_0803,CHECKING_07,checking,Abanca,abanca_emp,EUR,2023-10-23 10:54:37
PRODUCT_05799,COMP_0282,CHECKING_11,checking,Caixabank,caixa_emp,EUR,2024-02-19 10:45:26
PRODUCT_05800,COMP_0911,CHECKING_01,checking,Banco Sabadell T. sec - CAL Empresas,sabadell_emp_sec,EUR,2025-05-22 14:36:58
PRODUCT_05801,COMP_0700,CHECKING_01,checking,BBVA Net Cash Empresas,bbva_emp,EUR,2025-11-04 11:57:34
PRODUCT_05802,COMP_0101,INVESTMENT_01,investment,Banco Sabadell Empresas,sabadell_emp,EUR,2025-07-02 21:23:09
PRODUCT_05803,COMP_0623,CHECKING_13,checking,Caixabank Empresas,caixa_emp,EUR,2025-04-09 10:47:22
PRODUCT_05804,COMP_1039,CARD_02,card,Banco Sabadell Empresas,sabadell_emp,EUR,2024-09-24 11:38:11
PRODUCT_05807,COMP_0580,CHECKING_04,checking,HSBC Corporate,hsbccorporate,GBP,2026-04-09 13:19:21
PRODUCT_05810,COMP_0861,CHECKING_08,checking,Caixabank Empresas,caixa_emp,EUR,2025-10-15 13:12:52
PRODUCT_05812,COMP_0668,CHECKING_01,checking,Caixabank Empresas,caixa_emp,EUR,2026-03-13 09:44:30
PRODUCT_05815,COMP_0560,CHECKING_07,checking,Caixabank,caixa,USD,2025-03-03 12:49:06
PRODUCT_05816,COMP_1227,CHECKING_02,checking,Banco Santander Empresas,santander_emp,EUR,2025-05-09 09:07:35
PRODUCT_05819,COMP_0336,CHECKING_08,checking,Barclays Corporate,barclays_corporate,GBP,2025-06-12 08:04:25
PRODUCT_05820,COMP_0540,CHECKING_04,checking,Banco Sabadell T. sec - CAL Empresas,sabadell_emp_sec,EUR,2026-03-13 09:36:44
PRODUCT_05821,COMP_0107,CHECKING_02,checking,BBVA Empresas Peru Empresas,bbva_emp_pe,PEN,2024-12-13 00:32:02
PRODUCT_05822,COMP_0793,CHECKING_08,checking,Banco Sabadell Empresas,sabadell_emp,EUR,2026-03-16 15:11:45
PRODUCT_05823,COMP_0566,CHECKING_03,checking,HSBC Corporate,hsbccorporate,GBP,2026-03-06 12:29:23
PRODUCT_05825,COMP_1127,CHECKING_06,checking,Kutxabank Empresas,kutxabank_emp,EUR,2024-12-11 12:31:42
PRODUCT_05826,COMP_1207,CHECKING_02,checking,Other (customer-defined),custom,EUR,2024-03-15 10:30:25
PRODUCT_05827,COMP_0978,CHECKING_03,checking,Other (customer-defined),custom,EUR,2025-01-15 13:28:37
PRODUCT_05829,COMP_0855,CHECKING_08,checking,Banco Santander Empresas,santander_emp,USD,2026-05-12 12:06:15
PRODUCT_05830,COMP_1171,CHECKING_06,checking,iberCaja,ibercaja,EUR,2025-10-21 11:58:43
PRODUCT_05831,COMP_0958,CARD_03,card,Banco Santander Empresas,santander_emp,EUR,2025-03-06 15:44:00
PRODUCT_05833,COMP_0743,CHECKING_04,checking,Revolut,revolut,EUR,2025-10-20 08:22:45
PRODUCT_05834,COMP_0675,CHECKING_01,checking,Caixabank Empresas,caixa_emp,EUR,2025-11-05 10:11:03
PRODUCT_05835,COMP_0092,CHECKING_01,checking,Banco Santander Empresas,santander_emp,EUR,2024-09-25 07:59:49
PRODUCT_05837,COMP_0919,CHECKING_17,checking,Banco Santander Empresas,santander_emp,USD,2025-11-03 10:37:28
PRODUCT_05838,COMP_0252,CHECKING_33,checking,Banking Circle GLOBAL,bc,EUR,2026-07-28 13:43:26
PRODUCT_05839,COMP_0892,CARD_01,card,Banco Sabadell Empresas,sabadell_emp,EUR,2025-02-06 13:47:36
PRODUCT_05840,COMP_0124,CARD_03,card,Banco Santander Empresas,santander_emp,EUR,2026-05-27 13:50:00
PRODUCT_05842,COMP_0190,CHECKING_04,checking,Other (customer-defined),custom,EUR,2025-12-23 09:38:01
PRODUCT_05843,COMP_0829,CHECKING_02,checking,Banco Santander,santander_emp,EUR,2023-08-31 08:46:34
PRODUCT_05845,COMP_0040,CHECKING_07,checking,Banco Sabadell Empresas,sabadell_emp,EUR,2026-03-10 13:40:38
PRODUCT_05847,COMP_0376,CHECKING_16,checking,Banco Sabadell Empresas,sabadell_emp,EUR,2026-04-08 07:55:49
PRODUCT_05848,COMP_0007,CARD_07,card,Abanca Empresas,abanca_emp,EUR,2026-03-10 15:38:08
PRODUCT_05849,COMP_1222,CHECKING_08,checking,Other (customer-defined),custom,MXN,2025-04-29 10:56:48
PRODUCT_05851,COMP_0143,CHECKING_02,checking,Banco Santander Empresas,santander_emp,EUR,2024-09-24 11:51:59
PRODUCT_05853,COMP_0532,CARD_01,card,Banco Santander,santander_emp,EUR,2026-02-17 14:15:19
PRODUCT_05854,COMP_0154,CHECKING_01,checking,HSBC Corporate,hsbccorporate,GBP,2026-03-19 12:44:58
PRODUCT_05855,COMP_0956,CARD_22,card,Caixabank Empresas,caixa_emp,EUR,2026-04-29 14:49:43
PRODUCT_05856,COMP_0312,CHECKING_01,checking,Banca Sella,bancasella_it,EUR,2026-02-20 08:24:14
PRODUCT_05859,COMP_1216,CHECKING_11,checking,RuralVia Empresas,ruralvia_emp,EUR,2025-10-01 15:23:58
PRODUCT_05860,COMP_0041,CHECKING_04,checking,Banco Sabadell Empresas,sabadell_emp,EUR,2026-03-10 14:04:10
PRODUCT_05861,COMP_1216,INVESTMENT_01,investment,Banco Santander Empresas,santander_emp,EUR,2025-10-06 15:33:06
PRODUCT_05862,COMP_0837,CHECKING_22,checking,Caixabank Empresas,caixa_emp,EUR,2026-03-09 09:30:49
PRODUCT_05864,COMP_1156,CHECKING_02,checking,Banco Santander,santander_emp,EUR,2024-05-10 09:51:49
PRODUCT_05866,COMP_1178,CHECKING_04,checking,Abanca,abanca,EUR,2025-12-29 11:26:20
PRODUCT_05867,COMP_0724,CHECKING_02,checking,Caixabank Empresas,caixa_emp,EUR,2026-03-04 07:51:45
PRODUCT_05868,COMP_0713,CHECKING_07,checking,Caixabank Empresas,caixa_emp,EUR,2025-03-24 15:08:03
PRODUCT_05869,COMP_1280,CHECKING_03,checking,BBVA Net Cash Empresas,bbva_emp,EUR,2025-09-01 12:40:20
PRODUCT_05871,COMP_0798,CHECKING_02,checking,Bankinter Empresas,bankinter_emp,EUR,2025-11-11 14:35:03
PRODUCT_05873,COMP_0228,CHECKING_05,checking,Banco Sabadell Empresas,sabadell_emp,EUR,2026-04-17 08:54:04
PRODUCT_05874,COMP_0389,CHECKING_04,checking,Bankinter Empresas,bankinter_emp,EUR,2025-06-17 15:06:17
PRODUCT_05875,COMP_0957,INVESTMENT_01,investment,Banco Santander Empresas,santander_emp,EUR,2026-08-19 12:09:53
PRODUCT_05876,COMP_0216,CHECKING_03,checking,Deutsche Bank Empresas,deutschebank_emp,EUR,2025-10-08 11:27:20
PRODUCT_05880,COMP_0677,CHECKING_02,checking,Caixabank Empresas,caixa_emp,EUR,2026-04-20 14:28:29
PRODUCT_05881,COMP_0008,CHECKING_07,checking,Banco Sabadell T. sec - CAL Empresas,sabadell_emp_sec,EUR,2026-01-13 09:46:55
PRODUCT_05883,COMP_0690,CHECKING_04,checking,HSBC Corporate,hsbccorporate,GBP,2026-01-13 20:58:20
PRODUCT_05885,COMP_1152,CHECKING_08,checking,Banco Santander Empresas,santander_emp,EUR,2025-06-04 14:58:00
PRODUCT_05886,COMP_0789,CHECKING_04,checking,Banco Santander Empresas,santander_emp,EUR,2024-11-05 09:26:36
PRODUCT_05888,COMP_0008,CARD_01,card,Banco Sabadell T. sec - CAL Empresas,sabadell_emp_sec,EUR,2026-01-13 09:46:55
PRODUCT_05889,COMP_1028,CARD_06,card,Caixabank Empresas,caixa_emp,EUR,2026-03-20 13:21:38
PRODUCT_05890,COMP_1095,CHECKING_03,checking,Other (customer-defined),custom,EUR,2025-06-13 10:29:57
PRODUCT_05891,COMP_0101,CHECKING_10,checking,Banco Santander Empresas,santander_emp,EUR,2024-12-16 17:23:25
PRODUCT_05892,COMP_0147,CHECKING_02,checking,ABN AMRO Bank N.V.,abn-amro-nl,EUR,2024-10-24 08:15:56
PRODUCT_05893,COMP_0877,INVESTMENT_02,investment,RuralVia Empresas,ruralvia_emp,EUR,2025-10-01 08:38:32
PRODUCT_05894,COMP_0410,CHECKING_01,checking,BANCO SANTANDER TOTTA SA,banco-santander-totta-sa,EUR,2024-11-22 08:54:31
PRODUCT_05895,COMP_0793,CHECKING_09,checking,RuralVia Empresas,ruralvia_emp,EUR,2026-03-12 09:40:01
PRODUCT_05897,COMP_0713,CARD_15,card,Caixabank Empresas,caixa_emp,EUR,2025-03-24 15:08:03
PRODUCT_05898,COMP_0336,CHECKING_09,checking,Barclays Corporate,barclays_corporate,EUR,2025-06-12 08:03:29
PRODUCT_05899,COMP_1003,CHECKING_02,checking,Other (customer-defined),custom,MXN,2024-06-11 18:42:23
PRODUCT_05900,COMP_0304,CHECKING_03,checking,Banco Santander Empresas,santander_emp,EUR,2025-09-24 16:00:50
PRODUCT_05901,COMP_0865,CHECKING_03,checking,Caixabank Empresas,caixa_emp,EUR,2025-11-03 10:52:10
PRODUCT_05902,COMP_0549,CARD_01,card,Banco Santander Empresas,santander_emp,EUR,2024-10-23 13:09:12
PRODUCT_05905,COMP_0987,CHECKING_02,checking,BBVA,bbva_emp,EUR,2024-03-11 13:51:38
PRODUCT_05906,COMP_0674,CHECKING_11,checking,Kutxabank,kutxabank_emp,EUR,2025-01-27 10:00:32
PRODUCT_05907,COMP_0252,CHECKING_34,checking,Banking Circle GLOBAL,bc,HUF,2026-05-18 10:11:45
PRODUCT_05908,COMP_0927,CHECKING_05,checking,Banco Sabadell Empresas,sabadell_emp,EUR,2024-12-11 14:19:31
PRODUCT_05909,COMP_0255,CARD_06,card,Caixabank Empresas,caixa_emp,EUR,2026-03-11 14:59:23
PRODUCT_05910,COMP_0594,CHECKING_01,checking,Caixabank Empresas,caixa_emp,EUR,2025-06-06 11:28:13
PRODUCT_05911,COMP_1143,CHECKING_03,checking,iberCaja,ibercaja,EUR,2024-12-16 16:17:53
PRODUCT_05912,COMP_0813,CARD_01,card,Banco Santander Empresas,santander_emp,EUR,2023-07-26 09:16:17
PRODUCT_05913,COMP_0588,WALLET_01,wallet,Embat,embat,EUR,2025-05-05 09:40:54
PRODUCT_05914,COMP_0832,CHECKING_12,checking,Banco Sabadell Empresas,sabadell_emp,EUR,2026-03-03 16:38:52
PRODUCT_05915,COMP_0099,CHECKING_03,checking,Banco Sabadell,sabadell_emp,EUR,2023-11-03 11:18:17
PRODUCT_05916,COMP_1282,INVESTMENT_02,investment,Other (customer-defined),custom,USD,2025-08-26 09:59:14
PRODUCT_05918,COMP_0569,CARD_05,card,BBVA Net Cash Empresas,bbva_emp,EUR,2024-11-12 10:53:49
PRODUCT_05919,COMP_0633,CHECKING_04,checking,ING,ing,TRY,2025-12-22 14:59:57
PRODUCT_05920,COMP_0252,CHECKING_35,checking,Banking Circle GLOBAL,bc,EUR,2026-07-28 13:44:22
PRODUCT_05921,COMP_0444,CHECKING_05,checking,Caixabank Empresas,caixa_emp,EUR,2026-03-16 15:36:28
PRODUCT_05922,COMP_0150,CHECKING_04,checking,BBVA Net Cash Empresas,bbva_emp,EUR,2026-03-16 11:41:03
PRODUCT_05923,COMP_1104,CHECKING_03,checking,HSBC Bank (USA) - HSBCnet,ins_136937,USD,2026-07-14 11:39:59
PRODUCT_05924,COMP_1178,CHECKING_05,checking,iberCaja,ibercaja,EUR,2025-03-10 08:32:55
PRODUCT_05925,COMP_0433,CHECKING_04,checking,Caixabank Empresas,caixa_emp,EUR,2025-03-24 16:29:19
PRODUCT_05927,COMP_0452,CHECKING_04,checking,Bankinter Empresas,bankinter_emp,EUR,2025-03-17 23:42:23
PRODUCT_05928,COMP_1077,INVESTMENT_01,investment,Caixabank Empresas,caixa_emp,EUR,2025-09-18 09:50:55
PRODUCT_05929,COMP_0509,CHECKING_03,checking,Paypal,paypal,EUR,2024-11-19 14:57:55
PRODUCT_05932,COMP_0756,CARD_03,card,BBVA Net Cash Empresas,bbva_emp,EUR,2026-04-07 11:09:45
PRODUCT_05933,COMP_0993,CHECKING_07,checking,Caixabank Empresas,caixa_emp,EUR,2025-10-15 13:07:18
PRODUCT_05935,COMP_0708,CARD_03,card,BBVA Net Cash Empresas,bbva_emp,EUR,2026-03-11 11:23:30
PRODUCT_05937,COMP_0754,CHECKING_06,checking,Other (customer-defined),custom,GBP,2025-05-25 18:50:43
PRODUCT_05938,COMP_0195,CHECKING_06,checking,Abanca Empresas,abanca_emp,EUR,2024-10-17 16:16:05
PRODUCT_05939,COMP_0080,CHECKING_01,checking,Banco Santander,santander_emp,EUR,2025-05-19 09:22:28
PRODUCT_05940,COMP_1048,CARD_03,card,BBVA Net Cash Empresas,bbva_emp,EUR,2025-10-17 10:15:56
PRODUCT_05941,COMP_0703,CHECKING_06,checking,Unicaja,unicaja_emp,EUR,2022-11-17 13:50:03
PRODUCT_05942,COMP_1043,CHECKING_03,checking,Banco Santander Empresas,santander_emp,EUR,2026-04-08 15:01:30
PRODUCT_05943,COMP_1097,CHECKING_03,checking,Ebury GLOBAL,ebury,EUR,2026-09-02 11:58:00
PRODUCT_05944,COMP_1201,CHECKING_01,checking,Other (customer-defined),custom,AUD,2025-06-07 13:25:23
PRODUCT_05947,COMP_0424,CHECKING_05,checking,Abanca Empresas,abanca_emp,EUR,2025-02-14 12:21:40
PRODUCT_05949,COMP_0909,CARD_15,card,Bankinter,bankinter_emp,EUR,2024-04-03 07:31:38
PRODUCT_05950,COMP_0347,CHECKING_05,checking,BBVA Net Cash Empresas,bbva_emp,EUR,2026-01-13 16:00:59
PRODUCT_05952,COMP_0385,CHECKING_15,checking,Bankinter Empresas,bankinter_emp,USD,2025-07-15 13:50:48
PRODUCT_05953,COMP_0708,CARD_04,card,BBVA Net Cash Empresas,bbva_emp,EUR,2026-03-11 11:23:30
PRODUCT_05955,COMP_1233,CHECKING_07,checking,Banco Sabadell Empresas,sabadell_emp,EUR,2025-01-30 11:26:14
PRODUCT_05957,COMP_0612,CHECKING_09,checking,Caixabank,caixa_emp,CZK,2024-02-09 12:13:48
PRODUCT_05958,COMP_1272,CHECKING_11,checking,Banco Santander Empresas,santander_emp,EUR,2026-03-05 14:03:23
PRODUCT_05959,COMP_1187,CHECKING_16,checking,Banking Circle GLOBAL,bc,USD,2026-02-06 11:36:28
PRODUCT_05960,COMP_0061,CHECKING_02,checking,Revolut EU,revolut,GBP,2026-01-26 15:37:41
PRODUCT_05961,COMP_0100,CHECKING_07,checking,Abanca,abanca,EUR,2025-05-06 10:35:29
PRODUCT_05963,COMP_0887,CHECKING_04,checking,Payhawk,payhawk,EUR,2026-03-18 15:32:38
PRODUCT_05964,COMP_0896,CHECKING_05,checking,Banca March,bancamarch,EUR,2026-07-13 14:55:24
PRODUCT_05965,COMP_0265,CHECKING_07,checking,Payhawk,payhawk,EUR,2026-05-07 14:35:51
PRODUCT_05966,COMP_0367,CHECKING_04,checking,Banco Santander,santander_emp,EUR,2024-02-19 10:29:16
PRODUCT_05967,COMP_0074,INVESTMENT_02,investment,Banca March,bancamarch,EUR,2025-03-21 12:21:54
PRODUCT_05968,COMP_0038,CARD_10,card,BBVA Net Cash Empresas,bbva_emp,EUR,2026-04-06 15:50:19
PRODUCT_05970,COMP_0070,CHECKING_06,checking,Crédit Industriel et Commercial,cic,EUR,2025-12-04 13:30:46
PRODUCT_05972,COMP_0860,CHECKING_02,checking,Other (customer-defined),custom,XOF,2025-10-15 08:30:33
PRODUCT_05973,COMP_0924,CARD_04,card,RuralVia Empresas,ruralvia_emp,EUR,2024-10-25 10:12:04
PRODUCT_05974,COMP_1083,CHECKING_05,checking,Barclays Corporate,barclays_corporate,EUR,2026-06-12 12:37:56
PRODUCT_05975,COMP_1182,INVESTMENT_01,investment,AndBank,andbank,EUR,2025-03-12 12:28:13
PRODUCT_05976,COMP_0358,CHECKING_01,checking,Banco Santander Empresas,santander_emp,EUR,2025-09-24 16:06:12
PRODUCT_05977,COMP_0234,CARD_06,card,Banco Santander Empresas,santander_emp,EUR,2024-11-06 14:05:44
PRODUCT_05980,COMP_0837,CHECKING_23,checking,Banca March,bancamarch,EUR,2025-09-19 06:46:01
PRODUCT_05981,COMP_0549,CHECKING_02,checking,Cajamar,cajamar,EUR,2025-03-31 10:14:30
PRODUCT_05982,COMP_0438,CHECKING_05,checking,Caixabank,caixa_emp,GBP,2026-04-24 07:34:59
PRODUCT_05983,COMP_0292,CHECKING_30,checking,Other (customer-defined),custom,EUR,2025-10-15 10:36:51
PRODUCT_05984,COMP_0461,INVESTMENT_01,investment,Banco Santander Empresas,santander_emp,EUR,2026-05-19 14:04:22
PRODUCT_05986,COMP_0289,CARD_01,card,Banco Sabadell Empresas,sabadell_emp,EUR,2026-02-18 12:21:39
PRODUCT_05987,COMP_1256,CHECKING_02,checking,Banco Santander Empresas,santander_emp,EUR,2024-12-19 11:00:01
PRODUCT_05988,COMP_0909,CARD_16,card,Bankinter,bankinter_emp,EUR,2024-04-03 07:31:38
PRODUCT_05990,COMP_1134,CARD_01,card,BBVA,bbva_emp,EUR,2024-03-11 11:14:08
PRODUCT_05991,COMP_0493,CHECKING_02,checking,TD Canada Trust,ins_42,CAD,2025-12-18 17:23:40
PRODUCT_05992,COMP_0641,CHECKING_01,checking,Banco de la nacion del Peru Empresas,banconacion_emp_pe,PEN,2026-01-07 10:24:27
PRODUCT_05993,COMP_0587,CHECKING_01,checking,Banco Sabadell Empresas,sabadell_emp,EUR,2025-01-16 14:55:22
PRODUCT_05995,COMP_0793,CHECKING_10,checking,Caixabank Empresas,caixa_emp,EUR,2026-03-16 15:02:52
PRODUCT_05996,COMP_0604,CHECKING_13,checking,Abanca Empresas,abanca_emp,EUR,2024-10-17 16:01:12
PRODUCT_05997,COMP_0854,CHECKING_03,checking,BBVA Net Cash Empresas,bbva_emp,EUR,2025-07-29 11:12:22
PRODUCT_05998,COMP_0058,CHECKING_10,checking,Banco Sabadell Empresas,sabadell_emp,EUR,2026-04-07 07:20:54
PRODUCT_05999,COMP_0351,CHECKING_17,checking,Bankinter Empresas,bankinter_emp,EUR,2026-07-14 07:27:47
PRODUCT_06000,COMP_0418,CHECKING_11,checking,Banco Santander Empresas,santander_emp,EUR,2026-04-08 12:07:49
PRODUCT_06001,COMP_1152,CHECKING_09,checking,Banco Santander Empresas,santander_emp,EUR,2025-06-04 14:58:00
PRODUCT_06002,COMP_0849,WALLET_02,wallet,Embat,embat,USD,2026-09-07 09:31:52
PRODUCT_06003,COMP_0237,CHECKING_02,checking,Other (customer-defined),custom,GBP,2026-08-26 15:49:37
PRODUCT_06004,COMP_0255,CHECKING_05,checking,Other (customer-defined),custom,EUR,2026-03-23 11:11:23
PRODUCT_06005,COMP_0303,CHECKING_04,checking,Banco Santander Empresas,santander_emp,EUR,2026-03-18 14:50:52
PRODUCT_06007,COMP_1263,CHECKING_02,checking,Caixabank Empresas,caixa_emp,EUR,2024-12-10 14:52:58
PRODUCT_06008,COMP_0754,CHECKING_07,checking,Barclays Corporate,barclays_corporate,GBP,2025-10-14 09:39:44
PRODUCT_06009,COMP_0743,INVESTMENT_03,investment,BBVA Net Cash Empresas,bbva_emp,EUR,2025-09-29 08:37:37
PRODUCT_06013,COMP_1090,CHECKING_04,checking,Caixabank,caixa_emp,EUR,2023-03-24 11:12:38
PRODUCT_06014,COMP_0627,CHECKING_07,checking,Banco Sabadell T. sec - CAL Empresas,sabadell_emp_sec,EUR,2022-11-17 13:59:56
PRODUCT_06015,COMP_0288,CARD_02,card,American Express,amex,EUR,2023-06-19 07:14:36
PRODUCT_06016,COMP_1241,CHECKING_01,checking,Banco Santander,santander_emp,EUR,2022-04-25 08:19:57
PRODUCT_06017,COMP_1057,CHECKING_02,checking,BBVA Net Cash Empresas,bbva_emp,USD,2025-09-12 12:31:56
PRODUCT_06018,COMP_0004,CHECKING_02,checking,Bankinter Empresas,bankinter_emp,EUR,2026-02-25 15:57:09
PRODUCT_06020,COMP_0996,CHECKING_02,checking,Caixabank Empresas,caixa_emp,EUR,2026-03-03 10:33:08
PRODUCT_06022,COMP_0682,CHECKING_03,checking,Caixabank Empresas,caixa_emp,EUR,2025-03-07 11:41:43
PRODUCT_06024,COMP_1161,CHECKING_04,checking,Banco Sabadell Empresas,sabadell_emp,EUR,2026-04-08 14:31:22
PRODUCT_06025,COMP_0338,INVESTMENT_01,investment,Caixabank Empresas,caixa_emp,EUR,2026-06-08 09:34:01
PRODUCT_06026,COMP_0793,CHECKING_11,checking,RuralVia Empresas,ruralvia_emp,EUR,2026-03-12 09:40:01
PRODUCT_06027,COMP_0955,CHECKING_01,checking,BBVA,bbva_emp,EUR,2024-03-11 11:08:56
PRODUCT_06032,COMP_0743,INVESTMENT_04,investment,BBVA Net Cash Empresas,bbva_emp,EUR,2025-09-29 08:38:43
PRODUCT_06034,COMP_0928,CHECKING_10,checking,BBVA Net Cash Empresas,bbva_emp,EUR,2025-07-29 11:12:22
PRODUCT_06035,COMP_0360,CHECKING_07,checking,Kutxabank Empresas,kutxabank_emp,EUR,2026-04-15 14:19:15
PRODUCT_06036,COMP_1033,CHECKING_02,checking,Banco Sabadell T. sec - CAL Empresas,sabadell_emp_sec,EUR,2024-09-17 13:28:16
PRODUCT_06038,COMP_1195,CHECKING_04,checking,Banco Santander Empresas,santander_emp,EUR,2026-01-26 12:50:19
PRODUCT_06039,COMP_0343,CHECKING_05,checking,Banco Sabadell Empresas,sabadell_emp,EUR,2025-09-19 09:13:06
PRODUCT_06040,COMP_1215,CARD_05,card,Caixabank Empresas,caixa_emp,EUR,2026-07-08 18:39:31
PRODUCT_06041,COMP_1132,CHECKING_03,checking,Banco Sabadell Empresas,sabadell_emp,EUR,2026-07-13 10:28:28
PRODUCT_06042,COMP_0276,CHECKING_06,checking,Other (customer-defined),custom,AOA,2026-02-18 12:04:51
PRODUCT_06044,COMP_0569,CARD_06,card,BBVA Net Cash Empresas,bbva_emp,EUR,2024-11-12 10:53:49
PRODUCT_06045,COMP_0743,CARD_01,card,BBVA Net Cash Empresas,bbva_emp,EUR,2025-09-26 11:23:19
PRODUCT_06048,COMP_1187,CHECKING_17,checking,Banking Circle GLOBAL,bc,EUR,2026-02-06 10:44:19
PRODUCT_06049,COMP_0292,CHECKING_31,checking,Other (customer-defined),custom,EUR,2025-10-15 10:36:12
PRODUCT_06050,COMP_0673,CHECKING_04,checking,RuralVia Empresas,ruralvia_emp,EUR,2026-03-11 12:27:43
PRODUCT_06051,COMP_0444,CHECKING_06,checking,Bankinter Empresas,bankinter_emp,EUR,2026-03-16 15:28:58
PRODUCT_06053,COMP_1143,CHECKING_04,checking,Bankinter Empresas,bankinter_emp,EUR,2024-12-19 10:24:43
PRODUCT_06056,COMP_0324,CHECKING_11,checking,Bankinter Empresas,bankinter_emp,EUR,2026-04-20 10:59:31
PRODUCT_06057,COMP_0542,CARD_02,card,Caixabank Empresas,caixa_emp,EUR,2025-03-24 15:28:24
PRODUCT_06058,COMP_0713,CHECKING_08,checking,Caixabank Empresas,caixa_emp,EUR,2025-03-24 15:08:03
PRODUCT_06059,COMP_0470,CHECKING_03,checking,Credit Mutuel,creditmutuel,EUR,2026-03-03 12:43:48
PRODUCT_06060,COMP_1160,CHECKING_07,checking,RuralVia,ruralvia_emp,EUR,2024-03-01 08:56:20
PRODUCT_06061,COMP_1121,CHECKING_03,checking,Banca Popolare di Sondrio,popolaresondrio_it,EUR,2025-12-19 16:20:21
PRODUCT_06065,COMP_0988,CARD_16,card,Caixabank Empresas,caixa_emp,EUR,2026-03-03 12:11:50
PRODUCT_06066,COMP_0958,CHECKING_05,checking,Banco Santander Empresas,santander_emp,EUR,2025-03-06 15:44:00
PRODUCT_06068,COMP_0666,CHECKING_03,checking,Santander Rio Empresas,santander_rio_emp_ar,USD,2024-11-25 11:58:11
PRODUCT_06069,COMP_1152,CHECKING_10,checking,Banco Santander Empresas,santander_emp,EUR,2025-06-04 14:58:00
PRODUCT_06070,COMP_1108,CHECKING_03,checking,Danske Bank Business Denmark,danskebankbusiness_dk,USD,2026-03-09 13:04:47
PRODUCT_06071,COMP_1225,CHECKING_05,checking,BBVA Net Cash Empresas,bbva_emp,EUR,2026-06-23 09:22:57
PRODUCT_06072,COMP_1192,CHECKING_01,checking,Davivienda,davivienda_co,COP,2025-01-27 08:31:43
PRODUCT_06073,COMP_0755,CHECKING_02,checking,Caixabank Empresas,caixa_emp,EUR,2025-03-17 17:10:49
PRODUCT_06074,COMP_0924,CARD_05,card,Banco Santander Empresas,santander_emp,EUR,2024-10-24 07:39:08
PRODUCT_06076,COMP_0011,INVESTMENT_01,investment,Banco Santander Empresas,santander_emp,EUR,2025-10-20 16:58:28
PRODUCT_06077,COMP_0257,CHECKING_04,checking,Caixabank Empresas,caixa_emp,USD,2025-11-04 11:59:27
PRODUCT_06078,COMP_0682,CHECKING_04,checking,Banca March,bancamarch,EUR,2025-03-06 16:11:24
PRODUCT_06079,COMP_0192,CHECKING_04,checking,Banco Sabadell T. sec - CAL Empresas,sabadell_emp_sec,EUR,2026-03-13 09:36:44
PRODUCT_06082,COMP_1072,TPV_04,tpv,Redsys,redsys,EUR,2025-09-22 07:10:35
PRODUCT_06083,COMP_1268,CHECKING_07,checking,Globalcaja,ruralvia_globalcaja,EUR,2026-04-29 11:58:48
PRODUCT_06084,COMP_0686,CHECKING_08,checking,Banco Santander Empresas,santander_emp,EUR,2026-01-15 11:32:05
PRODUCT_06085,COMP_0862,CHECKING_02,checking,Other (customer-defined),custom,EUR,2024-06-05 14:41:34
PRODUCT_06087,COMP_0295,CHECKING_03,checking,Caixabank,caixa,EUR,2026-04-23 11:49:54
PRODUCT_06088,COMP_0786,CARD_07,card,Caixabank,caixa_emp,EUR,2026-02-17 14:19:36
PRODUCT_06089,COMP_0258,CHECKING_03,checking,Banco Sabadell Empresas,sabadell_emp,EUR,2022-11-29 10:08:17
PRODUCT_06091,COMP_0038,CHECKING_09,checking,Caixabank Empresas,caixa_emp,EUR,2026-04-07 16:25:33
PRODUCT_06092,COMP_0180,CHECKING_03,checking,Payhawk,payhawk,EUR,2025-05-12 12:50:20
PRODUCT_06093,COMP_0228,CHECKING_06,checking,Banca March,bancamarch,EUR,2026-05-27 06:22:51
PRODUCT_06094,COMP_0630,CARD_21,card,Caixabank Empresas,caixa_emp,EUR,2026-02-13 10:38:01
PRODUCT_06099,COMP_0775,CHECKING_03,checking,Barclays Corporate,barclays_corporate,GBP,2026-06-11 21:13:21
PRODUCT_06100,COMP_0100,CHECKING_08,checking,Banco Santander,santander,EUR,2025-05-21 09:25:17
PRODUCT_06101,COMP_1216,CHECKING_12,checking,Banco Sabadell Empresas,sabadell_emp,EUR,2025-09-25 14:14:17
PRODUCT_06102,COMP_1282,CHECKING_08,checking,Unicaja,unicaja_emp,EUR,2024-02-09 11:02:12
PRODUCT_06103,COMP_0369,CHECKING_01,checking,Bankinter Empresas,bankinter_emp,EUR,2026-04-23 11:21:35
PRODUCT_06104,COMP_1096,CHECKING_04,checking,Stripe,stripe,EUR,2024-06-04 15:01:49
PRODUCT_06106,COMP_0884,CHECKING_02,checking,Banco Santander Empresas,santander_emp,EUR,2025-05-04 18:16:53
PRODUCT_06107,COMP_1025,CARD_04,card,Banco Santander Empresas,santander_emp,EUR,2026-02-18 14:39:18
PRODUCT_06108,COMP_0058,CARD_05,card,BBVA Net Cash Empresas,bbva_emp,EUR,2026-04-06 15:55:12
PRODUCT_06109,COMP_0964,CHECKING_02,checking,Caixabank,caixa,EUR,2026-04-23 11:54:17
PRODUCT_06111,COMP_0387,CHECKING_05,checking,Banco Sabadell Empresas,sabadell_emp,EUR,2025-02-14 12:14:56
PRODUCT_06113,COMP_0496,CHECKING_09,checking,Ebury GLOBAL,ebury,THB,2025-12-02 11:28:22
PRODUCT_06114,COMP_0456,CHECKING_02,checking,BBVA Net Cash Empresas,bbva_emp,EUR,2025-07-29 11:12:22
PRODUCT_06115,COMP_1114,CHECKING_01,checking,Caixabank Empresas,caixa_emp,EUR,2026-03-04 07:49:56
PRODUCT_06117,COMP_0837,CHECKING_24,checking,Bankinter,bankinter_emp,EUR,2023-05-03 13:09:18
PRODUCT_06118,COMP_0985,CHECKING_02,checking,BBVA Net Cash Empresas,bbva_emp,EUR,2025-06-23 06:38:19
PRODUCT_06120,COMP_1129,CHECKING_03,checking,Bankinter Empresas,bankinter_emp,EUR,2026-02-10 16:21:40
PRODUCT_06121,COMP_0909,CHECKING_22,checking,Banco Sabadell Empresas,sabadell_emp,USD,2025-02-04 15:20:48
PRODUCT_06122,COMP_1141,CHECKING_08,checking,Revolut EU,revolut_gb,USD,2025-12-10 13:31:19
PRODUCT_06123,COMP_0016,CHECKING_09,checking,Banco Santander Empresas,santander_emp,EUR,2026-04-08 12:10:14
PRODUCT_06124,COMP_1036,CARD_06,card,Banca March,bancamarch,EUR,2026-07-13 12:44:04
PRODUCT_06125,COMP_1047,INVESTMENT_01,investment,iberCaja,ibercaja,EUR,2026-07-16 13:02:18
PRODUCT_06127,COMP_1015,CHECKING_03,checking,Citibank Online - Private Bank Investments,ins_116728,USD,2024-11-18 16:27:55
PRODUCT_06128,COMP_0909,CHECKING_23,checking,Banco Santander,santander_emp,GBP,2024-04-04 08:40:31
PRODUCT_06129,COMP_0982,CHECKING_07,checking,Banco Sabadell T. sec - CAL Empresas,sabadell_emp_sec,EUR,2025-03-25 10:12:48
PRODUCT_06130,COMP_0058,CHECKING_11,checking,Bankinter Empresas,bankinter_emp,EUR,2026-07-28 06:46:19
PRODUCT_06131,COMP_0447,INVESTMENT_01,investment,Banco Santander Empresas,santander_emp,EUR,2025-09-15 09:24:19
PRODUCT_06132,COMP_1014,CHECKING_02,checking,Citibank Online,ins_5,AUD,2025-03-12 17:48:27
PRODUCT_06134,COMP_0542,CHECKING_04,checking,Banco Santander Empresas,santander_emp,EUR,2025-03-25 08:16:34
PRODUCT_06137,COMP_0511,CHECKING_06,checking,Caixabank Empresas,caixa_emp,EUR,2024-11-05 08:29:20
PRODUCT_06139,COMP_0321,CHECKING_03,checking,Caixabank Empresas,caixa_emp,EUR,2025-02-17 10:51:08
PRODUCT_06140,COMP_0793,CHECKING_12,checking,Caixabank Empresas,caixa_emp,EUR,2026-03-16 15:02:52
PRODUCT_06141,COMP_1067,CHECKING_14,checking,Other (customer-defined),custom,EUR,2025-06-07 13:17:28
PRODUCT_06143,COMP_0665,CHECKING_06,checking,Payhawk,payhawk,EUR,2025-01-03 12:01:52
PRODUCT_06144,COMP_1150,CHECKING_05,checking,Bankinter Empresas,bankinter_emp,EUR,2025-02-10 10:58:05
PRODUCT_06145,COMP_0047,INVESTMENT_06,investment,Other (customer-defined),custom,EUR,2025-09-23 10:53:15
PRODUCT_06146,COMP_0568,CHECKING_08,checking,Caixabank Empresas,caixa_emp,EUR,2025-07-03 12:29:31
PRODUCT_06147,COMP_1269,CHECKING_02,checking,Caixabank Empresas,caixa_emp,EUR,2025-06-19 10:25:25
PRODUCT_06148,COMP_1025,CHECKING_03,checking,BBVA Net Cash Empresas,bbva_emp,EUR,2026-01-22 14:41:10
PRODUCT_06150,COMP_0087,CARD_12,card,Banco Santander Empresas,santander_emp,EUR,2024-10-18 11:05:51
PRODUCT_06151,COMP_0731,CHECKING_02,checking,Banco Santander Empresas,santander_emp,EUR,2026-02-16 16:16:05
PRODUCT_06152,COMP_0271,CHECKING_15,checking,Caixabank Empresas,caixa_emp,EUR,2026-04-20 11:10:04
PRODUCT_06154,COMP_1055,CHECKING_01,checking,ING,ing,EUR,2026-01-05 12:41:53
PRODUCT_06158,COMP_0241,CHECKING_05,checking,Payhawk,payhawk,EUR,2025-07-16 14:58:35
PRODUCT_06160,COMP_0693,CHECKING_09,checking,Banca March,bancamarch,USD,2026-03-16 09:57:22
PRODUCT_06161,COMP_0568,CHECKING_09,checking,Other (customer-defined),custom,EUR,2025-03-17 13:41:34
PRODUCT_06162,COMP_0182,CHECKING_08,checking,Deutsche Bank AG,deutschebank-pfb_de,EUR,2026-06-05 09:46:15
PRODUCT_06163,COMP_0405,CARD_02,card,BBVA,bbva_emp,EUR,2024-03-26 09:23:18
PRODUCT_06164,COMP_0915,CHECKING_05,checking,BBVA Net Cash Empresas,bbva_emp,EUR,2025-03-20 12:48:39
PRODUCT_06165,COMP_1038,INVESTMENT_08,investment,Other (customer-defined),custom,EUR,2026-05-28 19:06:51
PRODUCT_06167,COMP_0740,CHECKING_02,checking,Banca Monte dei Paschi di Siena S.P.A Business,bmps_business,EUR,2026-08-05 10:49:47
PRODUCT_06168,COMP_0007,CHECKING_13,checking,Banco Sabadell T. sec - CAL Empresas,sabadell_emp_sec,USD,2026-03-11 08:04:50
PRODUCT_06170,COMP_0437,CHECKING_07,checking,Banco Sabadell Empresas,sabadell_emp,USD,2025-09-11 10:08:30
PRODUCT_06171,COMP_0377,CHECKING_04,checking,Banca Credito Italiano (UniCredit),unicredit,EUR,2026-06-17 10:32:55
PRODUCT_06172,COMP_0252,CHECKING_36,checking,Banking Circle GLOBAL,bc,PLN,2026-05-18 10:15:24
PRODUCT_06173,COMP_0243,INVESTMENT_02,investment,Banco Santander Empresas,santander_emp,EUR,2025-06-10 14:15:40
PRODUCT_06175,COMP_0477,RISK_09,risk,Other (customer-defined),custom,USD,2026-04-30 10:11:40
PRODUCT_06178,COMP_0623,CHECKING_14,checking,Caixabank Empresas,caixa_emp,EUR,2025-04-09 10:47:22
PRODUCT_06181,COMP_1163,CHECKING_07,checking,Citibank Empresas GLOBAL,citi,GBP,2025-11-11 15:20:31
PRODUCT_06183,COMP_0120,CHECKING_03,checking,Paypal,paypal,EUR,2026-07-13 18:57:15
PRODUCT_06184,COMP_0982,INVESTMENT_01,investment,Caixabank Empresas,caixa_emp,EUR,2025-03-25 10:07:20
PRODUCT_06185,COMP_0175,CHECKING_01,checking,Banco Santander Empresas,santander_emp,EUR,2026-02-10 07:52:37
PRODUCT_06186,COMP_0313,CHECKING_01,checking,Banco Santander Empresas,santander_emp,EUR,2024-11-07 16:58:59
PRODUCT_06187,COMP_0958,CARD_04,card,Banco Santander Empresas,santander_emp,EUR,2025-03-06 15:44:00
PRODUCT_06188,COMP_1193,CHECKING_02,checking,Banca March,bancamarch,EUR,2025-10-29 16:45:56
PRODUCT_06190,COMP_0519,CARD_03,card,Bankinter,bankinter_emp,EUR,2024-01-08 15:25:14
PRODUCT_06191,COMP_1282,CHECKING_09,checking,Caixabank,caixa_emp,EUR,2024-02-09 09:35:07
PRODUCT_06192,COMP_1086,CHECKING_10,checking,Other (customer-defined),custom,EUR,2023-11-19 19:17:58
PRODUCT_06194,COMP_0083,CHECKING_05,checking,Banco Sabadell Empresas,sabadell_emp,EUR,2026-03-24 11:28:17
PRODUCT_06195,COMP_1096,CHECKING_05,checking,Bankinter,bankinter_emp,EUR,2024-06-04 14:55:10
PRODUCT_06196,COMP_1016,CARD_26,card,Caixabank Empresas,caixa_emp,EUR,2026-03-20 13:16:26
PRODUCT_06198,COMP_0282,CHECKING_12,checking,Caixabank,caixa_emp,EUR,2024-02-19 10:45:26
PRODUCT_06199,COMP_1167,CHECKING_04,checking,Banca March,bancamarch,EUR,2024-07-15 12:31:43
PRODUCT_06200,COMP_1055,CHECKING_02,checking,HSBC Corporate EU,hsbccorporate_eu,EUR,2025-10-21 09:05:05
PRODUCT_06201,COMP_1272,CHECKING_12,checking,iberCaja,ibercaja,EUR,2026-03-05 11:20:56
PRODUCT_06202,COMP_0395,CHECKING_05,checking,Millennium bcp,millenniumbcp,EUR,2024-06-27 14:39:14
PRODUCT_06203,COMP_1214,CHECKING_02,checking,BBVA Net Cash Empresas,bbva_emp,EUR,2026-08-06 06:28:50
PRODUCT_06205,COMP_1221,CHECKING_05,checking,Hamburger Sparkasse,hamburger-sparkasse,EUR,2025-09-16 13:44:34
PRODUCT_06206,COMP_0314,CHECKING_08,checking,Revolut EU,revolut_gb,SEK,2024-11-13 08:57:51
PRODUCT_06208,COMP_0730,CHECKING_11,checking,SSK München,ssk-muenchen,SEK,2026-07-29 18:31:47
PRODUCT_06210,COMP_0160,CHECKING_02,checking,Caixabank Empresas,caixa_emp,EUR,2025-02-10 11:15:37
PRODUCT_06212,COMP_0007,CHECKING_14,checking,Banco Santander Empresas,santander_emp,USD,2026-03-10 15:44:41
PRODUCT_06214,COMP_0195,CHECKING_07,checking,RuralVia Empresas,ruralvia_emp,EUR,2024-10-25 10:22:55
PRODUCT_06216,COMP_1009,CHECKING_01,checking,Bankinter Empresas,bankinter_emp,EUR,2025-09-02 08:01:15
PRODUCT_06218,COMP_0236,CHECKING_07,checking,ING,ing,USD,2026-04-27 12:08:01
PRODUCT_06220,COMP_1035,CARD_05,card,Caixabank Empresas,caixa_emp,EUR,2025-05-05 13:15:14
PRODUCT_06221,COMP_1037,CHECKING_06,checking,Other (customer-defined),custom,EUR,2025-10-03 09:57:18
PRODUCT_06224,COMP_0231,CHECKING_05,checking,BBVA Net Cash Empresas,bbva_emp,USD,2025-03-25 10:52:17
PRODUCT_06226,COMP_0578,CHECKING_02,checking,Bankinter Empresas,bankinter_emp,EUR,2025-10-21 11:12:23
PRODUCT_06227,COMP_0238,CHECKING_06,checking,Abanca Empresas,abanca_emp,EUR,2026-02-17 09:02:36
PRODUCT_06228,COMP_1025,CARD_05,card,Banco Santander Empresas,santander_emp,EUR,2026-02-18 14:39:18
PRODUCT_06229,COMP_0909,CARD_17,card,Bankinter,bankinter_emp,EUR,2024-04-03 07:31:38
PRODUCT_06230,COMP_1016,CARD_27,card,Globalcaja,ruralvia_globalcaja,EUR,2026-03-20 12:54:26
PRODUCT_06231,COMP_0447,CARD_05,card,Banco Santander Empresas,santander_emp,EUR,2025-09-15 09:24:19
PRODUCT_06232,COMP_0444,CARD_20,card,Banco Sabadell Empresas,sabadell_emp,EUR,2026-03-13 12:08:09
PRODUCT_06233,COMP_1026,CHECKING_04,checking,BBVA Net Cash Empresas,bbva_emp,EUR,2026-04-20 12:21:59
PRODUCT_06234,COMP_0850,LINEOFCOMEX_01,lineofcomex,Banco Sabadell Empresas,sabadell_emp,EUR,2026-07-16 17:12:04
PRODUCT_06235,COMP_0659,CARD_02,card,BBVA,bbva_emp,EUR,2024-03-11 13:51:42
PRODUCT_06238,COMP_0122,CHECKING_01,checking,Societe Generale Business,soc-gen-business,EUR,2024-10-31 09:01:55
PRODUCT_06240,COMP_0650,CHECKING_01,checking,Banco Sabadell Empresas,sabadell_emp,EUR,2025-07-21 08:29:14
PRODUCT_06241,COMP_0388,CHECKING_06,checking,Banco Santander,santander_emp,EUR,2024-02-19 09:13:27
PRODUCT_06243,COMP_1204,CHECKING_02,checking,BBVA Net Cash Empresas,bbva_emp,EUR,2026-02-18 11:46:15
PRODUCT_06245,COMP_1066,CHECKING_02,checking,Caixabank Empresas,caixa_emp,EUR,2025-09-23 10:50:06
PRODUCT_06247,COMP_0314,CHECKING_09,checking,Revolut EU,revolut_gb,USD,2024-11-13 08:57:51
PRODUCT_06248,COMP_0909,CHECKING_24,checking,Caixabank Empresas,caixa_emp,EUR,2025-02-04 14:57:30
PRODUCT_06249,COMP_1023,CHECKING_03,checking,DNB,dnb,NOK,2026-03-09 13:07:18
PRODUCT_06250,COMP_0564,CHECKING_01,checking,Caixabank,caixa_emp,EUR,2024-07-16 06:39:38
PRODUCT_06251,COMP_0869,CHECKING_05,checking,ING,ing,EUR,2025-08-14 07:56:31
PRODUCT_06253,COMP_0257,CHECKING_05,checking,Banco Sabadell T. sec - CAL Empresas,sabadell_emp_sec,EUR,2025-03-24 12:10:37
PRODUCT_06254,COMP_0803,CHECKING_08,checking,Caixabank,caixa_emp,EUR,2023-10-23 10:50:50
PRODUCT_06255,COMP_0255,CARD_07,card,Caixabank Empresas,caixa_emp,EUR,2026-03-11 14:59:23
PRODUCT_06256,COMP_0888,CHECKING_02,checking,Banco Sabadell Empresas,sabadell_emp,EUR,2025-09-04 13:25:12
PRODUCT_06257,COMP_0477,RISK_10,risk,Other (customer-defined),custom,USD,2026-04-15 13:24:03
PRODUCT_06258,COMP_0059,CHECKING_07,checking,Citibank Empresas GLOBAL,citi,EUR,2025-11-11 16:24:23
PRODUCT_06260,COMP_1035,CHECKING_05,checking,Caixabank Empresas,caixa_emp,EUR,2025-04-01 14:30:12
PRODUCT_06261,COMP_0049,CHECKING_02,checking,Bankinter Empresas,bankinter_emp,EUR,2026-01-17 11:30:36
PRODUCT_06263,COMP_0252,CHECKING_37,checking,Banking Circle GLOBAL,bc,AED,2026-07-28 13:39:01
PRODUCT_06266,COMP_0163,CHECKING_01,checking,Other (customer-defined),custom,MXN,2025-03-07 08:59:21
PRODUCT_06268,COMP_0872,CARD_02,card,Caixabank Empresas,caixa_emp,EUR,2026-03-04 08:05:43
PRODUCT_06269,COMP_0282,CHECKING_13,checking,Caixabank,caixa_emp,EUR,2024-02-19 10:45:26
PRODUCT_06270,COMP_1023,CHECKING_04,checking,DNB,dnb,USD,2026-03-09 13:07:18
PRODUCT_06272,COMP_0515,CHECKING_12,checking,Cajamar,cajamar,EUR,2025-10-20 11:59:16
PRODUCT_06273,COMP_0090,WALLET_02,wallet,Embat,embat,USD,2025-06-06 08:51:02
PRODUCT_06274,COMP_0282,EXPENSESPLATFORM_11,expensesPlatform,Caixabank,caixa_emp,EUR,2024-02-19 10:45:26
PRODUCT_06275,COMP_0785,CHECKING_03,checking,Banco Sabadell,sabadell_emp,EUR,2024-06-19 07:52:34
PRODUCT_06277,COMP_0430,CHECKING_02,checking,Revolut EU,revolut,EUR,2026-03-09 16:31:53
PRODUCT_06278,COMP_0235,CHECKING_04,checking,Caisse d Epargne Hauts de France,caisse-d-epargne-hauts-de-france,EUR,2026-03-19 07:52:33
PRODUCT_06279,COMP_0743,CHECKING_05,checking,Banco Santander Empresas,santander_emp,EUR,2025-09-26 11:26:48
PRODUCT_06281,COMP_0094,CHECKING_09,checking,Bankinter,bankinter_emp,EUR,2023-11-21 13:29:27
PRODUCT_06283,COMP_0797,CHECKING_19,checking,Banca March,bancamarch,EUR,2025-10-29 16:51:53
PRODUCT_06284,COMP_0330,CHECKING_02,checking,Caixabank Empresas,caixa_emp,EUR,2026-05-20 07:28:52
PRODUCT_06285,COMP_0836,CHECKING_03,checking,Santander (Corporate UK),santander-coporate_uk,GBP,2025-07-02 08:23:43
PRODUCT_06286,COMP_0402,CHECKING_06,checking,Caixabank Empresas,caixa_emp,EUR,2025-07-29 11:09:47
PRODUCT_06288,COMP_0445,CHECKING_05,checking,Barclays Corporate,barclays_corporate,USD,2025-09-11 10:16:36
PRODUCT_06290,COMP_0594,CHECKING_02,checking,Banca March,bancamarch,EUR,2025-05-13 10:34:44
PRODUCT_06291,COMP_0012,CHECKING_02,checking,ING,ing,EUR,2026-02-16 09:06:26
PRODUCT_06292,COMP_0351,CHECKING_18,checking,Unicaja Empresas,unicaja_emp,EUR,2026-07-07 11:27:15
PRODUCT_06294,COMP_0283,CHECKING_05,checking,Deutsche Bank AG,deutschebank-pfb_de,EUR,2026-02-06 13:27:39
PRODUCT_06295,COMP_0182,CHECKING_09,checking,Other (customer-defined),custom,EUR,2026-04-15 14:18:22
PRODUCT_06296,COMP_0604,CHECKING_14,checking,Banco Santander Empresas,santander_emp,EUR,2024-10-15 11:02:08
PRODUCT_06297,COMP_0292,CHECKING_32,checking,Other (customer-defined),custom,USD,2025-10-15 13:27:25
PRODUCT_06300,COMP_0756,CHECKING_04,checking,Caixabank Empresas,caixa_emp,EUR,2026-04-07 16:29:02
PRODUCT_06301,COMP_1006,CHECKING_04,checking,Banco Sabadell,sabadell_emp,EUR,2024-02-15 14:22:49
PRODUCT_06302,COMP_0643,CHECKING_03,checking,DNB,dnb,EUR,2026-04-09 13:31:20
PRODUCT_06303,COMP_0047,CARD_03,card,Caixabank Empresas,caixa_emp,EUR,2025-09-09 12:14:57
PRODUCT_06304,COMP_0126,CARD_06,card,Bankinter Empresas,bankinter_emp,EUR,2025-01-28 12:46:14
PRODUCT_06306,COMP_0227,CARD_01,card,iberCaja,ibercaja,EUR,2026-07-16 13:09:29
PRODUCT_06307,COMP_0807,CHECKING_03,checking,Revolut,revolut,GBP,2025-02-14 10:06:49
PRODUCT_06309,COMP_0739,CHECKING_05,checking,Banco Santander,santander_emp,EUR,2024-02-19 09:13:27
PRODUCT_06310,COMP_1053,CHECKING_15,checking,Banco Sabadell Empresas,sabadell_emp,USD,2026-07-08 09:17:39
PRODUCT_06312,COMP_0334,CARD_02,card,iberCaja,ibercaja,EUR,2025-02-17 08:12:25
PRODUCT_06313,COMP_0589,CHECKING_02,checking,Banco Santander Empresas,santander_emp,EUR,2026-04-15 14:48:01
PRODUCT_06314,COMP_0093,CHECKING_01,checking,Santander (Corporate UK),santander-coporate_uk,GBP,2026-02-16 12:21:01
PRODUCT_06315,COMP_1178,CHECKING_06,checking,Bankinter Empresas,bankinter_emp,EUR,2025-03-26 08:56:37
PRODUCT_06316,COMP_0870,CHECKING_02,checking,Banco Sabadell T. sec - CAL Empresas,sabadell_emp_sec,EUR,2024-09-18 08:36:01
PRODUCT_06317,COMP_0117,CHECKING_06,checking,Citibank Empresas GLOBAL,citi,USD,2025-11-11 16:32:34
PRODUCT_06318,COMP_0067,CHECKING_01,checking,Banco Santander Empresas,santander_emp,EUR,2026-03-10 15:44:41
PRODUCT_06320,COMP_1124,CARD_02,card,Bankinter Empresas,bankinter_emp,EUR,2026-02-10 08:43:18
PRODUCT_06321,COMP_0505,CHECKING_08,checking,Banco Santander Empresas,santander_emp,EUR,2026-07-13 06:12:55
PRODUCT_06323,COMP_1016,CARD_28,card,Caixabank Empresas,caixa_emp,EUR,2026-03-20 13:16:26
PRODUCT_06324,COMP_0064,CHECKING_01,checking,Caixabank Empresas,caixa_emp,EUR,2026-04-27 10:40:06
PRODUCT_06326,COMP_1141,CHECKING_09,checking,HSBC Corporate,hsbccorporate,GBP,2026-01-13 20:58:20
PRODUCT_06327,COMP_0228,CHECKING_07,checking,Banca March,bancamarch,EUR,2025-10-29 16:48:36
PRODUCT_06328,COMP_0472,CHECKING_02,checking,Banco Santander Empresas,santander_emp,EUR,2026-06-23 09:42:43
PRODUCT_06330,COMP_0872,CARD_03,card,Caixabank Empresas,caixa_emp,EUR,2026-03-04 08:05:43
PRODUCT_06332,COMP_1222,CHECKING_09,checking,American Express,ins_10,MXN,2026-08-12 09:14:01
PRODUCT_06334,COMP_1006,INVESTMENT_04,investment,Banco Sabadell,sabadell_emp,EUR,2024-02-15 14:22:49
PRODUCT_06337,COMP_0538,CHECKING_06,checking,Unicaja Empresas,unicaja_emp,EUR,2024-10-23 13:21:02
PRODUCT_06338,COMP_1211,CHECKING_03,checking,BBVA Net Cash Empresas,bbva_emp,EUR,2025-03-18 10:23:32
PRODUCT_06339,COMP_0538,CHECKING_07,checking,Banco Santander Empresas,santander_emp,EUR,2024-10-23 13:09:12
PRODUCT_06340,COMP_1070,CHECKING_03,checking,Caixabank Empresas,caixa_emp,EUR,2025-04-01 11:27:30
PRODUCT_06341,COMP_0463,CHECKING_01,checking,Bank of America,ins_127989,USD,2024-10-31 17:42:12
PRODUCT_06343,COMP_0972,CHECKING_01,checking,Eurobank,eurobank,EUR,2025-07-21 13:55:24
PRODUCT_06344,COMP_0349,CHECKING_03,checking,Citibank Empresas GLOBAL,citi,EUR,2025-11-11 16:24:23
PRODUCT_06345,COMP_1215,CHECKING_05,checking,Caixabank Empresas,caixa_emp,EUR,2026-06-29 14:36:37
PRODUCT_06348,COMP_0502,CHECKING_04,checking,Berliner Sparkasse,berliner-sparkasse,EUR,2026-02-04 16:08:14
PRODUCT_06349,COMP_1215,CARD_06,card,Caixabank Empresas,caixa_emp,EUR,2026-07-09 07:41:26
PRODUCT_06350,COMP_0504,CHECKING_07,checking,Other (customer-defined),custom,SGD,2026-08-11 10:45:19
PRODUCT_06351,COMP_0709,CHECKING_04,checking,Caixa Almenara,caixaruralalmenara,EUR,2026-01-13 15:28:41
PRODUCT_06352,COMP_0108,CHECKING_01,checking,Qonto,qonto,EUR,2025-10-29 10:29:17
PRODUCT_06353,COMP_0686,CHECKING_09,checking,Banco Santander Empresas,santander_emp,EUR,2026-03-17 13:00:04
PRODUCT_06355,COMP_0274,CHECKING_05,checking,Banco Santander Empresas,santander_emp,USD,2025-02-14 12:38:30
PRODUCT_06356,COMP_0755,CHECKING_03,checking,Banco Santander Empresas,santander_emp,EUR,2025-03-17 12:06:38
PRODUCT_06358,COMP_0958,CARD_05,card,Banco Santander Empresas,santander_emp,EUR,2025-03-06 15:44:00
PRODUCT_06360,COMP_1261,CHECKING_02,checking,Bankinter Empresas,bankinter_emp,EUR,2026-02-26 17:08:18
PRODUCT_06362,COMP_0478,CHECKING_02,checking,Caixabank Empresas,caixa_emp,EUR,2025-07-29 13:30:09
PRODUCT_06363,COMP_1149,CHECKING_03,checking,Deutsche Bank Empresas,deutschebank_emp,EUR,2025-09-29 09:11:51
PRODUCT_06365,COMP_0604,CARD_06,card,Banco Santander Empresas,santander_emp,EUR,2024-10-23 11:47:27
PRODUCT_06366,COMP_0354,CARD_02,card,Bankinter,bankinter_emp,EUR,2024-04-04 10:41:14
PRODUCT_06367,COMP_0857,CARD_01,card,Banco Sabadell Empresas,sabadell_emp,EUR,2025-02-14 12:14:56
PRODUCT_06368,COMP_0252,CHECKING_38,checking,Banking Circle GLOBAL,bc,SEK,2026-02-27 12:34:06
PRODUCT_06371,COMP_0051,INVESTMENT_01,investment,Banco Sabadell,sabadell_emp,EUR,2024-02-15 14:22:55
PRODUCT_06372,COMP_0674,CHECKING_12,checking,Bankinter,bankinter_emp,EUR,2024-06-26 16:06:53
PRODUCT_06374,COMP_0743,CARD_02,card,BBVA Net Cash Empresas,bbva_emp,EUR,2025-09-26 11:23:19
PRODUCT_06375,COMP_0306,CHECKING_01,checking,BBVA,bbva_co,COP,2025-03-19 08:42:13
PRODUCT_06377,COMP_0055,CHECKING_02,checking,Banco Santander,santander,USD,2026-03-23 13:10:37
PRODUCT_06378,COMP_0075,CHECKING_12,checking,Banco Santander Empresas,santander_emp,EUR,2024-11-05 09:49:24
PRODUCT_06379,COMP_0247,CHECKING_01,checking,Other (customer-defined),custom,USD,2024-10-01 10:31:45
PRODUCT_06380,COMP_1016,CARD_29,card,Caixabank Empresas,caixa_emp,EUR,2026-03-20 13:16:26
PRODUCT_06381,COMP_0252,CHECKING_39,checking,Banking Circle GLOBAL,bc,USD,2026-02-27 12:34:43
PRODUCT_06382,COMP_0453,CHECKING_02,checking,Banco Sabadell T. sec - CAL Empresas,sabadell_emp_sec,EUR,2025-03-24 14:35:51
PRODUCT_06383,COMP_0244,CHECKING_02,checking,Banco Santander,santander_emp,EUR,2024-07-12 11:38:56
PRODUCT_06384,COMP_1194,CHECKING_07,checking,Banca Credito Italiano (UniCredit),unicredit,EUR,2026-01-12 09:48:47
PRODUCT_06385,COMP_1181,CHECKING_02,checking,ING,ing,EUR,2025-12-15 15:41:32
PRODUCT_06386,COMP_0923,CHECKING_01,checking,BBVA Net Cash Empresas,bbva_emp,EUR,2024-10-22 10:40:25
PRODUCT_06387,COMP_0252,CHECKING_40,checking,Banking Circle GLOBAL,bc,HUF,2026-07-28 13:46:30
PRODUCT_06388,COMP_0167,CARD_01,card,BBVA,bbva_emp,EUR,2026-02-04 16:03:03
PRODUCT_06389,COMP_1142,CHECKING_01,checking,Caixabank Empresas,caixa_emp,EUR,2024-11-05 08:30:28
PRODUCT_06391,COMP_0461,CHECKING_03,checking,Banco Santander,santander_emp,EUR,2023-04-27 09:54:00
PRODUCT_06394,COMP_0061,CHECKING_03,checking,Revolut EU,revolut,USD,2026-01-26 15:37:41
PRODUCT_06395,COMP_0612,CHECKING_10,checking,Unicaja,unicaja_emp,EUR,2024-02-09 12:11:37
PRODUCT_06396,COMP_0708,CARD_05,card,Banco Sabadell Empresas,sabadell_emp,EUR,2026-02-24 15:03:09
PRODUCT_06397,COMP_0203,CHECKING_06,checking,BBVA,bbva_emp,EUR,2023-09-14 10:02:14
PRODUCT_06398,COMP_0622,CHECKING_02,checking,ING,ing,EUR,2025-12-22 14:59:57
PRODUCT_06399,COMP_0275,CHECKING_03,checking,Other (customer-defined),custom,EUR,2025-12-09 10:42:20
PRODUCT_06400,COMP_0472,CHECKING_03,checking,BBVA Net Cash Empresas,bbva_emp,EUR,2026-06-23 09:11:09
PRODUCT_06404,COMP_1049,CARD_05,card,Caixabank Empresas,caixa_emp,EUR,2026-03-11 15:44:52
PRODUCT_06405,COMP_0540,CHECKING_05,checking,Banco Santander Empresas,santander_emp,EUR,2026-03-17 16:50:28
PRODUCT_06406,COMP_1053,CHECKING_16,checking,BBVA Net Cash Empresas,bbva_emp,EUR,2026-07-07 11:54:35
PRODUCT_06407,COMP_1057,CHECKING_03,checking,BBVA Net Cash Empresas,bbva_emp,EUR,2025-09-12 12:31:56
PRODUCT_06409,COMP_1066,CHECKING_03,checking,Banco Santander Empresas,santander_emp,EUR,2025-10-03 11:15:14
PRODUCT_06411,COMP_0630,CHECKING_10,checking,Caixabank Empresas,caixa_emp,EUR,2026-02-13 10:38:01
PRODUCT_06413,COMP_0478,CARD_01,card,Caixabank Empresas,caixa_emp,EUR,2025-09-29 10:23:31
PRODUCT_06414,COMP_1067,CHECKING_15,checking,Other (customer-defined),custom,NZD,2025-06-07 13:33:26
PRODUCT_06415,COMP_0383,CHECKING_09,checking,Abanca,abanca_emp,EUR,2024-07-02 12:56:37
PRODUCT_06416,COMP_0444,CARD_21,card,Banco Sabadell Empresas,sabadell_emp,EUR,2026-03-13 12:08:09
PRODUCT_06418,COMP_1272,CHECKING_13,checking,Bankinter Empresas,bankinter_emp,EUR,2026-03-05 11:32:38
PRODUCT_06423,COMP_0563,CHECKING_04,checking,BBVA Net Cash Empresas,bbva_emp,EUR,2025-03-06 15:32:31
PRODUCT_06424,COMP_0630,CARD_22,card,Caixabank Empresas,caixa_emp,EUR,2026-02-13 10:38:01
PRODUCT_06426,COMP_0365,CHECKING_08,checking,HSBC Corporate EU,hsbccorporate_eu,USD,2026-03-23 15:44:41
PRODUCT_06427,COMP_0525,CHECKING_03,checking,Bankinter Empresas,bankinter_emp,MXN,2024-11-05 08:19:24
PRODUCT_06428,COMP_0807,CHECKING_04,checking,Revolut,revolut,USD,2025-02-14 10:06:49
PRODUCT_06429,COMP_0630,CHECKING_11,checking,Caixabank Empresas,caixa_emp,USD,2026-02-13 10:38:01
PRODUCT_06430,COMP_0085,CHECKING_01,checking,BANCO SANTANDER TOTTA SA,banco-santander-totta-sa,EUR,2023-12-01 18:54:11
PRODUCT_06431,COMP_1282,CHECKING_10,checking,Caixabank,caixa_emp,USD,2024-02-09 09:35:07
PRODUCT_06432,COMP_0297,CHECKING_04,checking,Kutxabank Empresas,kutxabank_emp,EUR,2026-02-25 09:15:37
PRODUCT_06433,COMP_0491,CHECKING_06,checking,Banco Sabadell Empresas,sabadell_emp,EUR,2024-09-24 11:38:11
PRODUCT_06434,COMP_1036,CHECKING_10,checking,Cajamar,cajamar,EUR,2026-07-13 11:16:07
PRODUCT_06435,COMP_1053,CHECKING_17,checking,Bankinter Empresas,bankinter_emp,USD,2026-07-06 14:21:48
PRODUCT_06436,COMP_0101,CHECKING_11,checking,Caixabank Empresas,caixa_emp,EUR,2024-12-16 17:17:09
PRODUCT_06437,COMP_0979,CHECKING_01,checking,Caixabank Empresas,caixa_emp,EUR,2025-09-09 11:25:56
PRODUCT_06438,COMP_0792,CHECKING_11,checking,Bankinter Empresas,bankinter_emp,EUR,2026-03-02 14:40:52
PRODUCT_06439,COMP_0900,CHECKING_05,checking,Other (customer-defined),custom,AOA,2025-10-15 14:10:27
PRODUCT_06441,COMP_1078,CHECKING_01,checking,Banca Popolare di Sondrio,popolaresondrio_it,EUR,2024-05-29 13:41:28
PRODUCT_06442,COMP_0421,CHECKING_01,checking,BBVA Net Cash Empresas,bbva_emp,EUR,2025-11-03 10:46:24
PRODUCT_06444,COMP_0180,CHECKING_04,checking,Banco Sabadell T. sec - CAL Empresas,sabadell_emp_sec,EUR,2024-08-28 10:23:44
PRODUCT_06445,COMP_1231,CHECKING_04,checking,Bankinter Empresas,bankinter_emp,GBP,2025-11-04 15:04:50
PRODUCT_06446,COMP_0367,CHECKING_05,checking,Caixabank,caixa_emp,EUR,2024-02-19 10:21:09
PRODUCT_06447,COMP_0211,CHECKING_01,checking,KBC Brussels Belgium,kbcbrussels_belgium,EUR,2026-09-08 14:25:43
PRODUCT_06448,COMP_0627,CHECKING_08,checking,Banco Santander Empresas,santander_emp,EUR,2022-11-17 14:00:24
PRODUCT_06449,COMP_0049,CARD_07,card,Caixabank Empresas,caixa_emp,EUR,2025-02-25 22:02:09
PRODUCT_06450,COMP_0105,CHECKING_02,checking,Caixabank Empresas,caixa_emp,EUR,2024-12-27 11:48:38
PRODUCT_06451,COMP_0249,CHECKING_03,checking,Royal Bank of Scotland,rbs,GBP,2023-04-11 10:35:40
PRODUCT_06453,COMP_0992,CHECKING_03,checking,Abanca Empresas,abanca_emp,USD,2025-12-10 12:01:04
PRODUCT_06454,COMP_0797,CHECKING_20,checking,Banca March,bancamarch,EUR,2025-10-29 16:54:32
PRODUCT_06455,COMP_0403,CHECKING_01,checking,Bankinter Empresas,bankinter_emp,EUR,2025-10-13 09:53:34
PRODUCT_06456,COMP_0630,CHECKING_12,checking,Caixabank Empresas,caixa_emp,EUR,2026-02-13 10:38:01
PRODUCT_06457,COMP_0434,CHECKING_02,checking,Banco Santander Empresas,santander_emp,EUR,2025-09-22 07:28:46
PRODUCT_06460,COMP_1012,CARD_04,card,Banco Santander Empresas,santander_emp,EUR,2026-02-18 14:39:18
PRODUCT_06461,COMP_0292,CHECKING_33,checking,Other (customer-defined),custom,USD,2025-10-15 10:35:01
PRODUCT_06462,COMP_0180,CHECKING_05,checking,Banco Santander,santander_emp,EUR,2024-04-02 07:19:15
PRODUCT_06464,COMP_0087,CHECKING_06,checking,Banca March,bancamarch,EUR,2024-10-15 11:17:59
PRODUCT_06466,COMP_0249,CHECKING_04,checking,Royal Bank of Scotland,rbs,GBP,2024-09-19 10:47:25
PRODUCT_06468,COMP_0209,CHECKING_01,checking,Banco Sabadell Empresas,sabadell_emp,EUR,2026-02-10 15:21:31
PRODUCT_06469,COMP_1221,CHECKING_06,checking,Hamburger Sparkasse,hamburger-sparkasse,EUR,2026-02-11 17:55:51
PRODUCT_06470,COMP_0641,CHECKING_02,checking,Other (customer-defined),custom,USD,2025-11-12 13:11:55
PRODUCT_06471,COMP_1228,CHECKING_01,checking,Caixabank Empresas,caixa_emp,EUR,2026-03-12 09:48:41
PRODUCT_06472,COMP_0334,CARD_03,card,iberCaja,ibercaja,EUR,2025-02-17 08:12:25
PRODUCT_06473,COMP_0253,CHECKING_05,checking,Paypal,paypal,GBP,2024-11-20 11:42:20
PRODUCT_06474,COMP_0754,CHECKING_08,checking,Barclays Corporate,barclays_corporate,EUR,2025-06-12 09:06:58
PRODUCT_06475,COMP_1263,CHECKING_03,checking,Banco Santander Empresas,santander_emp,EUR,2024-12-05 18:03:45
PRODUCT_06477,COMP_0136,CARD_04,card,Banco Sabadell T. sec - CAL Empresas,sabadell_emp_sec,EUR,2024-09-17 13:28:16
PRODUCT_06478,COMP_0354,CARD_03,card,Bankinter,bankinter_emp,EUR,2024-04-04 10:41:14
PRODUCT_06479,COMP_0269,CHECKING_07,checking,BANCO SANTANDER TOTTA SA,banco-santander-totta-sa,EUR,2025-03-25 11:23:54
PRODUCT_06480,COMP_1280,CHECKING_04,checking,BBVA Net Cash Empresas,bbva_emp,EUR,2025-09-01 12:40:20
PRODUCT_06482,COMP_0201,CHECKING_04,checking,Citibank Empresas GLOBAL,citi,GBP,2025-11-11 15:20:31
PRODUCT_06483,COMP_0011,CHECKING_03,checking,Banco Sabadell Empresas,sabadell_emp,EUR,2026-06-29 15:19:07
PRODUCT_06484,COMP_0087,CHECKING_07,checking,RuralVia Empresas,ruralvia_emp,EUR,2024-10-25 10:25:01
PRODUCT_06485,COMP_0956,INVESTMENT_03,investment,Banco Sabadell Empresas,sabadell_emp,EUR,2026-04-29 11:25:16
PRODUCT_06486,COMP_0761,CHECKING_04,checking,Barclays Corporate,barclays_corporate,CHF,2025-09-26 07:47:42
PRODUCT_06487,COMP_0339,CHECKING_03,checking,HSBC Corporate GLOBAL,hsbc,EUR,2025-07-14 11:11:38
PRODUCT_06488,COMP_0235,CHECKING_05,checking,Payhawk,payhawk,EUR,2025-11-03 18:04:29
PRODUCT_06490,COMP_0792,CHECKING_12,checking,Caixabank Empresas,caixa_emp,EUR,2026-03-10 09:42:35
PRODUCT_06492,COMP_0240,CHECKING_04,checking,Wise (CA),ins_133019,CAD,2025-12-10 13:45:06
PRODUCT_06494,COMP_1258,CHECKING_01,checking,Banco Santander Empresas,santander_emp,EUR,2025-11-05 15:06:03
PRODUCT_06495,COMP_0928,CHECKING_11,checking,Banco Santander Empresas,santander_emp,EUR,2025-07-29 11:21:40
PRODUCT_06499,COMP_1035,CARD_06,card,Caixabank Empresas,caixa_emp,EUR,2026-07-14 18:45:14
PRODUCT_06500,COMP_1254,WALLET_03,wallet,Embat,embat,GBP,2025-12-29 09:36:23
PRODUCT_06501,COMP_0536,CHECKING_03,checking,Caixabank,caixa,EUR,2026-04-23 12:01:00
PRODUCT_06503,COMP_0246,CHECKING_07,checking,Banco Santander,santander_emp,EUR,2024-01-15 10:28:11
PRODUCT_06504,COMP_0817,CHECKING_08,checking,Banco Santander Empresas,santander_emp,EUR,2026-04-08 12:23:01
PRODUCT_06505,COMP_0583,CHECKING_01,checking,Banco Santander,santander_emp,EUR,2024-02-27 15:17:11
PRODUCT_06506,COMP_0524,CHECKING_08,checking,Banco Santander Empresas,santander_emp,EUR,2026-05-12 12:08:00
PRODUCT_06508,COMP_0362,CARD_05,card,Banco Sabadell T. sec - CAL Empresas,sabadell_emp_sec,EUR,2024-09-17 12:48:01
PRODUCT_06510,COMP_0797,CHECKING_21,checking,Banca March,bancamarch,EUR,2025-10-29 16:58:15
PRODUCT_06512,COMP_0517,CARD_03,card,Caixabank Empresas,caixa_emp,EUR,2025-12-18 12:11:24
PRODUCT_06515,COMP_0613,CHECKING_05,checking,BBVA,bbva_emp,EUR,2023-05-29 08:18:32
PRODUCT_06516,COMP_1170,CHECKING_02,checking,Banco Santander Empresas,santander_emp,EUR,2025-05-13 11:46:46
PRODUCT_06518,COMP_0344,CHECKING_04,checking,Barclays Corporate,barclays_corporate,EUR,2025-06-12 09:29:51
PRODUCT_06519,COMP_1249,CHECKING_07,checking,Banco Santander Empresas,santander_emp,EUR,2025-05-09 11:45:35
PRODUCT_06520,COMP_0423,CHECKING_03,checking,Banco Santander,santander_emp,USD,2025-09-08 12:54:37
PRODUCT_06523,COMP_0744,CHECKING_01,checking,Banc of California (Previously Pacific Western Bank) - Business,ins_117133,USD,2026-03-25 17:47:28
PRODUCT_06524,COMP_0019,INVESTMENT_01,investment,Banco Santander Empresas,santander_emp,EUR,2025-11-26 10:59:04
PRODUCT_06525,COMP_0786,CARD_08,card,Caixabank,caixa_emp,EUR,2026-02-17 14:19:36
PRODUCT_06527,COMP_0045,CHECKING_01,checking,ABN AMRO Bank N.V.,abn-amro-nl,EUR,2026-03-12 07:56:23
PRODUCT_06528,COMP_0324,CHECKING_12,checking,Caixabank Empresas,caixa_emp,EUR,2026-04-20 12:45:09
PRODUCT_06529,COMP_1071,CHECKING_04,checking,Wise,transferwise,GBP,2026-01-22 15:39:31
PRODUCT_06530,COMP_0523,CHECKING_04,checking,Payhawk,payhawk,EUR,2026-03-03 10:45:49
PRODUCT_06532,COMP_0027,CARD_02,card,BBVA Net Cash Empresas,bbva_emp,EUR,2026-05-12 13:51:59
PRODUCT_06533,COMP_1037,CHECKING_07,checking,Banco Sabadell Empresas,sabadell_emp,EUR,2026-05-29 09:27:58
PRODUCT_06535,COMP_1152,CHECKING_11,checking,Banco Santander Empresas,santander_emp,EUR,2025-06-04 14:58:00
PRODUCT_06536,COMP_0136,CARD_05,card,Banco Sabadell T. sec - CAL Empresas,sabadell_emp_sec,EUR,2024-09-17 13:28:16
PRODUCT_06537,COMP_1162,CARD_01,card,Banca March,bancamarch,EUR,2023-08-23 09:11:31
PRODUCT_06538,COMP_0549,CHECKING_03,checking,Banco Santander Empresas,santander_emp,EUR,2024-10-23 13:09:12
PRODUCT_06543,COMP_0823,CHECKING_04,checking,Banca March,bancamarch,EUR,2026-01-28 15:55:50
PRODUCT_06544,COMP_0864,CHECKING_08,checking,Banco Santander,santander_emp,USD,2024-02-09 11:17:38
PRODUCT_06546,COMP_0387,CHECKING_06,checking,Banca March,bancamarch,EUR,2025-06-20 10:35:17
PRODUCT_06547,COMP_0110,CHECKING_02,checking,DNB,dnb,EUR,2026-04-09 13:31:20
PRODUCT_06548,COMP_0825,CHECKING_06,checking,Banca March,bancamarch,EUR,2023-01-31 15:41:48
PRODUCT_06549,COMP_0035,CHECKING_07,checking,Bankinter,bankinter_emp,USD,2022-11-17 13:31:36
PRODUCT_06550,COMP_0569,CHECKING_04,checking,Banco Santander Empresas,santander_emp,EUR,2024-12-10 13:12:02
PRODUCT_06551,COMP_0444,CHECKING_07,checking,Bankinter Empresas,bankinter_emp,EUR,2026-07-14 14:42:01
PRODUCT_06552,COMP_1016,CARD_30,card,Caixabank Empresas,caixa_emp,EUR,2026-03-20 13:16:26
PRODUCT_06554,COMP_0524,CHECKING_09,checking,BBVA Net Cash Empresas,bbva_emp,USD,2026-05-14 11:14:55
PRODUCT_06556,COMP_1056,CHECKING_10,checking,HSBC Corporate,hsbccorporate,USD,2026-02-10 17:42:36
PRODUCT_06558,COMP_0311,CHECKING_03,checking,Rabobank,rabobank,EUR,2025-10-09 12:42:05
PRODUCT_06559,COMP_0883,CHECKING_01,checking,Banco BPI,bbpi,EUR,2024-09-12 20:49:41
PRODUCT_06561,COMP_0070,CHECKING_07,checking,BNP Paribas - Corporate,mabanque-corporate,EUR,2025-11-19 09:43:49
PRODUCT_06564,COMP_0630,CARD_23,card,Caixabank Empresas,caixa_emp,EUR,2026-02-13 10:38:01
PRODUCT_06565,COMP_0803,CHECKING_09,checking,Caixabank,caixa_emp,EUR,2023-10-23 10:50:50
PRODUCT_06566,COMP_0669,CHECKING_03,checking,Caixabank Empresas,caixa_emp,EUR,2026-04-28 15:08:22
PRODUCT_06567,COMP_0302,CHECKING_05,checking,BNP Paribas - Fortis Corporate,fortis-corporate_be,EUR,2026-04-27 11:48:35
PRODUCT_06568,COMP_0185,CHECKING_09,checking,Banco Santander Empresas,santander_emp,EUR,2026-06-23 09:42:43
PRODUCT_06569,COMP_1064,CHECKING_04,checking,Unicaja Empresas,unicaja_emp,EUR,2025-05-13 14:15:58
PRODUCT_06570,COMP_0293,INVESTMENT_02,investment,Banco Santander,santander_emp,EUR,2025-01-17 09:13:13
PRODUCT_06571,COMP_0447,CHECKING_06,checking,Banco Santander Empresas,santander_emp,EUR,2025-09-15 09:24:19
PRODUCT_06572,COMP_1201,CHECKING_02,checking,Other (customer-defined),custom,USD,2026-01-20 10:58:16
PRODUCT_06573,COMP_0984,CHECKING_04,checking,BBVA Net Cash Empresas,bbva_emp,EUR,2024-12-18 14:00:33
PRODUCT_06574,COMP_0743,CHECKING_06,checking,Payhawk,payhawk,EUR,2026-01-22 12:22:52
PRODUCT_06577,COMP_0169,CHECKING_04,checking,Paypal,paypal,EUR,2026-06-02 12:10:32
PRODUCT_06578,COMP_0864,CHECKING_09,checking,Paypal,paypal,USD,2024-02-16 12:12:04
PRODUCT_06579,COMP_0619,CARD_03,card,Caixabank,caixa,EUR,2026-04-14 08:23:52
PRODUCT_06580,COMP_0191,CHECKING_02,checking,Other (customer-defined),custom,GBP,2024-03-15 10:02:12
PRODUCT_06582,COMP_0230,CHECKING_01,checking,Banca March,bancamarch,EUR,2025-10-03 09:01:53
PRODUCT_06584,COMP_0073,CHECKING_07,checking,Citibank Empresas GLOBAL,citi,EUR,2025-11-11 16:24:23
PRODUCT_06585,COMP_0282,CHECKING_14,checking,Caixabank,caixa_emp,EUR,2024-02-19 10:45:26
PRODUCT_06586,COMP_0773,CHECKING_12,checking,Banco Santander,santander_emp,EUR,2024-06-26 10:15:15
PRODUCT_06587,COMP_0094,CHECKING_10,checking,Caixabank,caixa_emp,USD,2023-11-16 10:16:50
PRODUCT_06588,COMP_1215,CHECKING_06,checking,Banco Santander Empresas,santander_emp,EUR,2026-06-29 17:02:02
PRODUCT_06589,COMP_0491,CHECKING_07,checking,Caja Rural De Navarra,ruralvia_navarra,EUR,2024-11-13 12:27:14
PRODUCT_06590,COMP_0977,CHECKING_01,checking,Banco Sabadell T. sec - CAL Empresas,sabadell_emp_sec,EUR,2026-01-23 12:46:15
PRODUCT_06591,COMP_0101,CHECKING_12,checking,Banco Sabadell Empresas,sabadell_emp,EUR,2024-12-11 14:19:31
PRODUCT_06592,COMP_1208,CHECKING_04,checking,Bankinter Empresas,bankinter_emp,EUR,2026-07-28 06:50:26
PRODUCT_06593,COMP_1252,CHECKING_08,checking,Banco Santander,santander_emp,EUR,2026-03-03 12:06:45
PRODUCT_06594,COMP_0917,CHECKING_01,checking,Banco Santander Empresas,santander_emp,EUR,2025-04-04 10:39:46
PRODUCT_06595,COMP_0255,CARD_08,card,Caixabank Empresas,caixa_emp,EUR,2026-03-11 14:59:23
PRODUCT_06596,COMP_0623,CHECKING_15,checking,Banco Sabadell T. sec - CAL Empresas,sabadell_emp_sec,EUR,2025-04-09 13:40:36
PRODUCT_06597,COMP_0656,CHECKING_07,checking,HSBC Corporate EU,hsbccorporate_eu,USD,2025-10-21 09:05:05
PRODUCT_06600,COMP_1274,CHECKING_01,checking,Banca March,bancamarch,EUR,2025-03-24 10:00:57
PRODUCT_06601,COMP_0798,CHECKING_03,checking,Eurocaja Rural Empresas,eurocajarural_emp,EUR,2025-09-11 15:00:12
PRODUCT_06602,COMP_0713,CARD_16,card,Banco Sabadell T. sec - CAL Empresas,sabadell_emp_sec,EUR,2025-03-24 14:38:34
PRODUCT_06603,COMP_0489,CHECKING_02,checking,Nordea Business Denmark,nordea-business_dk,EUR,2026-01-08 20:59:47
PRODUCT_06604,COMP_0047,CHECKING_09,checking,Bankinter Empresas,bankinter_emp,EUR,2025-09-09 12:50:16
PRODUCT_06605,COMP_0163,CHECKING_02,checking,Other (customer-defined),custom,USD,2025-03-07 08:58:46
PRODUCT_06606,COMP_0589,CHECKING_03,checking,Caixabank Empresas,caixa_emp,EUR,2026-04-15 14:52:25
PRODUCT_06608,COMP_0324,CHECKING_13,checking,Arquia,arquia,EUR,2026-04-24 12:21:46
PRODUCT_06609,COMP_0049,CARD_08,card,Caixabank Empresas,caixa_emp,EUR,2025-02-25 22:02:09
PRODUCT_06610,COMP_0054,CHECKING_07,checking,Banco Santander Empresas,santander_emp,EUR,2025-04-04 12:48:57
PRODUCT_06611,COMP_0465,CHECKING_04,checking,Bankinter Empresas,bankinter_emp,EUR,2026-04-23 11:19:05
PRODUCT_06612,COMP_0630,CARD_24,card,Caixabank Empresas,caixa_emp,EUR,2026-02-13 10:38:01
PRODUCT_06614,COMP_0464,CHECKING_01,checking,DNB,dnb,NOK,2026-04-09 13:31:20
PRODUCT_06615,COMP_0885,CHECKING_06,checking,Volkswagen Financial Services,volkswagenbank,EUR,2023-06-13 12:08:57
PRODUCT_06616,COMP_1072,TPV_05,tpv,Redsys,redsys,EUR,2025-09-22 08:45:18
PRODUCT_06618,COMP_0066,CHECKING_04,checking,Banco Santander,santander_emp,EUR,2024-06-27 10:09:29
PRODUCT_06619,COMP_0980,CHECKING_01,checking,Other (customer-defined),custom,EUR,2024-06-12 15:11:55
PRODUCT_06620,COMP_0027,CARD_03,card,BBVA Net Cash Empresas,bbva_emp,EUR,2026-05-12 13:51:59
PRODUCT_06621,COMP_1001,CHECKING_02,checking,Banco Sabadell,sabadell_emp,EUR,2024-04-05 11:05:01
PRODUCT_06622,COMP_0909,CHECKING_25,checking,Caja de Ingenieros,cajaingenieros,EUR,2024-05-02 11:43:22
PRODUCT_06625,COMP_0252,CHECKING_41,checking,Banking Circle GLOBAL,bc,CZK,2026-05-18 10:06:11
PRODUCT_06626,COMP_1134,CHECKING_05,checking,Bankinter,bankinter_emp,EUR,2024-03-11 11:51:55
PRODUCT_06627,COMP_1181,CHECKING_03,checking,ING,ing,EUR,2026-01-12 08:42:10
PRODUCT_06630,COMP_0594,CHECKING_03,checking,Banco Santander Empresas,santander_emp,EUR,2025-05-09 11:52:28
PRODUCT_06631,COMP_0888,CARD_02,card,Banco Sabadell Empresas,sabadell_emp,EUR,2025-09-04 13:25:12
PRODUCT_06632,COMP_0446,CHECKING_07,checking,Caixabank Empresas,caixa_emp,EUR,2025-12-16 13:30:29
PRODUCT_06633,COMP_1135,TPV_03,tpv,Redsys,redsys,EUR,2025-09-22 07:25:12
PRODUCT_06636,COMP_0962,CARD_01,card,Crédit Agricole de Paris et d'Ile-de-France,credit_agricole_paris,EUR,2025-10-24 08:12:27
PRODUCT_06637,COMP_1188,CHECKING_01,checking,Banco Sabadell T. sec - CAL Empresas,sabadell_emp_sec,EUR,2023-11-23 11:10:35
PRODUCT_06639,COMP_1164,CHECKING_04,checking,Bankinter Empresas,bankinter_emp,EUR,2026-08-21 11:05:56
PRODUCT_06640,COMP_0562,CHECKING_03,checking,Paypal,paypal,USD,2024-02-19 09:40:57
PRODUCT_06641,COMP_0118,CHECKING_02,checking,Banco Sabadell Empresas,sabadell_emp,EUR,2026-04-16 14:14:51
PRODUCT_06642,COMP_0360,CHECKING_08,checking,Deutsche Bank Empresas,deutschebank_emp,EUR,2026-04-21 11:07:54
PRODUCT_06643,COMP_1068,EXPENSESPLATFORM_01,expensesPlatform,Unicaja Empresas,unicaja_emp,EUR,2026-02-05 15:47:58
PRODUCT_06644,COMP_0418,CHECKING_12,checking,Banco Santander Empresas,santander_emp,EUR,2026-04-08 08:51:19
PRODUCT_06645,COMP_0038,CARD_11,card,BBVA Net Cash Empresas,bbva_emp,EUR,2026-04-06 15:43:48
PRODUCT_06646,COMP_0505,INVESTMENT_07,investment,Banco Sabadell Empresas,sabadell_emp,EUR,2026-07-13 06:10:21
PRODUCT_06647,COMP_1012,CHECKING_04,checking,BBVA Net Cash Empresas,bbva_emp,EUR,2026-02-08 18:21:58
PRODUCT_06648,COMP_0956,CHECKING_04,checking,Banco Santander Empresas,santander_emp,EUR,2026-04-29 14:43:31
PRODUCT_06649,COMP_1243,CHECKING_03,checking,Caixabank Empresas,caixa_emp,EUR,2026-04-07 16:30:20
PRODUCT_06650,COMP_0630,CHECKING_13,checking,Caixabank Empresas,caixa_emp,EUR,2026-02-13 10:38:01
PRODUCT_06653,COMP_0926,CHECKING_06,checking,Banco Santander Empresas,santander_emp,EUR,2025-04-04 12:48:57
PRODUCT_06655,COMP_1238,CHECKING_01,checking,Banco Sabadell T. sec - CAL Empresas,sabadell_emp_sec,EUR,2024-09-17 13:28:16
PRODUCT_06656,COMP_0361,CHECKING_15,checking,Danske Bank Business UK,danskebankbusiness_uk,USD,2024-11-21 16:16:02
PRODUCT_06659,COMP_1225,CHECKING_06,checking,BBVA Net Cash Empresas,bbva_emp,EUR,2026-06-23 09:22:57
PRODUCT_06660,COMP_0415,CHECKING_04,checking,BBVA Net Cash Empresas,bbva_emp,EUR,2026-06-09 07:45:40
PRODUCT_06661,COMP_0523,CHECKING_05,checking,HSBC Corporate EU,hsbccorporate_eu,EUR,2026-03-23 15:44:41
PRODUCT_06662,COMP_1157,CHECKING_03,checking,Caixabank Empresas,caixa_emp,EUR,2026-07-22 15:49:50
PRODUCT_06664,COMP_0756,CHECKING_05,checking,iberCaja,ibercaja,EUR,2026-04-06 10:03:29
PRODUCT_06665,COMP_0866,CHECKING_03,checking,Banco Santander Empresas,santander_emp,EUR,2025-02-12 15:45:05
PRODUCT_06666,COMP_0759,CHECKING_01,checking,Chase,ins_56,USD,2025-01-14 17:28:24
PRODUCT_06667,COMP_1272,CHECKING_14,checking,Ebury GLOBAL,ebury,EUR,2026-05-19 16:05:45
PRODUCT_06668,COMP_0187,CHECKING_01,checking,Other (customer-defined),custom,PLN,2026-08-05 12:31:11
PRODUCT_06669,COMP_0299,CHECKING_04,checking,ING,ing,USD,2025-12-01 13:36:34
PRODUCT_06672,COMP_0047,INVESTMENT_07,investment,Bankinter Empresas,bankinter_emp,EUR,2025-09-23 10:50:21
PRODUCT_06673,COMP_0429,CHECKING_01,checking,Caixabank Empresas,caixa_emp,EUR,2025-06-10 14:06:52
PRODUCT_06675,COMP_0713,CHECKING_09,checking,Banco Sabadell T. sec - CAL Empresas,sabadell_emp_sec,EUR,2025-03-24 12:42:26
PRODUCT_06678,COMP_0794,CARD_01,card,BBVA,bbva_emp,EUR,2024-03-11 12:55:53
PRODUCT_06679,COMP_0892,CARD_02,card,Banco Sabadell Empresas,sabadell_emp,EUR,2025-02-06 13:47:36
PRODUCT_06681,COMP_0803,CARD_15,card,Banco Santander,santander_emp,EUR,2023-10-23 10:45:54
PRODUCT_06682,COMP_1103,CHECKING_03,checking,Banco Santander Empresas,santander_emp,GBP,2026-03-03 12:26:13
PRODUCT_06683,COMP_0773,CHECKING_13,checking,Banco Santander,santander_emp,EUR,2024-06-26 10:15:15
PRODUCT_06685,COMP_0354,CHECKING_07,checking,BBVA,bbva_emp,EUR,2024-04-03 07:21:34
PRODUCT_06689,COMP_0685,CARD_04,card,BBVA,bbva_emp,EUR,2024-03-11 12:54:01
PRODUCT_06690,COMP_1083,CHECKING_06,checking,Barclays Corporate,barclays_corporate,PLN,2026-06-12 12:38:58
PRODUCT_06693,COMP_1086,CHECKING_11,checking,Caixabank,caixa_emp,EUR,2023-10-30 11:40:13
PRODUCT_06695,COMP_1203,SAVING_01,saving,Revolut EU,revolut_gb,GBP,2026-06-23 13:50:11
PRODUCT_06696,COMP_0183,RISK_08,risk,Other (customer-defined),custom,EUR,2026-03-17 17:07:16
PRODUCT_06697,COMP_0336,CHECKING_10,checking,Barclays Corporate,barclays_corporate,EUR,2025-06-12 07:52:30
PRODUCT_06698,COMP_0926,CHECKING_07,checking,Banco Santander Empresas,santander_emp,EUR,2025-04-04 11:45:23
PRODUCT_06700,COMP_1038,CHECKING_08,checking,Abanca Empresas,abanca_emp,EUR,2026-03-20 10:48:49
PRODUCT_06701,COMP_1012,CHECKING_05,checking,Banco Sabadell Empresas,sabadell_emp,EUR,2026-01-22 15:44:35
PRODUCT_06702,COMP_0544,CHECKING_03,checking,Unicaja Empresas,unicaja_emp,EUR,2025-02-11 15:58:21
PRODUCT_06704,COMP_0576,CHECKING_05,checking,Banco Sabadell Empresas,sabadell_emp,USD,2026-06-23 09:31:39
PRODUCT_06705,COMP_0909,CARD_18,card,Bankinter,bankinter_emp,EUR,2024-04-03 07:31:38
PRODUCT_06706,COMP_1013,CHECKING_01,checking,Kutxabank Empresas,kutxabank_emp,EUR,2025-03-21 08:50:54
PRODUCT_06708,COMP_0697,CHECKING_03,checking,Other (customer-defined),custom,EUR,2024-03-15 10:22:47
PRODUCT_06710,COMP_1162,CHECKING_08,checking,Paypal,paypal,JPY,2023-08-28 08:44:00
PRODUCT_06711,COMP_1282,CHECKING_11,checking,BBVA Corporate API,bbva_corporate,EUR,2026-09-15 13:36:10
PRODUCT_06712,COMP_0182,CHECKING_10,checking,Other (customer-defined),custom,EUR,2026-04-15 14:11:11
PRODUCT_06713,COMP_1164,CHECKING_05,checking,Banco Sabadell T. sec - CAL Empresas,sabadell_emp_sec,EUR,2025-11-28 07:03:20
PRODUCT_06714,COMP_1215,CARD_07,card,Caixabank Empresas,caixa_emp,EUR,2026-07-09 07:41:26
PRODUCT_06715,COMP_1037,CHECKING_08,checking,Banca March,bancamarch,EUR,2025-10-29 16:57:43
PRODUCT_06718,COMP_0175,CHECKING_02,checking,Banco Santander Empresas,santander_emp,EUR,2026-02-10 07:52:37
PRODUCT_06720,COMP_0555,CHECKING_04,checking,Caixabank Empresas,caixa_emp,EUR,2025-03-06 11:11:33
PRODUCT_06721,COMP_1261,CHECKING_03,checking,Kutxabank Empresas,kutxabank_emp,EUR,2026-02-25 09:16:33
PRODUCT_06722,COMP_0988,CARD_17,card,Caixabank Empresas,caixa_emp,EUR,2026-03-03 12:11:50
PRODUCT_06724,COMP_0723,CHECKING_05,checking,Caixabank Empresas,caixa_emp,EUR,2025-11-03 10:50:37
PRODUCT_06725,COMP_0433,CHECKING_05,checking,Banco Santander Empresas,santander_emp,EUR,2025-03-25 08:16:34
PRODUCT_06726,COMP_0131,CHECKING_02,checking,Banco Santander Empresas,santander_emp,EUR,2026-04-08 13:48:04
PRODUCT_06727,COMP_0013,CHECKING_03,checking,BBVA Net Cash Empresas,bbva_emp,EUR,2026-02-25 10:59:40
PRODUCT_06729,COMP_1216,CHECKING_13,checking,Banco Santander Empresas,santander_emp,EUR,2025-09-24 16:06:12
PRODUCT_06731,COMP_1038,CARD_03,card,Caixabank Empresas,caixa_emp,EUR,2025-09-09 11:37:41
PRODUCT_06732,COMP_0445,CHECKING_06,checking,Barclays Corporate,barclays_corporate,EUR,2025-09-11 10:16:36
PRODUCT_06733,COMP_0875,CHECKING_04,checking,Banco Sabadell,sabadell_emp,EUR,2024-05-10 09:22:49
PRODUCT_06734,COMP_0373,CHECKING_01,checking,Other (customer-defined),custom,CHF,2026-03-02 14:38:29
PRODUCT_06735,COMP_0388,CHECKING_07,checking,Caixabank,caixa_emp,EUR,2024-02-19 10:40:31
PRODUCT_06736,COMP_0404,CHECKING_02,checking,Banesco USA,ins_123029,USD,2024-12-16 12:19:11
PRODUCT_06737,COMP_0542,CARD_03,card,Caixabank Empresas,caixa_emp,EUR,2025-03-24 15:28:24
PRODUCT_06738,COMP_0978,CHECKING_04,checking,Bankinter Empresas,bankinter_emp,EUR,2026-09-10 07:13:28
PRODUCT_06739,COMP_0616,CARD_02,card,Caixabank,caixa_emp,EUR,2026-02-17 14:19:36
PRODUCT_06741,COMP_0423,CHECKING_04,checking,Banco Santander,santander_emp,EUR,2022-04-06 14:22:39
PRODUCT_06742,COMP_0831,CHECKING_01,checking,Banco Sabadell,sabadell_emp,EUR,2023-07-04 08:15:48
PRODUCT_06744,COMP_0324,CHECKING_14,checking,Banco Sabadell Empresas,sabadell_emp,EUR,2026-04-16 14:14:51
PRODUCT_06745,COMP_1077,CARD_05,card,Banca March,bancamarch,EUR,2025-09-18 08:32:08
PRODUCT_06747,COMP_0864,CHECKING_10,checking,BBVA,bbva_emp,USD,2024-02-09 09:29:21
PRODUCT_06748,COMP_0708,CHECKING_09,checking,Banco Sabadell Empresas,sabadell_emp,EUR,2026-02-24 15:03:09
PRODUCT_06749,COMP_0058,CHECKING_12,checking,Abanca Empresas,abanca_emp,EUR,2026-04-14 15:57:46
PRODUCT_06750,COMP_0494,CHECKING_02,checking,Bankinter Empresas,bankinter_emp,EUR,2024-09-18 10:15:16
PRODUCT_06752,COMP_0422,CARD_01,card,Caixabank Empresas,caixa_emp,EUR,2026-03-11 10:23:26
PRODUCT_06756,COMP_1078,WALLET_01,wallet,Embat,embat,EUR,2025-05-21 10:12:05
PRODUCT_06762,COMP_0974,CARD_05,card,Banco Santander Empresas,santander_emp,EUR,2026-01-13 09:41:59
PRODUCT_06763,COMP_0364,CHECKING_01,checking,Banco Sabadell Empresas,sabadell_emp,EUR,2026-01-27 09:57:50
PRODUCT_06764,COMP_1077,CHECKING_05,checking,BBVA Net Cash Empresas,bbva_emp,EUR,2026-03-16 12:20:44
PRODUCT_06767,COMP_0016,CHECKING_10,checking,Banco Santander Empresas,santander_emp,EUR,2026-04-08 12:15:17
PRODUCT_06770,COMP_0803,CHECKING_10,checking,Banco Santander,santander_emp,EUR,2023-10-23 10:45:54
PRODUCT_06771,COMP_0808,CHECKING_07,checking,Revolut,revolut,USD,2023-11-07 17:15:06
PRODUCT_06772,COMP_0182,CHECKING_11,checking,Deutsche Bank AG,deutschebank-pfb_de,USD,2026-06-05 09:47:33
PRODUCT_06773,COMP_0598,CHECKING_05,checking,BBVA Net Cash Empresas,bbva_emp,EUR,2025-03-06 15:32:31
PRODUCT_06774,COMP_0967,CHECKING_01,checking,Banco Sabadell Empresas,sabadell_emp,EUR,2025-02-06 13:47:36
PRODUCT_06775,COMP_0716,CHECKING_04,checking,Banco Santander Empresas,santander_emp,EUR,2026-03-12 15:45:41
PRODUCT_06776,COMP_0189,CHECKING_06,checking,Barclays Corporate,barclays_corporate,EUR,2025-06-12 09:44:22
PRODUCT_06777,COMP_1090,CHECKING_05,checking,Banco Santander Empresas,santander_emp,EUR,2026-07-06 14:29:16
PRODUCT_06778,COMP_0444,CHECKING_08,checking,Banco Sabadell Empresas,sabadell_emp,EUR,2026-03-13 12:08:09
PRODUCT_06779,COMP_0426,CHECKING_01,checking,Rabobank,rabobank,EUR,2026-03-19 11:56:07
PRODUCT_06782,COMP_0035,CHECKING_08,checking,Banco Santander Empresas,santander_emp,EUR,2024-11-05 09:15:25
PRODUCT_06783,COMP_0928,CHECKING_12,checking,Caixabank Empresas,caixa_emp,EUR,2025-07-29 11:06:53
PRODUCT_06784,COMP_1190,CHECKING_03,checking,HSBC Corporate,hsbccorporate,USD,2026-03-06 12:44:24
PRODUCT_06785,COMP_0007,CHECKING_15,checking,Bankinter Empresas,bankinter_emp,EUR,2026-03-11 07:27:01
PRODUCT_06786,COMP_0394,CHECKING_05,checking,Banca March,bancamarch,EUR,2025-10-09 16:44:27
PRODUCT_06787,COMP_0362,CARD_06,card,Banco Sabadell T. sec - CAL Empresas,sabadell_emp_sec,EUR,2024-09-17 12:48:01
PRODUCT_06790,COMP_0073,CHECKING_08,checking,Citibank Empresas GLOBAL,citi,USD,2025-11-11 16:32:34
PRODUCT_06791,COMP_0708,CARD_06,card,Banco Sabadell Empresas,sabadell_emp,EUR,2026-05-12 14:37:37
PRODUCT_06792,COMP_0157,CARD_01,card,BBVA Net Cash Empresas,bbva_emp,EUR,2026-01-22 10:05:57
PRODUCT_06794,COMP_0004,CHECKING_03,checking,Banco Sabadell Empresas,sabadell_emp,EUR,2026-02-25 15:59:17
PRODUCT_06795,COMP_0610,CHECKING_02,checking,NOVO BANCO SA,novo-banco-sa,EUR,2024-07-05 06:48:07
PRODUCT_06796,COMP_1129,CHECKING_04,checking,Banco Santander Empresas,santander_emp,EUR,2026-02-11 11:56:06
PRODUCT_06797,COMP_1035,CHECKING_06,checking,BBVA Net Cash Empresas,bbva_emp,EUR,2025-04-01 14:18:00
PRODUCT_06799,COMP_0495,CARD_08,card,Caixabank Empresas,caixa_emp,EUR,2025-12-11 08:58:24
PRODUCT_06800,COMP_0532,CHECKING_01,checking,Banco Santander,santander_emp,EUR,2024-07-05 05:38:10
PRODUCT_06804,COMP_0334,CARD_04,card,iberCaja,ibercaja,EUR,2025-02-17 08:12:25
PRODUCT_06805,COMP_0289,CHECKING_05,checking,Bankinter Empresas,bankinter_emp,EUR,2026-09-10 07:15:45
PRODUCT_06806,COMP_0417,CHECKING_02,checking,iberCaja,ibercaja,EUR,2026-07-16 13:10:37
PRODUCT_06807,COMP_1004,CHECKING_03,checking,Paypal,paypal,USD,2024-07-10 08:04:03
PRODUCT_06808,COMP_0988,CARD_18,card,Caixabank Empresas,caixa_emp,EUR,2026-03-03 12:11:50
PRODUCT_06810,COMP_0234,CARD_07,card,Banco Santander Empresas,santander_emp,EUR,2024-11-06 14:05:44
PRODUCT_06811,COMP_0456,CHECKING_03,checking,Caixabank Empresas,caixa_emp,EUR,2025-07-29 13:41:04
PRODUCT_06812,COMP_0745,CHECKING_04,checking,RuralVia Empresas,ruralvia_emp,EUR,2026-03-16 14:55:23
PRODUCT_06813,COMP_1204,CHECKING_03,checking,Banco Santander Empresas,santander_emp,EUR,2026-02-18 11:11:50
PRODUCT_06816,COMP_0643,CHECKING_04,checking,DNB,dnb,EUR,2026-04-09 13:31:20
PRODUCT_06817,COMP_0220,CHECKING_04,checking,Banco Santander Empresas,santander_emp,EUR,2025-12-09 12:04:13
PRODUCT_06818,COMP_0566,CHECKING_04,checking,HSBC Corporate,hsbccorporate,USD,2026-03-06 12:29:23
PRODUCT_06822,COMP_1023,CHECKING_05,checking,DNB,dnb,NOK,2026-03-09 13:07:18
PRODUCT_06823,COMP_0406,INVESTMENT_01,investment,HSBC Corporate EU,hsbccorporate_eu,USD,2026-06-16 08:28:36
PRODUCT_06824,COMP_0598,CHECKING_06,checking,Caixabank Empresas,caixa_emp,EUR,2025-03-07 08:38:27
PRODUCT_06825,COMP_0604,INVESTMENT_04,investment,Banca March,bancamarch,EUR,2026-08-19 08:51:41
PRODUCT_06826,COMP_1070,CHECKING_04,checking,Banco Santander Empresas,santander_emp,EUR,2025-03-11 11:21:01
PRODUCT_06827,COMP_1279,CHECKING_10,checking,Banco Santander,santander_emp,EUR,2024-03-11 11:44:21
PRODUCT_06828,COMP_1172,CHECKING_02,checking,Caixabank Empresas,caixa_emp,EUR,2025-09-16 08:11:31
PRODUCT_06830,COMP_1148,CHECKING_01,checking,BBVA Net Cash Empresas,bbva_emp,EUR,2025-12-18 12:06:44
PRODUCT_06831,COMP_1013,CHECKING_02,checking,BBVA Net Cash Empresas,bbva_emp,EUR,2024-12-11 11:59:40
PRODUCT_06832,COMP_0292,CHECKING_34,checking,Other (customer-defined),custom,EUR,2025-10-15 13:34:08
PRODUCT_06836,COMP_0921,CHECKING_02,checking,Wise,transferwise,GBP,2026-01-26 12:50:48
PRODUCT_06838,COMP_0628,CHECKING_04,checking,Other (customer-defined),custom,EUR,2026-05-12 15:38:39
PRODUCT_06839,COMP_0196,CHECKING_03,checking,Barclays Corporate,barclays_corporate,EUR,2025-09-26 07:49:29
PRODUCT_06840,COMP_0859,CHECKING_04,checking,BANKINTER SA - SUCURSAL EM PORTUGAL,bankinter-sa-sucursal-em-portugal,EUR,2025-08-14 09:46:43
PRODUCT_06842,COMP_1236,CHECKING_04,checking,Banco Santander,santander_emp,EUR,2024-01-02 09:23:38
PRODUCT_06844,COMP_0697,CHECKING_04,checking,Other (customer-defined),custom,EUR,2024-06-05 14:40:37
PRODUCT_06845,COMP_1014,CHECKING_03,checking,Other (customer-defined),custom,AUD,2026-06-22 07:23:07
PRODUCT_06846,COMP_0908,CHECKING_01,checking,Caixabank Empresas,caixa_emp,EUR,2024-07-30 10:44:54
PRODUCT_06848,COMP_0877,CHECKING_10,checking,Kutxabank Empresas,kutxabank_emp,EUR,2026-02-16 15:46:26
PRODUCT_06849,COMP_0919,CHECKING_18,checking,Banco Sabadell Empresas,sabadell_emp,EUR,2025-11-03 11:36:47
PRODUCT_06850,COMP_0236,CHECKING_08,checking,ING,ing,PLN,2026-04-27 12:08:01
PRODUCT_06851,COMP_0511,CHECKING_07,checking,Bankinter Empresas,bankinter_emp,EUR,2025-12-23 15:13:15
PRODUCT_06852,COMP_0604,CARD_07,card,RuralVia Empresas,ruralvia_emp,EUR,2024-10-25 09:51:21
PRODUCT_06853,COMP_1070,LINEOFCOMEX_01,lineofcomex,Caixabank Empresas,caixa_emp,EUR,2026-03-19 12:02:59
PRODUCT_06854,COMP_0252,CHECKING_42,checking,Banking Circle GLOBAL,bc,EUR,2026-05-18 10:10:08
PRODUCT_06855,COMP_0438,CHECKING_06,checking,Caixabank,caixa_emp,USD,2025-01-23 12:02:47
PRODUCT_06856,COMP_0133,CHECKING_02,checking,BBVA Net Cash Empresas,bbva_emp,EUR,2025-03-18 10:23:32
PRODUCT_06857,COMP_0444,CARD_22,card,Banco Sabadell Empresas,sabadell_emp,EUR,2026-03-13 12:08:09
PRODUCT_06861,COMP_0407,CARD_03,card,Abanca Empresas,abanca_emp,EUR,2025-10-09 12:15:36
PRODUCT_06862,COMP_1246,CHECKING_04,checking,Caixabank Empresas,caixa_emp,EUR,2026-04-20 12:54:46
PRODUCT_06863,COMP_0560,CHECKING_08,checking,Banco Sabadell T. sec - CAL Empresas,sabadell_emp_sec,EUR,2025-02-14 10:37:11
PRODUCT_06864,COMP_0436,CHECKING_05,checking,BBVA Net Cash Empresas,bbva_emp,EUR,2026-03-17 17:17:14
PRODUCT_06865,COMP_0058,CARD_06,card,BBVA Net Cash Empresas,bbva_emp,EUR,2026-04-06 15:55:12
PRODUCT_06866,COMP_0641,CHECKING_03,checking,Other (customer-defined),custom,PEN,2024-09-12 11:29:15
PRODUCT_06868,COMP_0803,CARD_16,card,Banco Santander,santander_emp,EUR,2023-10-23 10:45:54
PRODUCT_06869,COMP_0505,CHECKING_09,checking,iberCaja,ibercaja,EUR,2026-07-06 07:34:53
PRODUCT_06872,COMP_0234,CARD_08,card,Banco Santander Empresas,santander_emp,EUR,2024-11-06 14:05:44
PRODUCT_06875,COMP_0584,CHECKING_04,checking,BBVA Net Cash Empresas,bbva_emp,EUR,2026-01-13 15:42:56
PRODUCT_06876,COMP_0049,CARD_09,card,Caixabank Empresas,caixa_emp,EUR,2025-02-25 22:02:09
PRODUCT_06877,COMP_1149,CHECKING_04,checking,BBVA Net Cash Empresas,bbva_emp,EUR,2025-09-12 08:33:05
PRODUCT_06879,COMP_0614,CHECKING_05,checking,Wise,transferwise,USD,2025-08-19 13:20:16
PRODUCT_06880,COMP_0351,CHECKING_19,checking,Caixa Popular,ruralvia_caixapopular,EUR,2026-07-14 07:26:23
PRODUCT_06882,COMP_0160,CHECKING_03,checking,Bankinter Empresas,bankinter_emp,EUR,2025-02-10 11:04:54
PRODUCT_06884,COMP_0496,CHECKING_10,checking,Ebury GLOBAL,ebury,EUR,2025-12-02 10:46:16
PRODUCT_06885,COMP_0292,CHECKING_35,checking,Other (customer-defined),custom,USD,2025-10-15 13:31:33
PRODUCT_06886,COMP_0978,CHECKING_05,checking,Bankinter Empresas,bankinter_emp,EUR,2024-09-18 09:35:57
PRODUCT_06887,COMP_1183,CHECKING_01,checking,Caixabank Empresas,caixa_emp,EUR,2025-09-09 12:58:50
PRODUCT_06888,COMP_0837,INVESTMENT_08,investment,Banca March,bancamarch,EUR,2026-04-22 15:21:03
PRODUCT_06893,COMP_0794,CHECKING_03,checking,Bankinter Empresas,bankinter_emp,EUR,2026-05-05 14:08:23
PRODUCT_06894,COMP_0292,CHECKING_36,checking,Other (customer-defined),custom,GHS,2025-10-15 09:14:29
PRODUCT_06895,COMP_0508,CHECKING_04,checking,Banco Sabadell Empresas,sabadell_emp,EUR,2026-04-08 08:15:59
PRODUCT_06896,COMP_0585,CHECKING_01,checking,Banco Sabadell T. sec - CAL Empresas,sabadell_emp_sec,EUR,2023-11-23 11:10:35
PRODUCT_06899,COMP_0052,CHECKING_02,checking,Caixa Guissona,caixaguissona,EUR,2024-09-18 09:23:55
PRODUCT_06900,COMP_0958,CARD_06,card,Banco Santander Empresas,santander_emp,EUR,2025-03-06 15:44:00
PRODUCT_06901,COMP_0995,CHECKING_05,checking,Banco Sabadell Empresas,sabadell_emp,EUR,2025-03-07 12:22:54
PRODUCT_06902,COMP_0225,CHECKING_03,checking,Stripe,stripe,EUR,2024-05-28 10:16:44
PRODUCT_06906,COMP_1016,CARD_31,card,Caixabank Empresas,caixa_emp,EUR,2026-03-20 13:16:26
PRODUCT_06909,COMP_1130,CHECKING_04,checking,Banco Sabadell,sabadell_emp,EUR,2024-05-21 15:04:34
PRODUCT_06910,COMP_1159,CHECKING_09,checking,Caixabank Empresas,caixa_emp,EUR,2026-02-05 17:04:12
PRODUCT_06911,COMP_0988,CHECKING_07,checking,Abanca Empresas,abanca_emp,EUR,2026-03-04 08:47:25
PRODUCT_06912,COMP_0562,WALLET_01,wallet,Embat,embat,EUR,2025-05-07 09:24:00
PRODUCT_06913,COMP_0595,CHECKING_03,checking,Banco Santander Empresas,santander_emp,EUR,2024-10-18 11:05:51
PRODUCT_06914,COMP_1016,CARD_32,card,Caixabank Empresas,caixa_emp,EUR,2026-03-20 13:16:26
PRODUCT_06915,COMP_0054,CHECKING_08,checking,Banco Santander Empresas,santander_emp,EUR,2025-04-04 11:45:23
PRODUCT_06916,COMP_0739,CHECKING_06,checking,Caixabank,caixa_emp,EUR,2024-02-19 10:18:25
PRODUCT_06918,COMP_0647,CHECKING_03,checking,Banco Santander,santander_emp,EUR,2024-05-21 13:50:08
PRODUCT_06919,COMP_0542,CHECKING_05,checking,Bankinter Empresas,bankinter_emp,EUR,2025-03-25 11:32:33
PRODUCT_06921,COMP_1250,CHECKING_03,checking,Cajamar,cajamar,EUR,2024-11-18 12:50:53
PRODUCT_06922,COMP_1187,CHECKING_18,checking,Banking Circle GLOBAL,bc,GBP,2026-02-06 11:21:36
PRODUCT_06923,COMP_0798,CARD_14,card,Banco Santander Empresas,santander_emp,EUR,2025-09-11 09:20:11
PRODUCT_06924,COMP_0415,CHECKING_05,checking,Banco Santander Empresas,santander_emp,EUR,2026-06-09 07:53:36
PRODUCT_06925,COMP_1218,CHECKING_01,checking,Banco Santander Empresas,santander_emp,EUR,2026-01-07 14:49:12
PRODUCT_06926,COMP_0713,CARD_17,card,Caixabank Empresas,caixa_emp,EUR,2025-03-24 15:08:03
PRODUCT_06927,COMP_0128,CHECKING_01,checking,Banco Santander Empresas,santander_emp,EUR,2025-03-17 16:57:43
PRODUCT_06928,COMP_0797,CHECKING_22,checking,Banca March,bancamarch,EUR,2025-10-29 16:53:15
PRODUCT_06929,COMP_0100,CHECKING_09,checking,Bankinter,bankinter,EUR,2025-05-21 08:22:51
PRODUCT_06930,COMP_0193,CHECKING_06,checking,BBVA Net Cash Empresas,bbva_emp,EUR,2025-10-09 16:37:38
PRODUCT_06931,COMP_0974,CHECKING_02,checking,Banco Santander Empresas,santander_emp,EUR,2026-01-13 09:41:59
PRODUCT_06932,COMP_1053,CHECKING_18,checking,Banco Santander Empresas,santander_emp,EUR,2026-07-06 13:46:32
PRODUCT_06933,COMP_0074,CARD_01,card,BBVA Net Cash Empresas,bbva_emp,EUR,2025-03-20 12:57:39
PRODUCT_06934,COMP_0797,CHECKING_23,checking,Banca March,bancamarch,EUR,2025-10-29 16:42:43
PRODUCT_06935,COMP_0542,CHECKING_06,checking,Banco Sabadell T. sec - CAL Empresas,sabadell_emp_sec,EUR,2025-03-24 12:10:37
PRODUCT_06937,COMP_0730,CHECKING_12,checking,LBBW,bw-bank,SEK,2026-08-10 16:18:42
PRODUCT_06939,COMP_1052,CHECKING_02,checking,Banco Santander Empresas,santander_emp,EUR,2025-01-22 09:31:24
PRODUCT_06941,COMP_1056,CHECKING_11,checking,HSBC Corporate,hsbccorporate,USD,2026-02-10 17:36:29
PRODUCT_06942,COMP_0610,CHECKING_03,checking,Caixabank,caixa_emp,EUR,2024-06-26 11:26:02
PRODUCT_06943,COMP_0837,INVESTMENT_09,investment,Banca March,bancamarch,EUR,2026-03-27 08:52:22
PRODUCT_06944,COMP_0656,CHECKING_08,checking,ING,ing,EUR,2025-12-04 12:51:24
PRODUCT_06946,COMP_0432,CHECKING_03,checking,Globalcaja,ruralvia_globalcaja,EUR,2025-11-28 08:06:34
PRODUCT_06947,COMP_1090,CHECKING_06,checking,Caixabank Empresas,caixa_emp,EUR,2026-03-09 09:41:29
PRODUCT_06948,COMP_0129,CHECKING_04,checking,Banco Santander Empresas,santander_emp,USD,2026-09-10 16:44:45
PRODUCT_06950,COMP_0848,CHECKING_07,checking,Wells Fargo,wellsfargo,USD,2026-04-28 15:14:22
PRODUCT_06951,COMP_0976,CHECKING_03,checking,Santander (Corporate UK),santander-corporate_uk,GBP,2026-04-17 09:57:11
PRODUCT_06953,COMP_0994,CHECKING_09,checking,Banco Santander Empresas,santander_emp,EUR,2024-11-26 13:16:37
PRODUCT_06956,COMP_0282,EXPENSESPLATFORM_12,expensesPlatform,Caixabank,caixa_emp,EUR,2024-02-19 10:45:26
PRODUCT_06957,COMP_0139,CHECKING_08,checking,Banco Sabadell Empresas,sabadell_emp,EUR,2025-04-04 11:18:24
PRODUCT_06958,COMP_1053,CHECKING_19,checking,Banco Sabadell Empresas,sabadell_emp,EUR,2026-07-06 13:36:32
PRODUCT_06959,COMP_0568,CHECKING_10,checking,BBVA Net Cash Empresas,bbva_emp,EUR,2025-07-23 07:40:49
PRODUCT_06961,COMP_0387,INVESTMENT_02,investment,Banco Sabadell Empresas,sabadell_emp,EUR,2025-02-14 12:14:56
PRODUCT_06963,COMP_0930,CHECKING_02,checking,Caixabank Empresas,caixa_emp,EUR,2026-04-27 13:04:13
PRODUCT_06965,COMP_0742,CHECKING_03,checking,Banco Sabadell Empresas,sabadell_emp,EUR,2026-03-03 09:41:59
PRODUCT_06966,COMP_1185,CHECKING_06,checking,Caixabank,caixa_emp,EUR,2024-05-22 06:58:06
PRODUCT_06967,COMP_1185,CHECKING_07,checking,Banco Sabadell,sabadell_emp,EUR,2024-05-21 13:46:18
PRODUCT_06968,COMP_0692,CHECKING_07,checking,Revolut EU,revolut_gb,USD,2024-12-11 12:45:20
PRODUCT_06970,COMP_0418,CHECKING_13,checking,Crédit Agricole de Centre France,ca_centrefrance,EUR,2023-11-15 07:49:20
PRODUCT_06972,COMP_0909,CHECKING_26,checking,Deutsche Bank Empresas,deutschebank_emp,EUR,2025-03-06 08:33:46
PRODUCT_06973,COMP_0058,CHECKING_13,checking,Banco Santander Empresas,santander_emp,EUR,2026-04-06 17:05:15
PRODUCT_06974,COMP_1091,CHECKING_04,checking,Banca March,bancamarch,EUR,2025-03-18 11:15:48
PRODUCT_06976,COMP_0686,CHECKING_10,checking,Bankinter Empresas,bankinter_emp,EUR,2025-01-27 11:24:01
PRODUCT_06977,COMP_0714,CHECKING_02,checking,Banco Sabadell T. sec - CAL Empresas,sabadell_emp_sec,EUR,2025-05-22 14:36:58
PRODUCT_06979,COMP_1036,CHECKING_11,checking,Caixabank Empresas,caixa_emp,EUR,2026-07-13 10:40:02
PRODUCT_06981,COMP_0960,CHECKING_02,checking,Volksbank Hohenlimburg eG,vb-hohenlimburg,EUR,2025-01-08 15:36:40
PRODUCT_06983,COMP_0126,CHECKING_01,checking,Banco Santander,santander_emp,EUR,2025-02-17 16:18:39
PRODUCT_06984,COMP_0769,CHECKING_04,checking,Caixabank Empresas,caixa_emp,EUR,2026-07-13 17:30:26
PRODUCT_06987,COMP_1036,CARD_07,card,BBVA Net Cash Empresas,bbva_emp,EUR,2026-07-13 12:47:50
PRODUCT_06989,COMP_1072,CHECKING_09,checking,Banco Sabadell Empresas,sabadell_emp,EUR,2026-05-29 09:24:12
PRODUCT_06990,COMP_0872,CHECKING_04,checking,Banco Santander Empresas,santander_emp,EUR,2026-03-03 12:26:13
PRODUCT_06992,COMP_0730,CHECKING_13,checking,SSK München,ssk-muenchen,USD,2026-07-29 18:29:42
PRODUCT_06994,COMP_0277,CHECKING_04,checking,Bankinter Empresas,bankinter_emp,EUR,2026-07-14 07:57:20
PRODUCT_06995,COMP_0944,CHECKING_04,checking,Abanca Empresas,abanca_emp,EUR,2026-04-14 16:20:16
PRODUCT_06996,COMP_0909,CARD_19,card,Bankinter,bankinter_emp,EUR,2024-04-03 07:31:38
PRODUCT_06997,COMP_1166,CARD_01,card,Bank of America,ins_127989,USD,2025-02-20 15:24:22
PRODUCT_06998,COMP_0233,CHECKING_06,checking,Scotiabank Empresas Chile Empresas,scotiabank_emp_cl,USD,2025-08-14 08:39:46
PRODUCT_06999,COMP_1190,CHECKING_04,checking,HSBC Corporate,hsbccorporate,GBP,2026-03-06 12:44:24
PRODUCT_07000,COMP_1174,CHECKING_02,checking,Bankinter Empresas,bankinter_emp,EUR,2025-04-01 14:16:25
PRODUCT_07004,COMP_0605,CHECKING_02,checking,Revolut EU,revolut_gb,GBP,2025-10-03 11:43:22
PRODUCT_07005,COMP_1262,CHECKING_05,checking,Caixabank Empresas,caixa_emp,EUR,2026-04-22 15:18:03
PRODUCT_07007,COMP_0982,CARD_13,card,iberCaja,ibercaja,EUR,2025-03-25 10:20:25
PRODUCT_07008,COMP_0399,CHECKING_09,checking,Bankinter,bankinter_emp,EUR,2022-11-17 13:51:29
PRODUCT_07009,COMP_0633,CHECKING_05,checking,ING,ing,EUR,2025-12-22 14:59:57
PRODUCT_07010,COMP_0460,CHECKING_10,checking,Paypal,paypal,GBP,2023-08-28 08:11:35
PRODUCT_07012,COMP_1072,CHECKING_10,checking,Banco Sabadell Empresas,sabadell_emp,EUR,2026-04-17 08:54:04
PRODUCT_07014,COMP_0101,CHECKING_13,checking,BBVA Net Cash Empresas,bbva_emp,EUR,2025-03-03 12:44:26
PRODUCT_07016,COMP_0347,CHECKING_06,checking,Banco Santander Empresas,santander_emp,EUR,2025-10-14 12:38:07
PRODUCT_07018,COMP_0163,CHECKING_03,checking,Other (customer-defined),custom,MXN,2024-12-16 16:22:22
PRODUCT_07019,COMP_0837,CHECKING_25,checking,Banco Santander,santander_emp,EUR,2026-03-03 11:25:12
PRODUCT_07025,COMP_0792,CHECKING_13,checking,Bankinter,bankinter_emp,EUR,2026-07-01 06:48:31
PRODUCT_07026,COMP_1035,CARD_07,card,Bankinter Empresas,bankinter_emp,EUR,2025-06-03 07:58:46
PRODUCT_07028,COMP_0152,CHECKING_02,checking,Caixabank Empresas,caixa_emp,EUR,2024-11-26 14:59:39
PRODUCT_07029,COMP_1117,CHECKING_01,checking,Bankinter Empresas,bankinter_emp,EUR,2025-10-06 07:19:19
PRODUCT_07030,COMP_0143,CARD_01,card,Banco Sabadell Empresas,sabadell_emp,EUR,2024-09-24 11:38:11
PRODUCT_07032,COMP_0293,CHECKING_04,checking,BBVA,bbva_emp,EUR,2024-05-21 14:47:44
PRODUCT_07033,COMP_0864,CHECKING_11,checking,Caixabank,caixa_emp,USD,2024-03-01 09:05:33
PRODUCT_07036,COMP_0144,CHECKING_01,checking,B.P Grand Ouest,bp-grand-ouest,EUR,2026-03-03 13:07:07
PRODUCT_07037,COMP_0909,CARD_20,card,Bankinter,bankinter_emp,EUR,2024-04-03 07:31:38
PRODUCT_07038,COMP_0806,CHECKING_07,checking,BBVA Net Cash Empresas,bbva_emp,EUR,2025-09-04 10:01:50
PRODUCT_07040,COMP_0827,CHECKING_05,checking,Banco Santander Empresas,santander_emp,EUR,2026-03-16 07:40:54
PRODUCT_07042,COMP_1056,CHECKING_12,checking,HSBC Corporate,hsbccorporate,GBP,2026-02-10 07:30:55
PRODUCT_07043,COMP_0353,CHECKING_01,checking,Banco Santander Empresas,santander_emp,EUR,2025-12-16 09:55:39
PRODUCT_07044,COMP_1066,CHECKING_04,checking,Revolut,revolut,GBP,2025-10-03 11:21:06
PRODUCT_07045,COMP_0919,CHECKING_19,checking,Abanca Empresas,abanca_emp,EUR,2025-11-03 12:09:27
PRODUCT_07047,COMP_0895,INVESTMENT_01,investment,Banco Sabadell,sabadell_emp,EUR,2023-09-14 09:30:21
PRODUCT_07048,COMP_0075,CHECKING_13,checking,Caixabank,caixa_emp,EUR,2022-11-17 13:29:39
PRODUCT_07049,COMP_0288,CARD_03,card,Bankinter,bankinter,EUR,2023-06-16 10:38:30
PRODUCT_07050,COMP_1049,CARD_06,card,Caixabank Empresas,caixa_emp,EUR,2026-03-11 15:44:52
PRODUCT_07051,COMP_1229,CHECKING_04,checking,HSBC Corporate,hsbccorporate,USD,2026-01-13 20:58:20
PRODUCT_07053,COMP_1054,CHECKING_01,checking,Caixabank,caixa_emp,EUR,2024-03-12 10:05:10
PRODUCT_07054,COMP_0455,CHECKING_02,checking,Banco Santander Empresas,santander_emp,EUR,2025-01-22 09:31:24
PRODUCT_07055,COMP_1160,CHECKING_08,checking,Banco Santander Empresas,santander_emp,EUR,2026-04-28 09:35:48
PRODUCT_07056,COMP_1079,CHECKING_02,checking,Banco Sabadell,sabadell_emp,EUR,2024-05-10 10:25:41
PRODUCT_07059,COMP_0631,CHECKING_02,checking,Banco Santander Empresas,santander_emp,EUR,2025-01-22 09:31:24
PRODUCT_07061,COMP_1042,CHECKING_05,checking,BBVA Net Cash Empresas,bbva_emp,EUR,2023-11-28 10:28:43
PRODUCT_07062,COMP_0047,CHECKING_10,checking,BBVA Net Cash Empresas,bbva_emp,EUR,2025-09-09 12:41:52
PRODUCT_07063,COMP_1019,CHECKING_04,checking,Other (customer-defined),custom,EUR,2026-03-19 12:02:14
PRODUCT_07064,COMP_0768,INVESTMENT_01,investment,Banco Santander Empresas,santander_emp,EUR,2025-10-06 15:33:06
PRODUCT_07065,COMP_0764,CHECKING_02,checking,Bankinter Empresas,bankinter_emp,EUR,2024-07-30 12:24:20
PRODUCT_07066,COMP_0471,CHECKING_19,checking,iberCaja,ibercaja,EUR,2022-04-06 12:30:56
PRODUCT_07068,COMP_0292,CHECKING_37,checking,Other (customer-defined),custom,EUR,2025-10-15 10:51:17
PRODUCT_07069,COMP_0007,CARD_08,card,Banco Santander Empresas,santander_emp,EUR,2026-03-10 15:44:41
PRODUCT_07070,COMP_0604,INVESTMENT_05,investment,Banca March,bancamarch,EUR,2026-08-19 08:50:53
PRODUCT_07072,COMP_0693,CHECKING_10,checking,Banca March,bancamarch,GBP,2026-03-02 10:08:50
PRODUCT_07073,COMP_0111,CHECKING_01,checking,BNP Paribas - Fortis Corporate,fortis-corporate_be,EUR,2026-04-27 11:48:35
PRODUCT_07074,COMP_0496,CHECKING_11,checking,Ebury GLOBAL,ebury,ZAR,2025-12-02 11:28:22
PRODUCT_07075,COMP_0854,CHECKING_04,checking,Bankinter Empresas,bankinter_emp,EUR,2025-07-29 14:25:15
PRODUCT_07076,COMP_0526,CHECKING_02,checking,Banco Sabadell T. sec - CAL Empresas,sabadell_emp_sec,EUR,2025-05-22 14:36:58
PRODUCT_07077,COMP_0544,CHECKING_04,checking,Caixabank Empresas,caixa_emp,EUR,2025-02-11 15:53:45
PRODUCT_07078,COMP_0440,CHECKING_02,checking,Vietcombank,_vietcom,USD,2022-04-21 14:07:04
PRODUCT_07079,COMP_0499,CARD_03,card,BBVA Net Cash Empresas,bbva_emp,EUR,2026-05-12 13:51:59
PRODUCT_07081,COMP_0228,CHECKING_08,checking,BBVA Net Cash Empresas,bbva_emp,EUR,2026-03-16 11:41:03
PRODUCT_07083,COMP_0450,CHECKING_03,checking,Bankinter Empresas,bankinter_emp,EUR,2024-11-05 08:21:31
PRODUCT_07084,COMP_0415,CARD_03,card,BBVA Net Cash Empresas,bbva_emp,EUR,2026-06-09 07:45:40
PRODUCT_07085,COMP_1267,CHECKING_06,checking,Banco Santander Empresas,santander_emp,EUR,2025-11-03 08:59:55
PRODUCT_07086,COMP_0526,CARD_01,card,Banco Sabadell T. sec - CAL Empresas,sabadell_emp_sec,EUR,2025-05-22 15:02:56
PRODUCT_07087,COMP_0473,CHECKING_03,checking,Banco Santander Empresas,santander_emp,EUR,2026-02-27 09:45:38
PRODUCT_07088,COMP_0540,CHECKING_06,checking,Banco Santander Empresas,santander_emp,EUR,2026-03-17 16:50:28
PRODUCT_07092,COMP_0073,CHECKING_09,checking,Banco Santander Empresas,santander_emp,EUR,2024-11-06 14:24:57
PRODUCT_07093,COMP_0850,LINEOFCOMEX_02,lineofcomex,RuralVia Empresas,ruralvia_emp,EUR,2026-07-13 16:39:39
PRODUCT_07094,COMP_0515,CHECKING_13,checking,Banco Sabadell T. sec - CAL Empresas,sabadell_emp_sec,USD,2025-10-14 11:30:16
PRODUCT_07095,COMP_0511,CHECKING_08,checking,Bankinter Empresas,bankinter_emp,EUR,2024-11-05 08:16:42
PRODUCT_07097,COMP_0376,CHECKING_17,checking,Banco Sabadell Empresas,sabadell_emp,EUR,2026-04-08 08:13:10
PRODUCT_07098,COMP_0496,CHECKING_12,checking,Paypal,paypal,USD,2026-02-23 16:50:32
PRODUCT_07100,COMP_0762,CHECKING_01,checking,Caixabank Empresas,caixa_emp,EUR,2026-04-10 09:21:43
PRODUCT_07101,COMP_1252,CHECKING_09,checking,Banco Santander Empresas,santander_emp,EUR,2026-04-08 13:54:17
PRODUCT_07102,COMP_0522,CHECKING_03,checking,Payhawk,payhawk,EUR,2024-11-20 15:26:11
PRODUCT_07104,COMP_0528,CHECKING_02,checking,Other (customer-defined),custom,CHF,2026-01-22 13:42:30
PRODUCT_07106,COMP_0169,CHECKING_05,checking,BBVA Net Cash Empresas,bbva_emp,EUR,2025-09-02 10:49:39
PRODUCT_07108,COMP_0271,CHECKING_16,checking,Cajamar,cajamar,EUR,2026-04-15 15:15:09
PRODUCT_07109,COMP_0581,CHECKING_02,checking,Caixabank,caixa_emp,EUR,2022-11-17 11:54:19
PRODUCT_07110,COMP_1035,CHECKING_07,checking,Caixabank Empresas,caixa_emp,EUR,2025-04-01 14:30:12
PRODUCT_07111,COMP_0007,LINEOFCOMEX_07,lineofcomex,Banco Santander Empresas,santander_emp,EUR,2026-03-26 11:44:04
PRODUCT_07112,COMP_0993,CHECKING_08,checking,Caixabank Empresas,caixa_emp,EUR,2025-10-15 13:07:18
PRODUCT_07113,COMP_0234,CHECKING_06,checking,Citibank Empresas GLOBAL,citi,USD,2025-11-11 16:32:34
PRODUCT_07114,COMP_0956,CARD_23,card,Caixabank Empresas,caixa_emp,EUR,2026-04-29 14:49:43
PRODUCT_07116,COMP_0171,CHECKING_01,checking,Banco Santander Empresas,santander_emp,EUR,2026-03-17 16:50:28
PRODUCT_07117,COMP_0072,CHECKING_02,checking,HSBC Corporate,hsbccorporate,GBP,2026-03-19 12:44:58
PRODUCT_07118,COMP_0264,CHECKING_01,checking,BNP Paribas - Mabanque Corporate,mabanque-corporate,EUR,2024-04-19 09:49:09
PRODUCT_07119,COMP_0803,CARD_17,card,BBVA,bbva_emp,EUR,2023-10-23 10:41:31
PRODUCT_07120,COMP_0757,CHECKING_01,checking,Caixabank Empresas,caixa_emp,EUR,2026-03-24 11:53:02
PRODUCT_07121,COMP_0011,INVESTMENT_02,investment,Banco Santander Empresas,santander_emp,EUR,2025-10-20 16:58:28
PRODUCT_07122,COMP_1013,CHECKING_03,checking,Kutxabank Empresas,kutxabank_emp,EUR,2024-12-11 12:31:42
PRODUCT_07123,COMP_0993,CARD_02,card,Banco Santander Empresas,santander_emp,EUR,2025-10-20 08:40:57
PRODUCT_07124,COMP_0282,CHECKING_15,checking,Caixabank,caixa_emp,EUR,2024-02-19 10:45:26
PRODUCT_07125,COMP_0186,CHECKING_02,checking,Banco Sabadell T. sec - CAL Empresas,sabadell_emp_sec,EUR,2024-09-17 13:28:16
PRODUCT_07126,COMP_0951,CHECKING_05,checking,BBVA,bbva_emp,EUR,2024-02-09 12:41:51
PRODUCT_07127,COMP_0610,CHECKING_04,checking,Bankinter,bankinter_emp,EUR,2024-06-26 15:09:59
PRODUCT_07128,COMP_1268,CHECKING_08,checking,Banco Sabadell Empresas,sabadell_emp,EUR,2026-04-28 13:00:36
PRODUCT_07129,COMP_0601,CHECKING_07,checking,Banco Santander Empresas,santander_emp,EUR,2026-04-08 13:38:46
PRODUCT_07130,COMP_0926,CHECKING_08,checking,Banco Santander Empresas,santander_emp,EUR,2025-04-04 11:45:23
PRODUCT_07131,COMP_0025,CHECKING_04,checking,Other (customer-defined),custom,USD,2025-06-07 13:58:08
PRODUCT_07132,COMP_0855,CHECKING_09,checking,Kutxabank Empresas,kutxabank_emp,EUR,2026-06-09 09:05:58
PRODUCT_07135,COMP_0139,CHECKING_09,checking,Banco Sabadell Empresas,sabadell_emp,EUR,2025-04-04 11:18:24
PRODUCT_07136,COMP_0576,CHECKING_06,checking,BBVA Net Cash Empresas,bbva_emp,EUR,2026-06-23 09:11:09
PRODUCT_07137,COMP_1247,CHECKING_04,checking,Banco Santander Empresas,santander_emp,EUR,2025-04-04 11:45:23
PRODUCT_07138,COMP_0946,CHECKING_06,checking,Revolut,revolut,USD,2025-12-16 20:24:31
PRODUCT_07139,COMP_0406,INVESTMENT_02,investment,HSBC Corporate EU,hsbccorporate_eu,USD,2026-09-09 13:08:20
PRODUCT_07140,COMP_1048,CARD_04,card,BBVA Net Cash Empresas,bbva_emp,EUR,2025-10-17 10:15:56
PRODUCT_07141,COMP_1024,CARD_03,card,Banco Santander Empresas,santander_emp,EUR,2025-10-20 08:40:57
PRODUCT_07142,COMP_0447,CHECKING_07,checking,Bankinter Empresas,bankinter_emp,EUR,2026-09-07 10:05:03
PRODUCT_07145,COMP_1284,CHECKING_02,checking,Banco Sabadell Empresas,sabadell_emp,EUR,2026-02-17 09:27:53
PRODUCT_07146,COMP_0388,CHECKING_08,checking,Caixabank,caixa_emp,EUR,2024-02-19 10:40:31
PRODUCT_07148,COMP_0078,CHECKING_01,checking,Bankinter Empresas,bankinter_emp,EUR,2026-04-23 11:23:06
PRODUCT_07149,COMP_1053,CHECKING_20,checking,Banco Sabadell Empresas,sabadell_emp,EUR,2026-07-08 09:17:39
PRODUCT_07151,COMP_1067,CHECKING_16,checking,Other (customer-defined),custom,SGD,2025-06-07 13:38:21
PRODUCT_07152,COMP_1286,CHECKING_03,checking,Caixabank Empresas,caixa_emp,EUR,2024-11-20 14:52:33
PRODUCT_07153,COMP_1086,CHECKING_12,checking,Revolut,revolut,EUR,2023-10-30 11:41:37
PRODUCT_07154,COMP_0542,CARD_04,card,Caixabank Empresas,caixa_emp,EUR,2025-03-24 15:28:24
PRODUCT_07155,COMP_1004,CHECKING_04,checking,Brex,ins_127888,USD,2024-07-03 10:50:28
PRODUCT_07156,COMP_1222,WALLET_01,wallet,Embat,embat,MXN,2026-08-19 07:41:48
PRODUCT_07157,COMP_0732,CHECKING_02,checking,BBVA Net Cash Empresas,bbva_emp,EUR,2024-07-30 10:51:34
PRODUCT_07158,COMP_1279,CARD_03,card,BBVA,bbva_emp,EUR,2024-03-11 13:51:43
PRODUCT_07159,COMP_1149,CARD_04,card,Banco Santander Empresas,santander_emp,EUR,2025-09-11 11:13:14
PRODUCT_07163,COMP_0799,CHECKING_07,checking,Barclays Corporate,barclays_corporate,GBP,2026-01-28 14:45:29
PRODUCT_07166,COMP_0797,CHECKING_24,checking,Banca March,bancamarch,EUR,2025-10-29 16:50:26
PRODUCT_07167,COMP_0007,INVESTMENT_03,investment,Banco Sabadell T. sec - CAL Empresas,sabadell_emp_sec,EUR,2026-03-11 08:04:50
PRODUCT_07170,COMP_0964,CHECKING_03,checking,Caixabank,caixa,EUR,2026-04-23 11:51:51
PRODUCT_07171,COMP_0773,CHECKING_14,checking,BBVA,bbva_emp,EUR,2024-06-21 10:58:14
PRODUCT_07172,COMP_0518,CHECKING_06,checking,Paypal,paypal,EUR,2024-11-13 14:14:19
PRODUCT_07173,COMP_0674,CHECKING_13,checking,BBVA,bbva_emp,EUR,2024-06-26 16:09:21
PRODUCT_07175,COMP_0501,CHECKING_02,checking,Caixabank Empresas,caixa_emp,EUR,2026-04-20 15:31:32
PRODUCT_07176,COMP_0407,CARD_04,card,Abanca Empresas,abanca_emp,EUR,2025-10-09 12:15:36
PRODUCT_07178,COMP_0837,CHECKING_26,checking,Bankinter,bankinter_emp,EUR,2023-07-19 08:36:30
PRODUCT_07179,COMP_1005,CHECKING_03,checking,Bankinter Empresas,bankinter_emp,EUR,2025-08-28 07:46:26
PRODUCT_07180,COMP_0025,CHECKING_05,checking,Barclays Corporate,barclays_corporate,USD,2026-05-24 06:18:07
PRODUCT_07181,COMP_1279,CARD_04,card,BBVA,bbva_emp,EUR,2024-03-11 13:51:43
PRODUCT_07182,COMP_0956,CARD_24,card,Caixabank Empresas,caixa_emp,EUR,2026-04-29 14:49:43
PRODUCT_07184,COMP_0659,CARD_03,card,Bankinter,bankinter_emp,EUR,2024-03-11 11:59:54
PRODUCT_07186,COMP_1036,INVESTMENT_05,investment,Banco Sabadell Empresas,sabadell_emp,EUR,2026-07-13 12:17:42
PRODUCT_07188,COMP_0803,CARD_18,card,Banco Santander,santander_emp,EUR,2023-10-23 10:45:54
PRODUCT_07189,COMP_0920,CHECKING_03,checking,Intesa Sanpaolo,sanpaolo_it,EUR,2026-03-02 11:25:52
PRODUCT_07191,COMP_1096,CHECKING_06,checking,Other (customer-defined),custom,EUR,2024-06-05 13:46:10
PRODUCT_07193,COMP_1260,CHECKING_06,checking,Laboral Kutxa Empresas,cajalaboral_emp,EUR,2026-02-26 10:34:45
PRODUCT_07195,COMP_1075,CHECKING_03,checking,BNP Paribas - Corporate,mabanque-corporate,EUR,2025-12-04 15:10:54
PRODUCT_07196,COMP_1066,CHECKING_05,checking,BBVA Net Cash Empresas,bbva_emp,EUR,2025-10-02 11:09:05
PRODUCT_07197,COMP_0956,CARD_25,card,Caixabank Empresas,caixa_emp,EUR,2026-04-29 14:49:43
PRODUCT_07198,COMP_0444,CARD_23,card,Banco Sabadell Empresas,sabadell_emp,EUR,2026-03-13 12:08:09
PRODUCT_07200,COMP_1178,CHECKING_07,checking,Caixabank,caixa,EUR,2025-07-11 06:14:38
PRODUCT_07203,COMP_0795,CHECKING_04,checking,Caixabank,caixa,EUR,2026-04-23 11:55:22
PRODUCT_07204,COMP_0670,CHECKING_07,checking,Revolut,revolut,USD,2024-11-13 08:44:32
PRODUCT_07205,COMP_0139,CHECKING_10,checking,Banco Sabadell Empresas,sabadell_emp,EUR,2025-04-04 11:18:24
PRODUCT_07206,COMP_0773,CHECKING_15,checking,Banco Sabadell,sabadell_emp,EUR,2024-06-26 10:36:35
PRODUCT_07207,COMP_0282,CHECKING_16,checking,Caixabank,caixa_emp,EUR,2024-02-19 10:45:26
PRODUCT_07208,COMP_0919,CHECKING_20,checking,Deutsche Bank Empresas,deutschebank_emp,EUR,2025-11-03 11:32:24
PRODUCT_07211,COMP_1066,CHECKING_06,checking,Revolut,revolut,USD,2025-10-03 11:21:06
PRODUCT_07212,COMP_1215,CARD_08,card,Caixabank Empresas,caixa_emp,EUR,2026-07-09 07:41:26
PRODUCT_07213,COMP_0491,CARD_06,card,Banco Santander Empresas,santander_emp,EUR,2024-09-24 11:51:59
PRODUCT_07215,COMP_1028,CARD_07,card,Caixabank Empresas,caixa_emp,EUR,2026-03-20 13:21:38
PRODUCT_07216,COMP_0174,CARD_02,card,Banco Santander,santander_emp,EUR,2026-02-17 14:15:19
PRODUCT_07218,COMP_0257,CHECKING_06,checking,Banco Sabadell T. sec - CAL Empresas,sabadell_emp_sec,USD,2025-03-24 12:10:37
PRODUCT_07219,COMP_0848,CHECKING_08,checking,Wells Fargo,ins_127991,USD,2026-03-18 11:45:51
PRODUCT_07222,COMP_1000,CHECKING_01,checking,Abn Amro NL,abn-amro-nl,EUR,2026-03-11 09:14:09
PRODUCT_07223,COMP_0370,INVESTMENT_01,investment,Revolut,revolut_gb,GBP,2026-04-08 10:56:33
PRODUCT_07224,COMP_1206,CHECKING_03,checking,Banco Santander Empresas,santander_emp,EUR,2025-02-21 12:18:53
PRODUCT_07225,COMP_0753,CHECKING_02,checking,Caixabank Empresas,caixa_emp,EUR,2025-06-10 14:42:15
PRODUCT_07226,COMP_0313,CHECKING_02,checking,Banco Santander Empresas,santander_emp,USD,2024-11-07 16:58:59
PRODUCT_07227,COMP_0462,CHECKING_02,checking,Banca Credito Italiano (UniCredit),unicredit,EUR,2022-10-18 07:52:01
PRODUCT_07229,COMP_0742,CHECKING_04,checking,Banco Sabadell Empresas,sabadell_emp,EUR,2026-03-03 09:39:37
PRODUCT_07231,COMP_1017,CHECKING_01,checking,Kutxabank Empresas,kutxabank_emp,EUR,2025-12-01 14:14:43
PRODUCT_07232,COMP_1001,CHECKING_03,checking,BBVA Net Cash Empresas,bbva_emp,EUR,2026-07-21 10:44:15
PRODUCT_07234,COMP_1150,CARD_01,card,BBVA Net Cash Empresas,bbva_emp,EUR,2025-02-10 12:07:55
PRODUCT_07235,COMP_0029,CHECKING_06,checking,Other (customer-defined),custom,EUR,2025-11-20 10:14:08
PRODUCT_07236,COMP_0405,CARD_03,card,BBVA,bbva_emp,EUR,2024-03-26 09:12:48
PRODUCT_07237,COMP_1037,CHECKING_09,checking,Banca March,bancamarch,EUR,2025-10-29 16:36:02
PRODUCT_07238,COMP_0630,CHECKING_14,checking,Caixabank Empresas,caixa_emp,EUR,2026-02-13 10:38:01
PRODUCT_07239,COMP_0415,CARD_04,card,BBVA Net Cash Empresas,bbva_emp,EUR,2026-06-09 07:45:40
PRODUCT_07240,COMP_0978,CHECKING_06,checking,Other (customer-defined),custom,EUR,2025-01-15 13:27:21
PRODUCT_07241,COMP_0630,CHECKING_15,checking,Caja Rural de Almendralejo,cajaalmendralejo,EUR,2026-02-13 10:41:17
PRODUCT_07243,COMP_0360,CHECKING_09,checking,iberCaja,ibercaja,EUR,2026-04-20 15:35:55
PRODUCT_07244,COMP_1012,CARD_05,card,Banco Santander Empresas,santander_emp,EUR,2026-03-05 14:58:38
PRODUCT_07245,COMP_1053,CHECKING_21,checking,Banco Santander Empresas,santander_emp,EUR,2026-07-06 13:46:32
PRODUCT_07246,COMP_0961,CHECKING_04,checking,Payoneer - EU,payoneer,EUR,2024-11-13 09:20:17
PRODUCT_07247,COMP_0302,CHECKING_06,checking,KBC Brussels Belgium,kbcbrussels_belgium,PLN,2026-09-10 15:13:48
PRODUCT_07250,COMP_0364,CHECKING_02,checking,Banco Sabadell Empresas,sabadell_emp,EUR,2026-05-11 08:57:00
PRODUCT_07251,COMP_0924,CHECKING_06,checking,Bankinter Empresas,bankinter_emp,EUR,2026-05-14 09:49:36
PRODUCT_07252,COMP_1187,CHECKING_19,checking,Banking Circle GLOBAL,bc,GBP,2026-02-05 16:17:05
PRODUCT_07254,COMP_0411,CHECKING_08,checking,Bankinter Empresas,bankinter_emp,EUR,2025-05-26 10:46:37
PRODUCT_07255,COMP_0082,CHECKING_08,checking,Banco Sabadell T. sec - CAL Empresas,sabadell_emp_sec,EUR,2025-05-22 14:36:58
PRODUCT_07256,COMP_0651,TPV_04,tpv,Redsys,redsys,EUR,2025-09-23 10:46:52
PRODUCT_07257,COMP_0446,CHECKING_08,checking,Payhawk,payhawk,EUR,2025-12-23 09:28:04
PRODUCT_07258,COMP_0268,CHECKING_07,checking,Lloyds UK (Commercial),lloydscommercial_uk,CAD,2024-11-08 10:49:24
PRODUCT_07259,COMP_0013,CARD_01,card,Caixabank Empresas,caixa_emp,EUR,2026-03-03 10:28:10
PRODUCT_07260,COMP_0909,CHECKING_27,checking,Deutsche Bank,deutschebank_emp,EUR,2024-04-29 09:57:30
PRODUCT_07261,COMP_0872,CARD_04,card,Banca March,bancamarch,EUR,2026-03-04 08:51:47
PRODUCT_07262,COMP_0406,CHECKING_09,checking,HSBC Corporate EU,hsbccorporate_eu,EUR,2026-03-27 10:47:38
PRODUCT_07264,COMP_0316,CHECKING_04,checking,Payhawk,payhawk,EUR,2026-07-02 11:22:09
PRODUCT_07266,COMP_0074,CHECKING_05,checking,Banca March,bancamarch,EUR,2025-03-20 14:32:36
PRODUCT_07267,COMP_1134,CARD_02,card,Bankinter,bankinter_emp,EUR,2024-03-11 11:51:55
PRODUCT_07268,COMP_0342,CHECKING_05,checking,iberCaja,ibercaja,EUR,2024-12-16 16:16:40
PRODUCT_07269,COMP_0387,CHECKING_07,checking,Banco Santander Empresas,santander_emp,EUR,2025-02-14 12:46:59
PRODUCT_07270,COMP_0909,CHECKING_28,checking,RuralVia Empresas,ruralvia_emp,EUR,2025-04-16 12:00:48
PRODUCT_07274,COMP_0730,INVESTMENT_01,investment,SSK München,ssk-muenchen,EUR,2026-07-15 11:41:30
PRODUCT_07275,COMP_0110,SAVING_01,saving,DNB,dnb,NOK,2026-04-09 13:31:20
PRODUCT_07276,COMP_0897,TPV_02,tpv,Redsys,redsys,EUR,2025-09-22 07:13:00
PRODUCT_07277,COMP_1006,CHECKING_05,checking,Payhawk,payhawk,EUR,2024-09-30 12:15:24
PRODUCT_07278,COMP_0665,CHECKING_07,checking,Banco Santander Empresas,santander_emp,EUR,2026-03-03 12:24:23
PRODUCT_07280,COMP_0768,CHECKING_05,checking,Banco Santander Empresas,santander_emp,EUR,2025-09-24 16:06:12
PRODUCT_07281,COMP_0071,CHECKING_02,checking,Banco Santander Empresas,santander_emp,EUR,2025-02-11 09:34:17
PRODUCT_07282,COMP_0477,RISK_11,risk,Other (customer-defined),custom,USD,2026-04-16 16:22:46
PRODUCT_07283,COMP_0630,CARD_25,card,Caixabank Empresas,caixa_emp,EUR,2026-02-13 10:38:01
PRODUCT_07284,COMP_0984,CARD_01,card,BBVA Net Cash Empresas,bbva_emp,EUR,2025-09-23 13:41:31
PRODUCT_07285,COMP_1009,CHECKING_02,checking,Banco Santander Empresas,santander_emp,EUR,2025-03-06 07:51:54
PRODUCT_07286,COMP_0385,CHECKING_16,checking,Banco Santander Empresas,santander_emp,EUR,2025-07-15 14:02:14
PRODUCT_07287,COMP_1046,CHECKING_03,checking,Bankinter Empresas,bankinter_emp,EUR,2024-12-19 10:29:05
PRODUCT_07288,COMP_1027,CHECKING_04,checking,Banco Sabadell T. sec - CAL Empresas,sabadell_emp_sec,EUR,2025-11-28 07:03:20
PRODUCT_07289,COMP_1036,CHECKING_12,checking,Banca March,bancamarch,EUR,2026-07-13 12:44:04
PRODUCT_07290,COMP_1038,CHECKING_09,checking,Abanca Empresas,abanca_emp,EUR,2025-09-09 11:43:52
PRODUCT_07291,COMP_0909,CARD_21,card,Bankinter,bankinter_emp,EUR,2024-04-03 07:31:38
PRODUCT_07292,COMP_0027,CHECKING_04,checking,BBVA Net Cash Empresas,bbva_emp,EUR,2026-05-12 13:46:21
PRODUCT_07293,COMP_0016,CHECKING_11,checking,Banco Santander,santander_emp,EUR,2026-01-22 15:33:58
PRODUCT_07296,COMP_0812,CHECKING_03,checking,Banca March,bancamarch,EUR,2023-05-29 10:19:16
PRODUCT_07297,COMP_0007,CARD_09,card,Banco Santander Empresas,santander_emp,EUR,2026-03-10 15:44:41
PRODUCT_07300,COMP_0042,CHECKING_13,checking,Abanca,abanca,USD,2023-07-11 09:29:19
PRODUCT_07302,COMP_0542,CHECKING_07,checking,Caixabank Empresas,caixa_emp,EUR,2025-03-24 15:28:24
PRODUCT_07305,COMP_0928,CARD_01,card,Bankinter Empresas,bankinter_emp,EUR,2025-09-25 09:43:13
PRODUCT_07308,COMP_0300,CHECKING_03,checking,Revolut,revolut,USD,2026-02-17 09:36:12
PRODUCT_07309,COMP_0512,CHECKING_03,checking,Banco Santander Empresas,santander_emp,EUR,2025-12-10 14:49:59
PRODUCT_07310,COMP_0837,INVESTMENT_10,investment,Deutsche Bank (ES) - Empresas,ins_127317,EUR,2026-02-13 09:07:29
PRODUCT_07311,COMP_0777,CHECKING_03,checking,Coastal Community Bank (WA) - Online Banking,ins_111890,USD,2026-05-20 08:15:30
PRODUCT_07312,COMP_0286,CHECKING_02,checking,BBVA Net Cash Empresas,bbva_emp,EUR,2026-04-28 15:20:12
PRODUCT_07313,COMP_0909,CHECKING_29,checking,Caja de Ingenieros,cajaingenieros,EUR,2024-05-02 11:43:22
PRODUCT_07315,COMP_0500,CHECKING_01,checking,BBVA Net Cash Empresas,bbva_emp,EUR,2024-12-03 12:38:21
PRODUCT_07318,COMP_0909,CARD_22,card,Bankinter,bankinter_emp,EUR,2024-04-03 07:31:38
PRODUCT_07319,COMP_0366,CHECKING_04,checking,National Bank of Greece,nbg,EUR,2026-03-06 12:15:49
PRODUCT_07324,COMP_0034,CHECKING_10,checking,Banco Sabadell T. sec - CAL Empresas,sabadell_emp_sec,EUR,2025-05-22 14:36:58
PRODUCT_07329,COMP_0700,CHECKING_02,checking,Caixabank Empresas,caixa_emp,EUR,2025-03-17 17:09:07
PRODUCT_07330,COMP_1037,TPV_04,tpv,Redsys,redsys,EUR,2025-09-23 07:11:27
PRODUCT_07334,COMP_1036,CHECKING_13,checking,Banco Santander Empresas,santander_emp,EUR,2026-07-13 10:26:13
PRODUCT_07335,COMP_0007,CARD_10,card,Banco Santander Empresas,santander_emp,EUR,2026-03-10 15:44:41
PRODUCT_07336,COMP_0946,CHECKING_07,checking,Revolut,revolut,EUR,2025-12-16 20:24:31
PRODUCT_07337,COMP_0447,CARD_06,card,Banco Santander Empresas,santander_emp,EUR,2025-09-15 09:24:19
PRODUCT_07338,COMP_1136,CHECKING_02,checking,Banco Santander Empresas,santander_emp,EUR,2025-01-22 09:31:24
PRODUCT_07339,COMP_0877,CHECKING_11,checking,Unicaja Empresas,unicaja_emp,EUR,2026-02-11 08:36:57
PRODUCT_07342,COMP_0578,CHECKING_03,checking,Other (customer-defined),custom,EUR,2024-05-22 11:37:58
PRODUCT_07343,COMP_1141,CHECKING_10,checking,Other (customer-defined),custom,EUR,2026-04-17 08:01:40
PRODUCT_07344,COMP_0912,CARD_06,card,Banco Santander Empresas,santander_emp,EUR,2026-03-27 09:28:26
PRODUCT_07345,COMP_0603,CHECKING_04,checking,Banco Santander Empresas,santander_emp,EUR,2026-06-15 15:00:23
PRODUCT_07347,COMP_0630,CARD_26,card,Caixabank Empresas,caixa_emp,EUR,2026-02-13 10:38:01
PRODUCT_07348,COMP_0112,CHECKING_02,checking,Banco Santander Empresas,santander_emp,EUR,2025-01-22 09:31:24
PRODUCT_07349,COMP_0924,CHECKING_07,checking,Banca March,bancamarch,EUR,2024-10-15 11:17:59
PRODUCT_07350,COMP_0444,CARD_24,card,Banco Sabadell Empresas,sabadell_emp,EUR,2026-03-13 12:08:09
PRODUCT_07351,COMP_0860,CHECKING_03,checking,Other (customer-defined),custom,XOF,2026-05-12 11:42:22
PRODUCT_07352,COMP_0597,CHECKING_06,checking,Cajaruralaragon,ruralvia_cajaruralaragon,EUR,2026-01-02 12:52:33
PRODUCT_07355,COMP_0488,CHECKING_01,checking,Other (customer-defined),custom,EUR,2025-12-12 10:34:20
PRODUCT_07356,COMP_0723,CHECKING_06,checking,Banco Santander Empresas,santander_emp,EUR,2025-11-03 10:37:28
PRODUCT_07358,COMP_0897,CHECKING_07,checking,Caixabank Empresas,caixa_emp,EUR,2025-09-18 09:18:26
PRODUCT_07359,COMP_0639,CHECKING_14,checking,Caixabank,caixa_emp,EUR,2022-11-17 14:09:01
PRODUCT_07360,COMP_0278,CHECKING_04,checking,Caixabank,caixa_emp,EUR,2023-10-20 06:51:52
PRODUCT_07361,COMP_0935,CHECKING_02,checking,Caixabank Empresas,caixa_emp,EUR,2025-10-02 13:16:43
PRODUCT_07363,COMP_0950,CHECKING_03,checking,BBVA,bbva_emp,EUR,2024-02-05 09:29:16
PRODUCT_07364,COMP_0604,CHECKING_15,checking,Cajamar,cajamar,EUR,2025-03-31 10:14:30
PRODUCT_07365,COMP_0362,CARD_07,card,Banco Sabadell T. sec - CAL Empresas,sabadell_emp_sec,EUR,2024-09-17 12:48:01
PRODUCT_07367,COMP_0549,CHECKING_04,checking,Abanca,abanca,EUR,2025-05-20 10:07:19
PRODUCT_07370,COMP_0760,CHECKING_03,checking,Caixabank,caixa_emp,EUR,2026-02-17 11:06:03
PRODUCT_07371,COMP_0832,CHECKING_13,checking,Caixabank Empresas,caixa_emp,USD,2024-10-15 07:52:42
PRODUCT_07372,COMP_0007,CHECKING_16,checking,Deutsche Bank Empresas,deutschebank_emp,EUR,2026-03-24 15:53:14
PRODUCT_07373,COMP_0274,CHECKING_06,checking,Banco Santander Empresas,santander_emp,EUR,2025-02-14 12:38:30
PRODUCT_07374,COMP_0604,CHECKING_16,checking,Abanca Empresas,abanca_emp,EUR,2024-10-17 16:01:12
PRODUCT_07378,COMP_1146,CHECKING_03,checking,Millennium bcp,millenniumbcp,EUR,2026-01-22 15:48:11
PRODUCT_07380,COMP_0977,CARD_01,card,Banco Sabadell T. sec - CAL Empresas,sabadell_emp_sec,EUR,2026-01-23 12:46:15
PRODUCT_07381,COMP_0182,CHECKING_12,checking,Commerzbank AG,commerzbank,EUR,2026-04-20 13:10:21
PRODUCT_07382,COMP_0878,CHECKING_03,checking,Banco Sabadell Empresas,sabadell_emp,EUR,2026-03-16 15:11:45
PRODUCT_07383,COMP_0244,CHECKING_03,checking,Banco Santander,santander_emp,EUR,2024-07-12 11:38:56
PRODUCT_07384,COMP_0765,CHECKING_02,checking,Other (customer-defined),custom,NAD,2024-12-19 07:57:34
PRODUCT_07385,COMP_1036,CHECKING_14,checking,Unicaja Empresas,unicaja_emp,EUR,2026-07-13 10:37:42
PRODUCT_07386,COMP_0978,CHECKING_07,checking,Banca March,bancamarch,EUR,2024-09-17 12:30:25
PRODUCT_07387,COMP_0744,WALLET_03,wallet,Embat,embat,MXN,2026-07-09 12:28:55
PRODUCT_07388,COMP_0292,CHECKING_38,checking,Other (customer-defined),custom,GHS,2025-10-15 10:25:02
PRODUCT_07389,COMP_0810,CHECKING_02,checking,Abanca,abanca_emp,EUR,2023-09-14 09:26:13
PRODUCT_07390,COMP_0568,CHECKING_11,checking,Payhawk,payhawk,EUR,2025-09-02 11:15:42
PRODUCT_07392,COMP_0514,CHECKING_04,checking,HSBC Corporate,hsbccorporate,GBP,2026-04-09 13:19:21
PRODUCT_07393,COMP_0700,CHECKING_03,checking,Banco Santander Empresas,santander_emp,EUR,2025-03-17 12:06:38
PRODUCT_07394,COMP_0349,CHECKING_04,checking,Citibank Empresas GLOBAL,citi,GBP,2025-11-11 15:20:31
PRODUCT_07396,COMP_1173,CHECKING_04,checking,Bankinter Empresas,bankinter_emp,USD,2024-11-05 08:18:15
PRODUCT_07397,COMP_0803,CARD_19,card,Banco Sabadell,sabadell_emp,EUR,2024-04-05 07:53:22
PRODUCT_07398,COMP_0288,CHECKING_06,checking,Revolut,revolut,USD,2024-08-22 06:55:43
PRODUCT_07399,COMP_0192,CHECKING_05,checking,Caixabank Empresas,caixa_emp,EUR,2026-03-17 17:10:34
PRODUCT_07401,COMP_0743,CARD_03,card,BBVA Net Cash Empresas,bbva_emp,EUR,2025-09-26 11:23:19
PRODUCT_07403,COMP_0139,CHECKING_11,checking,Banco Sabadell Empresas,sabadell_emp,EUR,2025-04-04 11:18:24
PRODUCT_07404,COMP_1098,CHECKING_01,checking,Banco Santander Empresas,santander_emp,EUR,2025-03-18 12:08:55
PRODUCT_07405,COMP_1215,CARD_09,card,Caixabank Empresas,caixa_emp,EUR,2026-07-09 07:41:26
PRODUCT_07406,COMP_0392,CHECKING_02,checking,Banco Santander Empresas,santander_emp,EUR,2025-01-22 09:31:24
PRODUCT_07407,COMP_1137,CHECKING_01,checking,Caixabank Empresas,caixa_emp,EUR,2024-09-25 07:48:35
PRODUCT_07408,COMP_0970,CHECKING_07,checking,BBVA Net Cash Empresas,bbva_emp,EUR,2026-03-05 10:06:22
PRODUCT_07410,COMP_0775,CHECKING_04,checking,Barclays Corporate,barclays_corporate,EUR,2026-06-11 21:12:37
PRODUCT_07411,COMP_0136,CARD_06,card,Banco Sabadell T. sec - CAL Empresas,sabadell_emp_sec,EUR,2024-09-17 13:28:16
PRODUCT_07412,COMP_0797,CHECKING_25,checking,Banca March,bancamarch,EUR,2025-09-19 14:26:12
PRODUCT_07414,COMP_0623,CHECKING_16,checking,Banco Sabadell T. sec - CAL Empresas,sabadell_emp_sec,EUR,2025-04-09 13:40:36
PRODUCT_07415,COMP_1088,CHECKING_01,checking,Bankinter Empresas,bankinter_emp,EUR,2025-11-04 15:03:16
PRODUCT_07416,COMP_0495,CHECKING_11,checking,Caixabank Empresas,caixa_emp,EUR,2025-12-11 08:58:24
PRODUCT_07417,COMP_0645,CHECKING_04,checking,Banco Santander Empresas,santander_emp,EUR,2025-04-04 10:39:46
PRODUCT_07418,COMP_0773,CHECKING_16,checking,Caixabank,caixa_emp,EUR,2025-02-11 09:38:14
PRODUCT_07419,COMP_0218,CHECKING_05,checking,Bankinter Empresas,bankinter_emp,EUR,2025-03-10 15:37:31
PRODUCT_07420,COMP_0658,CHECKING_04,checking,Other (customer-defined),custom,AED,2024-09-12 11:17:55
PRODUCT_07421,COMP_0387,CHECKING_08,checking,BBVA Net Cash Empresas,bbva_emp,EUR,2025-02-14 11:07:24
PRODUCT_07422,COMP_0924,CHECKING_08,checking,Banco Santander Empresas,santander_emp,EUR,2024-10-24 07:30:17
PRODUCT_07424,COMP_0561,CHECKING_02,checking,Caixabank Empresas,caixa_emp,EUR,2025-04-24 06:40:59
PRODUCT_07429,COMP_0611,CHECKING_05,checking,Caixabank,caixa,JPY,2024-06-26 09:52:31
PRODUCT_07430,COMP_1077,CARD_06,card,Banca March,bancamarch,EUR,2026-06-01 09:07:20
PRODUCT_07431,COMP_0828,CHECKING_02,checking,Other (customer-defined),custom,MZN,2023-10-04 07:45:33
PRODUCT_07432,COMP_0450,CHECKING_04,checking,Banco Sabadell Empresas,sabadell_emp,EUR,2025-10-05 06:33:58
PRODUCT_07433,COMP_1282,WALLET_01,wallet,Embat,embat,EUR,2025-10-09 09:57:07
PRODUCT_07434,COMP_0620,CHECKING_01,checking,BBVA Net Cash Empresas,bbva_emp,EUR,2026-03-16 15:19:06
PRODUCT_07435,COMP_0104,CHECKING_02,checking,Stripe,stripe,NZD,2026-03-03 11:44:42
PRODUCT_07436,COMP_0700,CHECKING_04,checking,RuralVia,ruralvia,EUR,2025-05-28 08:37:49
PRODUCT_07437,COMP_0037,CHECKING_02,checking,Banco Santander Empresas,santander_emp,EUR,2025-05-04 18:29:37
PRODUCT_07438,COMP_0182,CHECKING_13,checking,Deutsche Bank AG,deutschebank-pfb_de,EUR,2026-06-05 09:45:35
PRODUCT_07439,COMP_0940,CHECKING_03,checking,Banco Santander Empresas,santander_emp,EUR,2025-04-04 12:48:57
PRODUCT_07440,COMP_1006,CHECKING_06,checking,Paypal,paypal,EUR,2024-03-07 14:54:42
PRODUCT_07441,COMP_0772,CHECKING_04,checking,Banco Sabadell T. sec - CAL Empresas,sabadell_emp_sec,EUR,2025-03-24 12:42:26
PRODUCT_07442,COMP_0806,CHECKING_08,checking,Banco Sabadell T. sec - CAL Empresas,sabadell_emp_sec,EUR,2025-10-09 06:41:13
PRODUCT_07443,COMP_1168,CHECKING_02,checking,BBVA Net Cash Empresas,bbva_emp,EUR,2024-11-26 14:39:03
PRODUCT_07444,COMP_0982,CARD_14,card,Caixabank Empresas,caixa_emp,EUR,2025-03-25 10:07:20
PRODUCT_07445,COMP_1187,CHECKING_20,checking,Banking Circle GLOBAL,bc,USD,2026-02-06 11:36:55
PRODUCT_07446,COMP_0756,CHECKING_06,checking,Deutsche Bank Empresas,deutschebank_emp,EUR,2026-04-13 16:21:22
PRODUCT_07449,COMP_0491,CHECKING_08,checking,BBVA Net Cash Empresas,bbva_emp,EUR,2026-01-22 10:05:57
PRODUCT_07450,COMP_1149,INVESTMENT_10,investment,Deutsche Bank Empresas,deutschebank_emp,EUR,2025-09-30 12:30:54
PRODUCT_07451,COMP_0859,CHECKING_05,checking,Other (customer-defined),custom,EUR,2024-04-24 14:56:06
PRODUCT_07453,COMP_0255,CARD_09,card,Caixabank Empresas,caixa_emp,EUR,2026-03-11 14:59:23
PRODUCT_07454,COMP_0801,CHECKING_04,checking,Caixabank Empresas,caixa_emp,EUR,2025-03-24 15:39:35
PRODUCT_07456,COMP_0319,CHECKING_03,checking,BANCO SANTANDER TOTTA SA,banco-santander-totta-sa,EUR,2026-04-28 14:48:28
PRODUCT_07457,COMP_1068,TPV_01,tpv,Banco Sabadell Empresas,sabadell_emp,EUR,2026-02-19 15:47:26
PRODUCT_07458,COMP_0589,CHECKING_04,checking,Banco Santander Empresas,santander_emp,EUR,2026-04-15 14:44:50
PRODUCT_07462,COMP_0592,CHECKING_03,checking,Banco Santander Empresas,santander_emp,EUR,2025-12-10 10:50:48
PRODUCT_07463,COMP_1037,CHECKING_10,checking,Caixabank Empresas,caixa_emp,EUR,2025-09-18 09:49:12
PRODUCT_07465,COMP_1225,CHECKING_07,checking,BBVA Net Cash Empresas,bbva_emp,EUR,2026-06-23 09:22:57
PRODUCT_07467,COMP_0007,CHECKING_17,checking,iberCaja,ibercaja,EUR,2026-03-11 08:02:34
PRODUCT_07469,COMP_0284,CHECKING_02,checking,Renta 4 Banco,renta4,EUR,2026-09-02 11:58:51
PRODUCT_07470,COMP_0518,CHECKING_07,checking,Citibank Empresas GLOBAL,citi,EUR,2025-11-11 16:24:23
PRODUCT_07471,COMP_1130,INVESTMENT_01,investment,Banco Santander,santander_emp,EUR,2025-01-17 09:10:10
PRODUCT_07472,COMP_0256,CHECKING_03,checking,Caixabank Empresas,caixa_emp,USD,2025-06-10 14:08:23
PRODUCT_07475,COMP_0494,CHECKING_03,checking,Banco Santander Empresas,santander_emp,EUR,2025-02-06 15:03:34
PRODUCT_07477,COMP_0519,CHECKING_08,checking,Banco Santander,santander_emp,EUR,2024-01-08 15:40:33
PRODUCT_07478,COMP_1016,CARD_33,card,Caixabank Empresas,caixa_emp,EUR,2026-03-20 13:16:26
PRODUCT_07479,COMP_0282,CHECKING_17,checking,Caixabank,caixa_emp,EUR,2024-02-19 10:45:26
PRODUCT_07480,COMP_0130,CHECKING_04,checking,Banco Santander Empresas,santander_emp,EUR,2024-12-19 11:00:01
PRODUCT_07481,COMP_0007,CHECKING_18,checking,Abanca Empresas,abanca_emp,EUR,2026-03-10 15:38:08
PRODUCT_07483,COMP_0100,CHECKING_10,checking,Banco Sabadell,sabadell,EUR,2025-05-21 08:44:27
PRODUCT_07485,COMP_1187,CHECKING_21,checking,Banking Circle GLOBAL,bc,USD,2026-02-06 11:37:26
PRODUCT_07488,COMP_0786,CHECKING_04,checking,Bankinter,bankinter_emp,EUR,2024-07-05 07:03:45
PRODUCT_07489,COMP_0864,CHECKING_12,checking,Paypal,paypal,EUR,2024-02-16 12:08:12
PRODUCT_07490,COMP_0576,CHECKING_07,checking,Banco Santander Empresas,santander_emp,EUR,2026-07-21 11:15:32
PRODUCT_07493,COMP_0664,CHECKING_05,checking,Laboral Kutxa Empresas,cajalaboral_emp,EUR,2026-02-25 16:15:44
PRODUCT_07494,COMP_1143,CHECKING_05,checking,Caixabank Empresas,caixa_emp,EUR,2024-12-27 12:03:47
PRODUCT_07496,COMP_0138,CHECKING_04,checking,Banco Santander Empresas,santander_emp,EUR,2025-12-10 13:07:58
PRODUCT_07499,COMP_1016,CARD_34,card,Caixabank Empresas,caixa_emp,EUR,2026-03-20 13:16:26
PRODUCT_07500,COMP_0077,CHECKING_02,checking,Caixabank,caixa_emp,EUR,2024-01-15 11:08:44
PRODUCT_07501,COMP_0313,CHECKING_03,checking,Banco Santander Empresas,santander_emp,GBP,2025-11-06 11:38:47
PRODUCT_07502,COMP_0478,CARD_02,card,Iberia Cards Empresas,iberiacards_emp,EUR,2025-09-30 11:04:39
PRODUCT_07504,COMP_0696,LINEOFCOMEX_02,lineofcomex,Banco Santander,santander_emp,EUR,2026-02-18 12:02:43
PRODUCT_07506,COMP_0285,CHECKING_01,checking,Banco Sabadell T. sec - CAL Empresas,sabadell_emp_sec,EUR,2023-11-08 15:30:35
PRODUCT_07509,COMP_0560,CHECKING_09,checking,Bankinter Empresas,bankinter_emp,EUR,2025-02-14 10:25:11
PRODUCT_07510,COMP_1006,CHECKING_07,checking,Paypal,paypal,USD,2024-03-07 14:54:42
PRODUCT_07511,COMP_0518,CHECKING_08,checking,Citibank Empresas GLOBAL,citi,USD,2025-11-11 16:32:34
PRODUCT_07512,COMP_1053,CHECKING_22,checking,Banco Santander Empresas,santander_emp,EUR,2026-07-06 13:46:32
PRODUCT_07513,COMP_1281,CHECKING_04,checking,Caixabank Empresas,caixa_emp,EUR,2025-04-01 09:48:45
PRODUCT_07515,COMP_0257,CHECKING_07,checking,Banco Santander Empresas,santander_emp,EUR,2025-03-25 08:16:34
PRODUCT_07516,COMP_0233,CHECKING_07,checking,Other (customer-defined),custom,CLP,2024-04-24 15:10:58
PRODUCT_07517,COMP_1030,CHECKING_02,checking,BBVA Net Cash Empresas,bbva_emp,EUR,2025-07-08 13:38:49
PRODUCT_07518,COMP_0928,CARD_02,card,Bankinter Empresas,bankinter_emp,EUR,2025-09-25 09:44:26
PRODUCT_07521,COMP_0816,CHECKING_06,checking,RuralVia,ruralvia_emp,EUR,2024-03-01 08:40:51
PRODUCT_07523,COMP_0947,CHECKING_06,checking,Laboral Kutxa,cajalaboral_emp,EUR,2023-05-30 13:52:41
PRODUCT_07524,COMP_0813,CHECKING_04,checking,Bankinter,bankinter_emp,EUR,2023-06-07 15:24:46
PRODUCT_07527,COMP_0280,CHECKING_04,checking,HSBC Corporate,hsbccorporate,USD,2026-07-14 11:37:03
PRODUCT_07529,COMP_0799,CHECKING_08,checking,Barclays Corporate,barclays_corporate,GBP,2026-01-28 14:45:29
PRODUCT_07530,COMP_0234,CARD_09,card,Banco Santander Empresas,santander_emp,EUR,2024-11-06 14:05:44
PRODUCT_07531,COMP_1280,CHECKING_05,checking,BBVA Net Cash Empresas,bbva_emp,EUR,2025-09-01 12:40:20
PRODUCT_07533,COMP_0636,CHECKING_03,checking,Caixabank Empresas,caixa_emp,EUR,2024-11-26 15:32:04
PRODUCT_07534,COMP_0249,CHECKING_05,checking,Revolut EU,revolut_gb,USD,2026-06-04 15:29:31
PRODUCT_07535,COMP_0900,CHECKING_06,checking,Other (customer-defined),custom,AOA,2026-02-18 12:25:29
PRODUCT_07536,COMP_0601,CHECKING_08,checking,Banco Santander,santander_emp,EUR,2023-04-27 09:54:05
PRODUCT_07537,COMP_0789,CHECKING_05,checking,Banco Sabadell T. sec - CAL Empresas,sabadell_emp_sec,EUR,2022-11-17 13:32:05
PRODUCT_07538,COMP_0613,CHECKING_06,checking,Banco Santander,santander_emp,EUR,2023-05-29 08:06:45
PRODUCT_07541,COMP_0252,CHECKING_43,checking,Banking Circle GLOBAL,bc,GBP,2026-07-28 13:45:29
PRODUCT_07543,COMP_1077,CARD_07,card,Banca March,bancamarch,EUR,2026-06-01 09:07:20
PRODUCT_07544,COMP_1233,CHECKING_08,checking,C.R. Del Sur,ruralvia_cajaruralsur,EUR,2025-01-30 11:47:31
PRODUCT_07545,COMP_0257,CHECKING_08,checking,Banco Santander Empresas,santander_emp,EUR,2025-03-25 08:15:06
PRODUCT_07546,COMP_0167,CHECKING_03,checking,Paypal,paypal,USD,2024-02-19 10:09:55
PRODUCT_07547,COMP_0004,CARD_07,card,Banco Santander Empresas,santander_emp,EUR,2026-02-25 09:39:18
PRODUCT_07548,COMP_0198,CHECKING_02,checking,Caixabank Empresas,caixa_emp,EUR,2025-07-02 11:05:10
PRODUCT_07549,COMP_0411,CHECKING_09,checking,Bankinter Empresas,bankinter_emp,EUR,2026-07-20 08:17:28
PRODUCT_07550,COMP_0126,CARD_07,card,Bankinter Empresas,bankinter_emp,EUR,2025-01-28 12:56:06
PRODUCT_07551,COMP_0646,CHECKING_04,checking,TransferWise,transferwise,EUR,2024-05-09 07:50:23
PRODUCT_07552,COMP_0762,CHECKING_02,checking,Revolut EU,revolut,EUR,2025-10-03 11:32:01
PRODUCT_07553,COMP_1233,CHECKING_09,checking,BBVA Net Cash Empresas,bbva_emp,EUR,2025-01-30 13:02:32
PRODUCT_07554,COMP_0512,CHECKING_04,checking,Banco Sabadell Empresas,sabadell_emp,EUR,2025-04-09 13:36:49
PRODUCT_07555,COMP_0880,CHECKING_01,checking,Other (customer-defined),custom,USD,2025-10-01 08:38:41
PRODUCT_07556,COMP_0940,CHECKING_04,checking,Banco Santander Empresas,santander_emp,EUR,2025-04-04 12:22:30
PRODUCT_07557,COMP_0745,CHECKING_05,checking,Banco Santander Empresas,santander_emp,EUR,2026-02-25 09:39:18
PRODUCT_07558,COMP_0655,CHECKING_02,checking,BBVA Net Cash Empresas,bbva_emp,EUR,2025-05-27 07:37:25
PRODUCT_07559,COMP_0370,CHECKING_04,checking,Revolut EU,revolut_gb,EUR,2026-01-26 17:02:09
PRODUCT_07560,COMP_0271,CHECKING_17,checking,Caixabank Empresas,caixa_emp,EUR,2026-04-20 11:10:04
PRODUCT_07563,COMP_1182,INVESTMENT_02,investment,Caixabank Empresas,caixa_emp,EUR,2026-02-19 13:23:35
PRODUCT_07565,COMP_0964,CARD_02,card,Caixabank,caixa,EUR,2026-04-14 08:29:23
PRODUCT_07566,COMP_1286,CHECKING_04,checking,Caixabank Empresas,caixa_emp,EUR,2024-11-20 14:52:33
PRODUCT_07569,COMP_0837,INVESTMENT_11,investment,Deutsche Bank (ES) - Empresas,ins_127317,EUR,2026-02-13 09:06:13
PRODUCT_07570,COMP_0282,CHECKING_18,checking,Caixabank,caixa_emp,EUR,2024-02-19 10:45:26
PRODUCT_07571,COMP_1237,CHECKING_03,checking,Banco Sabadell Empresas,sabadell_emp,EUR,2026-04-01 15:43:29
PRODUCT_07574,COMP_1142,CHECKING_02,checking,Bankinter Empresas,bankinter_emp,EUR,2024-11-11 17:06:00
PRODUCT_07575,COMP_1252,CHECKING_10,checking,Banco Santander Empresas,santander_emp,EUR,2026-04-08 12:18:02
PRODUCT_07576,COMP_0521,CHECKING_07,checking,Santander Bank - Business - Business,ins_125271,USD,2025-07-04 08:07:36
PRODUCT_07577,COMP_0705,CHECKING_02,checking,Banco Sabadell Empresas,sabadell_emp,EUR,2025-10-08 11:17:56
PRODUCT_07579,COMP_0696,CHECKING_06,checking,Deutsche Bank,deutschebank_emp,EUR,2024-07-18 08:23:40
PRODUCT_07580,COMP_1075,CHECKING_04,checking,Revolut EU,revolut,USD,2026-01-26 11:08:17
PRODUCT_07581,COMP_0277,CARD_11,card,Caixabank Empresas,caixa_emp,EUR,2026-03-03 12:23:51
PRODUCT_07582,COMP_0757,CHECKING_02,checking,Banco Sabadell Empresas,sabadell_emp,EUR,2026-03-24 11:28:17
PRODUCT_07583,COMP_0879,CHECKING_04,checking,Other (customer-defined),custom,GBP,2025-02-26 09:19:13
PRODUCT_07584,COMP_0362,CARD_08,card,Banco Sabadell T. sec - CAL Empresas,sabadell_emp_sec,EUR,2024-09-17 12:48:01
PRODUCT_07588,COMP_0334,CHECKING_04,checking,iberCaja,ibercaja,EUR,2025-02-17 08:12:25
PRODUCT_07592,COMP_0856,CHECKING_13,checking,Paypal,paypal,SGD,2024-11-13 14:18:49
PRODUCT_07593,COMP_0954,CHECKING_01,checking,Bankinter Empresas,bankinter_emp,EUR,2026-02-26 17:12:33
PRODUCT_07594,COMP_0458,CHECKING_01,checking,Banco Santander Empresas,santander_emp,EUR,2025-09-04 10:58:31
PRODUCT_07596,COMP_0928,CHECKING_13,checking,Banco Sabadell Empresas,sabadell_emp,EUR,2025-07-29 11:31:06
PRODUCT_07597,COMP_1150,CHECKING_06,checking,Banca March,bancamarch,EUR,2025-02-13 15:58:56
PRODUCT_07598,COMP_0182,CHECKING_14,checking,Vereinigte Volksbank Raiffeisenbank eG,volksbank-hunsrueck-nahe,EUR,2026-03-25 10:08:28
PRODUCT_07599,COMP_0960,CHECKING_03,checking,Paypal,paypal,EUR,2026-02-23 16:42:32
PRODUCT_07601,COMP_0699,CHECKING_02,checking,Caixabank,caixa_emp,EUR,2023-05-31 05:41:39
PRODUCT_07602,COMP_0100,CHECKING_11,checking,Banca March,bancamarch,EUR,2025-05-21 08:16:04
PRODUCT_07605,COMP_1162,CARD_02,card,Caixabank,caixa_emp,EUR,2023-08-23 09:19:50
PRODUCT_07606,COMP_0088,CHECKING_02,checking,BBVA Net Cash Empresas,bbva_emp,EUR,2025-05-27 07:34:49
PRODUCT_07607,COMP_0282,EXPENSESPLATFORM_13,expensesPlatform,Caixabank,caixa_emp,EUR,2024-02-19 10:45:26
PRODUCT_07608,COMP_0877,CHECKING_12,checking,Banco Santander Empresas,santander_emp,EUR,2025-09-24 16:06:12
PRODUCT_07609,COMP_0577,CHECKING_02,checking,Bankinter Empresas,bankinter_emp,EUR,2025-05-22 14:44:52
PRODUCT_07610,COMP_0079,CHECKING_04,checking,iberCaja,ibercaja,EUR,2026-03-04 11:04:55
PRODUCT_07611,COMP_0539,CHECKING_04,checking,Banco Santander,santander_emp,EUR,2024-02-19 09:13:27
PRODUCT_07612,COMP_0616,CHECKING_07,checking,Caixabank,caixa_emp,USD,2024-06-17 09:19:01
PRODUCT_07613,COMP_1209,CHECKING_04,checking,Banco Santander Empresas,santander_emp,EUR,2024-12-19 11:00:01
PRODUCT_07614,COMP_0646,CHECKING_05,checking,Other (customer-defined),custom,EUR,2023-11-03 13:06:12
PRODUCT_07616,COMP_0837,CHECKING_27,checking,Banco Santander Empresas,santander_emp,EUR,2026-04-08 08:26:44
PRODUCT_07617,COMP_0074,CHECKING_06,checking,Banco Sabadell T. sec - CAL Empresas,sabadell_emp_sec,EUR,2025-03-20 14:39:47
PRODUCT_07618,COMP_0043,CHECKING_02,checking,Abanca Empresas,abanca_emp,USD,2026-02-27 09:57:13
PRODUCT_07621,COMP_0509,CHECKING_04,checking,Caixabank,caixa_emp,EUR,2024-02-16 10:45:39
PRODUCT_07622,COMP_0633,CHECKING_06,checking,ING,ing,GBP,2025-12-22 14:59:57
PRODUCT_07623,COMP_0693,CARD_01,card,Banca March,bancamarch,EUR,2026-04-09 14:15:48
PRODUCT_07624,COMP_0928,CHECKING_14,checking,Banco Santander Empresas,santander_emp,EUR,2025-07-29 11:21:40
PRODUCT_07625,COMP_0320,CHECKING_04,checking,Bankinter Empresas,bankinter_emp,USD,2026-04-23 11:41:19
PRODUCT_07626,COMP_0900,CHECKING_07,checking,Other (customer-defined),custom,AOA,2026-02-18 12:27:31
PRODUCT_07628,COMP_0877,CHECKING_13,checking,Banco Santander Empresas,santander_emp,EUR,2025-09-24 16:06:12
PRODUCT_07629,COMP_0948,CHECKING_01,checking,Banca Credito Italiano (UniCredit),unicredit,EUR,2023-07-17 15:31:08
PRODUCT_07632,COMP_0623,CHECKING_17,checking,Bankinter Empresas,bankinter_emp,EUR,2025-04-24 06:22:20
PRODUCT_07633,COMP_0388,CHECKING_09,checking,Caixabank,caixa_emp,EUR,2024-02-19 10:40:31
PRODUCT_07634,COMP_0074,CHECKING_07,checking,BBVA Net Cash Empresas,bbva_emp,EUR,2025-03-20 12:48:39
PRODUCT_07635,COMP_0054,CHECKING_09,checking,Banco Santander Empresas,santander_emp,EUR,2025-04-04 10:39:46
PRODUCT_07637,COMP_0495,CHECKING_12,checking,Ebury GLOBAL,ebury,GBP,2026-06-16 14:35:00
PRODUCT_07638,COMP_0850,CHECKING_05,checking,BBVA Net Cash Empresas,bbva_emp,EUR,2026-07-13 15:41:05
PRODUCT_07640,COMP_0195,CHECKING_08,checking,Banco Santander Empresas,santander_emp,EUR,2024-10-24 07:30:17
PRODUCT_07641,COMP_0886,CHECKING_02,checking,BBVA,bbva,EUR,2023-01-31 12:10:18
PRODUCT_07642,COMP_0271,CHECKING_18,checking,BBVA Net Cash Empresas,bbva_emp,EUR,2026-04-20 11:54:21
PRODUCT_07643,COMP_0040,CHECKING_08,checking,Banco Sabadell Empresas,sabadell_emp,EUR,2026-03-10 13:40:38
PRODUCT_07645,COMP_0723,CHECKING_07,checking,Caixabank Empresas,caixa_emp,EUR,2025-11-03 10:50:37
PRODUCT_07647,COMP_1169,CHECKING_08,checking,Eurocaja Rural Empresas,eurocajarural_emp,EUR,2025-11-03 13:23:37
PRODUCT_07648,COMP_1003,CHECKING_03,checking,Other (customer-defined),custom,USD,2025-11-12 16:10:52
PRODUCT_07649,COMP_0551,CHECKING_01,checking,BANCO SANTANDER TOTTA SA,banco-santander-totta-sa,EUR,2026-04-28 14:48:28
PRODUCT_07650,COMP_0136,CARD_07,card,Banco Sabadell T. sec - CAL Empresas,sabadell_emp_sec,EUR,2024-09-17 13:28:16
PRODUCT_07651,COMP_0924,CARD_06,card,Banco Santander Empresas,santander_emp,EUR,2024-10-24 07:39:08
PRODUCT_07652,COMP_0562,CHECKING_04,checking,Paypal,paypal,EUR,2024-02-19 09:40:57
PRODUCT_07653,COMP_1257,CHECKING_03,checking,Banco Sabadell T. sec - CAL Empresas,sabadell_emp_sec,EUR,2025-01-23 09:20:53
PRODUCT_07655,COMP_0038,CHECKING_10,checking,Banco Santander Empresas,santander_emp,USD,2026-04-06 17:05:15
PRODUCT_07658,COMP_0617,CHECKING_02,checking,Other (customer-defined),custom,MXN,2025-12-10 19:56:06
PRODUCT_07659,COMP_1016,CARD_35,card,Caixabank Empresas,caixa_emp,EUR,2026-03-20 13:16:26
PRODUCT_07661,COMP_0055,CHECKING_03,checking,Banco Santander,santander,EUR,2026-03-12 15:43:50
PRODUCT_07663,COMP_0576,CHECKING_08,checking,Banco Santander Empresas,santander_emp,EUR,2026-06-23 09:42:43
PRODUCT_07665,COMP_0437,CHECKING_08,checking,Bankinter Empresas,bankinter_emp,USD,2026-04-07 11:28:02
PRODUCT_07666,COMP_0674,CHECKING_14,checking,Banco Santander,santander_emp,EUR,2024-06-26 10:29:42
PRODUCT_07667,COMP_0282,CHECKING_19,checking,Caixabank,caixa_emp,EUR,2024-02-19 10:45:26
PRODUCT_07668,COMP_1182,CARD_08,card,Caixabank Empresas,caixa_emp,EUR,2024-09-09 11:33:34
PRODUCT_07669,COMP_0260,CHECKING_02,checking,HSBC Corporate EU,hsbccorporate_eu,EUR,2025-10-21 09:05:05
PRODUCT_07670,COMP_0904,CHECKING_04,checking,Banco Santander,santander,EUR,2025-05-21 09:16:14
PRODUCT_07671,COMP_0360,CHECKING_10,checking,Abanca Empresas,abanca_emp,EUR,2026-04-15 14:09:28
PRODUCT_07672,COMP_0471,CHECKING_20,checking,Banco Sabadell,sabadell_emp,USD,2023-10-04 14:08:49
PRODUCT_07673,COMP_0494,CHECKING_04,checking,Banco Sabadell T. sec - CAL Empresas,sabadell_emp_sec,EUR,2024-09-17 12:48:01
PRODUCT_07675,COMP_1150,INVESTMENT_04,investment,Banca March,bancamarch,EUR,2025-02-13 15:58:56
PRODUCT_07676,COMP_0162,CHECKING_03,checking,Banco Santander Empresas,santander_emp,EUR,2025-11-28 07:08:26
PRODUCT_07679,COMP_0705,CHECKING_03,checking,BBVA Net Cash Empresas,bbva_emp,EUR,2025-10-17 10:10:14
PRODUCT_07680,COMP_0058,CARD_07,card,BBVA Net Cash Empresas,bbva_emp,EUR,2026-04-06 15:55:12
PRODUCT_07681,COMP_0183,RISK_09,risk,Other (customer-defined),custom,EUR,2026-03-17 17:14:51
PRODUCT_07682,COMP_0032,CHECKING_01,checking,Caixabank Empresas,caixa_emp,EUR,2024-11-11 11:05:53
PRODUCT_07685,COMP_0990,CHECKING_02,checking,Other (customer-defined),custom,USD,2025-10-27 18:24:07
PRODUCT_07686,COMP_0769,CHECKING_05,checking,Banca March,bancamarch,EUR,2026-07-13 15:01:42
PRODUCT_07687,COMP_0292,CHECKING_39,checking,Other (customer-defined),custom,GHS,2025-10-15 13:16:44
PRODUCT_07688,COMP_0482,CHECKING_01,checking,Other (customer-defined),custom,EUR,2025-05-25 18:47:53
PRODUCT_07690,COMP_0798,CHECKING_04,checking,Banco Santander Empresas,santander_emp,EUR,2025-09-10 08:29:22
PRODUCT_07691,COMP_0592,CHECKING_04,checking,Abanca Empresas,abanca_emp,EUR,2026-02-27 10:29:49
PRODUCT_07692,COMP_0271,CHECKING_19,checking,BBVA Net Cash Empresas,bbva_emp,EUR,2026-04-20 11:54:21
PRODUCT_07695,COMP_1057,CHECKING_04,checking,Wise,transferwise,EUR,2025-09-12 12:36:24
PRODUCT_07696,COMP_1149,CHECKING_05,checking,Deutsche Bank Empresas,deutschebank_emp,EUR,2025-09-12 09:56:34
PRODUCT_07697,COMP_0583,CHECKING_02,checking,Banco Santander,santander_emp,EUR,2024-02-27 15:17:11
PRODUCT_07698,COMP_0461,CHECKING_04,checking,Caixabank Empresas,caixa_emp,EUR,2026-03-09 09:45:30
PRODUCT_07701,COMP_0075,CHECKING_14,checking,Abanca Empresas,abanca_emp,EUR,2026-04-22 13:35:54
PRODUCT_07703,COMP_0282,EXPENSESPLATFORM_14,expensesPlatform,Caixabank,caixa_emp,EUR,2024-02-19 10:45:26
PRODUCT_07704,COMP_1016,CHECKING_03,checking,Globalcaja,ruralvia_globalcaja,EUR,2026-03-20 12:54:26
PRODUCT_07705,COMP_0728,CARD_02,card,Silicon Valley Bank - SVB Online Banking,ins_53,USD,2026-01-26 12:58:11
PRODUCT_07706,COMP_0988,CARD_19,card,Caixabank Empresas,caixa_emp,EUR,2026-03-03 12:11:50
PRODUCT_07707,COMP_0042,CHECKING_14,checking,PNC Pinacle,_pnc_pinacle,USD,2022-07-12 08:04:54
PRODUCT_07708,COMP_1071,CHECKING_05,checking,Revolut EU,revolut_gb,GBP,2026-07-07 17:17:59
PRODUCT_07709,COMP_0351,CARD_08,card,iberCaja,ibercaja,EUR,2026-07-07 11:08:27
PRODUCT_07710,COMP_0503,CHECKING_02,checking,Banco Santander Empresas,santander_emp,EUR,2025-09-22 07:23:17
PRODUCT_07712,COMP_1158,CHECKING_02,checking,Banco Santander Empresas,santander_emp,EUR,2025-01-22 09:31:24
PRODUCT_07714,COMP_1262,CHECKING_06,checking,Caixabank Empresas,caixa_emp,EUR,2026-04-22 15:18:03
PRODUCT_07716,COMP_1230,CHECKING_02,checking,Banco Santander Empresas,santander_emp,EUR,2026-05-05 15:34:17
PRODUCT_07718,COMP_0351,CHECKING_20,checking,Abanca Empresas,abanca_emp,EUR,2026-07-14 07:22:05
PRODUCT_07719,COMP_0752,CARD_03,card,Caixabank Empresas,caixa_emp,EUR,2026-03-04 08:02:11
PRODUCT_07721,COMP_0167,CHECKING_04,checking,Banco Santander,santander_emp,EUR,2024-02-09 11:17:38
PRODUCT_07722,COMP_0441,CHECKING_03,checking,Banco Santander Empresas,santander_emp,EUR,2025-04-04 10:39:46
PRODUCT_07724,COMP_1048,CHECKING_05,checking,Abanca Empresas,abanca_emp,EUR,2025-10-09 12:44:46
PRODUCT_07726,COMP_0960,CHECKING_04,checking,Banco Sabadell Empresas,sabadell_emp,EUR,2024-11-14 17:28:51
PRODUCT_07731,COMP_0420,CHECKING_09,checking,Banco Santander Empresas,santander_emp,EUR,2026-04-06 17:05:15
PRODUCT_07732,COMP_0696,CHECKING_07,checking,Banca March,bancamarch,EUR,2026-05-11 11:44:08
PRODUCT_07733,COMP_0743,CHECKING_07,checking,BBVA Net Cash Empresas,bbva_emp,EUR,2025-09-26 11:23:19
PRODUCT_07734,COMP_0169,CHECKING_06,checking,Bankinter Empresas,bankinter_emp,EUR,2026-01-28 14:21:53
PRODUCT_07735,COMP_0974,CARD_06,card,Banco Santander Empresas,santander_emp,EUR,2026-01-13 09:41:59
PRODUCT_07737,COMP_0007,INVESTMENT_04,investment,Deutsche Bank Empresas,deutschebank_emp,EUR,2026-05-14 07:20:36
PRODUCT_07738,COMP_1187,CHECKING_22,checking,Banking Circle GLOBAL,bc,USD,2026-02-06 11:36:00
PRODUCT_07739,COMP_0058,CARD_08,card,BBVA Net Cash Empresas,bbva_emp,EUR,2026-04-06 15:55:12
PRODUCT_07740,COMP_0650,CHECKING_02,checking,Banco Santander Empresas,santander_emp,EUR,2025-07-28 08:19:57
PRODUCT_07742,COMP_0837,CHECKING_28,checking,Banco Santander Empresas,santander_emp,EUR,2026-04-08 08:28:19
PRODUCT_07743,COMP_1282,CHECKING_12,checking,Banco Santander,santander_emp,EUR,2024-02-09 11:17:32
PRODUCT_07744,COMP_0344,CHECKING_05,checking,Barclays Corporate,barclays_corporate,GBP,2025-06-12 09:27:07
PRODUCT_07745,COMP_1246,CHECKING_05,checking,Banco Sabadell Empresas,sabadell_emp,EUR,2026-04-16 14:10:07
PRODUCT_07746,COMP_1169,CHECKING_09,checking,Globalcaja,ruralvia_globalcaja,EUR,2025-11-03 11:52:54
PRODUCT_07747,COMP_0473,CHECKING_04,checking,Abanca Empresas,abanca_emp,EUR,2025-12-10 11:58:42
PRODUCT_07748,COMP_1246,CHECKING_06,checking,Banco Santander Empresas,santander_emp,EUR,2026-04-20 10:19:29
PRODUCT_07750,COMP_0775,CHECKING_05,checking,Other (customer-defined),custom,EUR,2025-05-25 18:39:52
PRODUCT_07753,COMP_0004,CARD_08,card,Banco Santander Empresas,santander_emp,EUR,2026-02-25 09:39:18
PRODUCT_07755,COMP_1286,CHECKING_05,checking,Banco Santander Empresas,santander_emp,EUR,2024-11-20 14:46:34
PRODUCT_07758,COMP_0997,CHECKING_01,checking,Banco Sabadell T. sec - CAL Empresas,sabadell_emp_sec,EUR,2025-10-14 11:30:16
PRODUCT_07759,COMP_0007,CARD_11,card,Banco Santander Empresas,santander_emp,EUR,2026-03-10 15:44:41
PRODUCT_07760,COMP_1079,CHECKING_03,checking,Banco Santander,santander_emp,EUR,2024-05-10 10:19:44
PRODUCT_07761,COMP_0075,CHECKING_15,checking,Banco Santander Empresas,santander_emp,EUR,2022-11-17 13:26:45
PRODUCT_07763,COMP_1006,CHECKING_08,checking,Banco Santander,santander_emp,EUR,2024-02-15 14:28:48
PRODUCT_07764,COMP_0708,CHECKING_10,checking,Banco Sabadell Empresas,sabadell_emp,USD,2026-02-24 15:03:09
PRODUCT_07765,COMP_0574,CHECKING_03,checking,BBVA,bbva_emp,EUR,2023-10-30 11:47:38
PRODUCT_07766,COMP_0623,CHECKING_18,checking,Caixabank Empresas,caixa_emp,EUR,2025-04-09 10:47:22
PRODUCT_07767,COMP_0344,CHECKING_06,checking,Barclays Corporate,barclays_corporate,EUR,2025-06-12 09:28:46
PRODUCT_07768,COMP_0073,CHECKING_10,checking,Paypal,paypal,GBP,2024-11-13 14:21:38
PRODUCT_07770,COMP_0813,CARD_02,card,Banco Santander Empresas,santander_emp,EUR,2023-07-26 09:16:17
PRODUCT_07772,COMP_0547,CHECKING_02,checking,Banco Sabadell T. sec - CAL Empresas,sabadell_emp_sec,EUR,2025-03-24 14:35:51
PRODUCT_07773,COMP_0303,CHECKING_05,checking,Deutsche Bank Empresas,deutschebank_emp,EUR,2026-03-18 15:02:43
PRODUCT_07775,COMP_0542,CHECKING_08,checking,Caixabank Empresas,caixa_emp,EUR,2025-03-24 15:28:24
PRODUCT_07776,COMP_0618,CHECKING_03,checking,Santander UK Plc,santander_uk,USD,2025-05-14 10:26:30
PRODUCT_07777,COMP_0007,CHECKING_19,checking,Abanca Empresas,abanca_emp,USD,2026-03-10 15:38:08
PRODUCT_07778,COMP_0803,CARD_20,card,Banco Sabadell,sabadell_emp,EUR,2023-10-23 10:48:13
PRODUCT_07779,COMP_0619,CHECKING_03,checking,Caixabank,caixa,EUR,2026-04-23 11:46:14
PRODUCT_07780,COMP_0754,CHECKING_09,checking,Other (customer-defined),custom,EUR,2025-05-25 18:50:04
PRODUCT_07781,COMP_0270,CHECKING_05,checking,Other (customer-defined),custom,EUR,2024-12-04 18:21:23
PRODUCT_07782,COMP_1187,CHECKING_23,checking,Banking Circle GLOBAL,bc,GBP,2026-02-06 11:20:24
PRODUCT_07783,COMP_0038,CARD_12,card,BBVA Net Cash Empresas,bbva_emp,EUR,2026-04-06 09:55:52
PRODUCT_07785,COMP_0554,CHECKING_04,checking,Millennium bcp,millenniumbcp,EUR,2026-03-11 17:10:25
PRODUCT_07786,COMP_0138,CHECKING_05,checking,BBVA,bbva_emp,EUR,2024-03-11 11:08:53
PRODUCT_07787,COMP_1187,CHECKING_24,checking,Banking Circle GLOBAL,bc,EUR,2026-02-06 10:43:46
PRODUCT_07788,COMP_0665,CHECKING_08,checking,Banco Sabadell Empresas,sabadell_emp,EUR,2024-11-08 12:58:51
PRODUCT_07789,COMP_0180,CHECKING_06,checking,Banco Sabadell T. sec - CAL Empresas,sabadell_emp_sec,EUR,2024-02-16 10:35:15
PRODUCT_07790,COMP_1198,CHECKING_06,checking,Paypal,paypal,EUR,2024-02-19 09:46:58
PRODUCT_07791,COMP_1215,CARD_10,card,Caixabank Empresas,caixa_emp,EUR,2026-07-09 07:41:26
PRODUCT_07792,COMP_0909,INVESTMENT_10,investment,Deutsche Bank Empresas,deutschebank_emp,EUR,2025-10-15 07:47:15
PRODUCT_07795,COMP_0921,CHECKING_03,checking,Wise,transferwise,EUR,2026-01-26 12:50:48
PRODUCT_07797,COMP_1197,CHECKING_05,checking,Banco Santander Empresas,santander_emp,EUR,2025-04-04 10:39:46
PRODUCT_07798,COMP_0808,CHECKING_08,checking,BBVA,bbva_emp,EUR,2024-07-05 06:34:29
PRODUCT_07799,COMP_0228,CHECKING_09,checking,Caixabank Empresas,caixa_emp,EUR,2026-05-21 09:35:17
PRODUCT_07800,COMP_1008,CHECKING_04,checking,Banco Santander,santander_emp,EUR,2025-11-18 14:41:31
PRODUCT_07801,COMP_0494,CHECKING_05,checking,Cajaruralaragon,ruralvia_cajaruralaragon,EUR,2026-07-17 07:47:52
PRODUCT_07803,COMP_0706,CHECKING_02,checking,Caixabank Empresas,caixa_emp,EUR,2025-06-30 10:55:20
PRODUCT_07805,COMP_0136,CHECKING_04,checking,Cajaruralaragon,ruralvia_cajaruralaragon,EUR,2024-12-04 10:23:29
PRODUCT_07807,COMP_0210,CHECKING_05,checking,BBVA Net Cash Empresas,bbva_emp,EUR,2026-01-13 16:18:50
PRODUCT_07809,COMP_0733,CHECKING_05,checking,Banco Sabadell,sabadell,EUR,2025-05-21 08:47:40
PRODUCT_07810,COMP_0277,CARD_12,card,Caixabank Empresas,caixa_emp,EUR,2026-03-03 12:23:51
PRODUCT_07812,COMP_0163,CHECKING_04,checking,Other (customer-defined),custom,USD,2024-12-16 17:06:18
PRODUCT_07813,COMP_0695,CHECKING_06,checking,Payhawk,payhawk,GBP,2024-10-01 08:39:45
PRODUCT_07815,COMP_0775,CHECKING_06,checking,Barclays Corporate,barclays_corporate,USD,2026-06-11 21:14:04
PRODUCT_07817,COMP_0940,CHECKING_05,checking,Banco Santander Empresas,santander_emp,EUR,2025-04-04 10:39:46
PRODUCT_07818,COMP_1125,CHECKING_02,checking,Banco Santander Empresas,santander_emp,EUR,2025-04-09 10:27:32
PRODUCT_07822,COMP_0088,CHECKING_03,checking,Banco Sabadell T. sec - CAL Empresas,sabadell_emp_sec,EUR,2025-05-22 14:36:58
PRODUCT_07824,COMP_0444,CHECKING_09,checking,Caixabank Empresas,caixa_emp,EUR,2026-03-16 15:36:28
PRODUCT_07826,COMP_0775,CHECKING_07,checking,Other (customer-defined),custom,EUR,2025-05-25 18:44:33
PRODUCT_07828,COMP_0388,EXPENSESPLATFORM_02,expensesPlatform,Caixabank,caixa_emp,EUR,2024-02-19 10:40:31
PRODUCT_07829,COMP_0379,CHECKING_02,checking,Crédit Agricole Cariparma Spa - Business,ca_cariparma_spa-business,EUR,2024-06-27 14:21:30
PRODUCT_07830,COMP_0252,CHECKING_44,checking,Banking Circle GLOBAL,bc,EUR,2026-02-27 12:27:22
PRODUCT_07831,COMP_0855,CHECKING_10,checking,Banco Santander Empresas,santander_emp,EUR,2026-05-12 12:02:48
PRODUCT_07832,COMP_0439,CHECKING_04,checking,Banco Santander Empresas,santander_emp,GBP,2026-03-03 12:26:13
PRODUCT_07833,COMP_1182,CHECKING_05,checking,Caixabank Empresas,caixa_emp,EUR,2024-09-09 11:33:34
PRODUCT_07834,COMP_0670,CHECKING_08,checking,Citibank Empresas GLOBAL,citi,GBP,2025-11-11 15:20:31
PRODUCT_07835,COMP_0956,CARD_26,card,Caixabank Empresas,caixa_emp,EUR,2026-04-29 14:49:43
PRODUCT_07837,COMP_0564,CHECKING_02,checking,Banco Santander,santander_emp,EUR,2024-07-12 11:39:02
PRODUCT_07838,COMP_1222,CHECKING_10,checking,Paypal,paypal,MXN,2026-02-23 16:45:36
PRODUCT_07839,COMP_0616,CHECKING_08,checking,Deutsche Bank,deutschebank_emp,EUR,2024-07-18 08:26:43
PRODUCT_07840,COMP_1141,CHECKING_11,checking,Revolut EU,revolut_gb,EUR,2025-12-10 13:31:19
PRODUCT_07841,COMP_0713,CHECKING_10,checking,Caixabank Empresas,caixa_emp,EUR,2025-03-24 15:08:03
PRODUCT_07842,COMP_0518,CHECKING_09,checking,Citibank Empresas GLOBAL,citi,GBP,2025-11-11 15:20:31
PRODUCT_07843,COMP_0592,CHECKING_05,checking,Abanca Empresas,abanca_emp,EUR,2026-02-27 10:29:49
PRODUCT_07844,COMP_0740,CHECKING_03,checking,Wise,transferwise,USD,2026-07-06 07:07:45
PRODUCT_07845,COMP_1159,CHECKING_10,checking,Caixabank Empresas,caixa_emp,EUR,2025-09-08 10:35:25
PRODUCT_07847,COMP_0477,RISK_12,risk,Other (customer-defined),custom,USD,2026-04-16 16:22:15
PRODUCT_07850,COMP_0008,CHECKING_08,checking,Banco Sabadell T. sec - CAL Empresas,sabadell_emp_sec,EUR,2026-05-26 08:01:58
PRODUCT_07851,COMP_0252,CHECKING_45,checking,Banking Circle GLOBAL,bc,SEK,2026-05-18 10:16:29
PRODUCT_07852,COMP_0909,CARD_23,card,Bankinter,bankinter_emp,EUR,2024-04-03 07:31:38
PRODUCT_07853,COMP_1178,CHECKING_08,checking,Caixabank,caixa,EUR,2025-07-11 06:13:19
PRODUCT_07854,COMP_1232,CHECKING_01,checking,Qonto,qonto,EUR,2025-06-30 14:28:33
PRODUCT_07855,COMP_0707,CHECKING_03,checking,BBVA,bbva_emp,EUR,2025-01-16 10:46:12
PRODUCT_07857,COMP_0837,INVESTMENT_12,investment,Deutsche Bank (ES) - Empresas,ins_127317,EUR,2025-09-22 10:41:48
PRODUCT_07859,COMP_1223,CHECKING_02,checking,Banco Santander,santander_emp,EUR,2024-05-10 09:49:28
PRODUCT_07862,COMP_0152,CHECKING_03,checking,Banco Santander Empresas,santander_emp,USD,2024-11-26 14:56:43
PRODUCT_07863,COMP_1038,INVESTMENT_09,investment,Other (customer-defined),custom,EUR,2026-05-28 19:10:56
PRODUCT_07864,COMP_0975,CHECKING_01,checking,ABN AMRO Bank N.V.,abn-amro-nl,EUR,2025-06-30 14:31:17
PRODUCT_07866,COMP_1191,CHECKING_05,checking,Banco Santander Empresas,santander_emp,EUR,2026-03-17 13:07:28
PRODUCT_07867,COMP_1109,CHECKING_01,checking,Banco Sabadell T. sec - CAL Empresas,sabadell_emp_sec,EUR,2023-11-08 15:30:35
PRODUCT_07868,COMP_0627,CHECKING_09,checking,Banco Santander Empresas,santander_emp,EUR,2024-11-05 09:50:57
PRODUCT_07873,COMP_1023,CHECKING_06,checking,DNB,dnb,USD,2026-03-09 13:07:18
PRODUCT_07874,COMP_0978,CARD_04,card,Bankinter Empresas,bankinter_emp,EUR,2024-09-17 10:37:14
PRODUCT_07875,COMP_0987,CARD_02,card,BBVA,bbva_emp,EUR,2024-03-11 13:51:38
PRODUCT_07876,COMP_0703,CHECKING_07,checking,Banco Sabadell T. sec - CAL Empresas,sabadell_emp_sec,EUR,2023-11-14 14:23:02
PRODUCT_07877,COMP_0057,INVESTMENT_01,investment,Coast Capital Visa Desjardins,ins_133676,CAD,2026-03-18 11:11:01
PRODUCT_07878,COMP_0049,CARD_10,card,Caixabank Empresas,caixa_emp,EUR,2025-11-14 15:28:30
PRODUCT_07879,COMP_0480,CHECKING_08,checking,Banco BPI,bbpi,EUR,2024-06-27 09:41:56
PRODUCT_07881,COMP_1248,CHECKING_06,checking,BNP Paribas - Fortis Corporate,fortis-corporate_be,EUR,2025-11-27 09:47:45
PRODUCT_07882,COMP_0281,INVESTMENT_01,investment,Banco Santander Empresas,santander_emp,EUR,2025-10-06 15:33:06
PRODUCT_07883,COMP_0861,CHECKING_09,checking,RuralVia Empresas,ruralvia_emp,EUR,2025-10-20 13:12:20
PRODUCT_07884,COMP_0437,CHECKING_09,checking,Barclays Corporate,barclays_corporate,EUR,2025-09-26 07:41:45
PRODUCT_07887,COMP_0031,CHECKING_03,checking,Bankinter Empresas,bankinter_emp,EUR,2026-02-02 12:17:32
PRODUCT_07889,COMP_0166,CHECKING_02,checking,Santander (Corporate UK),santander-coporate_uk,GBP,2026-02-16 12:21:01
PRODUCT_07893,COMP_0132,CHECKING_04,checking,BBVA Net Cash Empresas,bbva_emp,EUR,2026-03-11 10:48:16
PRODUCT_07895,COMP_1067,CHECKING_17,checking,Other (customer-defined),custom,HKD,2025-06-07 13:32:14
PRODUCT_07897,COMP_0680,CHECKING_06,checking,Paypal,paypal,CHF,2026-01-07 13:22:48
PRODUCT_07898,COMP_0298,CHECKING_03,checking,Banco Sabadell Empresas,sabadell_emp,EUR,2025-04-24 06:56:47
PRODUCT_07899,COMP_0526,CHECKING_03,checking,Banco Santander Empresas,santander_emp,EUR,2025-05-22 15:47:15
PRODUCT_07900,COMP_1038,CARD_04,card,Caixabank Empresas,caixa_emp,EUR,2025-09-09 11:37:41
PRODUCT_07901,COMP_0550,WALLET_03,wallet,Embat,embat,USD,2026-08-13 10:33:47
PRODUCT_07903,COMP_1015,CHECKING_04,checking,Citibank Online - Private Bank Investments,ins_116728,USD,2024-11-18 16:27:32
PRODUCT_07904,COMP_0541,CHECKING_02,checking,VR Bank Metropolregion Nürnberg eG,vrmeinebank,EUR,2025-10-01 14:10:56
PRODUCT_07905,COMP_1046,CHECKING_04,checking,iberCaja,ibercaja,EUR,2024-12-16 16:17:53
PRODUCT_07906,COMP_0139,CHECKING_12,checking,Banco Sabadell Empresas,sabadell_emp,EUR,2025-04-04 11:18:24
PRODUCT_07907,COMP_1008,CHECKING_05,checking,Santander (Corporate UK),santander-coporate_uk,EUR,2024-04-11 14:17:06
PRODUCT_07908,COMP_0252,CHECKING_46,checking,Vereinigte Volksbank Raiffeisenbank eG,volksbank-hunsrueck-nahe,PLN,2026-03-25 08:55:47
PRODUCT_07909,COMP_1249,CHECKING_08,checking,Paypal,paypal,SEK,2026-06-17 13:51:46
PRODUCT_07910,COMP_0043,CHECKING_03,checking,Banco Santander Empresas,santander_emp,EUR,2026-02-27 09:53:55
PRODUCT_07911,COMP_0107,CHECKING_03,checking,Banco de la nacion del Peru Empresas,banconacion_emp_pe,PEN,2024-12-16 16:14:27
PRODUCT_07912,COMP_0282,CHECKING_20,checking,Caixabank Empresas,caixa_emp,EUR,2025-03-11 12:51:08
PRODUCT_07913,COMP_0737,CARD_01,card,Banco Sabadell T. sec - CAL Empresas,sabadell_emp_sec,EUR,2023-11-08 15:30:31
PRODUCT_07914,COMP_0151,CHECKING_03,checking,Caixabank Empresas,caixa_emp,EUR,2024-11-06 14:30:02
PRODUCT_07915,COMP_0376,CHECKING_18,checking,Banco Sabadell Empresas,sabadell_emp,EUR,2025-09-16 11:04:53
PRODUCT_07916,COMP_0230,CHECKING_02,checking,Caixabank,caixa,EUR,2025-10-03 09:04:16
PRODUCT_07918,COMP_0228,INVESTMENT_02,investment,Banca March,bancamarch,EUR,2025-09-18 08:32:08
PRODUCT_07919,COMP_0160,CHECKING_04,checking,Banco Santander Empresas,santander_emp,EUR,2025-02-10 11:18:24
PRODUCT_07920,COMP_1053,CHECKING_23,checking,Banco Sabadell Empresas,sabadell_emp,EUR,2026-07-08 09:17:39
PRODUCT_07921,COMP_0995,CHECKING_06,checking,RuralVia Empresas,ruralvia_emp,EUR,2025-03-10 12:29:53
PRODUCT_07922,COMP_0277,CARD_13,card,Caixabank Empresas,caixa_emp,EUR,2026-03-03 12:23:51
PRODUCT_07923,COMP_0895,CHECKING_03,checking,Banco Santander,santander_emp,EUR,2023-09-14 09:51:42
PRODUCT_07924,COMP_0087,CHECKING_08,checking,Abanca Empresas,abanca_emp,EUR,2026-07-20 08:46:08
PRODUCT_07925,COMP_1152,CHECKING_12,checking,Banco Santander Empresas,santander_emp,EUR,2025-06-04 14:58:00
PRODUCT_07928,COMP_1103,CHECKING_04,checking,Santander (Corporate UK),santander-coporate_uk,GBP,2026-03-03 12:41:48
PRODUCT_07932,COMP_0004,CHECKING_04,checking,Laboral Kutxa Empresas,cajalaboral_emp,EUR,2026-02-25 15:54:51
PRODUCT_07933,COMP_1103,CHECKING_05,checking,Banco Santander Empresas,santander_emp,EUR,2026-03-03 12:26:13
PRODUCT_07934,COMP_1257,CARD_01,card,Banco Sabadell T. sec - CAL Empresas,sabadell_emp_sec,EUR,2025-01-23 09:20:53
PRODUCT_07935,COMP_0743,CHECKING_08,checking,BBVA Net Cash Empresas,bbva_emp,EUR,2025-09-26 11:23:19
PRODUCT_07936,COMP_0058,CHECKING_14,checking,Abanca Empresas,abanca_emp,EUR,2026-04-14 15:57:46
PRODUCT_07937,COMP_0047,CHECKING_11,checking,Caixabank Empresas,caixa_emp,EUR,2025-09-09 12:14:57
PRODUCT_07938,COMP_1182,CARD_09,card,Caixabank Empresas,caixa_emp,EUR,2025-03-12 12:42:23
PRODUCT_07939,COMP_0173,CHECKING_03,checking,Deutsche Bank Empresas,deutschebank_emp,EUR,2025-06-19 13:10:28
PRODUCT_07941,COMP_0988,CARD_20,card,Caixabank Empresas,caixa_emp,EUR,2026-03-03 12:11:50
PRODUCT_07942,COMP_0236,CHECKING_09,checking,BNP Paribas - Fortis Corporate,fortis-corporate_be,EUR,2026-04-27 11:48:35
PRODUCT_07944,COMP_0252,CHECKING_47,checking,Banking Circle GLOBAL,bc,RON,2026-07-28 13:49:12
PRODUCT_07945,COMP_0711,CHECKING_02,checking,Commerzbank AG,commerzbank,EUR,2023-10-05 15:39:04
PRODUCT_07947,COMP_1140,CHECKING_04,checking,Caixabank Empresas,caixa_emp,EUR,2026-03-03 11:17:33
PRODUCT_07948,COMP_0891,CHECKING_02,checking,Caixabank Empresas,caixa_emp,EUR,2025-09-30 11:19:48
PRODUCT_07949,COMP_0211,CHECKING_02,checking,BNP Paribas - Fortis Corporate,fortis-corporate_be,EUR,2026-04-27 11:48:35
PRODUCT_07950,COMP_0980,CHECKING_02,checking,Stripe,stripe,EUR,2024-05-28 10:04:24
PRODUCT_07951,COMP_0206,CHECKING_01,checking,Societe Generale Entreprises,soc-gen-corporate,EUR,2026-03-18 15:13:10
PRODUCT_07952,COMP_0120,CHECKING_04,checking,Qonto,qonto,EUR,2026-06-22 14:17:11
PRODUCT_07953,COMP_0756,CHECKING_07,checking,Banco Sabadell Empresas,sabadell_emp,EUR,2026-04-07 14:41:20
PRODUCT_07954,COMP_0956,CARD_27,card,Caixabank Empresas,caixa_emp,EUR,2026-04-29 14:49:43
PRODUCT_07956,COMP_0252,CHECKING_48,checking,Banking Circle GLOBAL,bc,PLN,2026-02-27 12:32:46
PRODUCT_07957,COMP_0334,CARD_05,card,iberCaja,ibercaja,EUR,2025-02-17 08:12:25
PRODUCT_07958,COMP_0983,CHECKING_06,checking,BANCO BPI SA,banco-bpi-sa,EUR,2023-10-16 14:46:14
PRODUCT_07959,COMP_0073,CHECKING_11,checking,Revolut,revolut,EUR,2024-11-13 08:55:57
PRODUCT_07960,COMP_0799,CHECKING_09,checking,Barclays Corporate,barclays_corporate,EUR,2026-01-28 14:45:29
PRODUCT_07961,COMP_0722,CHECKING_01,checking,Banco Santander Empresas,santander_emp,EUR,2026-03-18 09:33:32
PRODUCT_07962,COMP_0326,CARD_02,card,Caixabank Empresas,caixa_emp,EUR,2026-08-18 12:48:37
PRODUCT_07963,COMP_0511,CHECKING_09,checking,Caixabank Empresas,caixa_emp,EUR,2024-11-05 08:29:20
PRODUCT_07965,COMP_0997,CHECKING_02,checking,Banco Sabadell T. sec - CAL Empresas,sabadell_emp_sec,EUR,2026-01-13 15:54:36
PRODUCT_07966,COMP_0880,CHECKING_02,checking,Stripe,stripe,USD,2025-10-31 08:48:47
PRODUCT_07967,COMP_0087,CHECKING_09,checking,Abanca Empresas,abanca_emp,EUR,2024-10-17 15:51:23
PRODUCT_07968,COMP_0630,CARD_27,card,Caixabank Empresas,caixa_emp,EUR,2026-02-13 10:38:01
PRODUCT_07971,COMP_0544,CARD_05,card,Caixabank Empresas,caixa_emp,EUR,2025-02-11 15:53:45
PRODUCT_07972,COMP_0935,CARD_01,card,Caixabank Empresas,caixa_emp,EUR,2026-03-11 10:23:26
PRODUCT_07973,COMP_1178,CHECKING_09,checking,Caixabank,caixa,EUR,2025-07-11 06:13:19
PRODUCT_07974,COMP_1149,INVESTMENT_11,investment,Deutsche Bank Empresas,deutschebank_emp,EUR,2025-12-01 09:02:58
PRODUCT_07976,COMP_1212,CHECKING_05,checking,Banco Sabadell Empresas,sabadell_emp,EUR,2025-05-15 07:48:08
PRODUCT_07977,COMP_0164,CHECKING_04,checking,Caixabank,caixa_emp,EUR,2024-03-21 10:47:49
PRODUCT_07978,COMP_0038,CHECKING_11,checking,Cajamar,cajamar,EUR,2026-04-13 16:35:54
PRODUCT_07979,COMP_0252,CHECKING_49,checking,Vereinigte Volksbank Raiffeisenbank eG,volksbank-hunsrueck-nahe,GBP,2026-03-25 10:04:15
PRODUCT_07980,COMP_0377,CHECKING_05,checking,Revolut EU,revolut,EUR,2025-12-10 20:05:13
PRODUCT_07981,COMP_0937,CHECKING_02,checking,Banco Sabadell T. sec - CAL Empresas,sabadell_emp_sec,EUR,2025-05-22 14:36:58
PRODUCT_07983,COMP_0515,CHECKING_14,checking,Banco Sabadell T. sec - CAL Empresas,sabadell_emp_sec,EUR,2026-01-13 16:32:59
PRODUCT_07985,COMP_0802,CHECKING_10,checking,Banco Sabadell T. sec - CAL Empresas,sabadell_emp_sec,EUR,2025-10-14 11:30:16
PRODUCT_07986,COMP_1198,CHECKING_07,checking,Paypal,paypal,USD,2024-02-19 09:46:58
PRODUCT_07987,COMP_0444,CARD_25,card,Banco Sabadell Empresas,sabadell_emp,EUR,2026-03-13 12:08:09
PRODUCT_07989,COMP_1149,CHECKING_06,checking,Eurocaja Rural Empresas,eurocajarural_emp,EUR,2025-09-11 14:56:36
PRODUCT_07990,COMP_1174,CARD_01,card,Bankinter Empresas,bankinter_emp,EUR,2025-05-28 12:35:32
PRODUCT_07991,COMP_0215,CHECKING_04,checking,Bankinter,bankinter_emp,EUR,2023-04-27 11:06:16
PRODUCT_07992,COMP_0165,CHECKING_01,checking,BBVA,bbva_emp,EUR,2024-03-11 11:08:55
PRODUCT_07993,COMP_0483,CHECKING_05,checking,Banco Sabadell T. sec - CAL Empresas,sabadell_emp_sec,EUR,2025-04-09 13:40:36
PRODUCT_07994,COMP_1021,CHECKING_02,checking,Commerzbank AG,commerzbank,EUR,2026-04-21 08:44:00
PRODUCT_07995,COMP_1090,CHECKING_07,checking,Caixabank,caixa_emp,EUR,2023-03-24 11:12:38
PRODUCT_07996,COMP_1044,CHECKING_08,checking,Millennium bcp,millenniumbcp,EUR,2026-04-15 10:37:44
PRODUCT_07997,COMP_0941,CHECKING_03,checking,RuralVia Empresas,ruralvia_emp,EUR,2024-10-18 07:50:15
PRODUCT_07998,COMP_0595,CHECKING_04,checking,Cajamar,cajamar,EUR,2024-11-18 12:50:53
PRODUCT_07999,COMP_1233,CHECKING_10,checking,BANCO SANTANDER TOTTA SA,banco-santander-totta-sa,EUR,2025-01-30 11:50:04
PRODUCT_08000,COMP_0427,CHECKING_02,checking,Caixabank,caixa_emp,EUR,2023-07-12 14:09:54
PRODUCT_08001,COMP_0517,CHECKING_05,checking,BBVA Net Cash Empresas,bbva_emp,EUR,2025-12-18 12:06:44
PRODUCT_08002,COMP_1066,CHECKING_07,checking,Revolut,revolut,EUR,2025-10-03 11:21:06
PRODUCT_08003,COMP_1191,CHECKING_06,checking,Banco Sabadell Empresas,sabadell_emp,EUR,2026-04-22 12:03:02
PRODUCT_08006,COMP_0570,CARD_02,card,Cajamar,cajamar,EUR,2026-04-07 09:37:08
PRODUCT_08007,COMP_0271,CHECKING_20,checking,Banco Sabadell Empresas,sabadell_emp,EUR,2026-04-16 14:14:51
PRODUCT_08009,COMP_0139,CHECKING_13,checking,Banco Sabadell Empresas,sabadell_emp,EUR,2025-04-04 11:18:24
PRODUCT_08010,COMP_0286,CHECKING_03,checking,Banco Santander Empresas,santander_emp,EUR,2026-04-28 15:24:40
PRODUCT_08012,COMP_0411,CHECKING_10,checking,BBVA,bbva_emp,EUR,2023-05-29 08:11:28
PRODUCT_08014,COMP_1160,CHECKING_09,checking,Banco Sabadell,sabadell_emp,EUR,2023-05-29 08:01:23
PRODUCT_08015,COMP_0102,CHECKING_02,checking,Banco Santander,santander_emp,EUR,2023-05-29 08:07:58
PRODUCT_08016,COMP_0125,CHECKING_01,checking,Banco Santander,santander_emp,EUR,2022-04-25 08:09:59
PRODUCT_08017,COMP_0265,CHECKING_08,checking,Caixabank Empresas,caixa_emp,EUR,2025-09-29 08:06:41
PRODUCT_08018,COMP_0003,CHECKING_02,checking,BBVA Net Cash Empresas,bbva_emp,EUR,2026-06-23 08:31:52
PRODUCT_08019,COMP_0643,CHECKING_05,checking,DNB,dnb,NOK,2026-04-09 13:31:20
PRODUCT_08020,COMP_0797,CHECKING_26,checking,Banca March,bancamarch,EUR,2025-10-29 16:49:10
PRODUCT_08021,COMP_0622,CHECKING_03,checking,ING,ing,EUR,2025-12-22 14:59:57
PRODUCT_08023,COMP_0912,CHECKING_06,checking,Banco Santander Empresas,santander_emp,EUR,2025-12-10 10:50:48
PRODUCT_08024,COMP_0404,CHECKING_03,checking,Chase,ins_56,USD,2025-01-14 17:26:42
PRODUCT_08025,COMP_1252,CHECKING_11,checking,Crédit Agricole de Centre France,ca_centrefrance,EUR,2023-11-15 07:45:37
PRODUCT_08026,COMP_1150,CHECKING_07,checking,Banco Sabadell Empresas,sabadell_emp,EUR,2025-02-10 12:03:26
PRODUCT_08027,COMP_1141,CHECKING_12,checking,Other (customer-defined),custom,GBP,2026-09-02 16:58:58
PRODUCT_08028,COMP_0629,CHECKING_02,checking,BBVA Net Cash Empresas,bbva_emp_co,COP,2024-07-11 14:06:30
PRODUCT_08029,COMP_1262,CHECKING_07,checking,Cajamar,cajamar,EUR,2026-04-23 10:37:18
PRODUCT_08030,COMP_1036,CARD_08,card,BBVA Net Cash Empresas,bbva_emp,EUR,2026-07-13 12:47:50
PRODUCT_08033,COMP_0890,CHECKING_03,checking,Banco Sabadell T. sec - CAL Empresas,sabadell_emp_sec,EUR,2024-04-22 11:53:05
PRODUCT_08034,COMP_0217,CHECKING_02,checking,HSBC Corporate EU,hsbccorporate_eu,EUR,2025-10-21 09:05:05
PRODUCT_08035,COMP_1268,CHECKING_09,checking,Globalcaja,ruralvia_globalcaja,EUR,2026-04-29 11:47:26
PRODUCT_08036,COMP_0984,CHECKING_05,checking,Other (customer-defined),custom,USD,2025-04-04 08:37:53
PRODUCT_08037,COMP_1017,CHECKING_02,checking,BBVA Net Cash Empresas,bbva_emp,EUR,2025-07-08 13:46:02
PRODUCT_08038,COMP_0471,CHECKING_21,checking,C.R. Teruel,ruralvia_teruel,EUR,2026-02-20 08:00:00
PRODUCT_08039,COMP_0754,CHECKING_10,checking,Barclays Corporate,barclays_corporate,EUR,2025-10-14 09:49:11
PRODUCT_08042,COMP_1215,CARD_11,card,Caixabank Empresas,caixa_emp,EUR,2026-07-08 18:39:31
PRODUCT_08043,COMP_1072,CHECKING_11,checking,Banca March,bancamarch,EUR,2025-10-29 16:47:06
PRODUCT_08047,COMP_1249,CHECKING_09,checking,Banco Santander Empresas,santander_emp,USD,2025-06-06 09:54:06
PRODUCT_08049,COMP_0178,CHECKING_03,checking,Caixabank,caixa_emp,EUR,2024-04-04 10:36:44
PRODUCT_08050,COMP_1032,CHECKING_01,checking,Caixabank Empresas,caixa_emp,EUR,2025-03-25 08:09:53
PRODUCT_08053,COMP_0322,CHECKING_04,checking,Kutxabank Empresas,kutxabank_emp,EUR,2025-03-03 12:53:18
PRODUCT_08054,COMP_0630,CARD_28,card,Caixabank Empresas,caixa_emp,EUR,2026-02-13 10:38:01
PRODUCT_08055,COMP_1078,CHECKING_02,checking,Other (customer-defined),custom,EUR,2026-05-12 15:36:38
PRODUCT_08057,COMP_0696,LINEOFCOMEX_03,lineofcomex,Banco Sabadell,sabadell_emp,EUR,2026-02-11 11:31:18
PRODUCT_08059,COMP_0943,CHECKING_01,checking,Intesa Sanpaolo,sanpaolo_it,EUR,2026-04-16 09:27:16
PRODUCT_08060,COMP_1276,CHECKING_03,checking,Caixabank Empresas,caixa_emp,EUR,2025-03-17 17:12:09
PRODUCT_08061,COMP_1272,CHECKING_15,checking,Banco Santander Empresas,santander_emp,EUR,2026-03-05 14:03:23
PRODUCT_08062,COMP_0407,CHECKING_04,checking,Deutsche Bank Empresas,deutschebank_emp,EUR,2025-10-08 11:27:20
PRODUCT_08067,COMP_1065,CHECKING_01,checking,Banco Sabadell,sabadell,EUR,2026-03-06 11:05:44
PRODUCT_08069,COMP_0964,CARD_03,card,Caixabank,caixa,EUR,2026-04-14 08:29:23
PRODUCT_08070,COMP_0241,CHECKING_06,checking,Revolut,revolut_eu,USD,2024-01-03 09:24:01
PRODUCT_08071,COMP_1071,CHECKING_06,checking,Wise,transferwise,EUR,2026-01-22 15:39:31
PRODUCT_08072,COMP_0644,CARD_02,card,Caixabank Empresas,caixa_emp,EUR,2026-03-03 12:33:17
PRODUCT_08073,COMP_0518,CHECKING_10,checking,Payoneer - EU,payoneer,GBP,2024-11-13 09:18:13
PRODUCT_08074,COMP_0271,CHECKING_21,checking,Banco Sabadell Empresas,sabadell_emp,EUR,2026-04-16 14:14:51
PRODUCT_08075,COMP_0113,CHECKING_05,checking,Banco Sabadell Empresas,sabadell_emp,EUR,2026-04-08 08:17:08
PRODUCT_08077,COMP_0728,CHECKING_02,checking,Silicon Valley Bank - SVB Online Banking,ins_53,USD,2026-01-26 12:58:11
PRODUCT_08078,COMP_1073,CHECKING_01,checking,Banco Sabadell T. sec - CAL Empresas,sabadell_emp_sec,EUR,2024-09-17 13:28:16
PRODUCT_08079,COMP_1007,CHECKING_03,checking,Caixabank,caixa,EUR,2025-07-11 06:40:33
PRODUCT_08080,COMP_0049,CARD_11,card,Caixabank Empresas,caixa_emp,EUR,2025-02-25 22:02:09
PRODUCT_08081,COMP_1247,CHECKING_05,checking,Banco Santander Empresas,santander_emp,EUR,2025-04-04 11:45:23
PRODUCT_08082,COMP_0007,CARD_12,card,Abanca Empresas,abanca_emp,EUR,2026-03-10 15:38:08
PRODUCT_08084,COMP_0007,LINEOFCOMEX_08,lineofcomex,Caixabank Empresas,caixa_emp,EUR,2026-03-11 08:14:54
PRODUCT_08086,COMP_0663,CHECKING_01,checking,Banco Sabadell Empresas,sabadell_emp,EUR,2026-02-10 07:50:28
PRODUCT_08087,COMP_0798,CARD_15,card,Banco Santander Empresas,santander_emp,EUR,2025-09-11 11:13:14
PRODUCT_08088,COMP_1282,CHECKING_13,checking,Paypal,paypal,EUR,2024-02-19 09:15:58
PRODUCT_08089,COMP_1038,INVESTMENT_10,investment,Other (customer-defined),custom,EUR,2026-05-28 19:08:58
PRODUCT_08091,COMP_0109,CHECKING_05,checking,CAIXA GERAL DE DEPOSITOS SA,caixa-geral-de-depositos,EUR,2025-06-10 14:25:27
PRODUCT_08092,COMP_0909,CHECKING_30,checking,Banco Santander,santander_emp,EUR,2024-04-04 08:40:31
PRODUCT_08094,COMP_0136,CHECKING_05,checking,Banco Sabadell T. sec - CAL Empresas,sabadell_emp_sec,EUR,2024-09-17 13:28:16
PRODUCT_08095,COMP_0659,CHECKING_03,checking,Banco Santander,santander_emp,EUR,2024-03-11 11:44:24
PRODUCT_08096,COMP_1284,CHECKING_03,checking,Banco Santander Empresas,santander_emp,EUR,2026-03-10 14:19:20
PRODUCT_08097,COMP_0504,CHECKING_08,checking,Other (customer-defined),custom,JPY,2026-06-18 15:34:31
PRODUCT_08098,COMP_1044,CHECKING_09,checking,Caixa Central de CA Mutuo,gca,EUR,2026-04-15 10:45:58
PRODUCT_08100,COMP_1060,CHECKING_09,checking,Deutsche Bank Empresas,deutschebank_emp,EUR,2026-04-21 11:07:54
PRODUCT_08101,COMP_0015,CHECKING_01,checking,iberCaja,ibercaja,EUR,2025-05-18 16:25:50
PRODUCT_08102,COMP_0076,CHECKING_01,checking,Banco Santander Empresas,santander_emp,EUR,2024-09-24 11:51:59
PRODUCT_08103,COMP_0630,CARD_29,card,Caixabank Empresas,caixa_emp,EUR,2026-02-13 10:38:01
PRODUCT_08104,COMP_0082,CARD_02,card,Banco Sabadell T. sec - CAL Empresas,sabadell_emp_sec,EUR,2025-05-22 15:02:56
PRODUCT_08106,COMP_0623,CHECKING_19,checking,Banco Santander Empresas,santander_emp,EUR,2025-04-09 10:27:32
PRODUCT_08107,COMP_0909,CHECKING_31,checking,Abanca Empresas,abanca_emp,EUR,2025-03-26 11:30:23
PRODUCT_08108,COMP_1201,CHECKING_03,checking,Other (customer-defined),custom,USD,2025-06-07 13:29:39
PRODUCT_08109,COMP_0030,INVESTMENT_01,investment,Other (customer-defined),custom,BRL,2025-02-11 07:56:11
PRODUCT_08111,COMP_0123,CHECKING_04,checking,Caixabank,caixa_emp,EUR,2024-01-31 10:51:14
PRODUCT_08112,COMP_0768,CHECKING_06,checking,RuralVia Empresas,ruralvia_emp,EUR,2025-10-20 08:32:06
PRODUCT_08113,COMP_0888,CHECKING_03,checking,Cajaruralaragon,ruralvia_cajaruralaragon,EUR,2026-02-13 11:06:32
PRODUCT_08116,COMP_0156,CHECKING_02,checking,Caixabank,caixa,EUR,2026-06-08 07:42:16
PRODUCT_08117,COMP_0495,CHECKING_13,checking,Bankinter Empresas,bankinter_emp,EUR,2025-12-09 12:21:21
PRODUCT_08118,COMP_0185,CHECKING_10,checking,Bankinter Empresas,bankinter_emp,EUR,2026-06-23 11:32:27
PRODUCT_08120,COMP_0425,CHECKING_01,checking,Banca March,bancamarch,EUR,2025-02-14 10:27:31
PRODUCT_08121,COMP_1234,CARD_01,card,Banco Sabadell T. sec - CAL Empresas,sabadell_emp_sec,EUR,2024-09-17 12:48:01
PRODUCT_08122,COMP_0501,CHECKING_03,checking,BBVA Net Cash Empresas,bbva_emp,EUR,2026-04-20 11:54:21
PRODUCT_08123,COMP_0919,CHECKING_21,checking,Banco Santander Empresas,santander_emp,EUR,2025-11-03 10:37:28
PRODUCT_08124,COMP_1272,CARD_01,card,Banco Santander Empresas,santander_emp,EUR,2026-03-30 17:14:47
PRODUCT_08125,COMP_1053,CHECKING_24,checking,Laboral Kutxa Empresas,cajalaboral_emp,EUR,2026-07-07 11:56:45
PRODUCT_08126,COMP_0400,CHECKING_04,checking,BBVA Net Cash Empresas,bbva_emp,EUR,2024-09-18 09:20:06
PRODUCT_08127,COMP_1249,CHECKING_10,checking,Paypal,paypal,NOK,2026-06-17 13:51:46
PRODUCT_08128,COMP_1145,CARD_01,card,iberCaja,ibercaja,EUR,2026-07-13 07:28:23
PRODUCT_08133,COMP_0626,CHECKING_08,checking,Caixabank Empresas,caixa_emp,EUR,2026-03-09 09:47:05
PRODUCT_08135,COMP_1046,CHECKING_05,checking,Banco Santander Empresas,santander_emp,EUR,2025-02-06 10:21:19
PRODUCT_08137,COMP_0788,CHECKING_05,checking,Banco Santander Empresas,santander_emp,EUR,2026-09-08 08:26:48
PRODUCT_08138,COMP_0909,CARD_24,card,Bankinter,bankinter_emp,EUR,2024-04-03 07:31:38
PRODUCT_08139,COMP_1248,CHECKING_07,checking,Payhawk,payhawk,USD,2026-02-16 11:42:44
PRODUCT_08140,COMP_0664,CARD_01,card,Banco Santander Empresas,santander_emp,EUR,2026-02-25 09:39:18
PRODUCT_08141,COMP_0773,CHECKING_17,checking,Banco Sabadell,sabadell_emp,EUR,2024-06-26 10:36:35
PRODUCT_08142,COMP_1035,CARD_08,card,Caixabank Empresas,caixa_emp,EUR,2026-07-14 18:45:14
PRODUCT_08145,COMP_0326,CARD_03,card,Caixabank Empresas,caixa_emp,EUR,2026-03-11 10:23:26
PRODUCT_08146,COMP_0051,CHECKING_04,checking,Banco Sabadell,sabadell_emp,EUR,2024-02-15 14:22:55
PRODUCT_08147,COMP_0988,CARD_21,card,Caixabank Empresas,caixa_emp,EUR,2026-03-03 12:11:50
PRODUCT_08149,COMP_1234,CARD_02,card,Banco Sabadell T. sec - CAL Empresas,sabadell_emp_sec,EUR,2024-09-17 12:48:01
PRODUCT_08150,COMP_0486,CHECKING_03,checking,Banco Santander Empresas,santander_emp_cl,USD,2024-06-11 18:38:27
PRODUCT_08151,COMP_0282,EXPENSESPLATFORM_15,expensesPlatform,Caixabank,caixa_emp,EUR,2024-02-19 10:45:26
PRODUCT_08152,COMP_0706,INVESTMENT_01,investment,Banco Santander Empresas,santander_emp,EUR,2025-11-26 10:59:04
PRODUCT_08153,COMP_0515,CHECKING_15,checking,BBVA Net Cash Empresas,bbva_emp,EUR,2025-10-14 11:17:17
PRODUCT_08156,COMP_1277,CHECKING_02,checking,Banco Santander Empresas,santander_emp,EUR,2025-03-06 15:44:00
PRODUCT_08157,COMP_0267,CHECKING_02,checking,Banco Santander Empresas,santander_emp,EUR,2024-12-18 15:22:57
PRODUCT_08160,COMP_0073,CHECKING_12,checking,Paypal,paypal,USD,2024-11-13 14:21:38
PRODUCT_08161,COMP_0538,CARD_02,card,Banco Santander Empresas,santander_emp,EUR,2024-10-23 13:09:12
PRODUCT_08163,COMP_0106,CHECKING_02,checking,Bankinter Empresas,bankinter_emp,EUR,2024-07-30 12:22:40
PRODUCT_08165,COMP_0427,CHECKING_03,checking,Bankinter,bankinter_emp,EUR,2024-04-17 13:18:41
PRODUCT_08166,COMP_0797,CHECKING_27,checking,Banca March,bancamarch,EUR,2025-10-29 16:41:10
PRODUCT_08167,COMP_0916,CHECKING_04,checking,Other (customer-defined),custom,USD,2024-04-24 15:15:46
PRODUCT_08169,COMP_0356,CHECKING_02,checking,Bankinter Empresas,bankinter_emp,EUR,2025-05-22 14:39:40
PRODUCT_08171,COMP_0385,CHECKING_17,checking,Banco Santander Empresas,santander_emp,GBP,2025-07-15 14:02:14
PRODUCT_08172,COMP_0978,CARD_05,card,Banco Sabadell T. sec - CAL Empresas,sabadell_emp_sec,EUR,2024-09-17 13:28:16
PRODUCT_08173,COMP_0952,CHECKING_02,checking,Banco Santander Empresas,santander_emp,EUR,2025-03-17 12:06:38
PRODUCT_08174,COMP_0183,RISK_10,risk,Other (customer-defined),custom,EUR,2026-03-17 17:22:26
PRODUCT_08175,COMP_0182,CHECKING_15,checking,Other (customer-defined),custom,EUR,2026-04-15 14:19:22
PRODUCT_08176,COMP_0282,EXPENSESPLATFORM_16,expensesPlatform,Caixabank,caixa_emp,EUR,2024-02-19 10:45:26
PRODUCT_08177,COMP_0879,CHECKING_05,checking,Coutts & Company,coutts,GBP,2025-06-25 20:46:56
PRODUCT_08179,COMP_0772,CARD_01,card,Caixabank Empresas,caixa_emp,EUR,2025-03-24 16:16:40
PRODUCT_08181,COMP_0182,CHECKING_16,checking,Commerzbank AG,commerzbank,EUR,2026-04-20 13:04:17
PRODUCT_08183,COMP_0009,CHECKING_02,checking,BBVA Net Cash Empresas,bbva_emp,EUR,2026-04-15 11:04:58
PRODUCT_08184,COMP_0954,CHECKING_02,checking,Caixabank Empresas,caixa_emp,EUR,2026-03-03 11:20:11
PRODUCT_08185,COMP_0856,CHECKING_14,checking,Citibank Empresas GLOBAL,citi,EUR,2025-11-11 16:24:23
PRODUCT_08186,COMP_0212,CHECKING_05,checking,Barclays Corporate,barclays_corporate,USD,2025-09-26 07:53:20
PRODUCT_08187,COMP_1037,CHECKING_11,checking,Banca March,bancamarch,EUR,2025-10-29 16:49:53
PRODUCT_08188,COMP_0712,CHECKING_01,checking,Revolut EU,revolut_eu,EUR,2024-03-21 15:05:39
PRODUCT_08191,COMP_0042,CHECKING_15,checking,City National Bank,_city_nb,USD,2022-06-16 14:38:51
PRODUCT_08192,COMP_0840,CHECKING_02,checking,BBVA,bbva_emp,EUR,2021-11-23 15:10:56
PRODUCT_08193,COMP_1007,CHECKING_04,checking,Banco Santander Empresas,santander_emp,EUR,2022-10-11 10:51:09
PRODUCT_08194,COMP_0819,CHECKING_02,checking,Abanca,abanca_emp,EUR,2023-05-16 20:54:15
PRODUCT_08195,COMP_0288,CHECKING_07,checking,ING Direct,ingdirect,EUR,2023-03-24 02:01:34
PRODUCT_08196,COMP_0835,CHECKING_01,checking,Banco Sabadell,sabadell_emp,EUR,2023-07-04 09:38:37
PRODUCT_08197,COMP_0945,CHECKING_11,checking,Payhawk,_payhawk,EUR,2022-05-25 17:56:30
PRODUCT_08198,COMP_0042,CHECKING_16,checking,BBVA,bbva_emp,USD,2022-04-06 14:14:55
PRODUCT_08199,COMP_0440,CHECKING_03,checking,Vietcombank,_vietcom,EUR,2023-06-29 06:55:44
PRODUCT_08200,COMP_0042,CHECKING_17,checking,Banco Sabadell Miami,_sabadell_miami,EUR,2022-04-21 14:23:41
PRODUCT_08201,COMP_0815,CHECKING_01,checking,Banco Santander,santander_emp,EUR,2022-04-25 13:31:06
PRODUCT_08204,COMP_0042,CHECKING_18,checking,Banco Santander,santander_emp,EUR,2022-04-06 14:10:39
PRODUCT_08206,COMP_0042,CHECKING_19,checking,Citibank,_citibank,USD,2022-04-21 14:16:56
PRODUCT_08207,COMP_1240,CHECKING_01,checking,Banco Santander,santander_emp,EUR,2022-04-25 08:38:12
PRODUCT_08208,COMP_0329,CHECKING_03,checking,Qonto ,qonto,EUR,2022-05-14 10:00:01
PRODUCT_08209,COMP_0359,CHECKING_01,checking,FAB,_fab,USD,2023-03-03 14:08:40
PRODUCT_08210,COMP_0471,CHECKING_22,checking,RuralVia,ruralvia_emp,EUR,2022-04-06 12:33:18
PRODUCT_08211,COMP_0042,CHECKING_20,checking,Banco Sabadell Miami,_sabadell_miami,CAD,2022-04-21 14:24:33
PRODUCT_08212,COMP_0681,CHECKING_01,checking,Banco Santander Empresas,santander_emp,EUR,2022-10-15 16:29:46
PRODUCT_08214,COMP_0838,CHECKING_01,checking,Banco Santander,santander_emp,EUR,2022-04-25 08:43:32
PRODUCT_08215,COMP_0945,CHECKING_12,checking,Payhawk,_payhawk,USD,2022-05-25 17:58:10
PRODUCT_08216,COMP_0819,CHECKING_03,checking,Bankinter,bankinter_emp,EUR,2023-05-16 20:54:15
PRODUCT_08217,COMP_0945,CHECKING_13,checking,Abanca,abanca_emp,EUR,2022-04-06 13:55:41
PRODUCT_08218,COMP_0671,CHECKING_01,checking,Caixabank,caixa_emp,EUR,2023-07-04 09:46:04
PRODUCT_08219,COMP_0841,CHECKING_02,checking,Banco Santander,santander_emp,EUR,2021-11-18 15:54:13
PRODUCT_08220,COMP_0440,CHECKING_04,checking,Vietcombank,_vietcom,VND,2022-04-21 14:08:09
PRODUCT_08221,COMP_0840,CHECKING_03,checking,BBVA,bbva_emp,EUR,2021-11-23 15:10:56
PRODUCT_08222,COMP_0945,CHECKING_14,checking,BBVA,bbva_emp,EUR,2022-04-06 13:58:08
PRODUCT_08223,COMP_0018,CHECKING_01,checking,Banco Sabadell,sabadell_emp,EUR,2023-05-16 19:39:33
PRODUCT_08224,COMP_0471,CHECKING_23,checking,Banco Santander,santander_emp,EUR,2022-04-06 12:43:08
PRODUCT_08225,COMP_0839,CHECKING_01,checking,Banco Santander,santander_emp,EUR,2022-04-25 08:27:00
PRODUCT_08226,COMP_0471,CHECKING_24,checking,Abanca,abanca_emp,EUR,2022-04-06 07:11:20
