product_id,company_id,label,type,bank_name,service,currency,created_at,granted,outstanding,liquidity
PRODUCT_00002,COMP_1008,LOAN_01,loan,Banca March,bancamarch,EUR,2026-01-28 12:50:43,,-394699.74,
PRODUCT_00005,COMP_0742,LOAN_01,loan,Other (customer-defined),custom,EUR,2026-03-26 10:34:49,-4000000,-840000,
PRODUCT_00006,COMP_0653,LOAN_01,loan,Other (customer-defined),custom,EUR,2025-08-27 15:31:35,-350000,0,
PRODUCT_00023,COMP_0248,LOAN_01,loan,Banco Sabadell T. sec - CAL Empresas,sabadell_emp_sec,EUR,2025-11-13 13:36:02,-100000,-30101.12,
PRODUCT_00027,COMP_1130,LINEOFCREDIT_01,lineofcredit,Banco Sabadell,sabadell_emp,EUR,2024-05-21 15:04:34,-0.01,0,0.01
PRODUCT_00029,COMP_0803,LINEOFCREDIT_01,lineofcredit,BBVA,bbva_emp,EUR,2023-10-23 10:41:31,-1300000,-1181176.23,118823.77
PRODUCT_00031,COMP_1070,LOAN_01,loan,Bankinter Empresas,bankinter_emp,EUR,2026-03-19 12:55:37,-104500,0,
PRODUCT_00032,COMP_0827,LOAN_01,loan,Cajamar,cajamar,EUR,2023-01-17 14:55:58,,0,
PRODUCT_00044,COMP_0877,LINEOFCREDIT_01,lineofcredit,Banco Santander Empresas,santander_emp,EUR,2025-10-06 15:22:31,-21350000,19007594.63,40357594.63
PRODUCT_00049,COMP_1036,LEASING_01,leasing,Bankinter Empresas,bankinter_emp,EUR,2026-07-13 10:49:58,-495000,-249057.16,
PRODUCT_00050,COMP_0369,LINEOFCREDIT_01,lineofcredit,In-house bank,inhousebanking,EUR,2026-07-01 14:12:14,-50000,-50000,
PRODUCT_00052,COMP_1232,LINEOFCREDIT_01,lineofcredit,In-house bank,inhousebanking,EUR,2026-08-26 13:08:37,,0,
PRODUCT_00055,COMP_1169,LINEOFCREDIT_01,lineofcredit,Banco Sabadell T. sec - CAL Empresas,sabadell_emp_sec,EUR,2025-11-06 07:47:17,-160000,-136828.98,23171.02
PRODUCT_00057,COMP_1025,GUARANTEE_01,guarantee,Banco Santander Empresas,santander_emp,EUR,2026-01-30 10:39:56,,0,
PRODUCT_00059,COMP_0653,LOAN_02,loan,Other (customer-defined),custom,EUR,2025-08-22 08:58:36,-100000,0,
PRODUCT_00068,COMP_1133,LOAN_01,loan,Intesa Sanpaolo (Corporate),intesa_sanpaolo_corporate,EUR,2025-01-23 06:48:57,-671784.98,-462457.48,
PRODUCT_00077,COMP_0007,LOAN_01,loan,Banco Santander Empresas,santander_emp,EUR,2026-05-14 14:58:26,-1000000,-938410.76,
PRODUCT_00079,COMP_0304,LINEOFCREDIT_01,lineofcredit,Banco Santander Empresas,santander_emp,EUR,2025-10-06 15:22:31,-21350000,21350000,42700000
PRODUCT_00081,COMP_1267,LOAN_01,loan,Bankinter Empresas,bankinter_emp,EUR,2026-01-28 09:05:04,-24999.99,0,
PRODUCT_00083,COMP_0087,LOAN_01,loan,Banco Santander Empresas,santander_emp,EUR,2024-10-18 11:05:51,-103697.48,0,
PRODUCT_00093,COMP_0248,LOAN_02,loan,Bankinter Empresas,bankinter_emp,EUR,2025-12-03 12:39:36,-96000,0,
PRODUCT_00095,COMP_0623,LEASING_01,leasing,Caixabank Empresas,caixa_emp,EUR,2025-04-25 09:54:53,-31698.33,-22514.56,
PRODUCT_00101,COMP_1267,CONFIRMING_01,confirming,Banco Santander Empresas,santander_emp,EUR,2025-11-06 08:29:57,-2500000,-281273.07,2218726.93
PRODUCT_00105,COMP_0653,LOAN_03,loan,Other (customer-defined),custom,EUR,2025-08-27 11:41:00,-50000,0,
PRODUCT_00109,COMP_0653,LOAN_04,loan,Other (customer-defined),custom,EUR,2025-08-22 08:16:05,-300000,0,
PRODUCT_00110,COMP_0058,CONFIRMING_01,confirming,Bankinter Empresas,bankinter_emp,EUR,2026-07-28 06:46:19,-900000,-887930.39,12069.61
PRODUCT_00117,COMP_0653,LOAN_05,loan,Other (customer-defined),custom,EUR,2025-08-27 15:34:38,-60000,0,
PRODUCT_00118,COMP_0956,LINEOFCREDIT_01,lineofcredit,BBVA Net Cash Empresas,bbva_emp,EUR,2026-04-29 11:21:29,-45000,308203.63,353203.63
PRODUCT_00124,COMP_0556,LINEOFCREDIT_01,lineofcredit,In-house bank,inhousebanking,EUR,2025-07-31 06:34:38,-1,6,7
PRODUCT_00140,COMP_1038,LEASING_01,leasing,Caixabank Empresas,caixa_emp,EUR,2026-06-17 17:28:40,-1000000,0,
PRODUCT_00142,COMP_0365,LOAN_01,loan,BNP Paribas - Mabanque Corporate,mabanque-corporate,EUR,2026-05-05 07:32:32,-1600000,-1400000,
PRODUCT_00144,COMP_0700,CONFIRMING_01,confirming,Banco Santander Empresas,santander_emp,EUR,2025-08-27 09:37:02,-100000,-22178.19,77821.81
PRODUCT_00147,COMP_0047,GUARANTEE_01,guarantee,Banco Santander Empresas,santander_emp,EUR,2025-09-24 10:14:49,,-100636.88,
PRODUCT_00152,COMP_1171,CONFIRMING_01,confirming,Banco Santander,santander_emp,EUR,2024-07-01 11:58:03,-1010000,0,476689.93
PRODUCT_00154,COMP_0185,CONFIRMING_01,confirming,Banco Santander Empresas,santander_emp,EUR,2026-07-07 11:39:14,-4000000,-2618570.01,1381429.99
PRODUCT_00156,COMP_0235,LEASING_01,leasing,Caisse d Epargne Hauts de France,caisse-d-epargne-hauts-de-france,EUR,2026-01-20 17:01:19,-56159.71,-32677.46,
PRODUCT_00159,COMP_0203,GUARANTEE_01,guarantee,BBVA,bbva_emp,EUR,2023-09-14 10:02:14,-5769.6,-5769.6,223.52
PRODUCT_00172,COMP_0896,LINEOFCREDIT_01,lineofcredit,BBVA Net Cash Empresas,bbva_emp,EUR,2026-07-13 10:34:25,-200000,-33078.9,166921.1
PRODUCT_00191,COMP_0087,LOAN_02,loan,Banco Santander Empresas,santander_emp,EUR,2024-10-25 10:44:08,-318000,0,
PRODUCT_00199,COMP_0653,LOAN_06,loan,Other (customer-defined),custom,EUR,2025-08-22 10:49:25,-100000,0,
PRODUCT_00200,COMP_0630,LOAN_01,loan,Other (customer-defined),custom,EUR,2026-02-19 09:36:37,-125000000,-125000000,
PRODUCT_00201,COMP_0653,LOAN_07,loan,Other (customer-defined),custom,EUR,2025-08-22 08:49:16,-25000,0,
PRODUCT_00202,COMP_0511,LOAN_01,loan,Bankinter Empresas,bankinter_emp,EUR,2024-11-05 08:16:42,-1186500,0,
PRODUCT_00209,COMP_0047,RENTING_01,renting,BBVA Net Cash Empresas,bbva_emp,EUR,2025-09-23 12:55:56,-8780.52,0,
PRODUCT_00217,COMP_0623,LOAN_01,loan,Caixabank Empresas,caixa_emp,EUR,2025-04-25 08:00:37,-1000000,-1000000,
PRODUCT_00221,COMP_1036,GUARANTEE_01,guarantee,Caixabank Empresas,caixa_emp,EUR,2026-07-13 10:40:02,-10000000,-4030194.03,
PRODUCT_00227,COMP_0058,LOAN_01,loan,Abanca Empresas,abanca_emp,EUR,2026-05-19 16:46:03,-160510.72,-115012.7,
PRODUCT_00228,COMP_1036,LEASING_02,leasing,Caixabank Empresas,caixa_emp,EUR,2026-08-26 11:44:50,-540000,-349908.44,
PRODUCT_00237,COMP_0653,LOAN_08,loan,Other (customer-defined),custom,EUR,2025-08-22 10:37:47,-265000,0,
PRODUCT_00243,COMP_0861,LOAN_01,loan,Other (customer-defined),custom,EUR,2025-11-17 15:46:56,-1677500,-1395875.02,
PRODUCT_00246,COMP_1036,LEASING_03,leasing,BBVA Net Cash Empresas,bbva_emp,EUR,2026-08-27 11:22:28,-259500,-136097.41,
PRODUCT_00248,COMP_1001,LINEOFCREDIT_01,lineofcredit,Bankinter Empresas,bankinter_emp,EUR,2025-09-11 11:28:59,-150000,0,150000
PRODUCT_00250,COMP_0447,LINEOFCREDIT_01,lineofcredit,Banco Santander Empresas,santander_emp,EUR,2026-02-17 12:46:33,-250000,0,250000
PRODUCT_00252,COMP_0007,FACTORING_01,factoring,Bankinter Empresas,bankinter_emp,EUR,2026-03-11 07:27:01,-1000000,0,1000000
PRODUCT_00254,COMP_1053,LINEOFCREDIT_01,lineofcredit,Banco Santander Empresas,santander_emp,EUR,2026-07-08 10:45:28,-8374.06,-8374.06,
PRODUCT_00258,COMP_0988,LOAN_01,loan,BBVA Net Cash Empresas,bbva_emp,EUR,2026-03-16 13:27:30,-341592.34,-241090.29,
PRODUCT_00266,COMP_0515,LINEOFCREDIT_01,lineofcredit,BBVA Net Cash Empresas,bbva_emp,EUR,2026-01-13 16:26:53,,-14788.1,
PRODUCT_00268,COMP_0877,LEASING_01,leasing,Banco Santander Empresas,santander_emp,EUR,2025-10-17 13:56:06,-353.92,0,
PRODUCT_00270,COMP_0919,CONFIRMING_01,confirming,BBVA Net Cash Empresas,bbva_emp,USD,2025-11-03 10:46:24,,0,
PRODUCT_00276,COMP_0924,LOAN_01,loan,Deutsche Bank (ES) - Empresas,ins_127317,EUR,2025-05-16 06:14:37,-2312038.95,-1686858.3,
PRODUCT_00279,COMP_1169,LOAN_01,loan,Bankinter Empresas,bankinter_emp,EUR,2026-04-16 11:37:47,-90000,-90000,
PRODUCT_00280,COMP_0007,LOAN_02,loan,Bankinter Empresas,bankinter_emp,EUR,2026-03-20 11:47:26,-500000,-406331.4,
PRODUCT_00290,COMP_0623,LINEOFCREDIT_01,lineofcredit,BBVA Net Cash Empresas,bbva_emp,EUR,2025-04-09 12:55:09,-1000000,-999115.77,884.23
PRODUCT_00291,COMP_0639,LINEOFCREDIT_01,lineofcredit,Bankinter,bankinter_emp,EUR,2022-11-17 14:11:22,0,0,223.52
PRODUCT_00296,COMP_0180,LOAN_01,loan,Banco Santander,santander_emp,EUR,2026-06-02 07:43:15,-436000,0,
PRODUCT_00298,COMP_1219,LINEOFCREDIT_01,lineofcredit,Banco Sabadell T. sec - CAL Empresas,sabadell_emp_sec,EUR,2024-09-17 12:48:01,,0,
PRODUCT_00299,COMP_0193,LOAN_01,loan,Banco Sabadell Empresas,sabadell_emp,EUR,2025-11-25 11:52:19,-74797.1,0,
PRODUCT_00301,COMP_1279,LOAN_01,loan,Bankinter,bankinter_emp,EUR,2024-03-11 11:53:30,-10778.01,0,223.52
PRODUCT_00309,COMP_0261,LOAN_01,loan,Banco Santander Empresas,santander_emp,EUR,2025-02-20 13:32:39,-54000000,-55567423.29,
PRODUCT_00312,COMP_0471,LINEOFCREDIT_01,lineofcredit,Caixabank,caixa_emp,EUR,2023-09-20 11:32:50,,223.52,223.52
PRODUCT_00316,COMP_1068,MORTGAGE_01,mortgage,Banco Sabadell Empresas,sabadell_emp,EUR,2026-02-19 15:49:35,-10000,-1000,
PRODUCT_00328,COMP_1249,LINEOFCREDIT_01,lineofcredit,BBVA Net Cash Empresas,bbva_emp,EUR,2025-09-02 10:49:39,-200000,-111061.45,88938.55
PRODUCT_00334,COMP_1072,GUARANTEE_01,guarantee,Caixabank Empresas,caixa_emp,EUR,2026-05-27 07:27:24,-250000,-100078.57,150000
PRODUCT_00336,COMP_0406,GUARANTEE_01,guarantee,Banco Santander Empresas,santander_emp,EUR,2026-03-27 10:40:11,,-39729,
PRODUCT_00340,COMP_0802,LOAN_01,loan,Caixabank Empresas,caixa_emp,EUR,2025-10-20 11:16:37,-108628.89,-34102.17,
PRODUCT_00350,COMP_1133,LOAN_02,loan,Banca Monte dei Paschi Business,bmps_business,EUR,2025-01-22 10:29:15,-186440.91,0,
PRODUCT_00357,COMP_0079,LINEOFCREDIT_01,lineofcredit,Banco Santander Empresas,santander_emp,EUR,2026-03-11 12:45:52,-86190,0,86190
PRODUCT_00358,COMP_0304,LINEOFCREDIT_02,lineofcredit,Banco Santander Empresas,santander_emp,EUR,2025-10-06 15:22:31,-21350000,21183330.94,42533330.94
PRODUCT_00367,COMP_0653,LOAN_09,loan,Other (customer-defined),custom,EUR,2025-08-22 08:19:25,-430000,0,
PRODUCT_00368,COMP_0210,LOAN_01,loan,Banco Sabadell T. sec - CAL Empresas,sabadell_emp_sec,EUR,2025-10-21 10:28:34,-563288.95,-476630.95,
PRODUCT_00369,COMP_0326,FACTORING_01,factoring,Caixabank Empresas,caixa_emp,EUR,2026-08-18 12:47:14,-1300000,0,1300000
PRODUCT_00374,COMP_0576,CONFIRMING_01,confirming,Bankinter Empresas,bankinter_emp,EUR,2026-06-23 11:23:15,-799996,-796964.21,3031.79
PRODUCT_00376,COMP_0235,LEASING_02,leasing,Caisse d Epargne Hauts de France,caisse-d-epargne-hauts-de-france,EUR,2026-01-20 17:52:01,-56159.71,-33616.75,
PRODUCT_00379,COMP_0995,LINEOFCREDIT_01,lineofcredit,iberCaja,ibercaja,EUR,2025-03-07 12:28:42,-300000,218.74,300218.74
PRODUCT_00387,COMP_1036,GUARANTEE_02,guarantee,BBVA Net Cash Empresas,bbva_emp,EUR,2026-07-13 12:47:50,-5000000,-4012058.05,
PRODUCT_00389,COMP_0498,LOAN_01,loan,Caixabank Empresas,caixa_emp,EUR,2026-03-10 09:35:56,-15000000,-15000000,
PRODUCT_00394,COMP_0491,LINEOFCREDIT_01,lineofcredit,Banco Santander Empresas,santander_emp,EUR,2026-02-20 12:58:50,-49000,-122.5,48877.5
PRODUCT_00400,COMP_0220,CONFIRMING_01,confirming,Bankinter Empresas,bankinter_emp,EUR,2025-12-11 08:23:17,-90000,-22398.11,67601.89
PRODUCT_00401,COMP_0697,LOAN_01,loan,Credit Du Nord,credit-du-nord,EUR,2024-04-04 14:29:42,-225000,-105000,223.52
PRODUCT_00408,COMP_0277,LINEOFCREDIT_01,lineofcredit,Deutsche Bank Empresas,deutschebank_emp,EUR,2026-03-04 08:44:02,-300000,3504.02,303504.02
PRODUCT_00412,COMP_0686,CONFIRMING_01,confirming,Banco Santander,santander_emp,EUR,2024-07-01 11:58:04,-1010000,0,476689.93
PRODUCT_00413,COMP_0332,MORTGAGE_01,mortgage,Caixabank Empresas,caixa_emp,EUR,2026-02-19 17:52:18,-8893.04,-8567.21,
PRODUCT_00418,COMP_0169,LINEOFCREDIT_01,lineofcredit,Banco Santander Empresas,santander_emp,EUR,2025-05-13 10:42:28,-100000,0,100000
PRODUCT_00425,COMP_0909,LINEOFCREDIT_01,lineofcredit,BBVA,bbva_emp,EUR,2025-02-27 12:27:37,-1000000,0,1000000
PRODUCT_00430,COMP_0494,LOAN_01,loan,Banco Sabadell T. sec - CAL Empresas,sabadell_emp_sec,EUR,2024-10-10 10:07:17,-100000,-88355.87,
PRODUCT_00431,COMP_0747,LOAN_01,loan,Bankinter Empresas,bankinter_emp,EUR,2025-05-22 14:29:43,-945688.82,-768018.13,
PRODUCT_00434,COMP_0495,GUARANTEE_01,guarantee,Banco Sabadell Empresas,sabadell_emp,EUR,2025-12-11 08:28:55,-15000,-13792.81,
PRODUCT_00436,COMP_1091,MORTGAGE_01,mortgage,Banco Santander Empresas,santander_emp,EUR,2025-03-17 12:06:38,-2371584,-1315513.42,
PRODUCT_00439,COMP_0929,LINEOFCREDIT_01,lineofcredit,Abanca Empresas,abanca_emp,EUR,2025-10-09 13:33:58,-150000,-9686.34,140313.66
PRODUCT_00441,COMP_0653,LOAN_10,loan,Other (customer-defined),custom,EUR,2025-08-27 10:21:28,-55000,0,
PRODUCT_00445,COMP_0248,LOAN_03,loan,Bankinter Empresas,bankinter_emp,EUR,2026-08-31 15:33:26,-65000,-65000.01,
PRODUCT_00446,COMP_0653,LOAN_11,loan,Other (customer-defined),custom,EUR,2025-08-22 08:03:50,-400000,0,
PRODUCT_00448,COMP_0919,CONFIRMING_02,confirming,Banco Santander Empresas,santander_emp,EUR,2025-11-03 10:37:28,-1250000,0,1250000
PRODUCT_00453,COMP_0320,LINEOFCREDIT_01,lineofcredit,In-house bank,inhousebanking,EUR,2026-07-01 14:52:34,-2050000,-2050000,
PRODUCT_00459,COMP_0220,CONFIRMING_02,confirming,Banco Santander Empresas,santander_emp,EUR,2026-01-27 14:19:22,-3200000,0,3200000
PRODUCT_00460,COMP_0597,LOAN_01,loan,Caixabank Empresas,caixa_emp,EUR,2025-11-06 10:56:40,-487996.04,-203869.77,
PRODUCT_00468,COMP_0297,LEASING_01,leasing,Caixabank Empresas,caixa_emp,EUR,2026-04-22 11:26:16,-48439.97,-36313.28,
PRODUCT_00470,COMP_0653,LOAN_12,loan,Other (customer-defined),custom,EUR,2025-08-27 09:37:33,-100000,0,
PRODUCT_00471,COMP_0444,LOAN_01,loan,Banco Sabadell Empresas,sabadell_emp,EUR,2026-07-02 06:52:59,-1500000,-1468908.63,
PRODUCT_00473,COMP_0297,LEASING_02,leasing,Caixabank Empresas,caixa_emp,EUR,2026-04-22 11:13:57,-38510.82,-28876.61,
PRODUCT_00476,COMP_0447,LINEOFCREDIT_02,lineofcredit,Banco Santander Empresas,santander_emp,EUR,2025-09-15 09:24:19,-60000,0,60000
PRODUCT_00480,COMP_0007,RENTING_01,renting,Other (customer-defined),custom,EUR,2026-03-31 10:57:50,-2102.44,0,
PRODUCT_00481,COMP_0623,LEASING_02,leasing,Caixabank Empresas,caixa_emp,EUR,2025-05-12 14:56:50,-36290.91,-21659.63,
PRODUCT_00482,COMP_0491,LOAN_01,loan,Banco Santander Empresas,santander_emp,EUR,2024-12-20 09:00:42,-140000,0,
PRODUCT_00487,COMP_1282,LOAN_01,loan,Other (customer-defined),custom,EUR,2025-02-12 14:47:44,-662460.23,-490392.23,
PRODUCT_00489,COMP_1208,LINEOFCREDIT_01,lineofcredit,Banco Sabadell Empresas,sabadell_emp,EUR,2026-04-07 14:46:50,-12246.69,-12246.69,
PRODUCT_00490,COMP_0850,LINEOFCREDIT_01,lineofcredit,RuralVia Empresas,ruralvia_emp,EUR,2026-08-04 07:40:29,-100000,905.55,100905.55
PRODUCT_00491,COMP_0653,LOAN_13,loan,Other (customer-defined),custom,EUR,2025-08-27 10:26:54,-100000,0,
PRODUCT_00495,COMP_1066,LOAN_01,loan,BBVA Net Cash Empresas,bbva_emp,EUR,2025-10-02 11:09:05,-116052.48,-89389.71,
PRODUCT_00496,COMP_0635,LOAN_01,loan,Caixabank Empresas,caixa_emp,EUR,2025-09-25 14:11:56,-319392.02,-217166.07,
PRODUCT_00499,COMP_0444,GUARANTEE_01,guarantee,Banco Sabadell Empresas,sabadell_emp,EUR,2026-03-13 12:08:09,-3005.06,-3005.06,
PRODUCT_00504,COMP_0686,LOAN_01,loan,Banco Santander,santander_emp,EUR,2024-07-01 11:58:04,-67072.08,0,
PRODUCT_00515,COMP_0583,RENTING_01,renting,Banco Santander,santander_emp,EUR,2024-02-27 15:30:05,-100,0,223.52
PRODUCT_00526,COMP_1169,LOAN_02,loan,Banco Santander Empresas,santander_emp,EUR,2025-11-06 08:24:38,-330000,-172854.08,
PRODUCT_00527,COMP_1024,LOAN_01,loan,BBVA Net Cash Empresas,bbva_emp,EUR,2025-10-21 09:10:21,-500000,-142918.79,
PRODUCT_00528,COMP_0495,CONFIRMING_01,confirming,Caixabank Empresas,caixa_emp,EUR,2025-12-11 08:58:24,,0,
PRODUCT_00529,COMP_0210,LOAN_02,loan,Banco Sabadell T. sec - CAL Empresas,sabadell_emp_sec,EUR,2025-10-21 10:22:35,-188936.76,-125956.76,
PRODUCT_00530,COMP_1169,LOAN_03,loan,Banco Santander Empresas,santander_emp,EUR,2026-05-07 06:12:30,-270000,0,
PRODUCT_00531,COMP_0653,LOAN_14,loan,Other (customer-defined),custom,EUR,2025-10-22 13:09:00,-50000,0,
PRODUCT_00537,COMP_0415,GUARANTEE_01,guarantee,Banco Santander Empresas,santander_emp,EUR,2026-06-09 07:53:36,,-247796.08,
PRODUCT_00539,COMP_1169,LOAN_04,loan,Caixabank Empresas,caixa_emp,EUR,2026-04-14 07:26:49,-43961.19,-40618.05,
PRODUCT_00541,COMP_0855,CONFIRMING_01,confirming,Banco Santander Empresas,santander_emp,EUR,2026-08-19 09:54:49,-700000,-696076.59,3923.41
PRODUCT_00548,COMP_0261,LOAN_02,loan,Banco Santander Empresas,santander_emp,EUR,2025-02-20 13:59:15,-2820000,-1695000,
PRODUCT_00568,COMP_0825,LOAN_01,loan,BBVA Net Cash Empresas,bbva_emp,EUR,2023-02-16 14:03:27,-28732.18,223.52,223.52
PRODUCT_00570,COMP_0812,GUARANTEE_01,guarantee,Banca March,bancamarch,EUR,2023-04-15 06:22:58,-90151.82,-90151.82,223.52
PRODUCT_00575,COMP_0956,LINEOFCREDIT_02,lineofcredit,Banco Santander Empresas,santander_emp,EUR,2026-04-29 14:43:31,-84500,-82855.58,1644.42
PRODUCT_00580,COMP_0653,LOAN_15,loan,Other (customer-defined),custom,EUR,2025-08-22 09:13:16,-120000,0,
PRODUCT_00584,COMP_0950,LEASING_01,leasing,Other (customer-defined),custom,EUR,2024-02-05 09:39:15,-11550.99,0,223.52
PRODUCT_00585,COMP_0203,LOAN_01,loan,Caixabank,caixa_emp,EUR,2023-09-14 10:20:02,-426723.47,-26672.86,223.52
PRODUCT_00591,COMP_0004,CONFIRMING_01,confirming,Laboral Kutxa Empresas,cajalaboral_emp,EUR,2026-02-25 15:54:51,,-131735.94,
PRODUCT_00593,COMP_0494,LOAN_02,loan,Banco Sabadell T. sec - CAL Empresas,sabadell_emp_sec,EUR,2024-10-11 08:06:07,-700000,-576710.08,
PRODUCT_00600,COMP_0471,LINEOFCREDIT_02,lineofcredit,Banco Santander,santander_emp,EUR,2023-09-20 11:22:38,-800000,-608737.15,191262.85
PRODUCT_00605,COMP_0271,LINEOFCREDIT_01,lineofcredit,Abanca Empresas,abanca_emp,EUR,2026-04-15 12:15:38,-800000,-765557.55,34442.45
PRODUCT_00609,COMP_0169,LOAN_01,loan,Caixabank Empresas,caixa_emp,EUR,2025-05-16 12:35:29,-38249.15,-26495.68,
PRODUCT_00610,COMP_0126,LINEOFCREDIT_01,lineofcredit,Bankinter Empresas,bankinter_emp,EUR,2025-01-28 12:56:06,0,769976.88,
PRODUCT_00611,COMP_1036,LEASING_04,leasing,Caixabank Empresas,caixa_emp,EUR,2026-08-26 11:54:49,-540000,-349908.44,
PRODUCT_00615,COMP_0220,LINEOFCREDIT_01,lineofcredit,Banco Sabadell Empresas,sabadell_emp,EUR,2026-01-13 12:08:57,-250000,-246943.31,3056.69
PRODUCT_00617,COMP_0696,LINEOFCREDIT_01,lineofcredit,Bankinter,bankinter_emp,EUR,2024-07-05 07:19:17,-4000000,-1471355.7,2528644.3
PRODUCT_00618,COMP_0816,LOAN_01,loan,Laboral Kutxa,cajalaboral_emp,EUR,2023-05-30 13:56:15,-2275000,-524839.26,223.52
PRODUCT_00628,COMP_0965,LEASING_01,leasing,BBVA Net Cash Empresas,bbva_emp,EUR,2026-06-17 15:35:07,-2460163.17,-2390046.98,
PRODUCT_00629,COMP_0216,LOAN_01,loan,Deutsche Bank Empresas,deutschebank_emp,EUR,2025-11-20 12:07:17,-111600,-36476.46,
PRODUCT_00632,COMP_0048,LINEOFCREDIT_01,lineofcredit,BBVA Net Cash Empresas,bbva_emp,EUR,2026-05-12 13:46:21,,-6061.28,
PRODUCT_00633,COMP_0471,LOAN_01,loan,RuralVia,ruralvia_emp,EUR,2024-02-01 16:11:23,-113219.1,-81168.93,
PRODUCT_00635,COMP_0007,RENTING_02,renting,Other (customer-defined),custom,EUR,2026-03-31 10:47:32,-21831.84,-14261.13,
PRODUCT_00644,COMP_0474,LOAN_01,loan,Banco Santander,santander_emp,EUR,2024-05-13 07:01:32,-125000.04,-24305.63,223.52
PRODUCT_00646,COMP_0594,LOAN_01,loan,Banco Santander Empresas,santander_emp,EUR,2026-02-27 09:25:45,-1200000,-1200000,
PRODUCT_00649,COMP_0825,LOAN_02,loan,BBVA Net Cash Empresas,bbva_emp,EUR,2023-05-08 07:20:56,-57064.93,223.52,223.52
PRODUCT_00651,COMP_0982,CONFIRMING_01,confirming,Banco Santander Empresas,santander_emp,EUR,2025-03-25 10:18:18,-250000,0,250000
PRODUCT_00659,COMP_0653,LOAN_16,loan,Other (customer-defined),custom,EUR,2025-08-22 10:35:13,-60000,0,
PRODUCT_00660,COMP_1012,LOAN_01,loan,BBVA Net Cash Empresas,bbva_emp,EUR,2026-01-30 10:51:24,-51758.76,-26450.31,
PRODUCT_00661,COMP_0128,LINEOFCREDIT_01,lineofcredit,Caixabank Empresas,caixa_emp,EUR,2025-03-18 15:47:10,-60000,-36222.63,23777.37
PRODUCT_00662,COMP_0965,LINEOFCREDIT_01,lineofcredit,Caixabank Empresas,caixa_emp,EUR,2026-05-22 11:54:50,-7000000,105592.48,7105592.48
PRODUCT_00667,COMP_1272,LOAN_01,loan,iberCaja,ibercaja,EUR,2026-03-24 12:10:28,-30818.7,-8867.1,
PRODUCT_00668,COMP_0825,LOAN_03,loan,BBVA Net Cash Empresas,bbva_emp,EUR,2023-02-16 13:57:20,-700000,223.52,223.52
PRODUCT_00672,COMP_0974,LINEOFCREDIT_01,lineofcredit,Banco Santander Empresas,santander_emp,EUR,2026-01-13 09:41:59,-1000,-71.4,928.6
PRODUCT_00673,COMP_0855,GUARANTEE_01,guarantee,BBVA Net Cash Empresas,bbva_emp,EUR,2026-08-19 10:13:59,-5000000,-2821755.31,
PRODUCT_00679,COMP_0235,LEASING_03,leasing,Caisse d Epargne Hauts de France,caisse-d-epargne-hauts-de-france,EUR,2026-01-20 16:57:39,-56159.71,-32677.46,
PRODUCT_00684,COMP_0623,LOAN_02,loan,Other (customer-defined),custom,EUR,2025-04-25 10:05:18,-1000000,-1000000,
PRODUCT_00689,COMP_1038,LOAN_01,loan,Other (customer-defined),custom,EUR,2026-06-01 17:57:31,-5074242.19,-1607099.47,
PRODUCT_00699,COMP_0909,LINEOFCREDIT_02,lineofcredit,Caja de Ingenieros,cajaingenieros,EUR,2025-01-28 17:00:06,-600000,601237.18,1201237.18
PRODUCT_00701,COMP_0101,LOAN_01,loan,Caixabank Empresas,caixa_emp,EUR,2024-12-16 17:17:09,-133461.4,0,
PRODUCT_00703,COMP_0326,LINEOFCREDIT_01,lineofcredit,BBVA Net Cash Empresas,bbva_emp,EUR,2025-09-09 11:47:00,-1100000,0,1100000
PRODUCT_00707,COMP_0087,LOAN_03,loan,Banco Santander Empresas,santander_emp,EUR,2024-10-24 11:50:49,-307331,0,
PRODUCT_00709,COMP_0495,LOAN_01,loan,Caixabank Empresas,caixa_emp,EUR,2025-12-11 08:58:24,-149853.74,-91419.26,
PRODUCT_00713,COMP_0087,LOAN_04,loan,Banco Santander Empresas,santander_emp,EUR,2024-11-11 10:10:29,-600000,0,
PRODUCT_00715,COMP_0623,LINEOFCREDIT_02,lineofcredit,Banco Santander Empresas,santander_emp,EUR,2025-04-09 10:27:32,,0,
PRODUCT_00718,COMP_0271,LINEOFCREDIT_02,lineofcredit,Banco Santander Empresas,santander_emp,EUR,2026-04-22 13:51:32,-1500000,-28872.81,1471127.19
PRODUCT_00720,COMP_0058,LOAN_02,loan,RuralVia Empresas,ruralvia_emp,EUR,2026-06-09 16:41:26,-1804140.55,-1716608.71,
PRODUCT_00729,COMP_1208,CONFIRMING_01,confirming,Caixabank Empresas,caixa_emp,EUR,2026-04-07 16:41:06,,0,
PRODUCT_00733,COMP_0803,LOAN_01,loan,Bankinter,bankinter_emp,EUR,2024-04-30 11:47:38,-325000,0,223.52
PRODUCT_00737,COMP_0924,LOAN_02,loan,Bankinter Empresas,bankinter_emp,EUR,2026-05-14 09:49:36,-6200000,-6200000,
PRODUCT_00743,COMP_0519,LOAN_01,loan,Abanca,abanca_emp,EUR,2024-02-13 11:55:26,-100000,-17634.78,223.52
PRODUCT_00752,COMP_0995,GUARANTEE_01,guarantee,Banco Santander Empresas,santander_emp,EUR,2025-04-22 09:11:26,0,0,
PRODUCT_00753,COMP_0495,CONFIRMING_02,confirming,Caixabank Empresas,caixa_emp,EUR,2025-12-11 08:58:24,,0,
PRODUCT_00765,COMP_1169,LOAN_05,loan,Caixabank Empresas,caixa_emp,EUR,2025-11-06 11:08:28,-130561.4,0,
PRODUCT_00767,COMP_0402,LEASING_01,leasing,Caixabank Empresas,caixa_emp,EUR,2025-10-09 07:54:33,-4893,0,
PRODUCT_00774,COMP_1169,LEASING_01,leasing,BBVA Net Cash Empresas,bbva_emp,EUR,2025-11-13 10:00:39,-15481.27,-5361.11,
PRODUCT_00778,COMP_1117,LOAN_01,loan,Bankinter Empresas,bankinter_emp,EUR,2025-09-09 10:23:34,-552018.27,-495734.93,
PRODUCT_00789,COMP_0850,GUARANTEE_01,guarantee,Banco Santander Empresas,santander_emp,EUR,2026-07-13 18:09:07,-78300,-78300,
PRODUCT_00795,COMP_1230,LOAN_01,loan,Bankinter Empresas,bankinter_emp,EUR,2025-07-10 11:02:51,-75000,0,
PRODUCT_00798,COMP_0696,LINEOFCREDIT_02,lineofcredit,Caixabank,caixa_emp,EUR,2024-06-17 12:11:10,-3000000,-67797.5,2932202.5
PRODUCT_00801,COMP_0007,LOAN_03,loan,Deutsche Bank Empresas,deutschebank_emp,EUR,2026-03-18 15:36:32,-1000000,-509315.5,
PRODUCT_00806,COMP_1028,LINEOFCREDIT_01,lineofcredit,Banco Sabadell Empresas,sabadell_emp,EUR,2026-03-20 13:10:47,-25000,0,25000
PRODUCT_00815,COMP_0745,LOAN_01,loan,RuralVia Empresas,ruralvia_emp,EUR,2026-03-17 08:00:35,-1088750,-1025098.58,
PRODUCT_00817,COMP_0402,LINEOFCREDIT_01,lineofcredit,Caixabank Empresas,caixa_emp,EUR,2025-07-29 11:09:47,-1300000,-543198.47,756801.53
PRODUCT_00818,COMP_1036,LEASING_05,leasing,Banco Sabadell Empresas,sabadell_emp,EUR,2026-08-27 11:10:15,-700000,-440068.39,
PRODUCT_00821,COMP_0861,LOAN_02,loan,Caixabank Empresas,caixa_emp,EUR,2025-10-15 13:12:52,-800000,-710041.17,
PRODUCT_00825,COMP_1195,LINEOFCREDIT_01,lineofcredit,Caixabank Empresas,caixa_emp,EUR,2026-01-26 12:54:14,-100000,-73977.73,26022.27
PRODUCT_00827,COMP_1024,CONFIRMING_01,confirming,Banco Santander Empresas,santander_emp,EUR,2025-10-20 08:40:57,-50000,0,50000
PRODUCT_00828,COMP_0723,CONFIRMING_01,confirming,Caixabank Empresas,caixa_emp,USD,2025-11-03 10:50:37,,0,
PRODUCT_00832,COMP_0332,MORTGAGE_02,mortgage,Caixabank Empresas,caixa_emp,EUR,2026-02-19 18:13:45,-6962.93,-6707.79,
PRODUCT_00833,COMP_1049,LINEOFCREDIT_01,lineofcredit,Banco Santander Empresas,santander_emp,EUR,2026-03-18 11:48:22,,0,
PRODUCT_00835,COMP_0653,LOAN_17,loan,Other (customer-defined),custom,EUR,2025-08-27 14:50:57,-15000,0,
PRODUCT_00836,COMP_0447,LOAN_01,loan,Bankinter Empresas,bankinter_emp,EUR,2026-09-07 10:05:03,-77000,-25666.66,
PRODUCT_00840,COMP_0957,GUARANTEE_01,guarantee,Banco Santander Empresas,santander_emp,EUR,2026-08-19 11:57:46,,-12000,
PRODUCT_00841,COMP_0444,GUARANTEE_02,guarantee,Banco Sabadell Empresas,sabadell_emp,EUR,2026-03-13 12:08:09,-601.01,-601.01,
PRODUCT_00842,COMP_1106,CONFIRMING_01,confirming,Bankinter Empresas,bankinter_emp,EUR,2026-08-27 07:03:42,-100000,-57104,42896
PRODUCT_00844,COMP_0816,LOAN_02,loan,Kutxabank,kutxabank_emp,EUR,2023-06-22 11:30:48,-914381.53,-619043.26,223.52
PRODUCT_00850,COMP_0686,LEASING_01,leasing,Banco Santander Empresas,santander_emp,EUR,2024-09-13 20:39:55,-7934.97,0,
PRODUCT_00867,COMP_0659,LOAN_01,loan,BBVA,bbva_emp,EUR,2024-03-11 11:08:54,-54117.02,0,223.52
PRODUCT_00876,COMP_0447,LINEOFCREDIT_03,lineofcredit,Banco Santander Empresas,santander_emp,EUR,2025-09-15 09:24:19,-2000,-72.15,1927.85
PRODUCT_00878,COMP_0970,LOAN_01,loan,Laboral Kutxa Empresas,cajalaboral_emp,EUR,2026-07-01 10:19:41,-400000,-400000,
PRODUCT_00879,COMP_0047,LOAN_01,loan,Abanca Empresas,abanca_emp,EUR,2025-09-09 12:47:32,-42496.87,0,
PRODUCT_00886,COMP_0047,LOAN_02,loan,Caixabank Empresas,caixa_emp,EUR,2025-09-09 12:14:57,-256287.28,0,
PRODUCT_00895,COMP_0909,LINEOFCREDIT_03,lineofcredit,Deutsche Bank,deutschebank_emp,EUR,2025-02-04 15:26:22,-3000000,-1461488.46,1538511.54
PRODUCT_00899,COMP_0076,LOAN_01,loan,Banco Santander Empresas,santander_emp,EUR,2024-09-24 11:51:59,-15439.59,-7433.94,
PRODUCT_00903,COMP_0248,LOAN_04,loan,Bankinter Empresas,bankinter_emp,EUR,2026-01-26 10:56:32,-180000,0,
PRODUCT_00906,COMP_1150,LOAN_01,loan,BBVA Net Cash Empresas,bbva_emp,EUR,2025-02-10 12:07:55,-24449.61,0,
PRODUCT_00912,COMP_0051,LINEOFCREDIT_01,lineofcredit,BBVA,bbva_emp,EUR,2025-06-02 10:42:35,-2000000,-1911971.95,88028.05
PRODUCT_00915,COMP_0220,CONFIRMING_03,confirming,Caixabank Empresas,caixa_emp,EUR,2025-12-11 09:05:39,,-8738.86,
PRODUCT_00916,COMP_0849,LINEOFCREDIT_01,lineofcredit,In-house bank,inhousebanking,EUR,2026-07-01 14:19:48,-910000,-910000,
PRODUCT_00917,COMP_0568,LINEOFCREDIT_01,lineofcredit,Bankinter Empresas,bankinter_emp,EUR,2025-06-23 11:50:07,,-445.1,
PRODUCT_00920,COMP_0875,LINEOFCREDIT_01,lineofcredit,Abanca Empresas,abanca_emp,EUR,2025-08-18 16:27:58,-100000,191.88,100191.88
PRODUCT_00923,COMP_0007,RENTING_03,renting,Other (customer-defined),custom,EUR,2026-03-31 10:59:26,-43300.72,-4527.18,
PRODUCT_00924,COMP_0597,LINEOFCREDIT_01,lineofcredit,iberCaja,ibercaja,EUR,2026-06-16 06:10:43,-1200000,-1140821.79,59178.21
PRODUCT_00933,COMP_0065,CONFIRMING_01,confirming,Banco Santander,santander_emp,EUR,2024-07-01 11:58:02,-50000,0,50000
PRODUCT_00940,COMP_0058,RENTING_01,renting,Caixabank Empresas,caixa_emp,EUR,2026-06-17 09:53:00,-18921.98,-14867.29,
PRODUCT_00943,COMP_0519,LEASING_01,leasing,Other (customer-defined),custom,EUR,2024-02-15 07:39:12,-27000.29,0,223.52
PRODUCT_00944,COMP_0978,LINEOFCREDIT_01,lineofcredit,Banco Sabadell T. sec - CAL Empresas,sabadell_emp_sec,EUR,2024-09-17 13:28:16,-3000000,-272032.57,2727967.43
PRODUCT_00947,COMP_1279,LOAN_02,loan,BBVA,bbva_emp,EUR,2024-03-11 11:08:52,-168709.14,0,223.52
PRODUCT_00950,COMP_0612,LOAN_01,loan,BBVA,bbva_emp,EUR,2024-02-09 12:08:01,-510002.1,0,223.52
PRODUCT_00952,COMP_0686,LOAN_02,loan,Banco Santander,santander_emp,EUR,2024-07-01 11:58:04,-122919.91,0,
PRODUCT_00954,COMP_0723,CONFIRMING_02,confirming,BBVA Net Cash Empresas,bbva_emp,USD,2025-11-03 12:22:06,,0,
PRODUCT_00957,COMP_0623,LOAN_03,loan,Banco Sabadell T. sec - CAL Empresas,sabadell_emp_sec,EUR,2025-04-25 08:54:16,-599999.96,-500268.19,
PRODUCT_00958,COMP_1267,LOAN_02,loan,Banco Santander Empresas,santander_emp,EUR,2025-11-06 08:24:38,-20700,0,
PRODUCT_00961,COMP_0743,GUARANTEE_01,guarantee,Other (customer-defined),custom,EUR,2025-09-26 12:05:20,-69720,-69720,
PRODUCT_00967,COMP_1049,LINEOFCREDIT_02,lineofcredit,Caixabank Empresas,caixa_emp,EUR,2026-03-09 13:11:47,-330000,28252.59,358252.59
PRODUCT_00968,COMP_0956,LINEOFCREDIT_03,lineofcredit,Banco Sabadell Empresas,sabadell_emp,EUR,2026-04-29 11:25:16,-120000,-111114.87,8885.13
PRODUCT_00970,COMP_0798,LEASING_01,leasing,Eurocaja Rural Empresas,eurocajarural_emp,EUR,2025-09-11 15:00:12,-23084.53,-3478.31,
PRODUCT_00978,COMP_0855,LINEOFCREDIT_01,lineofcredit,RuralVia Empresas,ruralvia_emp,EUR,2026-07-13 07:19:57,-750000,-336375.26,413624.74
PRODUCT_00979,COMP_0686,LINEOFCREDIT_01,lineofcredit,Caixabank Empresas,caixa_emp,EUR,2024-10-14 14:55:05,-100000,-100000,20000
PRODUCT_00981,COMP_0803,LOAN_02,loan,Bankinter,bankinter_emp,EUR,2024-08-01 11:46:22,-324999,0,
PRODUCT_00985,COMP_1272,LINEOFCREDIT_01,lineofcredit,Banco Santander Empresas,santander_emp,EUR,2026-03-05 14:03:23,-8000,-187.88,7812.12
PRODUCT_00992,COMP_0420,LOAN_01,loan,Bankinter Empresas,bankinter_emp,EUR,2026-06-04 14:40:29,-778354.89,-756516.9,
PRODUCT_00995,COMP_1167,LOAN_01,loan,Kutxabank Empresas,kutxabank_emp,EUR,2024-09-12 08:30:01,-199995.46,0,
PRODUCT_00999,COMP_0855,LINEOFCREDIT_02,lineofcredit,BBVA Net Cash Empresas,bbva_emp,EUR,2026-05-14 10:57:47,-1500000,-1144016.41,355983.59
PRODUCT_01000,COMP_0216,LOAN_02,loan,BBVA Net Cash Empresas,bbva_emp,EUR,2025-10-17 10:10:14,-150000,-47291.24,
PRODUCT_01008,COMP_0924,LINEOFCREDIT_01,lineofcredit,Abanca Empresas,abanca_emp,EUR,2024-10-17 15:35:43,,0,
PRODUCT_01013,COMP_0444,LOAN_02,loan,BBVA Net Cash Empresas,bbva_emp,EUR,2026-06-03 09:06:39,-2000000,-1936338.36,
PRODUCT_01018,COMP_0519,LOAN_02,loan,Abanca,abanca_emp,EUR,2024-02-13 11:55:26,-100000,0,223.52
PRODUCT_01019,COMP_1037,GUARANTEE_01,guarantee,Caixabank Empresas,caixa_emp,EUR,2026-05-27 07:21:18,-250000,-197354.21,250000
PRODUCT_01020,COMP_0745,LOAN_02,loan,Bankinter Empresas,bankinter_emp,EUR,2026-03-13 11:46:43,-187988.64,-158389.05,
PRODUCT_01021,COMP_1086,LOAN_01,loan,Caixabank,caixa_emp,EUR,2023-10-30 11:40:13,-50000,-45013.23,223.52
PRODUCT_01025,COMP_0664,LOAN_01,loan,RuralVia Empresas,ruralvia_emp,EUR,2026-06-05 09:14:03,-500000,-326684.42,
PRODUCT_01027,COMP_0653,LOAN_18,loan,Other (customer-defined),custom,EUR,2025-08-27 10:37:40,-40000,0,
PRODUCT_01029,COMP_0047,GUARANTEE_02,guarantee,Banco Santander Empresas,santander_emp,EUR,2025-09-24 10:14:49,-3922,0,
PRODUCT_01035,COMP_0471,LINEOFCREDIT_03,lineofcredit,Bankinter,bankinter_emp,EUR,2025-05-19 15:07:59,-500000,-398706.86,101293.14
PRODUCT_01040,COMP_0517,LOAN_01,loan,Banco Santander Empresas,santander_emp,EUR,2025-12-18 12:08:41,-88000,0,
PRODUCT_01042,COMP_0829,LOAN_01,loan,Caixabank Empresas,caixa_emp,EUR,2026-03-09 16:33:48,-1000000,-880000,
PRODUCT_01050,COMP_0786,LINEOFCREDIT_01,lineofcredit,Banco Santander,santander_emp,EUR,2024-07-05 05:43:30,-500000,1267.64,501267.64
PRODUCT_01052,COMP_0942,LOAN_01,loan,Banco Santander,santander_emp,EUR,2023-09-15 13:33:46,-159999.99,0,223.52
PRODUCT_01055,COMP_0047,LOAN_03,loan,Caixabank Empresas,caixa_emp,EUR,2025-09-23 12:40:44,-70000,0,
PRODUCT_01057,COMP_0653,LOAN_19,loan,Other (customer-defined),custom,EUR,2025-10-22 11:53:06,-31000,0,
PRODUCT_01059,COMP_0803,LOAN_03,loan,Bankinter,bankinter_emp,EUR,2024-06-04 07:56:20,-324990,0,
PRODUCT_01060,COMP_0803,LOAN_04,loan,Banco Sabadell,sabadell_emp,EUR,2023-10-23 10:48:13,-215078.6,0,223.52
PRODUCT_01064,COMP_0491,LOAN_02,loan,Banco Santander Empresas,santander_emp,EUR,2024-09-24 11:51:59,-135000,0,
PRODUCT_01065,COMP_1053,LINEOFCREDIT_02,lineofcredit,Banco Santander Empresas,santander_emp,EUR,2026-07-08 10:45:28,-61522.49,-61522.49,
PRODUCT_01071,COMP_0909,LOAN_01,loan,Banco Santander,santander_emp,EUR,2024-04-04 08:40:31,-3000000.07,0,
PRODUCT_01073,COMP_0007,LOAN_04,loan,Other (customer-defined),custom,EUR,2026-03-31 09:05:49,-1159845.92,-680444.74,
PRODUCT_01074,COMP_0269,CONFIRMING_01,confirming,A+ Federal Credit Union,ins_131862,EUR,2025-10-09 08:43:48,-2000,845,2845
PRODUCT_01075,COMP_0351,LINEOFCREDIT_01,lineofcredit,Banco Santander Empresas,santander_emp,EUR,2026-07-07 10:35:37,-1165390.75,-1165390.75,
PRODUCT_01077,COMP_0354,LOAN_01,loan,Banca March,bancamarch,EUR,2024-04-03 07:36:47,100000,-84854.89,
PRODUCT_01080,COMP_0471,LINEOFCREDIT_04,lineofcredit,Banca March,bancamarch,EUR,2022-12-02 08:43:37,-350000,-266188.79,83811.21
PRODUCT_01082,COMP_0540,LOAN_01,loan,Banco Santander Empresas,santander_emp,EUR,2026-03-17 16:50:28,-58696.32,-50411.34,
PRODUCT_01084,COMP_0447,LINEOFCREDIT_04,lineofcredit,Banco Santander Empresas,santander_emp,EUR,2025-09-15 09:24:19,-2000,-142.86,1857.14
PRODUCT_01088,COMP_0942,GUARANTEE_01,guarantee,Banco Sabadell,sabadell_emp,EUR,2023-09-14 09:38:48,-6010.12,-6010.12,223.52
PRODUCT_01089,COMP_0173,LOAN_01,loan,Caixabank Empresas,caixa_emp,EUR,2025-06-19 10:26:58,-1000000,-374836.33,
PRODUCT_01093,COMP_1267,LOAN_03,loan,Bankinter Empresas,bankinter_emp,EUR,2026-08-21 06:22:13,-28000,-9333.33,
PRODUCT_01094,COMP_1066,LOAN_02,loan,Banco Santander Empresas,santander_emp,EUR,2025-10-03 11:15:14,-267543.89,0,
PRODUCT_01096,COMP_1053,LINEOFCREDIT_03,lineofcredit,Banco Santander Empresas,santander_emp,EUR,2026-07-08 10:45:28,-33590,-33590,
PRODUCT_01100,COMP_0258,LOAN_01,loan,Banco Sabadell Empresas,sabadell_emp,EUR,2023-01-17 14:55:45,-323782.12,0,223.52
PRODUCT_01102,COMP_1036,GUARANTEE_03,guarantee,Bankinter Empresas,bankinter_emp,EUR,2026-07-13 10:49:58,,0,
PRODUCT_01107,COMP_0653,LOAN_20,loan,Other (customer-defined),custom,EUR,2025-08-27 13:29:22,-100000,0,
PRODUCT_01119,COMP_0816,LOAN_03,loan,Laboral Kutxa,cajalaboral_emp,EUR,2023-06-19 13:46:24,-51638.47,-24832.07,223.52
PRODUCT_01120,COMP_1271,LEASING_01,leasing,Caixabank Empresas,caixa_emp,EUR,2025-06-02 09:53:06,-41865.06,-30414.23,
PRODUCT_01122,COMP_0855,LOAN_01,loan,Kutxabank Empresas,kutxabank_emp,EUR,2026-07-06 11:16:20,-500000,-89586.37,
PRODUCT_01128,COMP_0074,LOAN_01,loan,Banco Santander Empresas,santander_emp,EUR,2025-03-20 14:03:33,-439604.62,-305310.41,
PRODUCT_01131,COMP_1070,LINEOFCREDIT_01,lineofcredit,Caixabank Empresas,caixa_emp,EUR,2025-04-01 11:25:23,-170000,-78964.66,91035.34
PRODUCT_01132,COMP_0269,CONFIRMING_02,confirming,5th Bank of Eastern Fargo,ins_130209,EUR,2025-10-03 09:09:21,-20000,9913,29913
PRODUCT_01136,COMP_0653,LOAN_21,loan,Other (customer-defined),custom,EUR,2025-08-27 14:08:20,-200000,0,
PRODUCT_01137,COMP_0594,LOAN_02,loan,Banco Santander Empresas,santander_emp,EUR,2025-05-06 10:25:53,-329503.73,0,
PRODUCT_01140,COMP_0653,LOAN_22,loan,Other (customer-defined),custom,EUR,2025-08-22 09:41:08,-12000,0,
PRODUCT_01141,COMP_1070,LEASING_01,leasing,Banco Santander Empresas,santander_emp,EUR,2026-09-15 20:50:53,-50000,0,
PRODUCT_01142,COMP_0653,LOAN_23,loan,Other (customer-defined),custom,EUR,2025-08-22 09:30:14,-250000,0,
PRODUCT_01145,COMP_0653,LOAN_24,loan,Other (customer-defined),custom,USD,2025-08-22 08:51:58,-1000000,0,
PRODUCT_01146,COMP_0519,LEASING_02,leasing,Other (customer-defined),custom,EUR,2024-02-15 07:18:02,-18054.04,0,223.52
PRODUCT_01150,COMP_0965,LEASING_02,leasing,Caixabank Empresas,caixa_emp,EUR,2026-06-05 10:33:55,-110398.16,-73646.5,
PRODUCT_01155,COMP_0653,LOAN_25,loan,Other (customer-defined),custom,EUR,2025-08-27 13:48:59,-75000,0,
PRODUCT_01157,COMP_0235,LEASING_04,leasing,Caisse d Epargne Hauts de France,caisse-d-epargne-hauts-de-france,EUR,2026-01-20 17:27:02,-56159.71,-33616.75,
PRODUCT_01162,COMP_0803,LOAN_05,loan,Caixabank,caixa_emp,EUR,2023-10-23 10:50:50,-912573.72,0,223.52
PRODUCT_01170,COMP_0248,LEASING_01,leasing,Banco Santander Empresas,santander_emp,EUR,2025-11-13 13:13:15,-20768.42,-12409.64,
PRODUCT_01174,COMP_0600,LINEOFCREDIT_01,lineofcredit,Caixabank Empresas,caixa_emp,EUR,2025-03-10 15:49:05,-300000,691905.36,991905.36
PRODUCT_01175,COMP_0228,MORTGAGE_01,mortgage,Caixabank Empresas,caixa_emp,EUR,2026-06-01 09:11:38,-48000,-46993.12,
PRODUCT_01176,COMP_0774,LOAN_01,loan,Banco Santander Empresas,santander_emp,EUR,2025-03-18 12:10:49,-150000,-73072.95,
PRODUCT_01180,COMP_0058,CONFIRMING_02,confirming,RuralVia Empresas,ruralvia_emp,EUR,2026-04-13 16:51:45,-500000,-448446.68,51553.32
PRODUCT_01184,COMP_0034,LOAN_01,loan,Bankinter Empresas,bankinter_emp,EUR,2025-05-22 14:56:19,-933923.42,-724817.59,
PRODUCT_01187,COMP_0623,LOAN_04,loan,Caixabank Empresas,caixa_emp,EUR,2025-04-25 08:08:47,-3300000,-3300000,
PRODUCT_01188,COMP_0100,LOAN_01,loan,BBVA,bbva,EUR,2025-06-13 10:02:50,-11200000,-10531553.69,
PRODUCT_01189,COMP_0173,LOAN_02,loan,Other (customer-defined),custom,EUR,2025-09-04 06:52:30,-276560.62,-12024.38,
PRODUCT_01196,COMP_0326,LOAN_01,loan,Caixabank Empresas,caixa_emp,EUR,2025-09-09 11:57:40,-4500000,-3523305.42,
PRODUCT_01197,COMP_0919,LINEOFCREDIT_01,lineofcredit,Banco Santander Empresas,santander_emp,EUR,2025-11-03 10:37:28,,0,
PRODUCT_01203,COMP_0798,GUARANTEE_01,guarantee,Eurocaja Rural Empresas,eurocajarural_emp,EUR,2025-09-11 15:00:12,,0,
PRODUCT_01204,COMP_0203,GUARANTEE_02,guarantee,Banco Santander,santander_emp,EUR,2026-05-13 10:28:03,-6000,-6000,
PRODUCT_01209,COMP_0235,LEASING_05,leasing,Caisse d Epargne Hauts de France,caisse-d-epargne-hauts-de-france,EUR,2026-01-20 17:04:20,-56159.71,-32677.46,
PRODUCT_01210,COMP_0651,GUARANTEE_01,guarantee,Caixabank Empresas,caixa_emp,EUR,2026-07-09 13:45:10,-250000,-192800.6,250000
PRODUCT_01214,COMP_0505,CONFIRMING_01,confirming,BBVA Net Cash Empresas,bbva_emp,EUR,2026-07-06 07:56:22,-500000,-489365.14,10634.86
PRODUCT_01218,COMP_1268,LINEOFCREDIT_01,lineofcredit,Banco Sabadell Empresas,sabadell_emp,EUR,2026-04-28 13:00:36,-600000,-435452.88,164547.12
PRODUCT_01232,COMP_1230,LINEOFCREDIT_01,lineofcredit,Bankinter Empresas,bankinter_emp,EUR,2025-09-29 10:25:25,-75000,-75000,
PRODUCT_01237,COMP_0261,LOAN_03,loan,Banco Santander Empresas,santander_emp,EUR,2025-02-20 13:40:20,-10210000,-10210000,
PRODUCT_01238,COMP_1262,LOAN_01,loan,Caixabank Empresas,caixa_emp,EUR,2026-04-22 15:18:03,,0,
PRODUCT_01243,COMP_0910,LOAN_01,loan,Bankinter Empresas,bankinter_emp,EUR,2025-05-22 14:51:59,-957650.99,-492151.24,
PRODUCT_01245,COMP_0928,LINEOFCREDIT_01,lineofcredit,Bankinter Empresas,bankinter_emp,EUR,2025-07-29 11:35:41,-200000,0,200000
PRODUCT_01250,COMP_1232,LINEOFCREDIT_02,lineofcredit,In-house bank,inhousebanking,EUR,2025-07-31 06:34:38,-1,-6,
PRODUCT_01252,COMP_0803,LOAN_06,loan,Bankinter,bankinter_emp,EUR,2023-10-23 10:52:36,-325301.67,0,223.52
PRODUCT_01253,COMP_1036,LEASING_06,leasing,RuralVia Empresas,ruralvia_emp,EUR,2026-08-20 11:04:20,-403000,-178542.63,
PRODUCT_01256,COMP_0798,LEASING_02,leasing,Eurocaja Rural Empresas,eurocajarural_emp,EUR,2025-09-11 15:00:12,-36444.84,-9354.41,
PRODUCT_01259,COMP_0928,LOAN_01,loan,Banco Santander Empresas,santander_emp,EUR,2025-09-25 14:24:22,-928273.96,-587841.02,
PRODUCT_01260,COMP_0332,MORTGAGE_03,mortgage,Caixabank Empresas,caixa_emp,EUR,2026-02-19 17:49:34,-7016.13,-6759.03,
PRODUCT_01268,COMP_1208,CONFIRMING_02,confirming,Bankinter Empresas,bankinter_emp,EUR,2026-07-28 06:50:26,-30000,-29679.72,320.28
PRODUCT_01273,COMP_0169,LINEOFCREDIT_02,lineofcredit,Banca March,bancamarch,EUR,2025-05-21 08:50:33,-150000,51876.58,201876.58
PRODUCT_01274,COMP_0686,CONFIRMING_02,confirming,Banco Santander,santander_emp,EUR,2024-07-01 11:58:04,-1010000,0,476689.93
PRODUCT_01276,COMP_0825,LOAN_04,loan,BBVA Net Cash Empresas,bbva_emp,EUR,2023-02-16 14:50:19,-250000,-64980.6,223.52
PRODUCT_01280,COMP_0248,LOAN_05,loan,Banco Santander Empresas,santander_emp,EUR,2026-01-26 11:11:22,-24000,0,
PRODUCT_01282,COMP_0745,LOAN_03,loan,Laboral Kutxa Empresas,cajalaboral_emp,EUR,2026-03-13 11:59:32,-850586,-808506.09,
PRODUCT_01283,COMP_1012,LOAN_02,loan,Caixabank,caixa,EUR,2026-06-17 10:37:34,-500000,-461508.04,
PRODUCT_01296,COMP_0861,LOAN_03,loan,Banco Santander Empresas,santander_emp,EUR,2025-10-20 08:40:57,-353755.98,0,
PRODUCT_01298,COMP_0216,LOAN_03,loan,Abanca Empresas,abanca_emp,EUR,2026-02-19 12:14:04,-80000,-46918.27,
PRODUCT_01300,COMP_1049,LINEOFCREDIT_03,lineofcredit,Banco Santander Empresas,santander_emp,EUR,2026-07-15 08:47:20,-250000,-200319.76,49680.24
PRODUCT_01303,COMP_1272,LOAN_02,loan,Banco Santander Empresas,santander_emp,EUR,2026-03-24 11:37:34,-720000,-630000,
PRODUCT_01304,COMP_1068,FACTORING_01,factoring,Banco Sabadell Empresas,sabadell_emp,EUR,2026-02-19 15:58:48,-50000,18000,68000
PRODUCT_01307,COMP_0594,LOAN_03,loan,Banca March,bancamarch,EUR,2025-05-16 11:41:14,-146427.41,0,
PRODUCT_01312,COMP_0250,LOAN_01,loan,Abanca Empresas,abanca_emp,EUR,2024-10-16 14:58:30,-322856.28,0,
PRODUCT_01315,COMP_0491,RENTING_01,renting,Banco Santander Empresas,santander_emp,EUR,2025-10-09 11:20:50,-68844.8,-55520,
PRODUCT_01319,COMP_0819,LOAN_01,loan,Banco Sabadell,sabadell_emp,EUR,2023-01-05 11:15:15,-940000,-580079.08,223.52
PRODUCT_01330,COMP_0195,CONFIRMING_01,confirming,Cajamar,cajamar,EUR,2025-03-06 10:20:27,-3000000,-36266.63,
PRODUCT_01331,COMP_0483,LOAN_01,loan,Caixabank Empresas,caixa_emp,EUR,2025-04-25 08:11:20,-302083.28,-83333.32,
PRODUCT_01334,COMP_0517,LOAN_02,loan,Banco Sabadell Empresas,sabadell_emp,EUR,2025-12-18 12:12:49,-7200,-2919.48,
PRODUCT_01342,COMP_0519,LOAN_03,loan,Banco Santander,santander_emp,EUR,2024-01-08 15:40:33,-516000,0,223.52
PRODUCT_01344,COMP_0332,MORTGAGE_04,mortgage,Caixabank Empresas,caixa_emp,EUR,2026-02-19 17:57:20,-186800.72,-179955.97,
PRODUCT_01345,COMP_0686,LOAN_03,loan,Bankinter,bankinter_emp,EUR,2024-06-26 13:50:13,-98787.59,0,
PRODUCT_01348,COMP_0891,LOAN_01,loan,Banca March,bancamarch,EUR,2025-09-19 07:40:21,-300000,-285198.73,
PRODUCT_01350,COMP_1284,MORTGAGE_01,mortgage,Caixabank Empresas,caixa_emp,EUR,2026-02-19 17:03:14,-694692.41,-667523.48,
PRODUCT_01353,COMP_0007,RENTING_04,renting,Other (customer-defined),custom,EUR,2026-03-31 10:55:49,-28417.44,-4144.21,
PRODUCT_01354,COMP_0909,GUARANTEE_01,guarantee,Cajamar,cajamar,EUR,2025-02-06 08:41:07,-3000000,-786274.2,
PRODUCT_01355,COMP_0793,LINEOFCREDIT_01,lineofcredit,iberCaja,ibercaja,EUR,2026-06-26 17:19:53,-120000,-119000.6,999.4
PRODUCT_01356,COMP_0505,CONFIRMING_02,confirming,Caixabank Empresas,caixa_emp,EUR,2026-07-13 06:25:15,,-482651.19,
PRODUCT_01359,COMP_0007,LOAN_05,loan,Caixabank Empresas,caixa_emp,EUR,2026-03-19 09:13:06,-250000,-196781.18,
PRODUCT_01365,COMP_0624,LOAN_01,loan,Bankinter,bankinter_emp,EUR,2023-07-07 10:44:32,-110000,0,223.52
PRODUCT_01369,COMP_0248,LINEOFCREDIT_01,lineofcredit,Banco Sabadell T. sec - CAL Empresas,sabadell_emp_sec,EUR,2025-11-06 07:47:17,-135000,-128697.07,6302.93
PRODUCT_01375,COMP_0982,CONFIRMING_02,confirming,Banco Santander Empresas,santander_emp,EUR,2025-03-25 10:18:18,-200000,-14529.83,185470.17
PRODUCT_01379,COMP_1068,LINEOFCREDIT_01,lineofcredit,Banco Sabadell Empresas,sabadell_emp,EUR,2026-02-19 15:51:52,-2000,17000,19000
PRODUCT_01380,COMP_1012,LOAN_03,loan,Other (customer-defined),custom,EUR,2026-02-18 11:26:01,-327514.81,-219483.81,
PRODUCT_01381,COMP_0877,FACTORING_01,factoring,Banco Sabadell Empresas,sabadell_emp,EUR,2025-10-01 07:47:19,,0,
PRODUCT_01387,COMP_0723,CONFIRMING_03,confirming,Caixabank Empresas,caixa_emp,EUR,2025-11-03 10:50:37,,0,
PRODUCT_01390,COMP_0070,LOAN_01,loan,Societe Generale Entreprises,soc-gen-corporate,EUR,2025-11-24 11:39:04,-586500,-276000,
PRODUCT_01396,COMP_0919,CONFIRMING_03,confirming,Banco Santander Empresas,santander_emp,EUR,2025-11-03 10:37:28,-1250000,0,1250000
PRODUCT_01399,COMP_1233,LEASING_01,leasing,Other (customer-defined),custom,EUR,2025-03-13 08:48:06,-636800,0,
PRODUCT_01401,COMP_1068,LEASING_01,leasing,Unicaja Empresas,unicaja_emp,EUR,2026-02-05 15:51:18,-100,-50000,
PRODUCT_01405,COMP_0686,LINEOFCREDIT_02,lineofcredit,Banco Santander Empresas,santander_emp,EUR,2025-10-22 11:09:12,-150000,-302265.15,221.92
PRODUCT_01408,COMP_0220,CONFIRMING_04,confirming,Caixabank Empresas,caixa_emp,EUR,2025-12-11 09:05:39,,0,
PRODUCT_01416,COMP_0088,LOAN_01,loan,BBVA Net Cash Empresas,bbva_emp,EUR,2025-05-27 07:34:49,-285827.16,-144602.25,
PRODUCT_01419,COMP_1169,LOAN_06,loan,Banco Santander Empresas,santander_emp,EUR,2026-01-26 08:11:50,-159000,0,
PRODUCT_01423,COMP_0555,LEASING_01,leasing,Other (customer-defined),custom,EUR,2025-03-12 13:12:42,-107387.8,-51744.97,
PRODUCT_01427,COMP_0988,LOAN_02,loan,Bankinter Empresas,bankinter_emp,EUR,2026-03-16 13:40:34,-255902.89,-157889.12,
PRODUCT_01429,COMP_0653,LOAN_26,loan,Other (customer-defined),custom,EUR,2025-08-22 09:27:39,-10000,0,
PRODUCT_01431,COMP_0138,LOAN_01,loan,BBVA,bbva_emp,EUR,2024-03-11 11:08:53,-132608.93,0,223.52
PRODUCT_01432,COMP_0910,LOAN_02,loan,Banco Santander Empresas,santander_emp,EUR,2025-05-22 15:47:15,-85154.08,0,
PRODUCT_01434,COMP_0743,GUARANTEE_02,guarantee,BBVA Net Cash Empresas,bbva_emp,EUR,2025-09-26 11:23:19,-202000,-96641.07,
PRODUCT_01437,COMP_0769,LOAN_01,loan,Banca March,bancamarch,EUR,2026-07-13 15:01:42,-37154.82,-37154.82,
PRODUCT_01441,COMP_0957,LINEOFCREDIT_01,lineofcredit,BBVA Net Cash Empresas,bbva_emp,EUR,2026-05-14 11:05:37,-300000,74907.11,374907.11
PRODUCT_01448,COMP_0332,MORTGAGE_05,mortgage,Caixabank Empresas,caixa_emp,EUR,2026-02-19 17:27:51,-215330.17,-207440.07,
PRODUCT_01455,COMP_0180,LOAN_02,loan,Banco Santander Empresas,santander_emp,EUR,2024-08-28 10:34:38,-138973.01,0,
PRODUCT_01456,COMP_1225,LOAN_01,loan,BBVA Net Cash Empresas,bbva_emp,EUR,2026-07-07 11:42:15,-34000000,-19352401.48,
PRODUCT_01459,COMP_1149,LEASING_01,leasing,Bankinter Empresas,bankinter_emp,EUR,2025-09-24 09:09:51,-21308.46,-14381.32,
PRODUCT_01461,COMP_0597,LOAN_02,loan,Caja Rural De Navarra,ruralvia_navarra,EUR,2025-11-06 11:42:25,-52868.28,-40147.87,
PRODUCT_01479,COMP_0099,LOAN_01,loan,Caixabank Empresas,caixa_emp,EUR,2023-11-03 11:38:17,-219354.92,-86057.69,223.52
PRODUCT_01482,COMP_0221,LINEOFCREDIT_01,lineofcredit,Banco Santander Empresas,santander_emp,EUR,2026-04-22 13:51:32,-50000,-24947.35,25052.65
PRODUCT_01486,COMP_0007,LOAN_06,loan,Other (customer-defined),custom,EUR,2026-03-31 09:04:00,-683238.89,-510152.11,
PRODUCT_01487,COMP_1066,LINEOFCREDIT_01,lineofcredit,Caixabank Empresas,caixa_emp,EUR,2026-03-16 12:06:46,-500000,-178622.84,321377.16
PRODUCT_01494,COMP_1070,LOAN_02,loan,Bankinter Empresas,bankinter_emp,EUR,2025-05-06 08:57:11,-100321.74,-72711.48,
PRODUCT_01498,COMP_0988,LINEOFCREDIT_01,lineofcredit,Banco Santander Empresas,santander_emp,EUR,2026-03-03 12:26:13,-1000000,-6810.03,993189.97
PRODUCT_01499,COMP_0007,LINEOFCREDIT_01,lineofcredit,Bankinter Empresas,bankinter_emp,EUR,2026-03-11 07:27:01,-500000,-37.35,499962.65
PRODUCT_01508,COMP_0988,LOAN_03,loan,Banco Santander Empresas,santander_emp,EUR,2026-03-11 11:56:05,-533876.27,0,
PRODUCT_01511,COMP_0505,LINEOFCREDIT_01,lineofcredit,RuralVia,ruralvia,EUR,2026-07-13 06:00:36,-750000,0,750000
PRODUCT_01517,COMP_0788,LOAN_01,loan,Banco Sabadell,sabadell_emp,EUR,2024-04-03 09:50:08,-287287.98,-198180.19,223.52
PRODUCT_01519,COMP_0803,LINEOFCREDIT_02,lineofcredit,Caixabank,caixa_emp,EUR,2023-10-23 10:50:50,-600000,-510847.6,89152.4
PRODUCT_01522,COMP_0653,LOAN_27,loan,Other (customer-defined),custom,EUR,2025-08-27 15:41:07,-100000,0,
PRODUCT_01523,COMP_0444,LOAN_03,loan,Other (customer-defined),custom,EUR,2026-04-09 10:05:56,-1817735.43,-1708658.44,
PRODUCT_01529,COMP_0041,MORTGAGE_01,mortgage,iberCaja,ibercaja,EUR,2026-02-19 17:19:49,-532134.75,-490788.23,
PRODUCT_01530,COMP_1169,LOAN_07,loan,Caixabank Empresas,caixa_emp,EUR,2026-04-14 07:18:13,-26762.97,-24727.71,
PRODUCT_01535,COMP_0974,LINEOFCREDIT_02,lineofcredit,Banco Santander Empresas,santander_emp,EUR,2026-01-13 09:41:59,-2000,0,2000
PRODUCT_01536,COMP_0047,LOAN_04,loan,BBVA Net Cash Empresas,bbva_emp,EUR,2025-09-09 12:41:52,-44117.69,0,
PRODUCT_01538,COMP_0653,LOAN_28,loan,Other (customer-defined),custom,EUR,2025-08-27 13:16:09,-31000,0,
PRODUCT_01542,COMP_0065,CONFIRMING_02,confirming,Banco Santander,santander_emp,EUR,2024-07-01 11:58:02,-50000,0,50000
PRODUCT_01544,COMP_0685,LOAN_01,loan,Caixabank,caixa_emp,EUR,2024-04-01 10:17:45,-392388.71,-212795.4,223.52
PRODUCT_01546,COMP_0160,LOAN_01,loan,Caixabank Empresas,caixa_emp,EUR,2025-02-10 11:15:37,-375000,-109375,
PRODUCT_01549,COMP_0402,RENTING_01,renting,Caixabank Empresas,caixa_emp,EUR,2025-10-09 07:40:15,-26476.33,-16433.61,
PRODUCT_01551,COMP_1216,LINEOFCREDIT_01,lineofcredit,Banco Santander Empresas,santander_emp,EUR,2025-10-01 08:24:11,-21350000,20287564.39,41637564.39
PRODUCT_01552,COMP_0505,LINEOFCREDIT_02,lineofcredit,Laboral Kutxa Empresas,cajalaboral_emp,EUR,2026-07-13 06:08:50,,49427.78,
PRODUCT_01554,COMP_0849,LINEOFCREDIT_02,lineofcredit,Bankinter Empresas,bankinter_emp,EUR,2026-04-23 11:37:35,-500000,0,500000
PRODUCT_01557,COMP_0988,LOAN_04,loan,BBVA Net Cash Empresas,bbva_emp,EUR,2026-03-16 13:37:48,-380263.74,-312068.29,
PRODUCT_01561,COMP_0444,CONFIRMING_01,confirming,RuralVia Empresas,ruralvia_emp,EUR,2026-07-09 11:05:25,-2000000,-551033.51,1448966.49
PRODUCT_01563,COMP_0849,LINEOFCREDIT_03,lineofcredit,Bankinter Empresas,bankinter_emp,EUR,2026-04-23 11:37:35,-505000,0,505000
PRODUCT_01567,COMP_0686,RENTING_01,renting,Banco Santander Empresas,santander_emp,EUR,2024-09-05 08:46:33,-18044.25,0,
PRODUCT_01573,COMP_1216,FACTORING_01,factoring,Banco Sabadell Empresas,sabadell_emp,EUR,2025-10-01 07:47:19,,0,
PRODUCT_01576,COMP_1284,MORTGAGE_02,mortgage,Caixabank Empresas,caixa_emp,EUR,2026-02-19 16:55:00,-88571.94,-85554.56,
PRODUCT_01583,COMP_0332,MORTGAGE_06,mortgage,Caixabank Empresas,caixa_emp,EUR,2026-02-19 18:23:14,-201909.49,-194511.16,
PRODUCT_01588,COMP_0985,LINEOFCREDIT_01,lineofcredit,BBVA Net Cash Empresas,bbva_emp,EUR,2025-06-23 06:38:19,-75000,0,75000
PRODUCT_01591,COMP_0825,LOAN_05,loan,BBVA Net Cash Empresas,bbva_emp,EUR,2023-05-08 07:20:56,-51580.92,223.52,223.52
PRODUCT_01596,COMP_0909,GUARANTEE_02,guarantee,Banco Santander,santander_emp,GBP,2025-02-13 15:15:15,-0.01,-1401788.39,
PRODUCT_01602,COMP_1150,LOAN_02,loan,Banco Santander Empresas,santander_emp,EUR,2025-02-10 11:18:24,-280591.43,0,
PRODUCT_01604,COMP_0519,LINEOFCREDIT_01,lineofcredit,Bankinter,bankinter_emp,EUR,2024-01-08 15:25:14,-50000,-45000,5000
PRODUCT_01607,COMP_1107,LOAN_01,loan,Banco Santander Empresas,santander_emp,EUR,2025-03-17 16:57:43,-125000,-61940.6,
PRODUCT_01612,COMP_0993,CONFIRMING_01,confirming,Caixabank Empresas,caixa_emp,EUR,2025-10-15 13:07:18,,-8803.93,
PRODUCT_01614,COMP_1053,CONFIRMING_01,confirming,Laboral Kutxa Empresas,cajalaboral_emp,EUR,2026-07-07 11:56:45,,0,
PRODUCT_01615,COMP_0956,LOAN_01,loan,Bankinter Empresas,bankinter_emp,EUR,2026-04-29 14:46:47,-200000,-129630.83,
PRODUCT_01617,COMP_0950,LEASING_02,leasing,Other (customer-defined),custom,EUR,2024-02-05 09:36:29,-10519.58,0,223.52
PRODUCT_01618,COMP_0332,MORTGAGE_07,mortgage,Caixabank Empresas,caixa_emp,EUR,2026-02-19 18:04:12,-8145.41,-7846.95,
PRODUCT_01623,COMP_0578,LOAN_01,loan,Bankinter Empresas,bankinter_emp,EUR,2025-11-18 11:28:06,-1300000,-1241898.96,
PRODUCT_01627,COMP_0803,LOAN_07,loan,Bankinter,bankinter_emp,EUR,2023-10-23 10:52:36,-650000,-0.66,223.52
PRODUCT_01629,COMP_0091,LINEOFCREDIT_01,lineofcredit,In-house bank,inhousebanking,EUR,2026-08-26 13:08:15,,0,
PRODUCT_01632,COMP_0332,MORTGAGE_08,mortgage,Caixabank Empresas,caixa_emp,EUR,2026-02-19 17:41:27,-7016.13,-6759.03,
PRODUCT_01633,COMP_0180,LOAN_03,loan,Banco Santander,santander_emp,EUR,2026-04-01 09:30:02,-360000,0,
PRODUCT_01639,COMP_0825,LOAN_06,loan,BBVA Net Cash Empresas,bbva_emp,EUR,2023-02-16 14:44:18,-40590.61,223.52,223.52
PRODUCT_01640,COMP_1038,LOAN_02,loan,Caixabank Empresas,caixa_emp,EUR,2025-11-15 21:59:54,-727110.88,-634170.68,
PRODUCT_01642,COMP_1046,LEASING_01,leasing,Caixabank Empresas,caixa_emp,EUR,2025-02-26 12:42:45,-49067.1,-37165.84,
PRODUCT_01646,COMP_0287,GUARANTEE_01,guarantee,Banco Santander,santander_emp,EUR,2023-10-23 10:45:55,,-178388.71,223.52
PRODUCT_01648,COMP_0365,LOAN_02,loan,HSBC Corporate EU,hsbccorporate_eu,EUR,2026-05-05 07:08:41,-500000,-25000,
PRODUCT_01649,COMP_0431,LINEOFCREDIT_01,lineofcredit,BBVA Net Cash Empresas,bbva_emp,EUR,2025-01-23 14:56:54,-500000,-420998.6,79001.4
PRODUCT_01650,COMP_0909,GUARANTEE_03,guarantee,Bankinter,bankinter_emp,EUR,2025-01-29 16:32:26,-1709144.25,-1708855.75,
PRODUCT_01655,COMP_0944,LOAN_01,loan,Abanca Empresas,abanca_emp,EUR,2026-05-20 11:51:17,-430910.66,-399567.57,
PRODUCT_01663,COMP_0653,LOAN_29,loan,Other (customer-defined),custom,EUR,2025-08-27 15:42:44,-180000,0,
PRODUCT_01667,COMP_0444,LOAN_04,loan,RuralVia Empresas,ruralvia_emp,EUR,2026-04-09 08:34:55,-1097214.4,-992004.14,
PRODUCT_01669,COMP_0798,GUARANTEE_02,guarantee,Eurocaja Rural Empresas,eurocajarural_emp,EUR,2025-09-11 15:00:12,,0,
PRODUCT_01678,COMP_0087,LOAN_05,loan,Bankinter Empresas,bankinter_emp,EUR,2026-07-27 09:49:58,-3800000,-3800000,
PRODUCT_01679,COMP_1171,CONFIRMING_02,confirming,Banco Santander,santander_emp,EUR,2024-07-01 11:58:03,-100000,0,100000
PRODUCT_01686,COMP_0444,LOAN_05,loan,Bankinter Empresas,bankinter_emp,EUR,2026-07-14 14:42:01,-2000000,-1713286.04,
PRODUCT_01687,COMP_0623,LOAN_05,loan,Banco Santander Empresas,santander_emp,EUR,2025-04-25 07:27:33,-228739.52,-65850.29,
PRODUCT_01688,COMP_1079,LINEOFCREDIT_01,lineofcredit,Banco Santander,santander_emp,EUR,2024-05-10 10:19:44,-75000,29.71,75029.71
PRODUCT_01689,COMP_0870,LINEOFCREDIT_01,lineofcredit,Banco Sabadell T. sec - CAL Empresas,sabadell_emp_sec,EUR,2024-09-18 08:36:01,-35000,0,35000
PRODUCT_01690,COMP_0020,GUARANTEE_01,guarantee,Caixabank Empresas,caixa_emp,EUR,2026-04-28 15:10:57,-450000,-450000,
PRODUCT_01692,COMP_1070,LOAN_03,loan,Banco Santander Empresas,santander_emp,EUR,2025-05-06 08:05:36,-123463.45,-36500.58,
PRODUCT_01697,COMP_0653,LOAN_30,loan,Other (customer-defined),custom,EUR,2025-08-27 09:59:25,-10000,0,
PRODUCT_01700,COMP_1059,LOAN_01,loan,Other (customer-defined),custom,EUR,2025-10-15 15:45:48,-186135.92,-186135.92,
PRODUCT_01702,COMP_1164,CONFIRMING_01,confirming,Bankinter Empresas,bankinter_emp,EUR,2026-08-21 11:05:56,-100000,-66658.24,33341.76
PRODUCT_01703,COMP_0076,LINEOFCREDIT_01,lineofcredit,Banco Santander Empresas,santander_emp,EUR,2024-09-24 11:51:59,-26000,5.25,5.25
PRODUCT_01705,COMP_0816,LOAN_04,loan,Caixabank,caixa_emp,EUR,2023-06-19 11:43:31,-2482354.92,-1246795.22,223.52
PRODUCT_01708,COMP_0909,GUARANTEE_04,guarantee,Banco Santander,santander_emp,EUR,2025-01-28 16:31:54,0,-2646659.7,
PRODUCT_01711,COMP_1272,LOAN_03,loan,Banco Santander Empresas,santander_emp,EUR,2026-03-24 11:41:03,-662846,-579986,
PRODUCT_01712,COMP_0885,LINEOFCREDIT_01,lineofcredit,Volkswagen Financial Services,volkswagenbank,EUR,2023-06-13 07:46:30,-50000,-39920.03,223.52
PRODUCT_01713,COMP_0919,LINEOFCREDIT_02,lineofcredit,Caixabank Empresas,caixa_emp,EUR,2025-11-03 10:43:56,,0,
PRODUCT_01714,COMP_0365,LOAN_03,loan,BNP Paribas - Mabanque Corporate,mabanque-corporate,EUR,2026-03-18 11:42:47,-510541.1,-53898.52,
PRODUCT_01718,COMP_0696,CONFIRMING_01,confirming,Banco Santander,santander_emp,EUR,2026-07-23 13:03:23,-4000000,-2715061.54,1284938.46
PRODUCT_01719,COMP_0721,LOAN_01,loan,Banco Santander Empresas,santander_emp,EUR,2026-02-17 16:23:50,-26305.81,-7980.27,
PRODUCT_01723,COMP_1267,LOAN_04,loan,Caixabank Empresas,caixa_emp,EUR,2026-04-10 13:14:35,-47533.02,-47533.02,
PRODUCT_01726,COMP_0567,LOAN_01,loan,Caixabank Empresas,caixa_emp,EUR,2025-07-09 10:32:16,-100000,-35714.32,
PRODUCT_01732,COMP_0248,LOAN_06,loan,Bankinter Empresas,bankinter_emp,EUR,2025-12-03 12:35:39,-100000,0,
PRODUCT_01743,COMP_0007,LOAN_07,loan,Banco Santander Empresas,santander_emp,EUR,2026-03-19 15:59:49,-1000000,-624188.19,
PRODUCT_01745,COMP_0444,GUARANTEE_03,guarantee,Bankinter Empresas,bankinter_emp,EUR,2026-07-14 14:42:01,-300000,-300000,
PRODUCT_01749,COMP_0877,LOAN_01,loan,Caixabank Empresas,caixa_emp,EUR,2025-09-25 14:10:21,-169384.25,-111685.39,
PRODUCT_01759,COMP_0967,LOAN_01,loan,Banco Sabadell T. sec - CAL Empresas,sabadell_emp_sec,EUR,2024-10-10 14:50:20,-168439.84,-50531.98,
PRODUCT_01761,COMP_0248,GUARANTEE_01,guarantee,Banco Santander Empresas,santander_emp,EUR,2025-11-06 08:19:09,,-3400,
PRODUCT_01764,COMP_0697,LOAN_02,loan,Credit Du Nord,credit-du-nord,EUR,2024-04-04 14:34:09,-135000,-15000,223.52
PRODUCT_01765,COMP_1169,LOAN_08,loan,Banco Santander Empresas,santander_emp,EUR,2025-11-06 08:24:38,-118000,0,
PRODUCT_01767,COMP_1284,MORTGAGE_03,mortgage,Caixabank Empresas,caixa_emp,EUR,2026-02-19 16:47:58,-4101.44,-3961.69,
PRODUCT_01776,COMP_0919,LINEOFCREDIT_03,lineofcredit,Banco Sabadell Empresas,sabadell_emp,EUR,2025-11-03 11:36:47,,0,
PRODUCT_01778,COMP_0332,MORTGAGE_09,mortgage,Caixabank Empresas,caixa_emp,EUR,2026-02-19 18:17:11,-116156.33,-111900.15,
PRODUCT_01783,COMP_1036,LOAN_01,loan,iberCaja,ibercaja,EUR,2026-07-13 10:52:30,-1417809.34,-1316726.86,
PRODUCT_01787,COMP_0950,CONFIRMING_01,confirming,BBVA,bbva_emp,EUR,2024-02-05 09:29:16,0,223.52,223.52
PRODUCT_01789,COMP_0269,CONFIRMING_03,confirming,5th Bank of Eastern Fargo,ins_130209,EUR,2025-10-02 10:41:48,-20000,0,20000
PRODUCT_01794,COMP_1269,CONFIRMING_01,confirming,Bankinter Empresas,bankinter_emp,EUR,2025-06-19 10:33:34,-310000,-100000,210000
PRODUCT_01805,COMP_0686,RENTING_02,renting,Banco Santander Empresas,santander_emp,EUR,2024-09-05 14:46:06,-9582,0,
PRODUCT_01806,COMP_0653,LOAN_31,loan,Other (customer-defined),custom,EUR,2025-08-28 08:11:31,-50000,0,
PRODUCT_01807,COMP_0924,LINEOFCREDIT_02,lineofcredit,RuralVia Empresas,ruralvia_emp,EUR,2024-10-25 10:12:04,-2000000,-1276506.89,723493.11
PRODUCT_01808,COMP_0354,CONFIRMING_01,confirming,BBVA,bbva_emp,EUR,2025-02-20 11:22:44,-9200000,0,9200000
PRODUCT_01817,COMP_0101,LINEOFCREDIT_01,lineofcredit,Banco Sabadell Empresas,sabadell_emp,EUR,2025-07-02 21:23:09,-600000,-3475.47,596524.53
PRODUCT_01822,COMP_0444,LOAN_06,loan,Millennium bcp,millenniumbcp,EUR,2026-04-09 08:27:25,-500000.44,-350000.5,
PRODUCT_01827,COMP_0653,LOAN_32,loan,Other (customer-defined),custom,EUR,2025-08-22 10:41:37,-250000,0,
PRODUCT_01829,COMP_0070,LOAN_02,loan,La Banque Postale,labanquepostale,EUR,2025-11-24 11:27:03,-500000,-406672.58,
PRODUCT_01837,COMP_0078,LINEOFCREDIT_01,lineofcredit,In-house bank,inhousebanking,EUR,2026-07-08 12:43:11,-83000,83000,166000
PRODUCT_01843,COMP_0915,GUARANTEE_01,guarantee,Bankinter Empresas,bankinter_emp,EUR,2025-05-15 10:39:42,-30000,-30000,
PRODUCT_01846,COMP_0594,LOAN_04,loan,Caixabank Empresas,caixa_emp,EUR,2025-10-16 14:09:31,-36173.84,0,
PRODUCT_01850,COMP_0058,FACTORING_01,factoring,Abanca Empresas,abanca_emp,EUR,2026-04-14 15:57:46,-8000000,7747397.94,15747397.94
PRODUCT_01851,COMP_0696,LINEOFCREDIT_03,lineofcredit,Banco Santander,santander_emp,EUR,2024-06-17 13:47:27,-2350000,-93312.52,2256687.48
PRODUCT_01853,COMP_0007,LOAN_08,loan,Other (customer-defined),custom,EUR,2026-03-31 09:13:45,-507102.32,-27839.68,
PRODUCT_01855,COMP_1070,LOAN_04,loan,Banco Santander Empresas,santander_emp,EUR,2025-05-06 08:11:12,-129166.7,-58333.48,
PRODUCT_01866,COMP_0210,LINEOFCREDIT_01,lineofcredit,Bankinter Empresas,bankinter_emp,EUR,2025-10-14 11:10:43,-300000,-12784.46,287215.54
PRODUCT_01870,COMP_0402,LOAN_01,loan,BBVA Net Cash Empresas,bbva_emp,EUR,2025-09-25 15:36:54,-109063.16,-8526.22,
PRODUCT_01871,COMP_0449,LOAN_01,loan,Banco Santander,santander_emp,EUR,2026-02-11 10:47:16,-4711940.59,-1689649.55,
PRODUCT_01873,COMP_0340,LOAN_01,loan,Banco Santander,santander_emp,EUR,2023-10-25 14:09:41,-60000000,-60000000,223.52
PRODUCT_01876,COMP_0653,LOAN_33,loan,Other (customer-defined),custom,EUR,2025-08-27 10:23:19,-30000,0,
PRODUCT_01877,COMP_0351,CONFIRMING_01,confirming,Caixabank,caixa,EUR,2026-06-26 10:31:27,,0,
PRODUCT_01879,COMP_0058,LINEOFCREDIT_01,lineofcredit,RuralVia Empresas,ruralvia_emp,EUR,2026-04-13 16:53:04,-500000,-459396.8,40603.2
PRODUCT_01882,COMP_1169,LEASING_02,leasing,BBVA Net Cash Empresas,bbva_emp,EUR,2025-11-13 07:17:13,-73510.98,-28438.49,
PRODUCT_01883,COMP_0079,LOAN_01,loan,iberCaja,ibercaja,EUR,2026-03-04 11:04:55,,-53882.07,
PRODUCT_01887,COMP_0816,LOAN_05,loan,Banco Santander,santander_emp,EUR,2023-07-11 10:00:04,-100000.03,-35890.31,223.52
PRODUCT_01899,COMP_0511,LOAN_02,loan,Caixabank Empresas,caixa_emp,EUR,2026-01-13 15:27:35,-1416000,0,
PRODUCT_01900,COMP_0248,LOAN_07,loan,Bankinter Empresas,bankinter_emp,EUR,2026-01-29 06:13:26,-21000,0,
PRODUCT_01901,COMP_0623,LOAN_06,loan,Banco Santander Empresas,santander_emp,EUR,2025-04-27 17:20:58,-394997.79,-189862.8,
PRODUCT_01904,COMP_1053,LOAN_01,loan,Bankinter Empresas,bankinter_emp,EUR,2026-07-13 14:14:31,-2225000,-1833809.88,
PRODUCT_01905,COMP_0825,LOAN_07,loan,BBVA Net Cash Empresas,bbva_emp,EUR,2023-04-26 12:51:13,-200000,-99987.63,223.52
PRODUCT_01912,COMP_0332,MORTGAGE_10,mortgage,Caixabank Empresas,caixa_emp,EUR,2026-02-19 17:38:22,-7016.13,-6759.03,
PRODUCT_01914,COMP_0919,CONFIRMING_04,confirming,Banco Santander Empresas,santander_emp,EUR,2025-11-03 10:37:28,-1250000,0,1250000
PRODUCT_01925,COMP_0248,LEASING_02,leasing,Banco Santander Empresas,santander_emp,EUR,2025-11-13 11:56:25,-11776.86,-3592.87,
PRODUCT_01928,COMP_1261,LOAN_01,loan,Kutxabank Empresas,kutxabank_emp,EUR,2026-06-10 10:28:19,-572717.55,-557326.17,
PRODUCT_01931,COMP_0669,LOAN_01,loan,Caixabank Empresas,caixa_emp,EUR,2026-04-28 15:08:22,-1000000,-286858.79,
PRODUCT_01934,COMP_1249,LINEOFCREDIT_02,lineofcredit,Banco Santander Empresas,santander_emp,EUR,2025-05-13 10:40:45,-65000,0,65000
PRODUCT_01940,COMP_0203,LOAN_02,loan,Bankinter,bankinter_emp,EUR,2023-09-14 09:57:51,-191891.84,0,223.52
PRODUCT_01941,COMP_0803,LOAN_08,loan,Bankinter,bankinter_emp,EUR,2024-07-02 10:03:40,-216670,0,
PRODUCT_01944,COMP_1272,LOAN_04,loan,BBVA Net Cash Empresas,bbva_emp,EUR,2026-03-12 12:21:36,-17394.68,0,
PRODUCT_01945,COMP_0994,LOAN_01,loan,Caixabank Empresas,caixa_emp,EUR,2025-08-19 10:46:21,-75000000,-75000000,
PRODUCT_01948,COMP_0803,LOAN_09,loan,Bankinter,bankinter_emp,EUR,2025-03-05 10:59:46,-325000,-108333.34,
PRODUCT_01955,COMP_0654,LINEOFCREDIT_01,lineofcredit,Banco Santander Empresas,santander_emp,EUR,2025-12-02 17:52:14,,0,
PRODUCT_01957,COMP_1038,LEASING_02,leasing,Banco Santander Empresas,santander_emp,EUR,2026-05-21 19:01:47,-220000,-204204.67,
PRODUCT_01959,COMP_0893,LINEOFCREDIT_01,lineofcredit,Banco Santander Empresas,santander_emp,EUR,2026-03-05 12:41:39,-500000,-492747.05,7252.95
PRODUCT_01961,COMP_0362,LOAN_01,loan,Banco Sabadell T. sec - CAL Empresas,sabadell_emp_sec,EUR,2025-06-19 15:59:07,-1700000,-1572954.37,
PRODUCT_01962,COMP_0919,CONFIRMING_05,confirming,Banco Santander Empresas,santander_emp,EUR,2025-11-03 10:37:28,-1250000,0,1250000
PRODUCT_01963,COMP_1284,MORTGAGE_04,mortgage,Caixabank Empresas,caixa_emp,EUR,2026-02-19 16:46:08,-3837.19,-3706.5,
PRODUCT_01966,COMP_1216,LINEOFCREDIT_02,lineofcredit,Banco Santander Empresas,santander_emp,EUR,2025-10-01 08:24:11,-100000,1252,101252
PRODUCT_01968,COMP_0248,GUARANTEE_02,guarantee,Banco Santander Empresas,santander_emp,EUR,2025-11-06 08:19:09,,-60101.21,
PRODUCT_01971,COMP_1150,LOAN_03,loan,Other (customer-defined),custom,EUR,2025-03-10 10:21:49,-47039.25,-37000.91,
PRODUCT_01973,COMP_0407,LOAN_01,loan,Deutsche Bank Empresas,deutschebank_emp,EUR,2025-11-20 11:59:00,-56000,-17408.82,
PRODUCT_01974,COMP_1053,LEASING_01,leasing,Laboral Kutxa Empresas,cajalaboral_emp,EUR,2026-07-07 11:56:45,,0,
PRODUCT_01979,COMP_0597,LOAN_03,loan,Laboral Kutxa Empresas,cajalaboral_emp,EUR,2025-11-06 14:43:25,-1253451.11,0,
PRODUCT_01980,COMP_1169,LOAN_09,loan,Bankinter Empresas,bankinter_emp,EUR,2026-03-24 10:27:09,-80000,0,
PRODUCT_01988,COMP_0685,LOAN_02,loan,BBVA,bbva_emp,EUR,2024-03-11 12:54:01,-270734.4,0,223.52
PRODUCT_01989,COMP_0653,LOAN_34,loan,Other (customer-defined),custom,EUR,2025-08-27 14:35:29,-150000,0,
PRODUCT_02000,COMP_0653,LOAN_35,loan,Other (customer-defined),custom,EUR,2025-08-27 10:02:16,-300000,0,
PRODUCT_02001,COMP_0255,GUARANTEE_01,guarantee,Banco Sabadell Empresas,sabadell_emp,EUR,2026-03-23 15:22:50,-345.5,-345.5,
PRODUCT_02004,COMP_0180,LOAN_04,loan,Bankinter,bankinter_emp,EUR,2025-06-24 06:14:44,-500000,0,
PRODUCT_02008,COMP_1143,LEASING_01,leasing,Caixabank Empresas,caixa_emp,EUR,2025-02-26 13:08:48,-14280.64,-7497.26,
PRODUCT_02011,COMP_0326,LOAN_02,loan,Other (customer-defined),custom,EUR,2025-09-10 08:50:29,,0,
PRODUCT_02025,COMP_0465,LINEOFCREDIT_01,lineofcredit,In-house bank,inhousebanking,EUR,2026-07-01 15:22:42,-25000,-25000,
PRODUCT_02027,COMP_0915,GUARANTEE_02,guarantee,Bankinter Empresas,bankinter_emp,EUR,2025-05-15 10:37:53,-3000,-3000,
PRODUCT_02034,COMP_0293,LOAN_01,loan,Banco Santander,santander_emp,EUR,2024-07-01 16:20:21,-10000000,-5000000,
PRODUCT_02037,COMP_0803,LOAN_10,loan,Bankinter,bankinter_emp,EUR,2024-03-08 08:00:02,-216500,0,223.52
PRODUCT_02040,COMP_0956,LOAN_02,loan,BBVA Net Cash Empresas,bbva_emp,EUR,2026-04-29 11:21:29,-41100,-23064.52,
PRODUCT_02050,COMP_1066,LOAN_03,loan,Banco Sabadell Empresas,sabadell_emp,EUR,2025-09-23 10:41:16,-23964.83,0,
PRODUCT_02051,COMP_0271,LINEOFCREDIT_03,lineofcredit,Cajamar,cajamar,EUR,2026-04-13 15:39:00,-1500000,-1434110.96,65889.04
PRODUCT_02053,COMP_0519,LOAN_04,loan,BBVA,bbva_emp,EUR,2024-01-08 15:47:03,-150000,0,223.52
PRODUCT_02054,COMP_0495,LOAN_02,loan,Caixabank Empresas,caixa_emp,EUR,2025-12-11 08:58:24,,-251895.65,
PRODUCT_02058,COMP_0969,LINEOFCREDIT_01,lineofcredit,Banco Sabadell,sabadell_emp,EUR,2024-07-17 11:32:33,-275000,-131918.82,143081.18
PRODUCT_02059,COMP_0049,LOAN_01,loan,Bankinter Empresas,bankinter_emp,EUR,2026-09-08 11:30:58,-162000,-108000,
PRODUCT_02060,COMP_0007,GUARANTEE_01,guarantee,Bankinter Empresas,bankinter_emp,EUR,2026-03-11 07:27:01,-333637.6,-333637.6,
PRODUCT_02065,COMP_0269,FACTORING_01,factoring,5th Bank of Eastern Fargo,ins_130209,EUR,2025-10-02 08:10:31,-20000,0,20000
PRODUCT_02073,COMP_0523,LOAN_01,loan,HSBC Corporate EU,hsbccorporate_eu,EUR,2026-05-06 09:22:57,-500000,0,
PRODUCT_02074,COMP_1091,CONFIRMING_01,confirming,Banco Santander Empresas,santander_emp,EUR,2025-08-27 09:37:02,-200000,-70397.87,129602.13
PRODUCT_02077,COMP_0993,LOAN_01,loan,Bankinter Empresas,bankinter_emp,EUR,2025-10-20 09:22:28,-150000,-122922.61,
PRODUCT_02080,COMP_0743,LOAN_01,loan,BBVA Net Cash Empresas,bbva_emp,EUR,2025-10-09 13:23:38,-200000,0,
PRODUCT_02081,COMP_0965,LEASING_03,leasing,Caixabank Empresas,caixa_emp,EUR,2026-06-05 11:03:54,-2449151.03,-2327814.17,
PRODUCT_02085,COMP_0334,CONFIRMING_01,confirming,Caixabank Empresas,caixa_emp,EUR,2025-02-17 08:10:46,,0,
PRODUCT_02086,COMP_0909,CONFIRMING_01,confirming,Caixabank,caixa_emp,EUR,2025-02-05 09:05:27,,0,
PRODUCT_02088,COMP_0653,LOAN_36,loan,Other (customer-defined),custom,EUR,2025-08-27 14:52:36,-250000,0,
PRODUCT_02090,COMP_0058,LEASING_01,leasing,Caixabank Empresas,caixa_emp,EUR,2026-05-26 08:53:48,-193184.34,-174008.62,
PRODUCT_02091,COMP_0181,LINEOFCREDIT_01,lineofcredit,Banco Sabadell,sabadell_emp,EUR,2024-04-03 10:04:32,-449000,0,208.35
PRODUCT_02094,COMP_0803,LOAN_11,loan,Bankinter,bankinter_emp,EUR,2024-01-18 15:19:26,-325067,-108355.66,223.52
PRODUCT_02095,COMP_1066,LOAN_04,loan,Banco Sabadell Empresas,sabadell_emp,EUR,2026-03-16 12:52:36,-200000,-158356.36,
PRODUCT_02097,COMP_0258,LOAN_02,loan,Banco Sabadell Empresas,sabadell_emp,EUR,2023-01-17 14:55:39,-1402896.57,-1299404.21,223.52
PRODUCT_02098,COMP_1107,LOAN_02,loan,Caixabank Empresas,caixa_emp,EUR,2025-08-27 09:50:02,-129000,-104722.47,
PRODUCT_02099,COMP_1286,LINEOFCREDIT_01,lineofcredit,BBVA Net Cash Empresas,bbva_emp,EUR,2024-11-20 14:50:01,,-700000,
PRODUCT_02100,COMP_0653,LOAN_37,loan,Other (customer-defined),custom,EUR,2025-08-27 15:04:46,-200000,0,
PRODUCT_02103,COMP_1284,MORTGAGE_05,mortgage,Caixabank Empresas,caixa_emp,EUR,2026-02-19 16:38:02,-64935.19,-62211.75,
PRODUCT_02104,COMP_1101,LOAN_01,loan,Caixabank Empresas,caixa_emp,EUR,2026-04-10 10:13:16,-127197.12,-36583.25,
PRODUCT_02105,COMP_0877,LINEOFCREDIT_02,lineofcredit,Banco Santander Empresas,santander_emp,EUR,2025-10-06 15:22:31,-21350000,21350000,42700000
PRODUCT_02111,COMP_0271,LINEOFCREDIT_04,lineofcredit,Bankinter Empresas,bankinter_emp,EUR,2026-04-13 15:41:57,-500000,-460790.75,39209.25
PRODUCT_02113,COMP_0004,CONFIRMING_02,confirming,Banco Santander Empresas,santander_emp,EUR,2026-02-25 09:39:18,-200000,0,200000
PRODUCT_02119,COMP_0653,LOAN_38,loan,Other (customer-defined),custom,EUR,2025-08-21 15:09:13,-30000,0,
PRODUCT_02121,COMP_0515,LOAN_01,loan,BBVA Net Cash Empresas,bbva_emp,EUR,2025-10-21 11:57:48,-294000,-252000,
PRODUCT_02132,COMP_1012,GUARANTEE_01,guarantee,Banco Santander Empresas,santander_emp,EUR,2026-09-09 08:45:15,-37085.8,-37085.8,
PRODUCT_02134,COMP_0803,LOAN_12,loan,Bankinter,bankinter_emp,EUR,2023-10-23 10:52:36,-322591,-107530.34,223.52
PRODUCT_02137,COMP_0495,LINEOFCREDIT_01,lineofcredit,Banca March,bancamarch,EUR,2025-12-11 08:26:00,-200000,241.43,200241.43
PRODUCT_02138,COMP_1035,LOAN_01,loan,Caixabank Empresas,caixa_emp,EUR,2025-12-01 10:27:23,-82680.8,-33476.62,
PRODUCT_02141,COMP_0351,CONFIRMING_02,confirming,Bankinter Empresas,bankinter_emp,EUR,2026-07-14 07:27:47,-0.01,0,0.01
PRODUCT_02145,COMP_0248,LOAN_08,loan,Bankinter Empresas,bankinter_emp,EUR,2026-01-29 06:27:17,-170000,0,
PRODUCT_02149,COMP_0788,CONFIRMING_01,confirming,Bankinter Empresas,bankinter_emp,EUR,2026-09-07 14:54:35,-25000,0,25000
PRODUCT_02152,COMP_0988,LOAN_05,loan,Caixabank Empresas,caixa_emp,EUR,2026-03-09 14:42:23,-1089411.87,-845089.04,
PRODUCT_02160,COMP_0049,LINEOFCREDIT_01,lineofcredit,Caixabank Empresas,caixa_emp,EUR,2025-02-25 22:02:09,-500000,-386948.38,113051.62
PRODUCT_02163,COMP_0332,MORTGAGE_11,mortgage,Caixabank Empresas,caixa_emp,EUR,2026-02-19 18:21:12,-191917.11,-184884.96,
PRODUCT_02172,COMP_1230,LOAN_02,loan,Banco Santander Empresas,santander_emp,EUR,2026-05-14 08:50:24,-200000,-187965.33,
PRODUCT_02173,COMP_0812,GUARANTEE_02,guarantee,Banca March,bancamarch,EUR,2023-04-15 06:22:58,-21000,-21000,223.52
PRODUCT_02177,COMP_0965,LEASING_04,leasing,Caixabank Empresas,caixa_emp,EUR,2026-06-17 15:27:35,-753217.97,-687112.22,
PRODUCT_02180,COMP_0235,LEASING_06,leasing,BNP Paribas - Mabanque,mabanque,EUR,2025-11-10 17:32:17,-51912.22,-29785.7,
PRODUCT_02183,COMP_0919,LINEOFCREDIT_04,lineofcredit,Banco Santander Empresas,santander_emp,EUR,2025-11-03 10:37:28,-2500000,-2404708.38,95291.62
PRODUCT_02187,COMP_0332,MORTGAGE_12,mortgage,Caixabank Empresas,caixa_emp,EUR,2026-02-19 18:02:01,-232037.67,-223535.4,
PRODUCT_02196,COMP_0235,LEASING_07,leasing,BNP Paribas - Mabanque,mabanque,EUR,2025-11-10 17:35:03,-51912.22,-29785.7,
PRODUCT_02198,COMP_1070,LOAN_05,loan,Banco Santander Empresas,santander_emp,EUR,2026-03-19 12:08:00,-134301.24,0,
PRODUCT_02199,COMP_0456,LOAN_01,loan,Other (customer-defined),custom,EUR,2025-10-15 15:27:52,-186975,-145425,
PRODUCT_02201,COMP_0058,LOAN_03,loan,Banco Sabadell Empresas,sabadell_emp,EUR,2026-05-13 16:20:03,-253334.37,-231355.62,
PRODUCT_02205,COMP_0495,LINEOFCREDIT_02,lineofcredit,Banco Santander Empresas,santander_emp,EUR,2025-12-09 12:04:13,-150000,-83088.09,66911.91
PRODUCT_02209,COMP_1068,CONFIRMING_01,confirming,Unicaja Empresas,unicaja_emp,EUR,2026-02-05 15:47:14,-100,1258976,1259076
PRODUCT_02217,COMP_1284,MORTGAGE_06,mortgage,Caixabank Empresas,caixa_emp,EUR,2026-02-19 17:00:44,-165019.25,-159397.53,
PRODUCT_02218,COMP_0444,CONFIRMING_02,confirming,Banco Santander Empresas,santander_emp,EUR,2026-03-12 11:20:29,-2000000,0,2000000
PRODUCT_02222,COMP_0402,LOAN_02,loan,BBVA Net Cash Empresas,bbva_emp,EUR,2025-09-25 15:29:23,-120271.04,0,
PRODUCT_02226,COMP_0517,LINEOFCREDIT_01,lineofcredit,BBVA Net Cash Empresas,bbva_emp,EUR,2025-12-18 12:06:44,-350000,-349088.68,911.32
PRODUCT_02228,COMP_0180,LOAN_05,loan,Caixabank,caixa_emp,EUR,2024-02-16 10:50:15,-9242.8,0,
PRODUCT_02230,COMP_0420,LOAN_02,loan,Abanca Empresas,abanca_emp,EUR,2026-05-20 11:37:52,-707958.73,-673613.03,
PRODUCT_02238,COMP_1282,LINEOFCREDIT_01,lineofcredit,Caixabank,caixa_emp,EUR,2024-02-09 09:35:07,-0.01,0,0.01
PRODUCT_02245,COMP_0450,LOAN_01,loan,Banco Sabadell Empresas,sabadell_emp,EUR,2025-12-04 15:36:46,-1300000,0,
PRODUCT_02251,COMP_1267,LOAN_05,loan,Banco Santander Empresas,santander_emp,EUR,2025-11-06 08:24:38,-84000,-32200,
PRODUCT_02255,COMP_1191,CONFIRMING_01,confirming,Banco Santander,santander_emp,EUR,2024-07-01 11:58:02,-140000,0,140000
PRODUCT_02256,COMP_0988,LOAN_06,loan,Banco Santander Empresas,santander_emp,EUR,2026-03-11 11:55:43,-300842.48,0,
PRODUCT_02267,COMP_0047,LOAN_05,loan,Cajamar,cajamar,EUR,2025-09-09 12:38:23,-61010.14,0,
PRODUCT_02270,COMP_0919,LINEOFCREDIT_05,lineofcredit,Banco Santander Empresas,santander_emp,EUR,2025-11-03 10:37:28,-1,24910.55,24911.55
PRODUCT_02274,COMP_0385,LINEOFCREDIT_01,lineofcredit,Banco Santander Empresas,santander_emp,EUR,2025-07-15 14:02:14,-2500000,-1040004.04,1459995.96
PRODUCT_02278,COMP_0594,LOAN_05,loan,Banca March,bancamarch,EUR,2025-05-16 11:51:32,-180520.35,0,
PRODUCT_02279,COMP_0653,LOAN_39,loan,Other (customer-defined),custom,EUR,2025-08-22 10:45:34,-150000,0,
PRODUCT_02280,COMP_1053,LOAN_02,loan,Banco Sabadell Empresas,sabadell_emp,EUR,2026-07-22 13:54:18,-4000000,-2542697.64,
PRODUCT_02285,COMP_0087,LOAN_06,loan,Banco Santander Empresas,santander_emp,EUR,2026-02-06 11:36:45,-1500000,0,
PRODUCT_02286,COMP_0597,LOAN_04,loan,Caja Rural De Navarra,ruralvia_navarra,EUR,2025-11-06 14:18:51,-236923.53,-224072.61,
PRODUCT_02287,COMP_0653,LOAN_40,loan,Other (customer-defined),custom,EUR,2025-08-27 14:31:02,-50000,0,
PRODUCT_02291,COMP_1124,LOAN_01,loan,Caixabank Empresas,caixa_emp,EUR,2025-12-01 10:37:30,-31513.32,-7998.48,
PRODUCT_02296,COMP_1272,LINEOFCREDIT_02,lineofcredit,Caixabank Empresas,caixa_emp,EUR,2026-03-05 14:00:39,-200000,-112800,87200
PRODUCT_02297,COMP_0825,LOAN_08,loan,BBVA Net Cash Empresas,bbva_emp,EUR,2023-05-08 07:20:56,-250000,-151573.69,223.52
PRODUCT_02298,COMP_0087,LOAN_07,loan,Banco Santander Empresas,santander_emp,EUR,2024-10-18 11:05:51,-2500000,-833333.36,
PRODUCT_02299,COMP_1106,LINEOFCREDIT_01,lineofcredit,Bankinter Empresas,bankinter_emp,EUR,2026-08-27 07:03:42,-150000,0,150000
PRODUCT_02302,COMP_0491,LOAN_03,loan,Banco Santander Empresas,santander_emp,EUR,2026-02-09 09:25:09,-149000,0,
PRODUCT_02312,COMP_0803,LOAN_13,loan,Bankinter,bankinter_emp,EUR,2023-10-23 10:52:36,-267369.73,0,223.52
PRODUCT_02316,COMP_0495,LINEOFCREDIT_03,lineofcredit,Banca March,bancamarch,EUR,2026-03-23 08:54:45,-200000,300.92,200300.92
PRODUCT_02319,COMP_0356,LOAN_01,loan,Bankinter Empresas,bankinter_emp,EUR,2025-05-22 14:45:52,-225802.25,-61244.51,
PRODUCT_02331,COMP_0394,LOAN_01,loan,Banco Sabadell Empresas,sabadell_emp,EUR,2025-10-30 11:23:08,-2390625,-1912500,
PRODUCT_02341,COMP_0850,GUARANTEE_02,guarantee,Banco Santander Empresas,santander_emp,EUR,2026-07-13 18:09:07,-54000,-54000,
PRODUCT_02343,COMP_0868,LOAN_01,loan,Banco Sabadell,sabadell_emp,EUR,2023-09-27 11:10:09,-60000,-22500,223.52
PRODUCT_02344,COMP_1068,LEASING_02,leasing,iberCaja,ibercaja,EUR,2026-02-06 14:29:33,-200,-400,
PRODUCT_02359,COMP_0816,LOAN_06,loan,Kutxabank,kutxabank_emp,EUR,2023-05-30 14:36:14,,-41763.92,223.52
PRODUCT_02360,COMP_0471,LINEOFCREDIT_05,lineofcredit,Caixabank,caixa_emp,EUR,2023-09-20 11:32:50,-800000,-637183.46,162816.54
PRODUCT_02361,COMP_0825,LOAN_09,loan,BBVA Net Cash Empresas,bbva_emp,EUR,2023-05-08 07:20:56,-700000,223.52,223.52
PRODUCT_02363,COMP_0982,LINEOFCREDIT_01,lineofcredit,Banco Santander Empresas,santander_emp,EUR,2025-03-25 10:18:18,-400000,5265.81,405265.81
PRODUCT_02368,COMP_0803,LOAN_14,loan,Bankinter Empresas,bankinter_emp,EUR,2024-09-12 07:24:58,,-72221.66,
PRODUCT_02369,COMP_0745,LOAN_04,loan,RuralVia Empresas,ruralvia_emp,EUR,2026-03-17 08:00:35,-566000,-332545.23,
PRODUCT_02374,COMP_0004,LEASING_01,leasing,Laboral Kutxa Empresas,cajalaboral_emp,EUR,2026-05-05 06:53:32,-48475.48,-43465.69,
PRODUCT_02380,COMP_0235,LEASING_08,leasing,Caisse d Epargne Hauts de France,caisse-d-epargne-hauts-de-france,EUR,2026-01-20 17:54:00,-56159.71,-33616.75,
PRODUCT_02383,COMP_0598,LOAN_01,loan,BBVA Net Cash Empresas,bbva_emp,EUR,2025-05-02 15:27:02,-14020855.48,0,
PRODUCT_02387,COMP_0471,LINEOFCREDIT_06,lineofcredit,BBVA,bbva_emp,EUR,2024-01-31 11:03:10,-1000000,-332761.66,667238.34
PRODUCT_02391,COMP_0686,RENTING_03,renting,Caixabank Empresas,caixa_emp,EUR,2024-09-05 16:32:15,4651.92,-4651.92,
PRODUCT_02393,COMP_1079,LINEOFCREDIT_02,lineofcredit,Banco Sabadell,sabadell_emp,EUR,2024-05-10 10:25:41,-1,12074.18,12075.18
PRODUCT_02396,COMP_0415,LOAN_01,loan,BBVA Net Cash Empresas,bbva_emp,EUR,2026-06-30 07:59:55,-300000000,-300000000,
PRODUCT_02397,COMP_0594,LOAN_06,loan,Banco Santander Empresas,santander_emp,EUR,2026-05-13 09:26:29,-6500000,-6419624.42,
PRODUCT_02402,COMP_0956,LOAN_03,loan,Bankinter Empresas,bankinter_emp,EUR,2026-04-29 14:46:47,-78000,0,
PRODUCT_02403,COMP_0686,RENTING_04,renting,Banco Santander Empresas,santander_emp,EUR,2024-09-05 14:50:41,-1302.48,0,
PRODUCT_02405,COMP_1267,LOAN_06,loan,Banco Santander Empresas,santander_emp,EUR,2026-07-21 07:23:09,-46500,-31021.56,
PRODUCT_02413,COMP_0723,CONFIRMING_04,confirming,Caixabank Empresas,caixa_emp,EUR,2025-11-03 10:50:37,,0,
PRODUCT_02414,COMP_0447,LINEOFCREDIT_05,lineofcredit,Banco Santander Empresas,santander_emp,EUR,2025-09-15 09:24:19,,0,
PRODUCT_02417,COMP_0640,LINEOFCREDIT_01,lineofcredit,In-house bank,inhousebanking,EUR,2026-05-11 10:59:00,-71842.75,-71842.75,
PRODUCT_02420,COMP_0007,LOAN_09,loan,Banco Santander Empresas,santander_emp,EUR,2026-03-19 09:31:56,-42843.34,0,
PRODUCT_02421,COMP_0893,CONFIRMING_01,confirming,BBVA Net Cash Empresas,bbva_emp,EUR,2026-04-08 10:59:01,-600000,0,600000
PRODUCT_02422,COMP_0519,LINEOFCREDIT_02,lineofcredit,RuralVia Empresas,ruralvia_emp,EUR,2024-09-09 08:33:45,-100000,-97921.05,2078.95
PRODUCT_02423,COMP_0415,GUARANTEE_02,guarantee,Banco Santander Empresas,santander_emp,EUR,2026-06-09 07:53:36,,-169678.77,
PRODUCT_02430,COMP_1267,LOAN_07,loan,Caixabank Empresas,caixa_emp,EUR,2026-04-10 13:11:59,-58802.68,-58802.68,
PRODUCT_02433,COMP_0354,LOAN_02,loan,Banca March,bancamarch,EUR,2025-03-05 12:00:59,-29699.21,-29699.21,
PRODUCT_02434,COMP_0909,CONFIRMING_02,confirming,CajaSur,cajasur,EUR,2025-01-29 10:28:11,-1000000,0,1000000
PRODUCT_02445,COMP_1049,LOAN_01,loan,Caixabank Empresas,caixa_emp,EUR,2026-03-09 13:11:47,-75000,-18577.4,
PRODUCT_02448,COMP_0447,LINEOFCREDIT_06,lineofcredit,Banco Santander Empresas,santander_emp,EUR,2025-09-15 09:24:19,-2000,-223.15,1776.85
PRODUCT_02449,COMP_0909,CONFIRMING_03,confirming,Banco Santander,santander_emp,EUR,2024-04-04 08:40:31,-4000000,0,4000000
PRODUCT_02458,COMP_0058,LOAN_04,loan,BBVA Net Cash Empresas,bbva_emp,EUR,2026-04-27 10:23:01,-313822.21,-288852.92,
PRODUCT_02459,COMP_1053,LINEOFCREDIT_04,lineofcredit,Banco Santander Empresas,santander_emp,EUR,2026-07-08 10:45:28,-63000,-63000,
PRODUCT_02465,COMP_0505,LINEOFCREDIT_03,lineofcredit,Banco Sabadell Empresas,sabadell_emp,EUR,2026-07-13 06:10:21,-1500000,-353076.72,1146923.28
PRODUCT_02466,COMP_0653,LOAN_41,loan,Other (customer-defined),custom,EUR,2025-10-22 13:05:23,-35000,-35000,
PRODUCT_02467,COMP_0653,LOAN_42,loan,Other (customer-defined),custom,USD,2025-08-27 15:54:00,-700000,0,
PRODUCT_02474,COMP_0967,LOAN_02,loan,Banco Sabadell T. sec - CAL Empresas,sabadell_emp_sec,EUR,2024-10-10 14:55:17,-146440.43,-43932.15,
PRODUCT_02479,COMP_0803,LOAN_15,loan,Bankinter,bankinter_emp,EUR,2024-04-30 11:47:38,-325029,0,223.52
PRODUCT_02482,COMP_0255,GUARANTEE_02,guarantee,Banco Sabadell Empresas,sabadell_emp,EUR,2026-03-23 15:22:50,-45014.78,-45014.78,
PRODUCT_02484,COMP_0058,LEASING_02,leasing,Caixabank Empresas,caixa_emp,EUR,2026-07-01 10:03:59,-28781,-27054.14,
PRODUCT_02485,COMP_0047,LOAN_06,loan,Caixabank Empresas,caixa_emp,EUR,2025-09-09 12:14:57,-112195.69,0,
PRODUCT_02490,COMP_1068,LOAN_01,loan,iberCaja,ibercaja,EUR,2026-02-10 12:52:52,-3000,-2000,
PRODUCT_02496,COMP_0444,CONFIRMING_03,confirming,Banco Santander Empresas,santander_emp,EUR,2026-03-12 11:20:29,-2000000,0,2000000
PRODUCT_02497,COMP_0683,LINEOFCREDIT_01,lineofcredit,Banco Santander Empresas,santander_emp,EUR,2026-03-18 14:50:52,-1000000,-253240.79,746759.21
PRODUCT_02499,COMP_0444,LOAN_07,loan,Bankinter Empresas,bankinter_emp,EUR,2026-07-14 14:42:01,-1500000,-1453284.94,
PRODUCT_02500,COMP_0743,GUARANTEE_03,guarantee,Other (customer-defined),custom,EUR,2025-09-26 12:06:34,-50000,0,
PRODUCT_02503,COMP_0446,LINEOFCREDIT_01,lineofcredit,BBVA Net Cash Empresas,bbva_emp,EUR,2025-12-16 13:14:06,-30000,-1464.09,28535.91
PRODUCT_02517,COMP_0673,LOAN_01,loan,Banco Santander Empresas,santander_emp,EUR,2026-02-25 08:20:34,-101071.52,0,
PRODUCT_02520,COMP_0563,LOAN_01,loan,Caixabank Empresas,caixa_emp,EUR,2026-01-13 17:12:35,-1357023.3,-1022836.06,
PRODUCT_02521,COMP_0058,CONFIRMING_03,confirming,Caixabank Empresas,caixa_emp,EUR,2026-04-08 10:17:48,,0,
PRODUCT_02526,COMP_0770,LOAN_01,loan,BBVA Net Cash Empresas,bbva_emp,EUR,2025-04-24 13:33:57,-254247.73,-203034.29,
PRODUCT_02537,COMP_0087,LOAN_08,loan,Bankinter Empresas,bankinter_emp,EUR,2024-10-18 11:23:28,-112571.48,0,
PRODUCT_02539,COMP_1053,LEASING_02,leasing,Laboral Kutxa Empresas,cajalaboral_emp,EUR,2026-07-07 11:56:45,,0,
PRODUCT_02541,COMP_0038,LOAN_01,loan,Banco Pichincha,pichincha,EUR,2026-06-09 15:41:02,-3500000,-2865104.62,
PRODUCT_02547,COMP_0365,LOAN_04,loan,Societe Generale Entreprises,soc-gen-corporate,EUR,2026-05-06 08:52:00,-800000,-173991.36,
PRODUCT_02549,COMP_0639,LINEOFCREDIT_02,lineofcredit,Banco Santander Empresas,santander_emp,EUR,2022-11-17 14:06:41,-600000,16932.95,600000
PRODUCT_02552,COMP_0023,LINEOFCREDIT_01,lineofcredit,In-house bank,inhousebanking,EUR,2026-08-26 13:08:51,,0,
PRODUCT_02562,COMP_0919,CONFIRMING_06,confirming,BBVA Net Cash Empresas,bbva_emp,EUR,2025-11-03 10:46:24,,0,
PRODUCT_02566,COMP_1066,LINEOFCREDIT_02,lineofcredit,BBVA Net Cash Empresas,bbva_emp,EUR,2025-10-02 11:09:05,-100000,0,100000
PRODUCT_02576,COMP_0988,LOAN_07,loan,BBVA Net Cash Empresas,bbva_emp,EUR,2026-03-16 13:43:35,-263455.31,-88622.6,
PRODUCT_02580,COMP_0105,RENTING_01,renting,Caixabank Empresas,caixa_emp,EUR,2025-10-01 14:52:41,-36210.04,-36210.04,
PRODUCT_02585,COMP_0664,LOAN_02,loan,Banco Santander Empresas,santander_emp,EUR,2026-03-13 11:01:53,-200000,-102821.64,
PRODUCT_02587,COMP_0950,LEASING_03,leasing,Other (customer-defined),custom,EUR,2024-02-08 12:55:16,-8430.03,0,223.52
PRODUCT_02588,COMP_0930,LINEOFCREDIT_01,lineofcredit,In-house bank,inhousebanking,EUR,2026-07-01 14:07:48,-171000,-171000,
PRODUCT_02596,COMP_0538,LOAN_01,loan,Bankinter Empresas,bankinter_emp,EUR,2024-11-19 12:45:37,-227000,0,
PRODUCT_02602,COMP_0074,LINEOFCREDIT_01,lineofcredit,Caixabank Empresas,caixa_emp,EUR,2025-03-20 14:30:52,-1500000,-861603.27,638396.73
PRODUCT_02603,COMP_1243,LOAN_01,loan,BBVA Net Cash Empresas,bbva_emp,EUR,2026-04-28 16:34:45,-205364.94,-189006.5,
PRODUCT_02608,COMP_0235,LEASING_09,leasing,Caisse d Epargne Hauts de France,caisse-d-epargne-hauts-de-france,EUR,2026-01-20 16:43:03,-56159.71,-33616.75,
PRODUCT_02610,COMP_1149,LEASING_02,leasing,Eurocaja Rural Empresas,eurocajarural_emp,EUR,2025-09-11 14:56:36,-23673.19,-11447.74,
PRODUCT_02611,COMP_0825,LEASING_01,leasing,Caixabank,caixa_emp,EUR,2023-02-06 10:46:03,-8529.16,-1065.95,223.52
PRODUCT_02616,COMP_1038,GUARANTEE_01,guarantee,BBVA Net Cash Empresas,bbva_emp,EUR,2025-09-09 11:47:00,-74425.93,-44666.72,
PRODUCT_02617,COMP_1079,LINEOFCREDIT_03,lineofcredit,BBVA,bbva_emp,EUR,2024-05-10 10:21:33,-100000,0,100000
PRODUCT_02621,COMP_0683,LINEOFCREDIT_02,lineofcredit,BBVA Net Cash Empresas,bbva_emp,EUR,2026-03-18 14:54:26,-1500000,-765519.83,734480.17
PRODUCT_02626,COMP_0958,LINEOFCREDIT_01,lineofcredit,Banco Santander Empresas,santander_emp,EUR,2025-03-06 15:44:00,-3000,-67.99,2932.01
PRODUCT_02627,COMP_1037,MORTGAGE_01,mortgage,Banca March,bancamarch,EUR,2026-07-09 13:37:55,-260405.92,-247505.3,
PRODUCT_02630,COMP_1208,LINEOFCREDIT_02,lineofcredit,Bankinter Empresas,bankinter_emp,EUR,2026-07-28 06:50:26,,1682.22,
PRODUCT_02631,COMP_0909,GUARANTEE_05,guarantee,Cajamar,cajamar,EUR,2025-02-06 08:42:01,-0.01,-672707.72,
PRODUCT_02640,COMP_0511,FACTORING_01,factoring,Bankinter Empresas,bankinter_emp,EUR,2025-12-23 15:08:48,-3113196,-3113196,3113196
PRODUCT_02644,COMP_0269,CONFIRMING_04,confirming,A+ Federal Credit Union,ins_131862,EUR,2025-10-09 10:13:52,-1000,775,1775
PRODUCT_02645,COMP_0058,LOAN_05,loan,BBVA Net Cash Empresas,bbva_emp,EUR,2026-04-28 16:14:28,-700000,-678721.6,
PRODUCT_02646,COMP_0850,LINEOFCREDIT_02,lineofcredit,Caixabank Empresas,caixa_emp,EUR,2026-07-13 17:25:45,-240000,-20776.86,219223.14
PRODUCT_02647,COMP_0825,LINEOFCREDIT_01,lineofcredit,BBVA Net Cash Empresas,bbva_emp,EUR,2023-05-09 09:15:41,-300000,223.52,223.52
PRODUCT_02652,COMP_0058,CONFIRMING_04,confirming,Bankinter Empresas,bankinter_emp,EUR,2026-07-28 06:46:19,-900000,-892626.84,7373.16
PRODUCT_02653,COMP_1169,LOAN_10,loan,Banco Santander Empresas,santander_emp,EUR,2026-01-26 07:56:17,-72000,0,
PRODUCT_02657,COMP_0942,GUARANTEE_02,guarantee,Banco Sabadell,sabadell_emp,EUR,2025-09-11 10:52:29,-12500,-12500,
PRODUCT_02659,COMP_0087,LOAN_09,loan,Cajamar,cajamar,EUR,2025-07-01 10:49:06,-5000000,0,
PRODUCT_02660,COMP_1076,RENTING_01,renting,Caixabank Empresas,caixa_emp,EUR,2025-10-09 08:28:10,-10212.12,-3971.38,
PRODUCT_02665,COMP_0505,LOAN_01,loan,Banco Sabadell Empresas,sabadell_emp,EUR,2026-07-13 06:10:21,-600000,-542857.12,
PRODUCT_02668,COMP_1038,LOAN_03,loan,Abanca Empresas,abanca_emp,EUR,2026-03-20 10:48:49,-260000,-16928.28,
PRODUCT_02669,COMP_1036,LEASING_07,leasing,Banco Sabadell Empresas,sabadell_emp,EUR,2026-08-20 12:47:53,-106370550,0,
PRODUCT_02673,COMP_0491,LEASING_01,leasing,Banco Sabadell Empresas,sabadell_emp,EUR,2024-10-22 10:02:38,-54339.53,-26938,
PRODUCT_02677,COMP_1070,LOAN_06,loan,Caixabank Empresas,caixa_emp,EUR,2025-05-08 12:09:56,-158185.28,-86588.17,
PRODUCT_02679,COMP_1036,LEASING_08,leasing,BBVA Net Cash Empresas,bbva_emp,EUR,2026-08-21 12:37:52,-1179015,-500271.96,
PRODUCT_02681,COMP_0248,LOAN_09,loan,Bankinter Empresas,bankinter_emp,EUR,2026-04-23 09:03:47,-24000,0,
PRODUCT_02685,COMP_0743,LOAN_02,loan,BBVA Net Cash Empresas,bbva_emp,EUR,2025-10-09 13:09:59,-575000,0,
PRODUCT_02705,COMP_1171,CONFIRMING_03,confirming,Banco Santander,santander_emp,EUR,2024-07-01 11:58:03,-100000,0,100000
PRODUCT_02709,COMP_0909,GUARANTEE_06,guarantee,BBVA,bbva_emp,EUR,2025-02-27 12:27:37,-12700000,-11024638.96,
PRODUCT_02714,COMP_0261,LOAN_04,loan,Banco Santander Empresas,santander_emp,EUR,2025-02-20 13:35:23,-11368421.05,-11698404.9,
PRODUCT_02722,COMP_1037,LINEOFCREDIT_01,lineofcredit,Other (customer-defined),custom,EUR,2026-08-11 14:26:40,-280000,23195.35,303195.35
PRODUCT_02731,COMP_0354,CONFIRMING_02,confirming,CajaSur,cajasur,EUR,2025-07-31 11:41:13,-500000,0,500000
PRODUCT_02735,COMP_0806,LINEOFCREDIT_01,lineofcredit,Banco Sabadell T. sec - CAL Empresas,sabadell_emp_sec,EUR,2025-10-09 06:41:13,,0,
PRODUCT_02737,COMP_1036,CONFIRMING_01,confirming,RuralVia Empresas,ruralvia_emp,EUR,2026-07-15 11:58:35,,0,
PRODUCT_02742,COMP_0623,LOAN_07,loan,Caixabank Empresas,caixa_emp,EUR,2025-04-25 08:04:43,-2000000,-2000000,
PRODUCT_02745,COMP_1143,LINEOFCREDIT_01,lineofcredit,Bankinter Empresas,bankinter_emp,EUR,2025-06-06 07:48:34,-500000,0,500000
PRODUCT_02754,COMP_0958,LINEOFCREDIT_02,lineofcredit,Banco Santander Empresas,santander_emp,EUR,2025-03-06 15:44:00,-3000,-258.5,2741.5
PRODUCT_02760,COMP_1053,LINEOFCREDIT_05,lineofcredit,Banco Santander Empresas,santander_emp,EUR,2026-07-08 10:45:28,-107250,-107250,
PRODUCT_02764,COMP_0909,GUARANTEE_07,guarantee,Deutsche Bank,deutschebank_emp,EUR,2025-02-06 08:44:45,-0.01,-3846452,
PRODUCT_02765,COMP_0597,LINEOFCREDIT_02,lineofcredit,Caja Rural De Navarra,ruralvia_navarra,EUR,2025-10-30 08:43:29,-1500000,-1091144.3,408855.7
PRODUCT_02769,COMP_1049,CONFIRMING_01,confirming,Caixabank Empresas,caixa_emp,EUR,2026-03-09 13:11:47,,0,
PRODUCT_02770,COMP_0511,LOAN_03,loan,Caixabank Empresas,caixa_emp,EUR,2025-09-29 14:45:40,-3113200,-1695750,
PRODUCT_02772,COMP_0048,LINEOFCREDIT_02,lineofcredit,Banco Sabadell Empresas,sabadell_emp,EUR,2026-05-12 14:09:59,,0,
PRODUCT_02773,COMP_0956,GUARANTEE_01,guarantee,Banco Sabadell Empresas,sabadell_emp,EUR,2026-04-29 11:25:16,-5506,-5506,
PRODUCT_02785,COMP_0094,LINEOFCREDIT_01,lineofcredit,Banco Santander,santander_emp,EUR,2023-11-16 09:55:31,-25000,8272.53,33272.53
PRODUCT_02788,COMP_0058,LEASING_03,leasing,Caixabank Empresas,caixa_emp,EUR,2026-05-26 16:29:05,-239250.24,-215456.81,
PRODUCT_02790,COMP_0623,LOAN_08,loan,Banco Sabadell T. sec - CAL Empresas,sabadell_emp_sec,EUR,2025-04-25 08:50:18,-575449.19,-372053.29,
PRODUCT_02793,COMP_0332,MORTGAGE_13,mortgage,Caixabank Empresas,caixa_emp,EUR,2026-02-19 18:00:01,-188228.03,-181331.01,
PRODUCT_02799,COMP_0745,LINEOFCREDIT_01,lineofcredit,RuralVia Empresas,ruralvia_emp,EUR,2026-03-05 11:21:22,-1000000,-41405.03,958594.97
PRODUCT_02805,COMP_0058,LOAN_06,loan,Banco Sabadell Empresas,sabadell_emp,EUR,2026-05-13 15:58:49,-185665.56,-169826.81,
PRODUCT_02813,COMP_0099,LOAN_02,loan,Caixabank Empresas,caixa_emp,EUR,2025-10-07 15:21:09,-600000,-486697.18,
PRODUCT_02819,COMP_0289,LOAN_01,loan,Banco Sabadell Empresas,sabadell_emp,EUR,2025-09-04 13:42:21,-256000,-228571.42,
PRODUCT_02820,COMP_1053,LINEOFCREDIT_06,lineofcredit,Banco Santander Empresas,santander_emp,EUR,2026-07-08 10:45:28,-24363.59,-24363.59,
PRODUCT_02821,COMP_0774,LINEOFCREDIT_01,lineofcredit,Banco Santander Empresas,santander_emp,EUR,2025-03-18 12:10:49,-200000,-60421.86,139578.14
PRODUCT_02831,COMP_0079,LINEOFCREDIT_02,lineofcredit,Banco Santander Empresas,santander_emp,EUR,2026-02-25 11:32:32,-40000,3442.99,43442.99
PRODUCT_02833,COMP_1286,LINEOFCREDIT_02,lineofcredit,Banco Santander Empresas,santander_emp,EUR,2024-11-20 14:46:34,-100000,35708.29,135708.29
PRODUCT_02840,COMP_0597,LOAN_05,loan,Caja Rural De Navarra,ruralvia_navarra,EUR,2025-11-06 14:58:02,-53943.94,-41145.25,
PRODUCT_02846,COMP_0180,LOAN_06,loan,Bankinter,bankinter_emp,EUR,2025-06-24 06:14:44,-300000,0,
PRODUCT_02847,COMP_1208,CONFIRMING_03,confirming,Bankinter Empresas,bankinter_emp,EUR,2026-07-28 06:50:26,-50000,-22657.45,27342.55
PRODUCT_02850,COMP_0855,LOAN_02,loan,Kutxabank Empresas,kutxabank_emp,EUR,2026-08-12 09:58:33,-350000,-142745.99,
PRODUCT_02851,COMP_0653,LOAN_43,loan,Other (customer-defined),custom,EUR,2025-08-27 10:06:32,-200000,0,
PRODUCT_02860,COMP_0769,LOAN_02,loan,Banca March,bancamarch,EUR,2026-07-13 15:01:42,-33574.24,-33574.24,
PRODUCT_02865,COMP_0861,LOAN_04,loan,Other (customer-defined),custom,EUR,2025-11-24 12:56:05,-500000,-156292.18,
PRODUCT_02872,COMP_0899,GUARANTEE_01,guarantee,Caixabank Empresas,caixa_emp,EUR,2025-07-30 08:00:01,,-47010,47010
PRODUCT_02876,COMP_0220,CONFIRMING_05,confirming,Banco Santander Empresas,santander_emp,EUR,2026-01-27 14:19:22,-3200000,-182571.11,3017428.89
PRODUCT_02877,COMP_1077,GUARANTEE_01,guarantee,Caixabank Empresas,caixa_emp,EUR,2026-02-24 10:32:35,-500000,-217711.52,291683.09
PRODUCT_02880,COMP_0235,LEASING_10,leasing,Caisse d Epargne Hauts de France,caisse-d-epargne-hauts-de-france,EUR,2026-01-20 17:06:35,-56159.71,-32677.46,
PRODUCT_02884,COMP_0007,RENTING_05,renting,Other (customer-defined),custom,EUR,2026-03-31 10:50:52,-30580.32,-11258.31,
PRODUCT_02890,COMP_0798,LEASING_03,leasing,Eurocaja Rural Empresas,eurocajarural_emp,EUR,2025-11-11 12:56:57,-27851.24,0,
PRODUCT_02892,COMP_0094,LINEOFCREDIT_02,lineofcredit,BBVA,bbva_emp,EUR,2023-11-16 10:07:19,-150000,-113728.49,223.52
PRODUCT_02894,COMP_0909,CONFIRMING_04,confirming,Caixabank,caixa_emp,EUR,2025-02-05 09:05:27,,-316901.63,
PRODUCT_02900,COMP_0180,LOAN_07,loan,Banco Sabadell T. sec - CAL Empresas,sabadell_emp_sec,EUR,2024-02-16 10:35:15,-1590109.61,-814974.03,223.52
PRODUCT_02907,COMP_0071,LINEOFCREDIT_01,lineofcredit,BBVA Net Cash Empresas,bbva_emp,EUR,2025-02-05 12:15:28,,-600000,
PRODUCT_02908,COMP_1178,LOAN_01,loan,BBVA Net Cash Empresas,bbva_emp,EUR,2025-02-26 07:39:56,-4737000,-1389051.33,
PRODUCT_02910,COMP_0248,LOAN_10,loan,Bankinter Empresas,bankinter_emp,EUR,2026-05-29 07:15:40,-50000,0,
PRODUCT_02917,COMP_1268,LOAN_01,loan,Banco Sabadell Empresas,sabadell_emp,EUR,2026-04-28 13:00:36,-700000,-303670.67,
PRODUCT_02918,COMP_0909,GUARANTEE_08,guarantee,Banco Santander,santander_emp,EUR,2025-01-28 16:31:54,-12000000,-2446613.45,
PRODUCT_02927,COMP_0596,LOAN_01,loan,Banco Santander Empresas,santander_emp,EUR,2025-11-26 10:59:04,-776000,-776000,
PRODUCT_02928,COMP_0896,LOAN_01,loan,Banca March,bancamarch,EUR,2026-07-13 14:55:24,-28425.2,-28425.2,
PRODUCT_02929,COMP_0919,CONFIRMING_07,confirming,Banco Santander Empresas,santander_emp,EUR,2025-11-03 10:37:28,-1250000,0,1250000
PRODUCT_02932,COMP_1149,LEASING_03,leasing,BBVA Net Cash Empresas,bbva_emp,EUR,2025-11-06 08:22:17,-47078.6,-25646.34,
PRODUCT_02933,COMP_0957,CONFIRMING_01,confirming,Banco Santander Empresas,santander_emp,EUR,2026-08-19 09:54:49,-50000,-47061.34,2938.66
PRODUCT_02935,COMP_0909,LINEOFCREDIT_04,lineofcredit,Deutsche Bank Empresas,deutschebank_emp,EUR,2025-03-06 08:33:46,-3000000,7631.41,3007631.41
PRODUCT_02942,COMP_0929,LINEOFCREDIT_02,lineofcredit,Banco Sabadell Empresas,sabadell_emp,EUR,2025-10-08 11:17:56,-600000,-510092.93,89907.07
PRODUCT_02947,COMP_0007,LOAN_10,loan,Abanca Empresas,abanca_emp,EUR,2026-03-19 09:04:14,-1000000,-650922.29,
PRODUCT_02949,COMP_0850,LINEOFCREDIT_03,lineofcredit,BBVA Net Cash Empresas,bbva_emp,EUR,2026-07-13 15:41:05,-100000,-100000,
PRODUCT_02953,COMP_1173,LOAN_01,loan,Kutxabank Empresas,kutxabank_emp,EUR,2026-07-09 15:34:15,,-1210000,
PRODUCT_02958,COMP_1124,LOAN_02,loan,Cajamar,cajamar,EUR,2025-04-02 11:53:07,-5872.26,0,
PRODUCT_02960,COMP_0498,LOAN_02,loan,Caixabank Empresas,caixa_emp,EUR,2026-03-10 09:33:30,-5000000,-5000000,
PRODUCT_02964,COMP_0550,LINEOFCREDIT_01,lineofcredit,In-house bank,inhousebanking,EUR,2026-07-08 12:43:11,-83000,-83000,
PRODUCT_02971,COMP_0696,CONFIRMING_02,confirming,Bankinter,bankinter_emp,EUR,2026-02-11 11:08:25,-1190000,-608274.16,581725.84
PRODUCT_02974,COMP_0825,LOAN_10,loan,BBVA Net Cash Empresas,bbva_emp,EUR,2023-02-16 14:17:30,-57064.93,223.52,223.52
PRODUCT_02984,COMP_1171,CONFIRMING_04,confirming,Banco Santander,santander_emp,EUR,2024-07-01 11:58:03,-100000,0,100000
PRODUCT_02985,COMP_0140,GUARANTEE_01,guarantee,BBVA Net Cash Empresas,bbva_emp,EUR,2025-07-29 11:55:49,-30375,-30375,
PRODUCT_02986,COMP_0248,LOAN_11,loan,Bankinter Empresas,bankinter_emp,EUR,2026-02-27 09:53:31,-175000,0,
PRODUCT_02987,COMP_0928,LOAN_02,loan,Other (customer-defined),custom,EUR,2025-10-08 15:43:58,-304785.44,-228589.08,
PRODUCT_02989,COMP_0956,GUARANTEE_02,guarantee,Banco Sabadell Empresas,sabadell_emp,EUR,2026-04-29 11:25:16,-16956.91,-16956.91,
PRODUCT_02993,COMP_0160,GUARANTEE_01,guarantee,Bankinter Empresas,bankinter_emp,EUR,2025-02-10 11:04:54,-36589.03,-63410.97,
PRODUCT_02999,COMP_0653,LOAN_44,loan,Other (customer-defined),custom,EUR,2025-08-27 13:27:54,-130700,0,
PRODUCT_03000,COMP_0909,LINEOFCREDIT_05,lineofcredit,BBVA,bbva_emp,EUR,2025-02-27 12:27:37,,0,
PRODUCT_03001,COMP_0578,LOAN_02,loan,Banco Santander Empresas,santander_emp,EUR,2024-10-09 07:11:55,-4150858.76,-3545003.99,
PRODUCT_03010,COMP_0825,LOAN_11,loan,BBVA Net Cash Empresas,bbva_emp,EUR,2023-02-16 14:31:54,-38554.48,223.52,223.52
PRODUCT_03012,COMP_0653,LOAN_45,loan,Other (customer-defined),custom,EUR,2025-08-27 10:28:52,-40000,0,
PRODUCT_03014,COMP_0906,LOAN_01,loan,Caixabank Empresas,caixa_emp,EUR,2026-01-08 14:41:29,-201324.47,-181784.97,
PRODUCT_03020,COMP_0076,LOAN_02,loan,Banco Santander Empresas,santander_emp,EUR,2025-11-17 11:06:19,-23000,-10691.28,
PRODUCT_03021,COMP_1079,LINEOFCREDIT_04,lineofcredit,BBVA,bbva_emp,EUR,2025-06-09 09:52:57,-100000,375.79,100375.79
PRODUCT_03022,COMP_0653,LOAN_46,loan,Other (customer-defined),custom,EUR,2025-08-22 08:09:55,-200000,0,
PRODUCT_03024,COMP_0723,CONFIRMING_05,confirming,BBVA Net Cash Empresas,bbva_emp,EUR,2025-11-03 12:22:06,,0,
PRODUCT_03030,COMP_0235,LEASING_11,leasing,Caisse d Epargne Hauts de France,caisse-d-epargne-hauts-de-france,EUR,2026-01-20 16:50:45,-56159.71,-32677.46,
PRODUCT_03031,COMP_0653,LOAN_47,loan,Other (customer-defined),custom,EUR,2025-08-22 09:08:18,-100000,0,
PRODUCT_03032,COMP_0524,LOAN_01,loan,Bankinter Empresas,bankinter_emp,EUR,2026-08-12 07:56:49,-2000000,-945185.18,
PRODUCT_03034,COMP_1035,LINEOFCREDIT_01,lineofcredit,Cajamar,cajamar,EUR,2025-04-01 12:42:15,0,0,0
PRODUCT_03037,COMP_0707,LINEOFCREDIT_01,lineofcredit,Bankinter Empresas,bankinter_emp,EUR,2025-12-04 12:13:45,-500000,0,500000
PRODUCT_03038,COMP_1267,LEASING_01,leasing,Caixabank Empresas,caixa_emp,EUR,2026-05-27 15:52:34,-8669.42,-8669.42,
PRODUCT_03054,COMP_1150,LOAN_04,loan,Bankinter Empresas,bankinter_emp,EUR,2025-02-10 10:58:05,-172101.94,-55850.27,
PRODUCT_03059,COMP_0511,FACTORING_02,factoring,Bankinter Empresas,bankinter_emp,EUR,2025-11-24 09:50:40,-1825000,0,
PRODUCT_03070,COMP_0269,CONFIRMING_05,confirming,5th Bank of Eastern Fargo,ins_130209,EUR,2025-10-02 09:10:33,-20000,0,20000
PRODUCT_03071,COMP_0248,LEASING_03,leasing,Caixabank Empresas,caixa_emp,EUR,2025-11-13 13:19:09,-27276.25,-22257.2,
PRODUCT_03072,COMP_1230,CONFIRMING_01,confirming,Caixabank Empresas,caixa_emp,EUR,2025-06-19 10:31:12,,0,
PRODUCT_03073,COMP_0351,LOAN_01,loan,BBVA Net Cash Empresas,bbva_emp,EUR,2026-07-07 10:25:34,-917900.71,-753034.48,
PRODUCT_03075,COMP_0235,LEASING_12,leasing,Caisse d Epargne Hauts de France,caisse-d-epargne-hauts-de-france,EUR,2026-01-20 16:59:38,-56159.71,-32677.46,
PRODUCT_03077,COMP_0094,LINEOFCREDIT_03,lineofcredit,Banco Sabadell,sabadell_emp,EUR,2023-11-16 09:49:39,-100000,-299.92,99700.08
PRODUCT_03082,COMP_1066,LINEOFCREDIT_03,lineofcredit,Banco Santander Empresas,santander_emp,EUR,2025-10-03 11:15:14,-250000,-24339.18,225660.82
PRODUCT_03090,COMP_0058,LINEOFCREDIT_02,lineofcredit,Caixabank Empresas,caixa_emp,EUR,2026-08-12 05:57:01,-7000000,-5491543.03,1508456.97
PRODUCT_03099,COMP_0169,LOAN_02,loan,Caixabank Empresas,caixa_emp,EUR,2025-05-21 11:51:31,-106516.78,-61460.29,
PRODUCT_03113,COMP_1245,LINEOFCREDIT_01,lineofcredit,In-house bank,inhousebanking,EUR,2026-05-15 08:28:32,-31602.51,31602.51,63205.02
PRODUCT_03115,COMP_1249,LOAN_01,loan,Caixabank Empresas,caixa_emp,EUR,2025-05-16 11:11:38,-53258.4,-30730.14,
PRODUCT_03118,COMP_1171,CONFIRMING_05,confirming,Banco Santander,santander_emp,EUR,2024-07-01 11:58:03,-100000,0,100000
PRODUCT_03119,COMP_0210,LINEOFCREDIT_02,lineofcredit,Bankinter Empresas,bankinter_emp,EUR,2026-01-13 16:14:25,,-12784.46,
PRODUCT_03130,COMP_0912,LINEOFCREDIT_01,lineofcredit,Banco Santander Empresas,santander_emp,EUR,2026-09-15 14:15:37,-800000,-400000,400000
PRODUCT_03131,COMP_1036,CONFIRMING_02,confirming,RuralVia Empresas,ruralvia_emp,EUR,2026-07-15 11:58:35,,0,
PRODUCT_03132,COMP_1167,LINEOFCREDIT_01,lineofcredit,iberCaja,ibercaja,EUR,2024-10-07 09:37:12,,0,
PRODUCT_03141,COMP_0909,GUARANTEE_09,guarantee,Banco Santander,santander_emp,GBP,2025-02-13 15:15:15,-0.01,-790608.65,
PRODUCT_03143,COMP_0855,LINEOFCREDIT_03,lineofcredit,Banco Santander Empresas,santander_emp,EUR,2026-05-11 14:33:19,-1000000,-119175.82,880824.18
PRODUCT_03148,COMP_1070,LOAN_07,loan,Bankinter Empresas,bankinter_emp,EUR,2025-05-06 08:57:57,,0,
PRODUCT_03150,COMP_0065,CONFIRMING_03,confirming,Banco Santander,santander_emp,EUR,2024-07-01 11:58:02,-1010000,0,476689.93
PRODUCT_03153,COMP_0653,LOAN_48,loan,Other (customer-defined),custom,EUR,2025-08-27 13:33:21,-40700,0,
PRODUCT_03154,COMP_0308,LINEOFCREDIT_01,lineofcredit,Caixabank,caixa_emp,EUR,2023-07-04 09:42:21,-200000,990.96,200990.96
PRODUCT_03158,COMP_0721,LOAN_02,loan,Banco Santander Empresas,santander_emp,EUR,2026-02-17 16:42:48,-464024.64,-343063.38,
PRODUCT_03162,COMP_1169,LINEOFCREDIT_02,lineofcredit,Bankinter Empresas,bankinter_emp,EUR,2026-03-18 10:40:50,-100000,-87121.23,12878.77
PRODUCT_03174,COMP_0919,LOAN_01,loan,Caixabank Empresas,caixa_emp,EUR,2025-12-01 11:04:15,-11324999.54,-11013515.37,
PRODUCT_03176,COMP_1169,LOAN_11,loan,BBVA Net Cash Empresas,bbva_emp,EUR,2025-11-06 10:52:43,-300000,0,
PRODUCT_03178,COMP_0007,LOAN_11,loan,Laboral Kutxa Empresas,cajalaboral_emp,EUR,2026-03-18 15:09:32,-500000,-392879.89,
PRODUCT_03179,COMP_0140,LEASING_01,leasing,BBVA Net Cash Empresas,bbva_emp,EUR,2025-09-24 18:04:20,-1382792.3,-669747.93,
PRODUCT_03180,COMP_0982,LOAN_01,loan,BBVA Net Cash Empresas,bbva_emp,EUR,2025-03-25 10:16:47,-296846.73,0,
PRODUCT_03182,COMP_1249,LOAN_02,loan,Banco Santander Empresas,santander_emp,EUR,2025-05-16 11:19:47,-13727.2,-8098.25,
PRODUCT_03185,COMP_0169,LINEOFCREDIT_03,lineofcredit,Caixabank Empresas,caixa_emp,EUR,2025-05-21 08:36:17,-300000,33342.18,333342.18
PRODUCT_03187,COMP_0391,LOAN_01,loan,Caja Rural De Soria,ruralvia_soria,EUR,2026-03-19 11:23:08,-154724.06,-92972.62,
PRODUCT_03189,COMP_0956,GUARANTEE_03,guarantee,Banco Sabadell Empresas,sabadell_emp,EUR,2026-04-29 11:25:16,-29345.54,-29345.54,
PRODUCT_03198,COMP_0774,LOAN_02,loan,Banco Santander Empresas,santander_emp,EUR,2025-03-18 12:10:49,-1348588.23,-674954.75,
PRODUCT_03199,COMP_0919,CONFIRMING_08,confirming,Banco Santander Empresas,santander_emp,EUR,2025-11-03 10:37:28,-1250000,0,1250000
PRODUCT_03202,COMP_0673,LOAN_02,loan,Caixabank Empresas,caixa_emp,EUR,2026-03-03 10:31:01,-50000,-23011.13,
PRODUCT_03211,COMP_0653,LOAN_49,loan,Other (customer-defined),custom,EUR,2025-08-28 08:08:38,-150000,0,
PRODUCT_03213,COMP_1038,LEASING_03,leasing,Banco Santander Empresas,santander_emp,EUR,2026-01-11 11:53:42,-208500,-177250.13,
PRODUCT_03214,COMP_1150,LOAN_05,loan,Banco Sabadell Empresas,sabadell_emp,EUR,2025-02-10 12:03:26,-221708.14,0,
PRODUCT_03220,COMP_0047,LOAN_07,loan,Caixabank Empresas,caixa_emp,EUR,2025-09-09 12:14:57,-2660000,-2280000,
PRODUCT_03222,COMP_1191,CONFIRMING_02,confirming,Banco Santander,santander_emp,EUR,2024-07-01 11:58:02,-1010000,0,476689.93
PRODUCT_03224,COMP_0505,LOAN_02,loan,Banco Santander Empresas,santander_emp,EUR,2026-07-13 06:12:55,-1000000,-168616.45,
PRODUCT_03242,COMP_0664,LOAN_03,loan,Banco Sabadell Empresas,sabadell_emp,EUR,2026-03-13 10:50:35,-314442.6,-295634.6,
PRODUCT_03243,COMP_0653,LOAN_50,loan,Other (customer-defined),custom,EUR,2025-08-27 14:06:29,-100000,0,
PRODUCT_03247,COMP_0816,LOAN_07,loan,Caixabank,caixa_emp,EUR,2023-06-19 14:04:54,-1703386.79,-1255293.62,223.52
PRODUCT_03253,COMP_0965,LEASING_05,leasing,Caixabank Empresas,caixa_emp,EUR,2026-06-17 15:16:21,-3637097.97,-3532272.62,
PRODUCT_03254,COMP_0919,CONFIRMING_09,confirming,Banco Santander Empresas,santander_emp,EUR,2025-11-03 10:37:28,-1250000,-140162.67,1109837.33
PRODUCT_03255,COMP_0351,LINEOFCREDIT_02,lineofcredit,Banco Santander Empresas,santander_emp,EUR,2026-07-07 10:35:37,-1406458.31,-1406458.31,
PRODUCT_03256,COMP_0289,LOAN_02,loan,Cajaruralaragon,ruralvia_cajaruralaragon,EUR,2025-06-19 15:45:08,-156000,-136836.24,
PRODUCT_03261,COMP_1272,LEASING_01,leasing,Caixabank Empresas,caixa_emp,EUR,2026-03-26 11:48:22,-1678.16,0,
PRODUCT_03273,COMP_1143,LOAN_01,loan,Caixabank Empresas,caixa_emp,EUR,2024-12-27 12:03:47,-106058.74,0,
PRODUCT_03278,COMP_0597,LOAN_06,loan,Laboral Kutxa Empresas,cajalaboral_emp,EUR,2025-11-06 09:44:07,-135801.16,-29640.71,
PRODUCT_03280,COMP_0342,CONFIRMING_01,confirming,Banco Santander Empresas,santander_emp,EUR,2025-06-23 08:14:30,-3000000,0,3000000
PRODUCT_03283,COMP_0664,LINEOFCREDIT_01,lineofcredit,RuralVia Empresas,ruralvia_emp,EUR,2026-03-05 11:23:48,-1000000,-210111.51,789888.49
PRODUCT_03287,COMP_0100,LOAN_02,loan,Banco Santander,santander,EUR,2026-08-18 10:39:21,-3750000,-3750000,
PRODUCT_03288,COMP_1282,LOAN_02,loan,BBVA,bbva_emp,EUR,2024-02-09 09:29:22,-765003.15,0,223.52
PRODUCT_03293,COMP_0653,LOAN_51,loan,Other (customer-defined),custom,EUR,2025-08-22 09:05:45,-100000,0,
PRODUCT_03294,COMP_0956,GUARANTEE_04,guarantee,Banco Sabadell Empresas,sabadell_emp,EUR,2026-04-29 11:25:16,-27383.75,-27383.75,
PRODUCT_03295,COMP_0686,RENTING_05,renting,Banco Santander Empresas,santander_emp,EUR,2024-09-05 14:55:40,-340.56,0,
PRODUCT_03296,COMP_0523,LOAN_02,loan,HSBC Corporate EU,hsbccorporate_eu,EUR,2026-05-06 09:34:06,-1000000,0,
PRODUCT_03302,COMP_0956,GUARANTEE_05,guarantee,Banco Sabadell Empresas,sabadell_emp,EUR,2026-04-29 11:25:16,-5506,-5506,
PRODUCT_03305,COMP_0696,LINEOFCREDIT_04,lineofcredit,BBVA,bbva_emp,EUR,2024-06-17 14:17:05,-3500000,-1687980.53,1812019.47
PRODUCT_03316,COMP_0969,LOAN_01,loan,Banco Sabadell,sabadell_emp,EUR,2024-06-27 08:04:59,-300000,-6497.57,
PRODUCT_03321,COMP_1038,LOAN_04,loan,Abanca Empresas,abanca_emp,EUR,2025-09-09 11:43:52,-169000,0,
PRODUCT_03329,COMP_1091,MORTGAGE_02,mortgage,Banco Santander Empresas,santander_emp,EUR,2025-03-17 12:06:38,-2000000,-710766.05,
PRODUCT_03337,COMP_1279,LOAN_03,loan,BBVA,bbva_emp,EUR,2024-03-11 11:08:52,-135639.09,0,223.52
PRODUCT_03342,COMP_1039,LOAN_01,loan,BBVA Net Cash Empresas,bbva_emp,EUR,2026-01-22 10:13:30,-50000,0,50000
PRODUCT_03348,COMP_0511,LOAN_04,loan,Bankinter Empresas,bankinter_emp,EUR,2026-05-25 15:45:31,-716000,-716000,
PRODUCT_03355,COMP_0411,LOAN_01,loan,Caixabank,caixa_emp,EUR,2023-06-19 13:15:40,-512896.6,-375534.6,223.52
PRODUCT_03363,COMP_0597,LOAN_07,loan,Caja Rural De Navarra,ruralvia_navarra,EUR,2025-11-06 10:09:57,-1500000,-1385599.6,
PRODUCT_03364,COMP_1038,GUARANTEE_02,guarantee,BBVA Net Cash Empresas,bbva_emp,EUR,2026-03-19 10:36:24,-150000,-72263.15,
PRODUCT_03367,COMP_0653,LOAN_52,loan,Other (customer-defined),custom,EUR,2025-08-27 11:36:19,-20000,0,
PRODUCT_03375,COMP_0519,CONFIRMING_01,confirming,Bankinter,bankinter_emp,EUR,2024-01-08 15:25:14,-0.01,0,0.01
PRODUCT_03384,COMP_0248,LEASING_04,leasing,Caixabank Empresas,caixa_emp,EUR,2025-11-18 11:12:04,-12809.92,-10078.5,
PRODUCT_03387,COMP_0965,LEASING_06,leasing,Caixabank Empresas,caixa_emp,EUR,2026-06-05 11:48:08,-3589731,-3500320.24,
PRODUCT_03389,COMP_0982,CONFIRMING_03,confirming,Banco Santander Empresas,santander_emp,EUR,2025-03-25 10:18:18,-200000,0,200000
PRODUCT_03393,COMP_0919,CONFIRMING_10,confirming,Banco Santander Empresas,santander_emp,EUR,2025-11-03 10:37:28,-1250000,-964680.69,285319.31
PRODUCT_03397,COMP_0340,LOAN_02,loan,Banco Santander,santander_emp,EUR,2023-10-24 13:08:17,-15000000,-8625000,223.52
PRODUCT_03406,COMP_0788,CONFIRMING_02,confirming,Bankinter,bankinter_emp,EUR,2024-04-08 08:16:56,-25000,0,50000
PRODUCT_03412,COMP_1025,GUARANTEE_02,guarantee,Banco Santander Empresas,santander_emp,EUR,2026-09-09 08:33:25,-47731.25,-47731.25,
PRODUCT_03417,COMP_0173,LOAN_03,loan,Banco Santander Empresas,santander_emp,EUR,2025-07-03 11:30:34,-171628,-45767.76,
PRODUCT_03418,COMP_0048,GUARANTEE_01,guarantee,Banco Sabadell Empresas,sabadell_emp,EUR,2026-05-12 14:09:59,-40316.16,-40316.16,
PRODUCT_03423,COMP_0235,LEASING_13,leasing,BNP Paribas - Mabanque,mabanque,EUR,2025-11-10 17:31:44,-51912.22,-29785.7,
PRODUCT_03425,COMP_1038,LOAN_05,loan,BBVA Net Cash Empresas,bbva_emp,EUR,2025-09-09 11:47:00,-95334.43,-30618.76,
PRODUCT_03426,COMP_0653,LOAN_53,loan,Other (customer-defined),custom,EUR,2025-08-22 08:55:31,-17000,0,
PRODUCT_03427,COMP_0444,GUARANTEE_04,guarantee,Bankinter Empresas,bankinter_emp,EUR,2026-07-14 14:42:01,-80000,-80000,
PRODUCT_03431,COMP_0471,LINEOFCREDIT_07,lineofcredit,Banco Sabadell,sabadell_emp,EUR,2024-01-26 08:37:48,-1000000,0,1000000
PRODUCT_03436,COMP_0248,LOAN_12,loan,Bankinter Empresas,bankinter_emp,EUR,2026-04-05 16:13:43,-90000,0,
PRODUCT_03440,COMP_0255,GUARANTEE_03,guarantee,Banco Sabadell Empresas,sabadell_emp,EUR,2026-03-23 15:22:50,-511,-511,
PRODUCT_03441,COMP_0235,LEASING_14,leasing,Caisse d Epargne Hauts de France,caisse-d-epargne-hauts-de-france,EUR,2026-01-20 17:30:05,-56159.71,-34556.04,
PRODUCT_03442,COMP_0087,LOAN_10,loan,Banco Santander Empresas,santander_emp,EUR,2025-07-31 07:58:03,-1800000,0,
PRODUCT_03447,COMP_0101,LOAN_02,loan,Caixabank Empresas,caixa_emp,EUR,2024-12-16 17:17:09,-125344,0,
PRODUCT_03449,COMP_0519,LOAN_05,loan,BBVA,bbva_emp,EUR,2024-04-22 12:45:17,-25000,0,223.52
PRODUCT_03453,COMP_0511,LOAN_05,loan,Bankinter Empresas,bankinter_emp,EUR,2025-04-23 07:31:23,-2225000,-1078125,2225000
PRODUCT_03458,COMP_0721,LOAN_03,loan,Caixabank Empresas,caixa_emp,EUR,2026-02-16 16:07:45,-1715724.83,-1556067.79,
PRODUCT_03461,COMP_0747,LOAN_02,loan,Banco Santander Empresas,santander_emp,EUR,2025-05-22 15:47:15,-204031.81,0,
PRODUCT_03470,COMP_0965,LEASING_07,leasing,Caixabank Empresas,caixa_emp,EUR,2026-06-05 10:57:14,-1419531.02,-1326215.7,
PRODUCT_03473,COMP_0004,LOAN_01,loan,Bankinter Empresas,bankinter_emp,EUR,2026-03-13 11:32:58,-246049.27,-222446.53,
PRODUCT_03474,COMP_0909,GUARANTEE_10,guarantee,Bankinter,bankinter_emp,EUR,2025-01-29 16:32:26,-20000,0,
PRODUCT_03476,COMP_0007,FACTORING_02,factoring,Banco Santander Empresas,santander_emp,USD,2026-05-13 06:25:47,-2000000,0,2000000
PRODUCT_03486,COMP_0825,LOAN_12,loan,BBVA Net Cash Empresas,bbva_emp,EUR,2023-02-16 14:08:51,-19812.29,223.52,223.52
PRODUCT_03487,COMP_1025,FACTORING_01,factoring,Banco Santander Empresas,santander_emp,EUR,2026-01-30 10:39:56,-320000,0,320000
PRODUCT_03494,COMP_0007,RENTING_06,renting,Other (customer-defined),custom,EUR,2026-06-11 07:36:00,-18544.8,-17119.22,
PRODUCT_03497,COMP_0038,LOAN_02,loan,Abanca Empresas,abanca_emp,EUR,2026-05-20 11:43:10,-1711767.59,-1547368.5,
PRODUCT_03498,COMP_0087,LOAN_11,loan,Abanca Empresas,abanca_emp,EUR,2024-10-17 15:51:23,-153664.73,0,
PRODUCT_03504,COMP_0524,LOAN_02,loan,Bankinter Empresas,bankinter_emp,EUR,2026-07-01 18:47:23,-500000,-65004.95,
PRODUCT_03506,COMP_0402,RENTING_02,renting,Caixabank Empresas,caixa_emp,EUR,2025-10-09 08:36:24,-35011.81,-22837.01,
PRODUCT_03509,COMP_0407,LINEOFCREDIT_01,lineofcredit,Banco Sabadell Empresas,sabadell_emp,EUR,2025-10-08 11:17:56,-450000,-438237.11,11762.89
PRODUCT_03511,COMP_0040,LINEOFCREDIT_01,lineofcredit,Banco Sabadell Empresas,sabadell_emp,EUR,2026-03-10 13:40:38,-791453.76,-791453.76,
PRODUCT_03517,COMP_0471,LOAN_02,loan,Banco Santander,santander_emp,EUR,2024-02-27 15:17:58,-4000000,-2600000,223.52
PRODUCT_03518,COMP_0560,LINEOFCREDIT_01,lineofcredit,Caixabank,caixa,EUR,2025-03-03 12:49:06,-1000000,0,1000000
PRODUCT_03528,COMP_0332,MORTGAGE_14,mortgage,Caixabank Empresas,caixa_emp,EUR,2026-02-19 18:08:41,-7016.13,-6759.03,
PRODUCT_03534,COMP_0471,LINEOFCREDIT_08,lineofcredit,Banco Sabadell,sabadell_emp,EUR,2024-01-26 14:44:04,-800000,-685648.69,114351.31
PRODUCT_03538,COMP_0058,LOAN_07,loan,Bankinter Empresas,bankinter_emp,EUR,2026-05-29 10:02:43,-467529.94,-430638.61,
PRODUCT_03542,COMP_0180,LOAN_08,loan,Banco Santander,santander_emp,EUR,2026-01-10 13:41:14,-60599.03,-51511.87,
PRODUCT_03543,COMP_1272,LOAN_05,loan,Banco Santander Empresas,santander_emp,EUR,2026-03-24 11:59:37,-21659.18,0,
PRODUCT_03546,COMP_0168,LINEOFCREDIT_01,lineofcredit,In-house bank,inhousebanking,EUR,2026-07-03 08:38:36,,0,
PRODUCT_03547,COMP_1036,LEASING_09,leasing,Caixabank Empresas,caixa_emp,EUR,2026-08-26 12:40:45,-350000,-155074.73,
PRODUCT_03549,COMP_0087,LOAN_12,loan,Banca March,bancamarch,EUR,2026-07-27 06:02:51,,-43891.43,
PRODUCT_03551,COMP_0743,LOAN_03,loan,BBVA Net Cash Empresas,bbva_emp,EUR,2025-09-26 11:23:19,-400000,-126061.2,
PRODUCT_03557,COMP_0897,LOAN_01,loan,Caixabank Empresas,caixa_emp,EUR,2026-07-09 12:41:49,-96000,-94549.92,
PRODUCT_03561,COMP_0844,LOAN_01,loan,Banco Santander Empresas,santander_emp,EUR,2025-03-20 14:03:33,-44156.22,0,
PRODUCT_03564,COMP_0099,LOAN_03,loan,Other (customer-defined),custom,EUR,2024-02-01 16:35:00,-12519.15,0,223.52
PRODUCT_03566,COMP_0824,CONFIRMING_01,confirming,BBVA Net Cash Empresas,bbva_emp,EUR,2024-06-13 10:46:27,-1500000,-738642.91,761357.09
PRODUCT_03567,COMP_1005,LEASING_01,leasing,Caixabank Empresas,caixa_emp,EUR,2025-06-02 09:59:57,-15762.74,-11372.8,
PRODUCT_03573,COMP_0297,LEASING_03,leasing,Caixabank Empresas,caixa_emp,EUR,2026-04-15 11:06:39,-39915.38,-7522.6,
PRODUCT_03576,COMP_0653,LOAN_54,loan,Other (customer-defined),custom,EUR,2025-08-28 08:06:08,-40000,0,
PRODUCT_03577,COMP_0087,LOAN_13,loan,Banco Santander Empresas,santander_emp,EUR,2025-04-22 09:22:43,-232000,0,
PRODUCT_03581,COMP_0248,GUARANTEE_03,guarantee,Banco Santander Empresas,santander_emp,EUR,2025-11-06 08:19:09,,-14250,
PRODUCT_03584,COMP_0802,LOAN_02,loan,Cajamar,cajamar,EUR,2025-10-21 09:41:49,-175000,0,
PRODUCT_03585,COMP_1086,LOAN_02,loan,Banco Sabadell,sabadell_emp,EUR,2023-10-30 11:38:24,-15000,223.52,223.52
PRODUCT_03589,COMP_0248,LEASING_05,leasing,Banco Santander Empresas,santander_emp,EUR,2025-11-13 13:03:43,-11776.86,-3825.07,
PRODUCT_03590,COMP_1024,CONFIRMING_02,confirming,Caixabank Empresas,caixa_emp,EUR,2025-10-15 13:21:56,,-81851.32,
PRODUCT_03598,COMP_0181,LOAN_01,loan,Banco Sabadell Empresas,sabadell_emp,EUR,2026-09-14 14:01:34,-5300000,-5300000,
PRODUCT_03599,COMP_1053,LINEOFCREDIT_07,lineofcredit,Banco Santander Empresas,santander_emp,EUR,2026-07-08 10:45:28,-80000,0,80000
PRODUCT_03601,COMP_1038,CONFIRMING_01,confirming,Banco Santander Empresas,santander_emp,EUR,2025-09-09 11:29:48,-10000000,0,10000000
PRODUCT_03606,COMP_1066,CONFIRMING_01,confirming,Banco Santander Empresas,santander_emp,EUR,2025-10-03 11:15:14,-250000,0,250000
PRODUCT_03610,COMP_0505,CONFIRMING_03,confirming,RuralVia,ruralvia,EUR,2026-07-13 06:00:36,-750000,-715728,34272
PRODUCT_03615,COMP_1038,LINEOFCREDIT_01,lineofcredit,Banco Santander Empresas,santander_emp,EUR,2025-09-09 11:29:48,,0,
PRODUCT_03619,COMP_0965,LEASING_08,leasing,Banco Santander Empresas,santander_emp,EUR,2026-06-15 11:17:42,-396644.36,-337463.14,
PRODUCT_03621,COMP_1286,LOAN_01,loan,BBVA Net Cash Empresas,bbva_emp,EUR,2024-11-20 14:50:01,-2100000,-1729616.61,
PRODUCT_03623,COMP_0180,LOAN_09,loan,Caixabank,caixa_emp,EUR,2024-02-16 10:50:15,-9244.18,0,
PRODUCT_03626,COMP_0770,LOAN_02,loan,BBVA Net Cash Empresas,bbva_emp,EUR,2025-07-11 15:11:16,-84000,-66766.07,
PRODUCT_03631,COMP_1169,LINEOFCREDIT_03,lineofcredit,Bankinter Empresas,bankinter_emp,EUR,2026-03-18 10:40:50,-4000000,0,4000000
PRODUCT_03636,COMP_0919,CONFIRMING_11,confirming,Caixabank Empresas,caixa_emp,EUR,2025-11-03 10:43:56,,-674125.8,
PRODUCT_03638,COMP_0123,LOAN_01,loan,Caixabank,caixa_emp,EUR,2025-06-10 13:22:56,-164498.66,0,
PRODUCT_03643,COMP_0004,CONFIRMING_03,confirming,Banco Santander Empresas,santander_emp,EUR,2026-02-25 09:39:18,-200000,0,200000
PRODUCT_03645,COMP_0286,LOAN_01,loan,BBVA Net Cash Empresas,bbva_emp,EUR,2026-04-28 15:20:12,-100000,-36475.39,
PRODUCT_03647,COMP_0009,LOAN_01,loan,BBVA Net Cash Empresas,bbva_emp,EUR,2025-10-01 16:04:43,-38791666.68,-13500000,
PRODUCT_03655,COMP_0519,LINEOFCREDIT_03,lineofcredit,Banco Santander,santander_emp,EUR,2024-01-08 15:40:33,-260000,-253866.35,6133.65
PRODUCT_03658,COMP_0071,LINEOFCREDIT_02,lineofcredit,BBVA Net Cash Empresas,bbva_emp,EUR,2025-02-05 12:15:28,,-250000,
PRODUCT_03665,COMP_1225,LOAN_02,loan,BBVA Net Cash Empresas,bbva_emp,EUR,2026-07-07 11:43:13,-20000000,-19786045.65,
PRODUCT_03667,COMP_0411,LINEOFCREDIT_01,lineofcredit,Volkswagen Financial Services,volkswagenbank,EUR,2023-06-13 07:49:06,-150000,-140759,223.52
PRODUCT_03668,COMP_0803,LOAN_16,loan,Bankinter,bankinter_emp,EUR,2024-07-02 10:03:40,-108336,0,
PRODUCT_03672,COMP_0596,LOAN_02,loan,Caixabank Empresas,caixa_emp,EUR,2024-12-23 07:56:36,-700000,-547435.88,
PRODUCT_03673,COMP_1284,MORTGAGE_07,mortgage,Caixabank Empresas,caixa_emp,EUR,2026-03-19 16:51:49,-88571.94,-85554.56,
PRODUCT_03684,COMP_0271,LINEOFCREDIT_05,lineofcredit,iberCaja,ibercaja,EUR,2026-04-13 14:36:55,-500000,-387742.66,112257.34
PRODUCT_03686,COMP_0993,LINEOFCREDIT_01,lineofcredit,BBVA Net Cash Empresas,bbva_emp,EUR,2025-10-21 09:10:21,-175000,108660.32,283660.32
PRODUCT_03688,COMP_0956,GUARANTEE_06,guarantee,Banco Sabadell Empresas,sabadell_emp,EUR,2026-04-29 11:25:16,-5506,-5506,
PRODUCT_03690,COMP_1039,LINEOFCREDIT_01,lineofcredit,Banco Sabadell Empresas,sabadell_emp,EUR,2026-02-09 09:58:05,-80000,-52077.29,27922.71
PRODUCT_03692,COMP_0635,CONFIRMING_01,confirming,Banco Santander Empresas,santander_emp,EUR,2025-10-06 15:22:31,-150000,-142578.42,7421.58
PRODUCT_03693,COMP_1272,LINEOFCREDIT_03,lineofcredit,BBVA Net Cash Empresas,bbva_emp,EUR,2026-05-14 15:35:22,-225000,-145629.84,79370.16
PRODUCT_03695,COMP_0969,LOAN_02,loan,Caixabank,caixa_emp,EUR,2023-06-19 13:09:14,-238024.92,-119551.13,223.52
PRODUCT_03698,COMP_0982,LINEOFCREDIT_02,lineofcredit,Caixabank Empresas,caixa_emp,EUR,2025-03-25 10:07:20,-250000,-100882.67,149117.33
PRODUCT_03702,COMP_0798,LEASING_04,leasing,Bankinter Empresas,bankinter_emp,EUR,2025-12-03 12:45:11,-37501.96,-25310.6,
PRODUCT_03708,COMP_1169,GUARANTEE_01,guarantee,BBVA Net Cash Empresas,bbva_emp,EUR,2025-11-06 10:52:43,-900000,-14611.45,
PRODUCT_03709,COMP_0965,LEASING_09,leasing,BBVA Net Cash Empresas,bbva_emp,EUR,2026-06-05 11:06:22,-187853.99,-125309.95,
PRODUCT_03710,COMP_1275,LOAN_01,loan,Abanca Empresas,abanca_emp,EUR,2025-10-09 13:41:02,-127837.39,0,
PRODUCT_03712,COMP_1070,LINEOFCREDIT_02,lineofcredit,Banco Santander Empresas,santander_emp,EUR,2025-04-01 11:29:54,,-801.07,
PRODUCT_03713,COMP_0332,MORTGAGE_15,mortgage,Caixabank Empresas,caixa_emp,EUR,2026-02-19 18:12:07,-6962.93,-6707.79,
PRODUCT_03714,COMP_0235,LEASING_15,leasing,Caisse d Epargne Hauts de France,caisse-d-epargne-hauts-de-france,EUR,2026-01-20 17:14:36,-56159.71,-32677.46,
PRODUCT_03715,COMP_0802,LOAN_03,loan,Caixabank Empresas,caixa_emp,EUR,2025-10-21 09:26:23,-1020000,0,
PRODUCT_03721,COMP_1169,LEASING_03,leasing,BBVA Net Cash Empresas,bbva_emp,EUR,2025-11-13 10:13:36,-17704.47,-7198.28,
PRODUCT_03724,COMP_0415,GUARANTEE_03,guarantee,Banco Santander Empresas,santander_emp,EUR,2026-06-09 07:53:36,,-214090,
PRODUCT_03725,COMP_0982,LOAN_02,loan,Banco Santander Empresas,santander_emp,EUR,2025-03-25 10:18:18,-1500000,0,
PRODUCT_03726,COMP_1268,LINEOFCREDIT_02,lineofcredit,Bankinter Empresas,bankinter_emp,EUR,2026-04-29 11:39:10,-121989.53,-121989.53,378010.47
PRODUCT_03727,COMP_0235,LEASING_16,leasing,BNP Paribas - Mabanque,mabanque,EUR,2025-11-10 17:32:52,-51912.22,-29785.7,
PRODUCT_03735,COMP_0630,LOAN_02,loan,Caja Rural de Almendralejo,cajaalmendralejo,EUR,2026-02-13 10:41:17,-3999999.84,0,
PRODUCT_03738,COMP_0909,LINEOFCREDIT_06,lineofcredit,Banco Sabadell Empresas,sabadell_emp,EUR,2025-02-04 15:20:48,-7000000,-2207981.59,4792018.41
PRODUCT_03739,COMP_1284,MORTGAGE_08,mortgage,Caixabank Empresas,caixa_emp,EUR,2026-02-19 16:39:34,-8014.81,0,
PRODUCT_03745,COMP_0248,LOAN_13,loan,Bankinter Empresas,bankinter_emp,EUR,2026-08-17 11:55:38,-70000,-46666.66,
PRODUCT_03748,COMP_0825,LOAN_13,loan,BBVA Net Cash Empresas,bbva_emp,EUR,2023-05-08 07:20:56,-200000,223.52,223.52
PRODUCT_03755,COMP_1036,CONFIRMING_03,confirming,Banco Santander Empresas,santander_emp,EUR,2026-07-13 10:26:13,-500000,0,500000
PRODUCT_03760,COMP_0898,LINEOFCREDIT_01,lineofcredit,BBVA Net Cash Empresas,bbva_emp,EUR,2026-03-05 10:58:46,-400000,-166559.79,233440.21
PRODUCT_03763,COMP_0281,LINEOFCREDIT_01,lineofcredit,Banco Santander Empresas,santander_emp,EUR,2025-10-06 15:22:31,-21350000,21042166.38,42392166.38
PRODUCT_03767,COMP_1272,LOAN_06,loan,Abanca Empresas,abanca_emp,EUR,2026-05-18 17:23:53,-30121.07,0,
PRODUCT_03770,COMP_0402,RENTING_03,renting,Caixabank Empresas,caixa_emp,EUR,2025-10-10 09:46:03,-67380.84,-14606.66,
PRODUCT_03779,COMP_0477,LINEOFCREDIT_01,lineofcredit,Other (customer-defined),custom,USD,2026-08-24 07:31:03,-4000000,32906.27,4032906.27
PRODUCT_03791,COMP_0351,LINEOFCREDIT_03,lineofcredit,Banco Santander Empresas,santander_emp,EUR,2026-07-07 10:35:37,-6600000,-5378016.62,1221983.38
PRODUCT_03796,COMP_0875,LINEOFCREDIT_02,lineofcredit,Banco Sabadell,sabadell_emp,EUR,2024-05-10 09:22:49,-75000,390318.86,465318.86
PRODUCT_03805,COMP_0128,CONFIRMING_01,confirming,Caixabank Empresas,caixa_emp,EUR,2025-03-18 15:47:10,-30000,0,30000
PRODUCT_03813,COMP_0928,LINEOFCREDIT_02,lineofcredit,Bankinter Empresas,bankinter_emp,EUR,2025-07-29 11:35:41,-350000,-283931.5,66068.5
PRODUCT_03814,COMP_1267,LEASING_02,leasing,Caixabank Empresas,caixa_emp,EUR,2025-11-14 06:59:39,-23824.56,-16373.22,
PRODUCT_03822,COMP_0058,CONFIRMING_05,confirming,Banco Santander Empresas,santander_emp,EUR,2026-04-13 15:57:08,-3500000,-1365967.51,2134032.49
PRODUCT_03835,COMP_0007,FACTORING_03,factoring,Banco Santander Empresas,santander_emp,EUR,2026-03-10 15:44:41,-9000000,0,9000000
PRODUCT_03842,COMP_0965,LEASING_10,leasing,BBVA Net Cash Empresas,bbva_emp,EUR,2026-06-05 11:00:17,-301625.1,-150972.01,
PRODUCT_03843,COMP_0074,LOAN_02,loan,BBVA Net Cash Empresas,bbva_emp,EUR,2025-03-28 09:15:25,-933285.43,-392443.16,
PRODUCT_03851,COMP_0023,LINEOFCREDIT_02,lineofcredit,In-house bank,inhousebanking,EUR,2026-08-26 13:08:15,,0,
PRODUCT_03857,COMP_0531,LINEOFCREDIT_01,lineofcredit,Bankinter,bankinter_emp,EUR,2023-07-12 14:55:14,-300000,1486.96,301486.96
PRODUCT_03859,COMP_0203,GUARANTEE_03,guarantee,BBVA,bbva_emp,EUR,2023-09-14 10:02:14,-5169.6,-5169.6,223.52
PRODUCT_03862,COMP_0793,LINEOFCREDIT_02,lineofcredit,Banco Santander Empresas,santander_emp,EUR,2026-05-14 08:31:47,-200000,-196324.88,3675.12
PRODUCT_03865,COMP_0683,LINEOFCREDIT_03,lineofcredit,Banco Sabadell Empresas,sabadell_emp,EUR,2026-03-18 14:45:03,-1000000,-303384.03,696615.97
PRODUCT_03866,COMP_1282,LINEOFCREDIT_02,lineofcredit,BBVA,bbva_emp,EUR,2026-06-23 06:11:27,-300000,-103.43,299896.57
PRODUCT_03868,COMP_0576,LOAN_01,loan,Banco Santander Empresas,santander_emp,EUR,2026-06-30 07:07:24,-500000,-461318.24,
PRODUCT_03870,COMP_0047,LOAN_08,loan,BBVA Net Cash Empresas,bbva_emp,EUR,2025-09-09 12:41:52,-1950.09,0,
PRODUCT_03871,COMP_0825,LOAN_14,loan,Banco Santander Empresas,santander_emp,EUR,2023-02-16 13:42:39,-325000,223.52,223.52
PRODUCT_03875,COMP_0540,LINEOFCREDIT_01,lineofcredit,BBVA Net Cash Empresas,bbva_emp,EUR,2026-03-17 17:19:34,-98000,914.01,98914.01
PRODUCT_03882,COMP_0928,LOAN_03,loan,Banco Sabadell Empresas,sabadell_emp,EUR,2025-09-25 14:17:43,-455565.1,-301014.25,
PRODUCT_03885,COMP_0519,LINEOFCREDIT_04,lineofcredit,Bankinter,bankinter_emp,EUR,2024-01-08 15:25:14,-100000,-68589.47,31410.53
PRODUCT_03886,COMP_0956,GUARANTEE_07,guarantee,Banco Sabadell Empresas,sabadell_emp,EUR,2026-04-29 11:25:16,-5506,-5506,
PRODUCT_03888,COMP_0004,CONFIRMING_04,confirming,Laboral Kutxa Empresas,cajalaboral_emp,EUR,2026-02-25 15:54:51,-200000,-132843.48,67156.52
PRODUCT_03897,COMP_0988,LOAN_08,loan,Banco Santander Empresas,santander_emp,EUR,2026-03-16 13:12:03,-1140000,-760000,
PRODUCT_03910,COMP_0511,FACTORING_03,factoring,Bankinter Empresas,bankinter_emp,EUR,2025-12-11 15:06:59,-716000,-537000,179000
PRODUCT_03922,COMP_1194,LOAN_01,loan,Banca Popolare di Sondrio,popolaresondrio_it,EUR,2026-01-19 13:02:03,-300000,-177358.84,
PRODUCT_03929,COMP_0200,LOAN_01,loan,Bankinter Empresas,bankinter_emp,EUR,2025-11-25 10:19:40,-40809.66,-29174.75,
PRODUCT_03934,COMP_0653,LOAN_55,loan,Other (customer-defined),custom,EUR,2025-08-27 11:34:45,-600000,0,
PRODUCT_03935,COMP_0065,CONFIRMING_04,confirming,Banco Santander,santander_emp,EUR,2024-07-01 11:58:02,-50000,0,50000
PRODUCT_03943,COMP_0087,LOAN_14,loan,Bankinter Empresas,bankinter_emp,EUR,2024-10-18 11:23:28,-1500000,0,
PRODUCT_03947,COMP_0597,LOAN_08,loan,Caixabank Empresas,caixa_emp,EUR,2025-11-06 13:39:28,-89070.62,-71590.93,
PRODUCT_03948,COMP_0524,LOAN_03,loan,BBVA Net Cash Empresas,bbva_emp,EUR,2026-07-01 11:14:01,-1000000,-264060.03,
PRODUCT_03949,COMP_0803,LOAN_17,loan,Caixabank,caixa_emp,EUR,2023-10-23 10:50:50,-230882.43,0,223.52
PRODUCT_03951,COMP_0604,CONFIRMING_01,confirming,Cajamar,cajamar,EUR,2025-06-26 14:14:19,-3000000,-2999993.39,6.61
PRODUCT_03952,COMP_0769,LOAN_03,loan,Banca March,bancamarch,EUR,2026-07-13 15:01:42,-2387303.91,-1173579.46,
PRODUCT_03953,COMP_0567,LOAN_02,loan,Caixabank Empresas,caixa_emp,EUR,2025-07-09 10:32:16,-150000,-3370.73,
PRODUCT_03955,COMP_0850,LOAN_01,loan,Banco Santander Empresas,santander_emp,EUR,2026-07-13 18:09:07,-298000,-85418.79,
PRODUCT_03970,COMP_0013,LOAN_01,loan,Caixabank Empresas,caixa_emp,EUR,2026-03-03 10:28:10,-50000,-29612.12,
PRODUCT_03975,COMP_0446,LINEOFCREDIT_02,lineofcredit,Caixabank Empresas,caixa_emp,EUR,2025-12-16 13:30:29,-150000,0,150000
PRODUCT_03979,COMP_0825,LINEOFCREDIT_02,lineofcredit,Caixabank,caixa_emp,EUR,2023-05-09 09:15:10,-250000,-228530.99,21469.01
PRODUCT_03986,COMP_1171,CONFIRMING_06,confirming,Banco Santander,santander_emp,EUR,2024-07-01 11:58:03,-1010000,0,476689.93
PRODUCT_03991,COMP_0745,LOAN_05,loan,Banco Sabadell Empresas,sabadell_emp,EUR,2026-03-13 10:46:04,-314736.88,-295775.69,
PRODUCT_03993,COMP_0004,GUARANTEE_01,guarantee,Bankinter Empresas,bankinter_emp,EUR,2026-08-03 10:14:34,-229304.38,-70695.62,
PRODUCT_03998,COMP_0007,LOAN_12,loan,Unicaja Empresas,unicaja_emp,EUR,2026-03-19 16:07:59,-300000,-243730.06,
PRODUCT_03999,COMP_0524,LOAN_04,loan,BBVA Net Cash Empresas,bbva_emp,USD,2026-07-22 18:56:01,-300000,-274115.43,
PRODUCT_04003,COMP_0909,CONFIRMING_05,confirming,Caixabank,caixa_emp,EUR,2025-02-05 09:05:27,-2000000,0,2000000
PRODUCT_04005,COMP_1267,LOAN_08,loan,Caixabank Empresas,caixa_emp,EUR,2026-06-01 08:47:18,-35720.1,-34036.71,
PRODUCT_04009,COMP_1169,LINEOFCREDIT_04,lineofcredit,Banco Santander Empresas,santander_emp,EUR,2025-12-10 07:13:58,-200000,-113999.53,86000.47
PRODUCT_04010,COMP_0909,GUARANTEE_11,guarantee,Banco Santander,santander_emp,EUR,2024-04-04 08:40:31,0,-1803.04,
PRODUCT_04014,COMP_0058,LEASING_04,leasing,Banco Santander Empresas,santander_emp,EUR,2026-05-20 15:33:40,-797486.18,-650655.58,
PRODUCT_04024,COMP_1185,LINEOFCREDIT_01,lineofcredit,Banco Sabadell,sabadell_emp,EUR,2024-05-21 13:46:18,-0.02,0,0.02
PRODUCT_04029,COMP_0970,CONFIRMING_01,confirming,BBVA Net Cash Empresas,bbva_emp,EUR,2026-06-10 10:42:54,-200000,0,200000
PRODUCT_04042,COMP_0007,LINEOFCREDIT_02,lineofcredit,Caja de Ingenieros,cajaingenieros,EUR,2026-03-18 09:46:32,-350000,-1.2,349998.8
PRODUCT_04046,COMP_1068,GUARANTEE_01,guarantee,Unicaja Empresas,unicaja_emp,EUR,2026-02-05 15:50:13,-5000,-2113.69,
PRODUCT_04050,COMP_1053,CONFIRMING_02,confirming,Bankinter Empresas,bankinter_emp,EUR,2026-07-06 14:24:11,-3200000,-2803550.3,396449.7
PRODUCT_04055,COMP_0825,LOAN_15,loan,BBVA Net Cash Empresas,bbva_emp,EUR,2023-05-08 07:20:56,-250000,223.52,223.52
PRODUCT_04056,COMP_0248,LEASING_06,leasing,Caixabank Empresas,caixa_emp,EUR,2025-11-13 13:30:56,-27276.25,-22257.2,
PRODUCT_04059,COMP_0047,CONFIRMING_01,confirming,Caixabank Empresas,caixa_emp,EUR,2025-09-09 12:14:57,,0,
PRODUCT_04060,COMP_0220,LINEOFCREDIT_02,lineofcredit,Caixabank Empresas,caixa_emp,EUR,2025-12-11 09:05:39,-500000,-321292,178708
PRODUCT_04061,COMP_1169,LOAN_12,loan,Banco Santander Empresas,santander_emp,EUR,2026-07-21 07:33:01,-160800,-107347.13,
PRODUCT_04064,COMP_0788,LOAN_02,loan,Other (customer-defined),custom,EUR,2024-04-04 10:28:05,-300000,-118693.6,223.52
PRODUCT_04070,COMP_1037,GUARANTEE_02,guarantee,Caixabank Empresas,caixa_emp,EUR,2026-02-24 10:40:14,-50000,-12100,16666.66
PRODUCT_04071,COMP_0686,CONFIRMING_03,confirming,Banco Santander,santander_emp,EUR,2024-07-01 11:58:04,-1010000,0,476689.93
PRODUCT_04077,COMP_0351,LOAN_02,loan,Banco Santander Empresas,santander_emp,EUR,2026-07-07 10:35:37,-1000000,-350000.26,
PRODUCT_04081,COMP_0597,LINEOFCREDIT_03,lineofcredit,Caixabank Empresas,caixa_emp,EUR,2025-10-30 08:48:52,-1500000,-1131723.47,368276.53
PRODUCT_04082,COMP_1279,LOAN_04,loan,Bankinter,bankinter_emp,EUR,2024-03-11 11:53:30,-156038.95,-97901.83,223.52
PRODUCT_04087,COMP_0877,CONFIRMING_01,confirming,Unicaja Empresas,unicaja_emp,EUR,2026-02-11 08:36:57,-300000,-260196.4,39803.6
PRODUCT_04092,COMP_0505,CONFIRMING_04,confirming,Laboral Kutxa Empresas,cajalaboral_emp,EUR,2026-07-13 06:08:50,,-170910.82,
PRODUCT_04093,COMP_0415,GUARANTEE_04,guarantee,Banco Santander Empresas,santander_emp,EUR,2026-06-09 07:53:36,,-1188350.75,
PRODUCT_04096,COMP_0935,CONFIRMING_01,confirming,Caixabank Empresas,caixa_emp,EUR,2026-08-14 09:22:40,-1500000,-500044.97,999955.03
PRODUCT_04097,COMP_1249,LOAN_03,loan,Banca March,bancamarch,EUR,2025-05-16 10:59:01,-437569.62,-404943.39,
PRODUCT_04101,COMP_0326,LINEOFCREDIT_02,lineofcredit,Caixabank Empresas,caixa_emp,EUR,2025-09-09 11:57:40,-750000,-298179.03,451820.97
PRODUCT_04102,COMP_1284,MORTGAGE_09,mortgage,Caixabank Empresas,caixa_emp,EUR,2026-02-19 16:33:21,-53170.3,-50940.26,
PRODUCT_04103,COMP_0047,LOAN_09,loan,Banco Santander Empresas,santander_emp,EUR,2025-09-24 10:14:49,-200000,0,
PRODUCT_04105,COMP_0007,CONFIRMING_01,confirming,Abanca Empresas,abanca_emp,EUR,2026-03-26 11:36:42,-250000,-59190.56,154783.65
PRODUCT_04107,COMP_0058,LOAN_08,loan,Bankinter Empresas,bankinter_emp,EUR,2026-05-29 09:37:00,-21140.99,0,
PRODUCT_04110,COMP_1225,LOAN_03,loan,BBVA Net Cash Empresas,bbva_emp,EUR,2026-07-07 11:45:25,-4999999.99,-3957209.12,
PRODUCT_04114,COMP_1169,LEASING_04,leasing,BBVA Net Cash Empresas,bbva_emp,EUR,2025-11-13 07:39:21,-11777,-4073.62,
PRODUCT_04115,COMP_0935,CONFIRMING_02,confirming,Caixabank Empresas,caixa_emp,EUR,2026-08-09 10:56:01,,0,
PRODUCT_04116,COMP_1036,LINEOFCREDIT_01,lineofcredit,Banco Santander Empresas,santander_emp,EUR,2026-07-13 10:26:13,-6000,-2349.64,3650.36
PRODUCT_04117,COMP_0087,LOAN_15,loan,Banco Santander Empresas,santander_emp,EUR,2026-04-29 09:58:54,-5000000,-5000000,
PRODUCT_04122,COMP_0898,LOAN_01,loan,BBVA Net Cash Empresas,bbva_emp,EUR,2026-03-18 11:19:13,-6550000,-5819358.43,
PRODUCT_04137,COMP_0965,LEASING_11,leasing,BBVA Net Cash Empresas,bbva_emp,EUR,2026-06-05 11:17:49,-609806.71,-407052.45,
PRODUCT_04139,COMP_0956,GUARANTEE_08,guarantee,Banco Sabadell Empresas,sabadell_emp,EUR,2026-04-29 11:25:16,-5506,-5506,
PRODUCT_04140,COMP_0909,GUARANTEE_12,guarantee,Bankinter,bankinter_emp,EUR,2025-01-29 16:32:26,-0.01,0,
PRODUCT_04145,COMP_0623,LINEOFCREDIT_03,lineofcredit,iberCaja,ibercaja,EUR,2025-04-29 07:39:20,-400000,-400000,151.47
PRODUCT_04147,COMP_0235,LEASING_17,leasing,BNP Paribas - Mabanque,mabanque,EUR,2025-11-10 17:34:19,-51912.22,-29785.7,
PRODUCT_04148,COMP_0094,LINEOFCREDIT_04,lineofcredit,Abanca,abanca_emp,EUR,2023-11-16 10:03:57,-100000,-65629.02,34370.98
PRODUCT_04149,COMP_0047,LINEOFCREDIT_01,lineofcredit,BBVA Net Cash Empresas,bbva_emp,EUR,2025-09-09 12:41:52,,0,
PRODUCT_04159,COMP_0653,LOAN_56,loan,Other (customer-defined),custom,EUR,2025-08-28 08:23:13,-100000,0,
PRODUCT_04163,COMP_0653,LOAN_57,loan,Other (customer-defined),custom,EUR,2025-08-27 15:56:33,-100000,0,
PRODUCT_04169,COMP_1036,LEASING_10,leasing,Banco Sabadell Empresas,sabadell_emp,EUR,2026-08-27 12:39:19,-547000,-474893.43,
PRODUCT_04170,COMP_0321,CONFIRMING_01,confirming,Caixabank Empresas,caixa_emp,EUR,2025-02-17 10:51:08,,-130220.8,
PRODUCT_04171,COMP_0974,LINEOFCREDIT_03,lineofcredit,Banco Santander Empresas,santander_emp,EUR,2026-01-13 09:41:59,-2000,0,2000
PRODUCT_04174,COMP_0745,LOAN_06,loan,RuralVia Empresas,ruralvia_emp,EUR,2026-03-17 08:00:35,-512268.18,-248293.37,
PRODUCT_04176,COMP_0861,LOAN_05,loan,Caixabank Empresas,caixa_emp,EUR,2025-10-15 13:12:52,-320050.18,-172347.33,
PRODUCT_04185,COMP_1261,LOAN_02,loan,Kutxabank Empresas,kutxabank_emp,EUR,2026-05-06 09:53:04,-1000000,-923231.76,
PRODUCT_04187,COMP_0825,LOAN_16,loan,BBVA Net Cash Empresas,bbva_emp,EUR,2023-05-08 07:20:56,-28732.18,223.52,223.52
PRODUCT_04190,COMP_1012,LOAN_04,loan,Caixabank,caixa,EUR,2026-02-08 18:36:38,-115460.14,-58578.4,
PRODUCT_04191,COMP_0228,LOAN_01,loan,Caixabank Empresas,caixa_emp,EUR,2026-07-09 13:01:43,-79000,-77806.71,
PRODUCT_04193,COMP_0465,LINEOFCREDIT_02,lineofcredit,In-house bank,inhousebanking,EUR,2026-07-01 11:11:01,-80000,80000,160000
PRODUCT_04197,COMP_0524,LOAN_05,loan,BBVA Net Cash Empresas,bbva_emp,EUR,2026-07-02 12:30:22,-500000,-500000,
PRODUCT_04198,COMP_0332,MORTGAGE_16,mortgage,Caixabank Empresas,caixa_emp,EUR,2026-02-19 17:44:55,-6962.93,-6707.79,
PRODUCT_04199,COMP_0020,LINEOFCREDIT_01,lineofcredit,Caixabank Empresas,caixa_emp,EUR,2026-04-28 15:10:57,-5000000,2261044.91,7261044.91
PRODUCT_04200,COMP_0332,MORTGAGE_17,mortgage,Caixabank Empresas,caixa_emp,EUR,2026-02-19 18:24:48,-201909.49,-194511.16,
PRODUCT_04204,COMP_0825,LINEOFCREDIT_03,lineofcredit,BBVA Net Cash Empresas,bbva_emp,EUR,2023-03-14 11:39:05,-200000,223.52,223.52
PRODUCT_04205,COMP_0235,LEASING_18,leasing,Caisse d Epargne Hauts de France,caisse-d-epargne-hauts-de-france,EUR,2026-01-20 16:55:24,-56159.71,-33616.75,
PRODUCT_04209,COMP_0269,LOAN_01,loan,BANCO SANTANDER TOTTA SA,banco-santander-totta-sa,EUR,2025-01-21 15:18:32,-10000,-10000,
PRODUCT_04211,COMP_0371,LOAN_01,loan,BNP Paribas - Mabanque Corporate,mabanque-corporate,EUR,2026-05-06 09:12:22,-20000000,-20000000,
PRODUCT_04215,COMP_0150,GUARANTEE_01,guarantee,Caixabank Empresas,caixa_emp,EUR,2026-07-10 06:36:50,-100000,-43736.35,100000
PRODUCT_04218,COMP_0058,LEASING_05,leasing,Cajamar,cajamar,EUR,2026-06-05 10:57:46,-1235500,-1235500,
PRODUCT_04221,COMP_0623,LOAN_09,loan,Banco Santander Empresas,santander_emp,EUR,2025-04-25 07:47:24,-204681.07,0,
PRODUCT_04223,COMP_0203,LOAN_03,loan,Abanca Empresas,abanca_emp,EUR,2026-08-06 12:12:35,-1000000,-989457.91,
PRODUCT_04233,COMP_0909,GUARANTEE_13,guarantee,Banco Sabadell Empresas,sabadell_emp,EUR,2025-02-04 15:20:48,-3500000,0,
PRODUCT_04234,COMP_0861,LOAN_06,loan,Other (customer-defined),custom,EUR,2025-11-17 15:35:37,-799480,-599610,
PRODUCT_04236,COMP_1258,LINEOFCREDIT_01,lineofcredit,Banco Santander Empresas,santander_emp,EUR,2026-03-30 07:00:36,,0,
PRODUCT_04237,COMP_0861,LOAN_07,loan,BBVA Net Cash Empresas,bbva_emp,EUR,2025-10-21 09:10:21,-600000,-600000,
PRODUCT_04241,COMP_1038,LEASING_04,leasing,Abanca Empresas,abanca_emp,EUR,2025-11-16 12:12:51,-104250,-86793.12,
PRODUCT_04242,COMP_0065,CONFIRMING_05,confirming,Banco Santander,santander_emp,EUR,2024-07-01 11:58:02,-1010000,0,476689.93
PRODUCT_04246,COMP_1049,LINEOFCREDIT_04,lineofcredit,Banco Santander Empresas,santander_emp,EUR,2026-03-18 11:48:22,,0,
PRODUCT_04257,COMP_0855,FACTORING_01,factoring,BBVA Net Cash Empresas,bbva_emp,EUR,2026-08-19 10:11:10,-1200000,-426042.26,773957.74
PRODUCT_04270,COMP_1106,CONFIRMING_02,confirming,BBVA Net Cash Empresas,bbva_emp,EUR,2026-06-09 11:03:54,-100000,-65000,35000
PRODUCT_04275,COMP_0203,LOAN_04,loan,Banco Santander,santander_emp,EUR,2026-05-13 10:28:03,-40685.98,-10196.92,
PRODUCT_04276,COMP_1249,LOAN_04,loan,Caixabank Empresas,caixa_emp,EUR,2025-05-16 11:14:49,-44838.99,-28126.3,
PRODUCT_04279,COMP_0863,LINEOFCREDIT_01,lineofcredit,Banca March,bancamarch,EUR,2026-02-18 12:14:52,-5000000,-3035474.87,1964525.13
PRODUCT_04281,COMP_0653,LOAN_58,loan,Other (customer-defined),custom,EUR,2025-08-21 15:13:11,-30000,0,
PRODUCT_04282,COMP_0745,LOAN_07,loan,Bankinter Empresas,bankinter_emp,EUR,2026-03-13 11:46:43,-433897.1,-415107.88,
PRODUCT_04288,COMP_0664,LOAN_04,loan,Banco Santander Empresas,santander_emp,EUR,2026-03-13 11:01:53,-430000,-240320.26,
PRODUCT_04291,COMP_1129,LINEOFCREDIT_01,lineofcredit,Caixabank Empresas,caixa_emp,EUR,2026-02-18 12:00:06,-400000,-22276.4,377723.6
PRODUCT_04293,COMP_1027,LOAN_01,loan,Eurocaja Rural Empresas,eurocajarural_emp,EUR,2026-09-15 15:24:59,-141000,-67190.62,
PRODUCT_04300,COMP_0928,LINEOFCREDIT_03,lineofcredit,Banco Santander Empresas,santander_emp,EUR,2025-07-29 11:21:40,-150000,-148413.67,1586.33
PRODUCT_04309,COMP_0950,LEASING_04,leasing,Other (customer-defined),custom,EUR,2024-02-08 12:40:59,-10144.59,0,223.52
PRODUCT_04315,COMP_0825,LINEOFCREDIT_04,lineofcredit,Banca March,bancamarch,EUR,2023-05-12 07:24:42,-300000,506.09,300506.09
PRODUCT_04316,COMP_0123,LOAN_02,loan,RuralVia Empresas,ruralvia_emp,EUR,2025-02-28 08:23:10,-182739.48,0,
PRODUCT_04322,COMP_1070,LOAN_08,loan,Banco Santander Empresas,santander_emp,EUR,2025-05-06 08:49:58,-60000,0,
PRODUCT_04324,COMP_0332,MORTGAGE_18,mortgage,Caixabank Empresas,caixa_emp,EUR,2026-02-19 17:40:20,-7016.13,-6759.03,
PRODUCT_04332,COMP_0326,GUARANTEE_01,guarantee,BBVA Net Cash Empresas,bbva_emp,EUR,2026-03-19 10:36:24,-600000,-349177.98,
PRODUCT_04336,COMP_1036,CONFIRMING_04,confirming,Bankinter Empresas,bankinter_emp,EUR,2026-07-13 10:49:58,-2000000,0,2000000
PRODUCT_04349,COMP_0653,LOAN_59,loan,Other (customer-defined),custom,EUR,2025-10-22 11:50:16,-450000,0,
PRODUCT_04351,COMP_0047,CONFIRMING_02,confirming,Caixabank Empresas,caixa_emp,EUR,2025-09-09 12:14:57,,0,
PRODUCT_04356,COMP_1150,LOAN_06,loan,BBVA Net Cash Empresas,bbva_emp,EUR,2025-02-10 12:07:55,-303441.6,-25688.59,
PRODUCT_04358,COMP_0653,LOAN_60,loan,Other (customer-defined),custom,EUR,2025-08-27 10:08:44,-95000,0,
PRODUCT_04365,COMP_1024,CONFIRMING_03,confirming,Banco Santander Empresas,santander_emp,EUR,2025-10-20 08:40:57,-50000,0,50000
PRODUCT_04366,COMP_0058,LOAN_09,loan,Abanca Empresas,abanca_emp,EUR,2026-05-15 11:35:14,-70883.1,-45257.53,
PRODUCT_04369,COMP_0220,CONFIRMING_06,confirming,Banco Sabadell Empresas,sabadell_emp,EUR,2025-12-11 08:28:55,-240000,-237043.01,2956.99
PRODUCT_04381,COMP_0993,CONFIRMING_02,confirming,Banco Santander Empresas,santander_emp,EUR,2025-10-20 08:40:57,-100000,0,100000
PRODUCT_04383,COMP_0909,LOAN_02,loan,Banca March,bancamarch,EUR,2025-01-28 13:00:30,-1500000,-519381.35,
PRODUCT_04392,COMP_0007,RENTING_07,renting,Other (customer-defined),custom,EUR,2026-03-31 10:52:47,-21764.64,-4715.67,
PRODUCT_04395,COMP_1046,LINEOFCREDIT_01,lineofcredit,Banco Santander Empresas,santander_emp,EUR,2025-02-06 10:21:19,-2000000,1267889.11,3267889.11
PRODUCT_04409,COMP_0944,LEASING_01,leasing,BBVA Net Cash Empresas,bbva_emp,EUR,2026-05-21 09:30:15,-109400,-92939.26,
PRODUCT_04418,COMP_0258,LOAN_03,loan,Caixabank,caixa_emp,EUR,2023-01-18 19:07:10,-154935.41,-101584.54,223.52
PRODUCT_04419,COMP_0094,LOAN_01,loan,BBVA,bbva_emp,EUR,2023-11-16 10:07:19,-25000,-25000,223.52
PRODUCT_04421,COMP_0700,LOAN_01,loan,RuralVia,ruralvia,EUR,2025-05-28 08:37:49,-2818949,-1426651.34,
PRODUCT_04423,COMP_0982,LOAN_03,loan,Caixabank Empresas,caixa_emp,EUR,2025-03-25 10:07:20,-220000,-3831.07,
PRODUCT_04429,COMP_1160,LOAN_01,loan,RuralVia,ruralvia_emp,EUR,2024-03-01 08:56:20,-400000,-169586.12,223.52
PRODUCT_04431,COMP_0387,LINEOFCREDIT_01,lineofcredit,Bankinter Empresas,bankinter_emp,EUR,2025-02-14 10:22:00,,-455089.58,
PRODUCT_04432,COMP_1272,LOAN_07,loan,Banco Santander Empresas,santander_emp,EUR,2026-03-24 11:23:03,-441897,-386657,
PRODUCT_04433,COMP_0007,LINEOFCREDIT_03,lineofcredit,BBVA Net Cash Empresas,bbva_emp,EUR,2026-03-11 07:59:47,-300000,-34.6,299965.4
PRODUCT_04443,COMP_0369,LEASING_01,leasing,Bankinter Empresas,bankinter_emp,EUR,2026-05-22 09:26:41,-67499.27,-54890.98,
PRODUCT_04450,COMP_0365,LOAN_05,loan,Arkea Corporate ABEI,arkea-corporate,EUR,2026-05-05 07:42:08,-17500,0,
PRODUCT_04451,COMP_0653,LOAN_61,loan,Other (customer-defined),custom,EUR,2025-08-27 14:32:50,-100000,0,
PRODUCT_04453,COMP_0965,LEASING_12,leasing,Banco Santander Empresas,santander_emp,EUR,2026-05-28 08:12:26,-4334318.77,-1857086.07,
PRODUCT_04456,COMP_0332,MORTGAGE_19,mortgage,Caixabank Empresas,caixa_emp,EUR,2026-02-19 17:50:57,-8665.38,-8347.88,
PRODUCT_04457,COMP_0466,LOAN_01,loan,BBVA Net Cash Empresas,bbva_emp,EUR,2025-03-14 12:46:49,-100000,0,
PRODUCT_04458,COMP_1284,MORTGAGE_10,mortgage,Caixabank Empresas,caixa_emp,EUR,2026-02-19 16:42:40,-4914.12,-4746.68,
PRODUCT_04464,COMP_0289,LOAN_03,loan,Cajaruralaragon,ruralvia_cajaruralaragon,EUR,2024-10-10 15:02:52,-85000,-53341.67,
PRODUCT_04466,COMP_0248,LOAN_14,loan,Bankinter Empresas,bankinter_emp,EUR,2025-12-03 12:32:04,-48999.99,0,
PRODUCT_04469,COMP_0774,LOAN_03,loan,Banco Santander Empresas,santander_emp,EUR,2025-03-18 12:10:49,-300000,0,
PRODUCT_04470,COMP_0568,LINEOFCREDIT_02,lineofcredit,Bankinter Empresas,bankinter_emp,EUR,2025-06-23 11:50:07,-300000,0,300000
PRODUCT_04473,COMP_0444,CONFIRMING_04,confirming,Banco Santander Empresas,santander_emp,EUR,2026-03-12 11:20:29,-2000000,0,2000000
PRODUCT_04480,COMP_0653,LOAN_62,loan,Other (customer-defined),custom,EUR,2025-08-27 13:31:17,-35000,0,
PRODUCT_04487,COMP_0855,GUARANTEE_02,guarantee,Banco Santander Empresas,santander_emp,MXN,2026-08-19 11:57:46,,-13812212,
PRODUCT_04497,COMP_1169,LEASING_05,leasing,BBVA Net Cash Empresas,bbva_emp,EUR,2025-11-13 10:18:18,-15476.95,-8178.73,
PRODUCT_04498,COMP_0855,GUARANTEE_03,guarantee,BBVA Net Cash Empresas,bbva_emp,EUR,2026-08-19 10:13:59,-600,-600,
PRODUCT_04508,COMP_0138,LOAN_02,loan,BBVA,bbva_emp,EUR,2024-03-11 11:08:53,-56579.28,0,223.52
PRODUCT_04512,COMP_0653,LOAN_63,loan,Other (customer-defined),custom,EUR,2025-08-22 10:29:47,-270000,0,
PRODUCT_04514,COMP_1068,LOAN_02,loan,Banco Sabadell Empresas,sabadell_emp,EUR,2026-02-19 15:50:00,-10000,-1000,
PRODUCT_04515,COMP_0446,LINEOFCREDIT_03,lineofcredit,Banco Santander Empresas,santander_emp,EUR,2025-12-16 13:08:10,-200000,98648.59,298648.59
PRODUCT_04519,COMP_0099,LOAN_04,loan,Caixabank Empresas,caixa_emp,EUR,2023-11-03 11:38:17,-387756.61,0,
PRODUCT_04526,COMP_1225,LOAN_04,loan,BBVA Net Cash Empresas,bbva_emp,EUR,2026-07-07 11:47:42,-5999999.99,-4748650.94,
PRODUCT_04528,COMP_0481,LOAN_01,loan,Alpha Bank,alphabank,EUR,2025-12-22 15:00:59,-216290.22,-101333.39,
PRODUCT_04532,COMP_0047,LOAN_10,loan,Banco Santander Empresas,santander_emp,EUR,2025-09-24 10:14:49,-400000,-76616.68,
PRODUCT_04534,COMP_0474,LINEOFCREDIT_01,lineofcredit,Banco Santander,santander_emp,EUR,2024-05-10 09:49:20,-56500,0,56500
PRODUCT_04536,COMP_0721,LOAN_04,loan,RuralVia Empresas,ruralvia_emp,EUR,2025-03-19 11:33:08,-121311.93,-61019.54,
PRODUCT_04538,COMP_0248,LINEOFCREDIT_02,lineofcredit,Bankinter Empresas,bankinter_emp,EUR,2025-10-31 13:04:35,-100000,-80227.33,19772.67
PRODUCT_04541,COMP_0517,CONFIRMING_01,confirming,BBVA Net Cash Empresas,bbva_emp,EUR,2025-12-18 12:06:44,,0,
PRODUCT_04547,COMP_0079,LOAN_02,loan,Banco Santander Empresas,santander_emp,EUR,2026-02-25 08:20:34,-90920.62,-25330.88,
PRODUCT_04558,COMP_1046,CONFIRMING_01,confirming,Banco Santander Empresas,santander_emp,EUR,2025-06-23 08:14:30,-3000000,0,3000000
PRODUCT_04560,COMP_1267,LOAN_09,loan,Bankinter Empresas,bankinter_emp,EUR,2026-04-30 09:01:20,-24300,0,
PRODUCT_04563,COMP_1191,FACTORING_01,factoring,Banco Santander,santander_emp,EUR,2025-10-22 11:11:28,-800000,-381532.61,418467.39
PRODUCT_04564,COMP_0803,LOAN_18,loan,Bankinter,bankinter_emp,EUR,2024-03-08 08:00:02,-108422,0,223.52
PRODUCT_04567,COMP_0653,LOAN_64,loan,Other (customer-defined),custom,EUR,2025-08-22 09:43:41,-1000000,0,
PRODUCT_04568,COMP_1066,LOAN_05,loan,BBVA Net Cash Empresas,bbva_emp,EUR,2026-03-16 12:41:51,-800000,-386581.81,
PRODUCT_04570,COMP_0957,LINEOFCREDIT_02,lineofcredit,Bankinter Empresas,bankinter_emp,EUR,2026-05-18 11:48:26,-500000,0,500000
PRODUCT_04571,COMP_0653,LOAN_65,loan,Other (customer-defined),custom,EUR,2025-08-27 15:18:04,-290000,0,
PRODUCT_04575,COMP_0450,LOAN_02,loan,Banco Sabadell Empresas,sabadell_emp,EUR,2025-10-05 06:33:58,0,0,
PRODUCT_04577,COMP_1143,LEASING_02,leasing,iberCaja,ibercaja,EUR,2025-02-26 13:41:24,-26606.7,-11713.41,
PRODUCT_04579,COMP_0235,LEASING_19,leasing,BNP Paribas - Mabanque,mabanque,EUR,2025-11-10 17:35:58,-51912.22,-29785.7,
PRODUCT_04586,COMP_1267,LOAN_10,loan,Bankinter Empresas,bankinter_emp,EUR,2026-06-09 06:43:53,-20000,0,
PRODUCT_04588,COMP_0935,CONFIRMING_03,confirming,Caixabank Empresas,caixa_emp,EUR,2026-08-09 10:56:01,,0,
PRODUCT_04592,COMP_0269,LINEOFCREDIT_01,lineofcredit,5th Bank of Eastern Fargo,ins_130209,EUR,2025-06-09 13:13:52,-1000,55624.87,56624.87
PRODUCT_04596,COMP_1036,LEASING_11,leasing,RuralVia Empresas,ruralvia_emp,EUR,2026-08-20 08:27:59,-563500,-329856.23,
PRODUCT_04597,COMP_1068,LOAN_03,loan,iberCaja,ibercaja,EUR,2026-02-10 12:31:41,-300,0,
PRODUCT_04598,COMP_0332,MORTGAGE_20,mortgage,Caixabank Empresas,caixa_emp,EUR,2026-02-19 18:10:29,-7016.13,-6759.03,
PRODUCT_04600,COMP_0653,LOAN_66,loan,Other (customer-defined),custom,EUR,2025-08-22 07:45:38,-300000,0,
PRODUCT_04604,COMP_0819,LOAN_02,loan,Banco Sabadell,sabadell_emp,EUR,2023-01-05 11:15:15,-3000000,-1276423.68,223.52
PRODUCT_04605,COMP_0074,LINEOFCREDIT_02,lineofcredit,Bankinter Empresas,bankinter_emp,EUR,2025-03-20 14:44:08,-1700000,-418378.2,1281621.8
PRODUCT_04607,COMP_0909,GUARANTEE_14,guarantee,Banco Santander,santander_emp,EUR,2024-04-04 08:40:31,0,-2000,
PRODUCT_04612,COMP_0465,LINEOFCREDIT_03,lineofcredit,In-house bank,inhousebanking,EUR,2026-06-18 11:42:48,-64442.42,-64442.42,
PRODUCT_04613,COMP_1036,LEASING_12,leasing,BBVA Net Cash Empresas,bbva_emp,EUR,2026-08-26 12:28:02,-700000,-121761.99,
PRODUCT_04614,COMP_0074,LOAN_03,loan,Caixabank Empresas,caixa_emp,EUR,2025-12-15 10:14:43,-900000,-787516.14,
PRODUCT_04615,COMP_0994,LOAN_02,loan,Caixabank Empresas,caixa_emp,EUR,2025-08-19 10:42:04,-105000000,-95025000,
PRODUCT_04616,COMP_0958,LINEOFCREDIT_03,lineofcredit,Banco Santander Empresas,santander_emp,EUR,2025-03-06 15:44:00,-200,0,200
PRODUCT_04617,COMP_0929,LOAN_01,loan,Deutsche Bank Empresas,deutschebank_emp,EUR,2025-11-20 15:11:54,-75600,-24758.08,
PRODUCT_04628,COMP_1245,LINEOFCREDIT_02,lineofcredit,In-house bank,inhousebanking,EUR,2026-05-11 10:59:00,-71842.75,71842.75,143685.5
PRODUCT_04629,COMP_0643,LOAN_01,loan,DNB,dnb,EUR,2026-07-17 11:38:49,-100000,-50000,
PRODUCT_04632,COMP_0994,LOAN_03,loan,Caixabank Empresas,caixa_emp,EUR,2025-08-19 10:48:38,-10000000,-10000000,
PRODUCT_04635,COMP_0517,LINEOFCREDIT_02,lineofcredit,Banco Santander Empresas,santander_emp,EUR,2025-12-18 12:08:41,-150000,-75000,75000
PRODUCT_04636,COMP_0676,LINEOFCREDIT_01,lineofcredit,Caixabank Empresas,caixa_emp,EUR,2026-04-07 16:33:37,-50000,24371.57,61943.7
PRODUCT_04638,COMP_0909,GUARANTEE_15,guarantee,CajaSur,cajasur,EUR,2025-01-29 10:28:11,,0,
PRODUCT_04639,COMP_1005,LEASING_02,leasing,Caixabank Empresas,caixa_emp,EUR,2025-06-02 09:57:21,-19785.98,-14275.71,
PRODUCT_04640,COMP_0248,LOAN_15,loan,Caixabank Empresas,caixa_emp,EUR,2025-11-06 11:08:28,-65280.7,0,
PRODUCT_04649,COMP_0653,LOAN_67,loan,Other (customer-defined),custom,EUR,2025-08-22 09:02:42,-50000,0,
PRODUCT_04650,COMP_0007,LOAN_13,loan,Other (customer-defined),custom,EUR,2026-03-31 09:12:28,-638280,-136162,
PRODUCT_04651,COMP_0965,LEASING_13,leasing,Caixabank Empresas,caixa_emp,EUR,2026-06-05 11:21:33,-1443365.23,-1407414.8,
PRODUCT_04652,COMP_0653,LOAN_68,loan,Other (customer-defined),custom,EUR,2025-08-27 11:42:45,-100000,0,
PRODUCT_04653,COMP_0866,LOAN_01,loan,Caixabank Empresas,caixa_emp,EUR,2025-01-29 08:36:32,-500000,-17484.03,
PRODUCT_04658,COMP_0007,LOAN_14,loan,iberCaja,ibercaja,EUR,2026-03-18 15:53:14,-500000,-365461.32,
PRODUCT_04660,COMP_0332,MORTGAGE_21,mortgage,Caixabank Empresas,caixa_emp,EUR,2026-02-19 17:36:07,-168368.64,-162199.3,
PRODUCT_04662,COMP_0365,LOAN_06,loan,HSBC Corporate EU,hsbccorporate_eu,EUR,2026-05-05 07:17:39,-500000,-100000,
PRODUCT_04663,COMP_0491,LOAN_04,loan,Banco Sabadell Empresas,sabadell_emp,EUR,2024-09-24 11:38:11,-29815.29,0,
PRODUCT_04665,COMP_0101,LINEOFCREDIT_02,lineofcredit,Banco Sabadell Empresas,sabadell_emp,EUR,2024-12-11 14:19:31,-400000,-262115.66,137884.34
PRODUCT_04666,COMP_0686,RENTING_06,renting,Banco Santander Empresas,santander_emp,EUR,2024-09-05 15:09:56,-1946.4,0,
PRODUCT_04678,COMP_0803,LINEOFCREDIT_03,lineofcredit,Banco Santander,santander_emp,EUR,2023-10-23 10:45:54,-1300000,-1270682.95,29317.05
PRODUCT_04680,COMP_0298,LOAN_01,loan,Banco Sabadell T. sec - CAL Empresas,sabadell_emp_sec,EUR,2025-04-25 08:36:09,-787409,-635637.86,
PRODUCT_04681,COMP_0909,LINEOFCREDIT_07,lineofcredit,Caixabank,caixa_emp,EUR,2024-04-04 11:28:20,-2290602.57,0,2290602.57
PRODUCT_04682,COMP_0180,LOAN_10,loan,Banco Santander,santander_emp,EUR,2026-01-10 13:41:14,-577688.11,-509509.56,
PRODUCT_04686,COMP_0216,LOAN_04,loan,Abanca Empresas,abanca_emp,EUR,2026-02-19 12:09:23,-604081.65,-391094.67,
PRODUCT_04690,COMP_0332,MORTGAGE_22,mortgage,Caixabank Empresas,caixa_emp,EUR,2026-02-19 17:43:01,-7016.13,-6759.03,
PRODUCT_04692,COMP_0594,LEASING_01,leasing,Caixabank Empresas,caixa_emp,EUR,2025-06-20 08:25:41,-29829.6,-22901.18,
PRODUCT_04696,COMP_0524,LOAN_06,loan,BBVA Net Cash Empresas,bbva_emp,EUR,2026-07-01 23:16:09,-1000000,-841275.31,
PRODUCT_04697,COMP_0248,LEASING_07,leasing,Banco Santander Empresas,santander_emp,EUR,2025-11-13 11:53:04,-11776.86,-3592.87,
PRODUCT_04701,COMP_0877,LINEOFCREDIT_03,lineofcredit,RuralVia Empresas,ruralvia_emp,EUR,2025-10-01 08:38:32,-200000,570.17,200570.17
PRODUCT_04704,COMP_0653,LOAN_69,loan,Other (customer-defined),custom,EUR,2025-08-22 10:20:53,-130000,0,
PRODUCT_04705,COMP_0471,LOAN_03,loan,Banco Sabadell,sabadell_emp,EUR,2025-05-13 09:31:40,-1500000,-1423467.95,
PRODUCT_04707,COMP_0803,LOAN_19,loan,Bankinter,bankinter_emp,EUR,2023-10-23 10:52:36,-325601,-108533.66,223.52
PRODUCT_04709,COMP_0623,LOAN_10,loan,Banco Sabadell T. sec - CAL Empresas,sabadell_emp_sec,EUR,2025-04-25 08:47:03,-271653.57,-145467.44,
PRODUCT_04712,COMP_0588,LINEOFCREDIT_01,lineofcredit,Caixabank,caixa_emp,EUR,2024-02-16 08:09:00,0,12294.71,45000
PRODUCT_04720,COMP_1053,LINEOFCREDIT_08,lineofcredit,BBVA Net Cash Empresas,bbva_emp,EUR,2026-07-07 11:54:35,-1750000,0,1750000
PRODUCT_04721,COMP_1275,LOAN_02,loan,Abanca Empresas,abanca_emp,EUR,2026-02-19 12:57:05,-402554.63,0,
PRODUCT_04723,COMP_0071,LINEOFCREDIT_03,lineofcredit,BBVA Net Cash Empresas,bbva_emp,EUR,2025-02-05 12:15:28,,-600000,
PRODUCT_04724,COMP_1007,LINEOFCREDIT_01,lineofcredit,Banco Santander Empresas,santander_emp,EUR,2026-03-31 14:42:19,-1000000,-996948.61,3051.39
PRODUCT_04726,COMP_1036,CONFIRMING_05,confirming,Banco Santander Empresas,santander_emp,EUR,2026-07-13 10:26:13,-500000,0,500000
PRODUCT_04729,COMP_0495,LINEOFCREDIT_04,lineofcredit,Banco Sabadell Empresas,sabadell_emp,EUR,2026-01-13 12:08:57,-150000,1320.65,151320.65
PRODUCT_04733,COMP_0452,CONFIRMING_01,confirming,Banco Santander Empresas,santander_emp,EUR,2025-08-27 09:37:02,-25000,0,25000
PRODUCT_04738,COMP_0956,LOAN_04,loan,BBVA Net Cash Empresas,bbva_emp,EUR,2026-04-29 11:21:29,-200000,-39601.35,
PRODUCT_04743,COMP_0446,CONFIRMING_01,confirming,Caixabank Empresas,caixa_emp,EUR,2025-12-16 13:30:29,,0,
PRODUCT_04748,COMP_1053,LINEOFCREDIT_09,lineofcredit,Banco Santander Empresas,santander_emp,EUR,2026-07-08 10:45:28,-42000,-42000,
PRODUCT_04754,COMP_1065,LOAN_01,loan,Banco Sabadell,sabadell,EUR,2026-04-24 08:28:03,-2000,0,
PRODUCT_04758,COMP_0087,LOAN_16,loan,Banco Santander Empresas,santander_emp,EUR,2025-10-24 07:51:29,-1771000,0,
PRODUCT_04762,COMP_0875,LOAN_01,loan,Banco Santander,santander_emp,EUR,2024-05-13 07:09:43,-37401.89,0,223.52
PRODUCT_04768,COMP_0505,CONFIRMING_05,confirming,Laboral Kutxa Empresas,cajalaboral_emp,EUR,2026-07-13 06:08:50,,-902659.3,
PRODUCT_04770,COMP_0471,LOAN_04,loan,Bankinter Empresas,bankinter_emp,EUR,2024-10-09 07:37:32,-750000,-278615.13,
PRODUCT_04773,COMP_0798,LEASING_05,leasing,Eurocaja Rural Empresas,eurocajarural_emp,EUR,2025-09-11 15:00:12,-22905.8,-1470.98,
PRODUCT_04775,COMP_0447,LINEOFCREDIT_07,lineofcredit,Banco Santander Empresas,santander_emp,EUR,2025-09-15 09:24:19,-8000,-2079.36,5920.64
PRODUCT_04787,COMP_0877,LINEOFCREDIT_04,lineofcredit,Banco Sabadell Empresas,sabadell_emp,EUR,2025-10-01 07:47:19,,0,
PRODUCT_04790,COMP_0087,LINEOFCREDIT_01,lineofcredit,Banco Sabadell Empresas,sabadell_emp,EUR,2026-06-19 08:45:56,-2999998,-3351.15,2996646.85
PRODUCT_04791,COMP_0365,LOAN_07,loan,Arkea Corporate ABEI,arkea-corporate,EUR,2026-05-06 08:34:48,-400000,-94968.87,
PRODUCT_04801,COMP_0623,LOAN_11,loan,Other (customer-defined),custom,EUR,2025-04-25 10:07:51,-2000000,-1833333.33,
PRODUCT_04807,COMP_0082,LOAN_01,loan,Banco Sabadell T. sec - CAL Empresas,sabadell_emp_sec,EUR,2025-06-02 14:46:55,-923358.68,-686425.41,
PRODUCT_04809,COMP_0849,LINEOFCREDIT_04,lineofcredit,In-house bank,inhousebanking,EUR,2026-07-14 09:35:52,-300000,300000,600000
PRODUCT_04810,COMP_0235,LEASING_20,leasing,Other (customer-defined),custom,EUR,2026-03-19 07:38:52,-120000,-11955,
PRODUCT_04811,COMP_1053,LINEOFCREDIT_10,lineofcredit,Banco Santander Empresas,santander_emp,EUR,2026-07-08 10:45:28,-72000,0,72000
PRODUCT_04817,COMP_0099,LOAN_05,loan,Caixabank Empresas,caixa_emp,EUR,2023-11-03 11:38:17,-6495.6,0,223.52
PRODUCT_04818,COMP_0600,GUARANTEE_01,guarantee,Banco Santander Empresas,santander_emp,EUR,2025-11-21 10:06:40,-30000,0,
PRODUCT_04819,COMP_1267,LOAN_11,loan,Bankinter Empresas,bankinter_emp,EUR,2026-05-27 15:33:21,-45000,-45000,
PRODUCT_04820,COMP_1272,LOAN_08,loan,Banco Santander Empresas,santander_emp,EUR,2026-05-18 14:18:26,-2000000,-924348.76,
PRODUCT_04821,COMP_0909,CONFIRMING_06,confirming,Caixabank,caixa_emp,EUR,2024-04-04 11:28:20,-2000000,0,2000000
PRODUCT_04822,COMP_0058,CONFIRMING_06,confirming,Banco Pichincha,pichincha,EUR,2026-05-26 07:48:50,-1000000,-412471.76,587528.24
PRODUCT_04827,COMP_0515,LEASING_01,leasing,BBVA Net Cash Empresas,bbva_emp,EUR,2025-10-21 10:33:29,-129800.46,-65064.66,
PRODUCT_04830,COMP_0415,GUARANTEE_05,guarantee,Banco Santander Empresas,santander_emp,EUR,2026-06-09 07:53:36,-214090,0,
PRODUCT_04836,COMP_0351,LINEOFCREDIT_04,lineofcredit,Banco Sabadell Empresas,sabadell_emp,EUR,2026-07-07 11:04:45,-2200000,-90595.34,2109404.66
PRODUCT_04839,COMP_0466,LINEOFCREDIT_01,lineofcredit,Banco Santander Empresas,santander_emp,EUR,2025-03-06 15:44:00,,0,
PRODUCT_04840,COMP_0928,LOAN_04,loan,Bankinter Empresas,bankinter_emp,EUR,2025-09-25 14:27:15,-48718.57,-32754.28,
PRODUCT_04842,COMP_0074,LINEOFCREDIT_03,lineofcredit,BBVA Net Cash Empresas,bbva_emp,EUR,2025-06-18 10:42:23,-500000,-63238.22,436761.78
PRODUCT_04848,COMP_0909,CONFIRMING_07,confirming,RuralVia Empresas,ruralvia_emp,EUR,2025-02-04 15:07:41,-1000000,0,1000000
PRODUCT_04850,COMP_0988,LINEOFCREDIT_02,lineofcredit,Abanca Empresas,abanca_emp,EUR,2026-03-04 08:41:40,,1.03,
PRODUCT_04855,COMP_0332,MORTGAGE_23,mortgage,Caixabank Empresas,caixa_emp,EUR,2026-02-19 17:29:11,-243121.3,-234212.87,
PRODUCT_04859,COMP_0577,LOAN_01,loan,Bankinter Empresas,bankinter_emp,EUR,2025-05-22 14:44:52,-125974.22,-84012.26,
PRODUCT_04861,COMP_0743,LOAN_04,loan,Other (customer-defined),custom,EUR,2026-04-22 14:02:36,-50000,-41666.68,
PRODUCT_04862,COMP_0248,CONFIRMING_01,confirming,Banco Santander Empresas,santander_emp,EUR,2025-11-06 08:42:22,-2500000,-19645.48,2480354.52
PRODUCT_04864,COMP_0653,LOAN_70,loan,Other (customer-defined),custom,EUR,2025-08-22 09:25:24,-20000,0,
PRODUCT_04866,COMP_0235,LEASING_21,leasing,BNP Paribas - Mabanque,mabanque,EUR,2025-11-10 17:35:29,-51912.22,-29785.7,
PRODUCT_04874,COMP_0203,LOAN_05,loan,Banco Santander,santander_emp,EUR,2023-09-14 09:51:43,-749184.76,0,223.52
PRODUCT_04876,COMP_0100,LOAN_03,loan,Banco Santander,santander,EUR,2025-05-19 21:03:35,-19332500,-15840000,
PRODUCT_04877,COMP_0477,LOAN_01,loan,Other (customer-defined),custom,USD,2026-08-24 18:09:25,-20000000,-8335491.2,
PRODUCT_04879,COMP_0540,LINEOFCREDIT_02,lineofcredit,Banco Santander Empresas,santander_emp,EUR,2026-03-17 16:50:28,-130000,-129999.28,0.72
PRODUCT_04883,COMP_0444,GUARANTEE_05,guarantee,Bankinter Empresas,bankinter_emp,EUR,2026-07-14 14:42:01,-6456.94,-133543.06,
PRODUCT_04884,COMP_0087,LOAN_17,loan,Bankinter Empresas,bankinter_emp,EUR,2025-12-24 08:35:34,-2500000,0,
PRODUCT_04886,COMP_0967,LOAN_03,loan,Banco Sabadell Empresas,sabadell_emp,EUR,2025-06-19 15:51:39,-295367.46,-295367.44,
PRODUCT_04896,COMP_0065,CONFIRMING_06,confirming,Banco Santander,santander_emp,EUR,2024-07-01 11:58:02,-50000,0,50000
PRODUCT_04900,COMP_0351,LINEOFCREDIT_05,lineofcredit,Banco Santander Empresas,santander_emp,EUR,2026-07-07 10:35:37,-883870.91,-883870.91,
PRODUCT_04901,COMP_0597,LOAN_09,loan,Caixabank Empresas,caixa_emp,EUR,2025-11-06 13:17:33,-794444.46,-72222.22,
PRODUCT_04911,COMP_0411,LINEOFCREDIT_02,lineofcredit,Abanca,abanca_emp,EUR,2023-05-29 08:11:54,-25000,-14277.39,10722.61
PRODUCT_04918,COMP_0484,LINEOFCREDIT_01,lineofcredit,Bankinter Empresas,bankinter_emp,EUR,2026-04-20 10:49:35,-50000,-49304.13,695.87
PRODUCT_04923,COMP_0653,LOAN_71,loan,Other (customer-defined),custom,EUR,2025-08-22 10:01:30,-50000,0,
PRODUCT_04932,COMP_0653,LOAN_72,loan,Other (customer-defined),custom,EUR,2025-08-27 14:37:55,-50000,0,
PRODUCT_04933,COMP_0793,LOAN_01,loan,Caixabank Empresas,caixa_emp,EUR,2026-06-03 09:49:30,-196976.09,-187845.2,
PRODUCT_04936,COMP_0721,LOAN_05,loan,Bankinter Empresas,bankinter_emp,EUR,2026-02-13 13:44:46,-120584.66,-89065.64,
PRODUCT_04940,COMP_0511,LOAN_06,loan,Caixabank Empresas,caixa_emp,EUR,2026-01-13 15:21:15,-1506600,0,
PRODUCT_04941,COMP_0078,LINEOFCREDIT_02,lineofcredit,In-house bank,inhousebanking,EUR,2026-07-08 12:59:49,-570000,-570000,
PRODUCT_04942,COMP_0491,LEASING_02,leasing,Caixabank Empresas,caixa_emp,EUR,2024-10-22 10:16:34,-19336.56,-9924.46,
PRODUCT_04944,COMP_1025,LOAN_01,loan,Banco Santander Empresas,santander_emp,EUR,2026-02-18 15:19:01,-50000,0,
PRODUCT_04946,COMP_0007,LOAN_15,loan,Other (customer-defined),custom,EUR,2026-03-31 09:10:29,-1369623.7,-451170.4,
PRODUCT_04961,COMP_1038,CONFIRMING_02,confirming,Banco Santander Empresas,santander_emp,EUR,2025-09-09 11:29:48,-10000000,0,10000000
PRODUCT_04965,COMP_0567,LOAN_03,loan,Caixabank Empresas,caixa_emp,EUR,2025-07-09 10:32:16,-105000,-3094.13,
PRODUCT_04970,COMP_0078,LINEOFCREDIT_03,lineofcredit,In-house bank,inhousebanking,EUR,2026-07-08 12:51:16,-83000,83000,166000
PRODUCT_04973,COMP_1284,MORTGAGE_11,mortgage,Caixabank Empresas,caixa_emp,EUR,2026-02-19 17:13:21,-5947.77,-5709.95,
PRODUCT_04976,COMP_0027,LINEOFCREDIT_01,lineofcredit,Banco Sabadell T. sec - CAL Empresas,sabadell_emp_sec,EUR,2026-05-13 12:47:09,,0,
PRODUCT_04978,COMP_0653,LOAN_73,loan,Other (customer-defined),custom,EUR,2025-08-27 14:49:27,-300000,0,
PRODUCT_04979,COMP_0623,LEASING_03,leasing,Caixabank Empresas,caixa_emp,EUR,2025-05-12 14:47:07,-30699,-17905.63,
PRODUCT_04984,COMP_1272,LOAN_09,loan,Caixabank Empresas,caixa_emp,EUR,2026-04-09 10:55:18,-17868.83,-3298.1,
PRODUCT_04988,COMP_0261,LOAN_05,loan,Banco Santander Empresas,santander_emp,EUR,2025-02-20 14:15:01,-2943684.21,-1769342.11,
PRODUCT_04991,COMP_1267,LOAN_12,loan,Caixabank Empresas,caixa_emp,EUR,2026-06-09 09:22:27,-57022.71,-54335.39,
PRODUCT_04993,COMP_0988,LOAN_09,loan,Caixabank Empresas,caixa_emp,EUR,2026-07-24 11:58:18,-1250000,-1210349.05,
PRODUCT_04998,COMP_0420,LOAN_03,loan,Abanca Empresas,abanca_emp,EUR,2026-05-20 11:29:37,-508151.49,-478619.53,
PRODUCT_05011,COMP_0653,LOAN_74,loan,Other (customer-defined),custom,EUR,2025-10-22 13:13:45,-200000,0,
PRODUCT_05013,COMP_1039,LINEOFCREDIT_02,lineofcredit,Banco Sabadell Empresas,sabadell_emp,EUR,2025-12-22 11:58:29,-80000,0,80000
PRODUCT_05031,COMP_0235,LEASING_22,leasing,Caisse d Epargne Hauts de France,caisse-d-epargne-hauts-de-france,EUR,2026-01-20 17:12:38,-56159.71,-32677.46,
PRODUCT_05033,COMP_0928,LOAN_05,loan,Other (customer-defined),custom,EUR,2025-10-08 15:46:30,-203791.06,-166737.06,
PRODUCT_05034,COMP_0745,LOAN_08,loan,Laboral Kutxa Empresas,cajalaboral_emp,EUR,2026-03-13 11:59:32,-141901.99,-131346.99,
PRODUCT_05043,COMP_0662,LINEOFCREDIT_01,lineofcredit,Banco Santander Empresas,santander_emp,EUR,2025-12-04 18:48:12,-130000,-127477.38,2522.62
PRODUCT_05046,COMP_0957,LINEOFCREDIT_03,lineofcredit,Banco Santander Empresas,santander_emp,EUR,2026-08-05 12:53:04,-500000,-278453.77,221546.23
PRODUCT_05055,COMP_0892,LOAN_01,loan,Banco Sabadell Empresas,sabadell_emp,EUR,2024-12-18 10:02:59,-6277.07,0,
PRODUCT_05063,COMP_0909,GUARANTEE_16,guarantee,Bankinter,bankinter_emp,EUR,2025-01-29 16:32:26,-1846391.39,-253608.61,
PRODUCT_05065,COMP_0686,LOAN_04,loan,Banco Santander,santander_emp,EUR,2024-07-01 11:58:04,-42577.35,0,
PRODUCT_05070,COMP_0047,LINEOFCREDIT_02,lineofcredit,Caixabank Empresas,caixa_emp,EUR,2025-09-09 12:14:57,-200000,-26074.61,173925.39
PRODUCT_05072,COMP_0406,GUARANTEE_02,guarantee,Banco Santander Empresas,santander_emp,EUR,2026-03-27 10:40:11,,-8500,
PRODUCT_05075,COMP_0893,LINEOFCREDIT_02,lineofcredit,BBVA Net Cash Empresas,bbva_emp,EUR,2026-03-05 10:58:01,-500000,-487932.36,12067.64
PRODUCT_05078,COMP_0136,LOAN_01,loan,Banco Sabadell T. sec - CAL Empresas,sabadell_emp_sec,EUR,2025-06-19 14:48:45,-1020000,-840348.99,
PRODUCT_05083,COMP_0909,CONFIRMING_08,confirming,Banco Santander,santander_emp,EUR,2024-04-04 08:40:31,-4000000,0,4000000
PRODUCT_05084,COMP_0332,MORTGAGE_24,mortgage,Caixabank Empresas,caixa_emp,EUR,2026-02-19 17:46:17,-6962.93,-6707.79,
PRODUCT_05090,COMP_0825,LINEOFCREDIT_05,lineofcredit,Banco Santander Empresas,santander_emp,EUR,2023-03-14 11:40:10,-250000,223.52,223.52
PRODUCT_05098,COMP_0613,LOAN_01,loan,Caixabank,caixa_emp,EUR,2023-06-19 13:22:04,-443211.5,-220660.03,223.52
PRODUCT_05106,COMP_0816,LOAN_08,loan,Caixabank,caixa_emp,EUR,2023-06-19 11:46:48,-301390.26,-151377.19,223.52
PRODUCT_05108,COMP_0829,LOAN_02,loan,Banco Santander,santander_emp,EUR,2023-08-31 08:46:34,-906364.92,0,223.52
PRODUCT_05110,COMP_0288,LINEOFCREDIT_01,lineofcredit,Iberia Cards,iberiacards,EUR,2023-02-28 11:14:43,0,0,223.52
PRODUCT_05113,COMP_0969,LINEOFCREDIT_02,lineofcredit,Banco Santander2,santander_emp,EUR,2023-05-25 05:19:09,-1664000,-1543083.06,120916.94
PRODUCT_05123,COMP_0258,LOAN_04,loan,Banco Sabadell Empresas,sabadell_emp,EUR,2023-01-17 14:55:51,-184590.1,0,223.52
PRODUCT_05129,COMP_0075,LINEOFCREDIT_01,lineofcredit,Banco Sabadell T. sec - CAL Empresas,sabadell_emp_sec,EUR,2022-11-17 14:26:32,-500000,0,500000
PRODUCT_05132,COMP_0825,LOAN_17,loan,Banca March,bancamarch,EUR,2023-05-12 07:32:35,-293931.73,-90197.1,223.52
PRODUCT_05151,COMP_0942,GUARANTEE_03,guarantee,Banco Sabadell,sabadell_emp,EUR,2023-09-14 09:38:48,-6010.12,-6010.12,223.52
PRODUCT_05154,COMP_0203,LOAN_06,loan,BBVA,bbva_emp,EUR,2023-09-14 10:02:14,-348792.72,0,223.52
PRODUCT_05164,COMP_0639,LINEOFCREDIT_03,lineofcredit,Cajamar,cajamar,EUR,2022-11-17 14:10:13,-200000,598041.36,798041.36
PRODUCT_05170,COMP_0825,LOAN_18,loan,Bankinter,bankinter_emp,EUR,2023-04-26 12:50:30,-500000,223.52,223.52
PRODUCT_05173,COMP_0825,LOAN_19,loan,Banco Santander Empresas,santander_emp,EUR,2023-02-16 11:52:56,-500000,223.52,223.52
PRODUCT_05192,COMP_0471,LINEOFCREDIT_09,lineofcredit,Bankinter,bankinter_emp,EUR,2022-04-06 07:26:09,-333333.34,0,333333.34
PRODUCT_05198,COMP_0047,LOAN_11,loan,Banco Santander Empresas,santander_emp,EUR,2025-09-24 10:14:49,-500000,0,
PRODUCT_05201,COMP_1279,LOAN_05,loan,Caixabank,caixa_emp,EUR,2024-04-30 11:38:30,-320500,-187780.29,223.52
PRODUCT_05204,COMP_0928,RENTING_01,renting,Caixabank Empresas,caixa_emp,EUR,2025-11-07 09:27:54,-36391.75,-30196.05,
PRODUCT_05209,COMP_1286,LOAN_02,loan,Caixabank Empresas,caixa_emp,EUR,2024-11-20 14:52:33,-500000,-344189.74,
PRODUCT_05212,COMP_0286,LINEOFCREDIT_01,lineofcredit,Banco Santander Empresas,santander_emp,EUR,2026-04-28 15:24:40,-61900,-114342.92,9457.08
PRODUCT_05215,COMP_0248,LOAN_16,loan,Bankinter Empresas,bankinter_emp,EUR,2026-07-27 08:57:46,-27000,-9000,
PRODUCT_05228,COMP_0235,LEASING_23,leasing,Caisse d Epargne Hauts de France,caisse-d-epargne-hauts-de-france,EUR,2026-01-20 17:28:30,-56159.71,-33616.75,
PRODUCT_05233,COMP_0101,LOAN_03,loan,Banco Santander Empresas,santander_emp,EUR,2026-01-09 11:45:42,-407820.16,-279465.79,
PRODUCT_05240,COMP_0471,LINEOFCREDIT_10,lineofcredit,iberCaja,ibercaja,EUR,2023-09-20 11:37:17,-300000,-280732.74,19267.26
PRODUCT_05244,COMP_0909,CONFIRMING_09,confirming,Banco Santander,santander_emp,EUR,2024-04-04 08:40:31,-4000000,0,4000000
PRODUCT_05247,COMP_0870,LINEOFCREDIT_02,lineofcredit,Banco Sabadell T. sec - CAL Empresas,sabadell_emp_sec,EUR,2024-09-18 08:36:01,,0,
PRODUCT_05249,COMP_0411,LOAN_02,loan,Abanca,abanca_emp,EUR,2023-05-30 14:15:19,-60000,-18343.51,223.52
PRODUCT_05255,COMP_0855,LINEOFCREDIT_04,lineofcredit,Kutxabank Empresas,kutxabank_emp,EUR,2026-06-09 09:08:59,-500000,42375.52,542375.52
PRODUCT_05258,COMP_0769,FACTORING_01,factoring,Banco Sabadell Empresas,sabadell_emp,EUR,2026-07-13 17:39:46,-300000,-86274.93,213725.07
PRODUCT_05260,COMP_0616,LINEOFCREDIT_01,lineofcredit,Caixabank,caixa_emp,EUR,2024-06-17 09:19:01,-1500000,401980.57,1901980.57
PRODUCT_05262,COMP_1053,LINEOFCREDIT_11,lineofcredit,BBVA Net Cash Empresas,bbva_emp,EUR,2026-07-07 11:54:35,-1750000,-901798.61,848201.39
PRODUCT_05264,COMP_0806,FACTORING_01,factoring,Banco Sabadell T. sec - CAL Empresas,sabadell_emp_sec,EUR,2025-10-09 06:41:13,-300000,0,300000
PRODUCT_05271,COMP_0047,LOAN_12,loan,Caixabank Empresas,caixa_emp,EUR,2025-09-09 12:14:57,-151666.65,0,
PRODUCT_05273,COMP_0653,LOAN_75,loan,Other (customer-defined),custom,EUR,2025-08-28 08:20:36,-50000,0,
PRODUCT_05276,COMP_0956,GUARANTEE_09,guarantee,Banco Sabadell Empresas,sabadell_emp,EUR,2026-04-29 11:25:16,-18167.66,-18167.66,
PRODUCT_05277,COMP_0203,LOAN_07,loan,Banco Sabadell,sabadell_emp,EUR,2023-09-14 09:30:19,-876389.12,-220536.82,223.52
PRODUCT_05278,COMP_1169,LINEOFCREDIT_05,lineofcredit,Banco Santander Empresas,santander_emp,EUR,2025-11-06 08:37:08,-5100000,-4224632.43,875367.57
PRODUCT_05284,COMP_0915,GUARANTEE_03,guarantee,Bankinter Empresas,bankinter_emp,EUR,2025-05-15 10:38:46,-90000,-90000,
PRODUCT_05288,COMP_0293,LOAN_02,loan,Banco Santander,santander_emp,EUR,2026-07-02 15:15:16,-10000000,-9743898.4,
PRODUCT_05289,COMP_1053,LINEOFCREDIT_12,lineofcredit,Banco Santander Empresas,santander_emp,EUR,2026-07-08 10:45:28,-195000,0,195000
PRODUCT_05295,COMP_0653,LOAN_76,loan,Other (customer-defined),custom,EUR,2025-08-27 11:19:48,-55000,0,
PRODUCT_05298,COMP_0138,LINEOFCREDIT_01,lineofcredit,Bankinter,bankinter_emp,EUR,2025-12-04 12:30:46,-50000,-49986.48,13.52
PRODUCT_05304,COMP_0721,LOAN_06,loan,Caixabank Empresas,caixa_emp,EUR,2025-03-19 10:32:01,-1279550.84,-676483.66,
PRODUCT_05308,COMP_0743,GUARANTEE_04,guarantee,BBVA Net Cash Empresas,bbva_emp,EUR,2026-01-28 11:14:24,-202000,-96641.07,
PRODUCT_05309,COMP_0515,LOAN_02,loan,Cajamar,cajamar,EUR,2025-10-21 10:55:09,-49999.98,0,
PRODUCT_05311,COMP_0087,LOAN_18,loan,Banca March,bancamarch,EUR,2026-07-20 08:23:10,-54659.81,-43901.71,
PRODUCT_05313,COMP_0950,LINEOFCREDIT_01,lineofcredit,BBVA,bbva_emp,EUR,2024-02-05 09:29:16,-107897.95,0,107897.95
PRODUCT_05314,COMP_1216,LEASING_01,leasing,Banco Santander Empresas,santander_emp,EUR,2025-10-17 13:52:44,-5824.57,-1366.13,
PRODUCT_05315,COMP_0470,LOAN_01,loan,Credit Mutuel,creditmutuel,EUR,2026-03-16 15:26:52,-84455.98,0,
PRODUCT_05326,COMP_0875,LINEOFCREDIT_03,lineofcredit,Banco Santander,santander_emp,EUR,2024-05-10 09:49:28,-150000,0,150000
PRODUCT_05327,COMP_0982,GUARANTEE_01,guarantee,Banco Sabadell T. sec - CAL Empresas,sabadell_emp_sec,EUR,2025-03-25 10:12:48,-190000,0,
PRODUCT_05331,COMP_1091,MORTGAGE_03,mortgage,Banco Santander Empresas,santander_emp,EUR,2025-03-17 12:06:38,-2135432,-1184520.43,
PRODUCT_05334,COMP_0907,LINEOFCREDIT_01,lineofcredit,In-house bank,inhousebanking,EUR,2026-05-15 08:28:32,-31602.51,-31602.51,
PRODUCT_05335,COMP_0216,LOAN_05,loan,Abanca Empresas,abanca_emp,EUR,2026-09-11 10:45:27,-100000,-90863.73,
PRODUCT_05336,COMP_0549,LOAN_01,loan,Abanca,abanca,EUR,2025-08-25 07:51:22,-31700000,-10000000,
PRODUCT_05338,COMP_0987,LINEOFCREDIT_01,lineofcredit,BBVA,bbva_emp,EUR,2024-03-26 09:12:53,-200000,-200000,223.52
PRODUCT_05345,COMP_0180,LOAN_11,loan,Bankinter,bankinter_emp,EUR,2025-06-24 06:14:44,-250000,0,
PRODUCT_05351,COMP_0381,LEASING_01,leasing,Caixabank Empresas,caixa_emp,EUR,2025-02-26 11:33:08,-25574.45,-13426.42,
PRODUCT_05352,COMP_0653,LOAN_77,loan,Other (customer-defined),custom,EUR,2025-08-22 10:51:34,-1000000,0,
PRODUCT_05355,COMP_0855,GUARANTEE_04,guarantee,BBVA Net Cash Empresas,bbva_emp,EUR,2026-08-19 10:13:59,-2000,-2000,
PRODUCT_05359,COMP_0623,LOAN_12,loan,Banco Santander Empresas,santander_emp,EUR,2025-04-27 17:16:26,-237870.65,-60149.67,
PRODUCT_05360,COMP_0982,LOAN_04,loan,Banco Santander Empresas,santander_emp,EUR,2026-09-10 10:09:35,-700000,-671861.62,
PRODUCT_05361,COMP_0935,CONFIRMING_04,confirming,Caixabank Empresas,caixa_emp,EUR,2026-08-09 10:56:01,,0,
PRODUCT_05363,COMP_0857,LINEOFCREDIT_01,lineofcredit,Banco Sabadell Empresas,sabadell_emp,EUR,2025-02-14 12:14:56,,0,
PRODUCT_05368,COMP_0803,LOAN_20,loan,Bankinter Empresas,bankinter_emp,EUR,2024-10-11 09:29:24,,-108333.34,
PRODUCT_05369,COMP_1036,CONFIRMING_06,confirming,Unicaja Empresas,unicaja_emp,EUR,2026-07-13 10:37:42,-2000000,-153429.42,1846570.58
PRODUCT_05373,COMP_0004,LOAN_02,loan,Banco Santander Empresas,santander_emp,EUR,2026-03-05 11:36:01,-400000,-197130.67,
PRODUCT_05374,COMP_1171,LOAN_01,loan,Banco Santander Empresas,santander_emp,EUR,2024-11-06 16:12:55,-57047.48,-33235.4,
PRODUCT_05375,COMP_0623,LOAN_13,loan,Banco Santander Empresas,santander_emp,EUR,2025-04-25 07:52:40,-1151863.8,-560360.43,
PRODUCT_05376,COMP_0803,LOAN_21,loan,Bankinter,bankinter_emp,EUR,2023-12-18 12:09:55,-325100,0,223.52
PRODUCT_05382,COMP_1284,MORTGAGE_12,mortgage,Caixabank Empresas,caixa_emp,EUR,2026-02-19 18:29:51,-157835.64,-152458.65,
PRODUCT_05388,COMP_1279,LOAN_06,loan,BBVA,bbva_emp,EUR,2024-03-11 11:08:52,-180000,0,223.52
PRODUCT_05389,COMP_0653,LOAN_78,loan,Other (customer-defined),custom,EUR,2025-08-27 11:38:38,-100000,0,
PRODUCT_05397,COMP_0272,LOAN_01,loan,Caixabank Empresas,caixa_emp,EUR,2026-04-07 10:18:46,-64000,-20169.78,
PRODUCT_05400,COMP_0326,LOAN_03,loan,Other (customer-defined),custom,EUR,2026-03-19 11:19:34,-27882.57,-23686.01,
PRODUCT_05402,COMP_1036,LEASING_13,leasing,Banco Sabadell Empresas,sabadell_emp,EUR,2026-08-21 11:59:42,-495000,-118250.8,
PRODUCT_05403,COMP_0491,LINEOFCREDIT_02,lineofcredit,Banco Santander Empresas,santander_emp,EUR,2026-02-09 09:38:47,-51000,-50981.01,18.99
PRODUCT_05405,COMP_0007,LOAN_16,loan,BBVA Net Cash Empresas,bbva_emp,EUR,2026-03-20 11:20:50,-800000,-477550.31,
PRODUCT_05408,COMP_1072,MORTGAGE_01,mortgage,Banca March,bancamarch,EUR,2025-09-18 13:24:05,-162138.3,-154107.06,
PRODUCT_05417,COMP_1072,LINEOFCREDIT_01,lineofcredit,Other (customer-defined),custom,EUR,2026-06-02 13:11:44,-120000,116000,236000
PRODUCT_05421,COMP_0269,CONFIRMING_06,confirming,5th Bank of Eastern Fargo,ins_130209,EUR,2025-10-02 07:40:26,-2000,0,2000
PRODUCT_05430,COMP_0173,LOAN_04,loan,Other (customer-defined),custom,EUR,2026-06-23 08:37:35,-79666.92,-79666.92,
PRODUCT_05432,COMP_1005,LEASING_03,leasing,Caixabank Empresas,caixa_emp,EUR,2025-06-02 10:01:30,-19785.98,-14275.71,
PRODUCT_05433,COMP_0227,LINEOFCREDIT_01,lineofcredit,Banco Sabadell Empresas,sabadell_emp,EUR,2026-07-22 08:46:00,-3525.27,0,3525.27
PRODUCT_05435,COMP_0970,LINEOFCREDIT_01,lineofcredit,Laboral Kutxa Empresas,cajalaboral_emp,EUR,2026-03-04 17:30:07,-400000,0,400000
PRODUCT_05437,COMP_0047,LOAN_13,loan,BBVA Net Cash Empresas,bbva_emp,EUR,2025-09-09 12:41:52,-2.43,-1.46,
PRODUCT_05443,COMP_1124,LOAN_03,loan,Cajamar,cajamar,EUR,2025-04-02 10:55:00,-6580.77,0,
PRODUCT_05444,COMP_0563,MORTGAGE_01,mortgage,Caixabank Empresas,caixa_emp,EUR,2025-03-14 12:06:06,-7005219.32,0,
PRODUCT_05446,COMP_1091,LOAN_01,loan,Banco Santander Empresas,santander_emp,EUR,2025-03-17 12:06:38,-2800000,-1394692.24,
PRODUCT_05450,COMP_0623,LINEOFCREDIT_04,lineofcredit,Banco Sabadell T. sec - CAL Empresas,sabadell_emp_sec,EUR,2025-04-28 06:33:25,-400000,-192924.4,207075.6
PRODUCT_05451,COMP_0271,LINEOFCREDIT_06,lineofcredit,Caixabank Empresas,caixa_emp,EUR,2026-04-13 14:21:18,-2500000,-60188.76,2439811.24
PRODUCT_05457,COMP_0169,LINEOFCREDIT_04,lineofcredit,Banco Santander Empresas,santander_emp,EUR,2025-05-13 10:44:02,-100000,0,100000
PRODUCT_05460,COMP_0653,LOAN_79,loan,Other (customer-defined),custom,EUR,2025-08-28 08:26:27,-30000,0,
PRODUCT_05463,COMP_0210,LOAN_03,loan,Banco Sabadell T. sec - CAL Empresas,sabadell_emp_sec,EUR,2025-10-21 10:31:27,-310045.22,-265753.22,
PRODUCT_05466,COMP_0332,MORTGAGE_25,mortgage,Caixabank Empresas,caixa_emp,EUR,2026-02-19 17:55:36,-6962.93,-6707.79,
PRODUCT_05467,COMP_0750,LOAN_01,loan,Caixabank Empresas,caixa_emp,EUR,2025-05-22 15:05:27,-76807.68,-23657.17,
PRODUCT_05468,COMP_1036,LEASING_14,leasing,Banco Sabadell Empresas,sabadell_emp,EUR,2026-08-21 12:20:21,-506000,-184605.67,
PRODUCT_05470,COMP_0074,LOAN_04,loan,Bankinter Empresas,bankinter_emp,EUR,2025-03-20 14:44:08,-1242477.11,-1135531.47,
PRODUCT_05471,COMP_0630,CONFIRMING_01,confirming,Caixabank Empresas,caixa_emp,EUR,2026-02-13 10:38:01,,0,
PRODUCT_05472,COMP_0885,LOAN_01,loan,Caixabank,caixa_emp,EUR,2023-05-30 14:09:02,-200000,-92395.37,223.52
PRODUCT_05473,COMP_1036,LEASING_15,leasing,Banco Sabadell Empresas,sabadell_emp,EUR,2026-08-26 10:57:53,-1085000,-547464.59,
PRODUCT_05478,COMP_0471,LOAN_05,loan,BBVA,bbva_emp,EUR,2024-02-27 14:38:15,-255851.2,0,223.52
PRODUCT_05481,COMP_1037,MORTGAGE_02,mortgage,Banca March,bancamarch,EUR,2025-09-18 08:32:08,-10524.78,0,
PRODUCT_05485,COMP_1272,LOAN_10,loan,Banco Santander Empresas,santander_emp,EUR,2026-03-24 12:05:11,-979219,-903894,
PRODUCT_05487,COMP_0919,LINEOFCREDIT_06,lineofcredit,Banco Santander Empresas,santander_emp,EUR,2025-11-03 10:37:28,,0,
PRODUCT_05488,COMP_0248,LEASING_08,leasing,Banco Santander Empresas,santander_emp,EUR,2025-11-13 11:42:20,-16033.06,-4542.52,
PRODUCT_05493,COMP_0952,CONFIRMING_01,confirming,Caixabank Empresas,caixa_emp,EUR,2025-03-17 16:45:00,-100000,-743.92,99256.08
PRODUCT_05499,COMP_0207,LEASING_01,leasing,Bankinter Empresas,bankinter_emp,EUR,2026-03-10 08:20:25,-441049.98,-167016.66,
PRODUCT_05501,COMP_0919,LINEOFCREDIT_07,lineofcredit,Banco Santander Empresas,santander_emp,EUR,2025-11-03 10:37:28,-500000,-499332.79,667.21
PRODUCT_05507,COMP_0138,LOAN_03,loan,BBVA,bbva_emp,EUR,2024-03-11 11:08:53,-90000,223.52,223.52
PRODUCT_05514,COMP_1204,LINEOFCREDIT_01,lineofcredit,BBVA Net Cash Empresas,bbva_emp,EUR,2026-02-18 11:46:15,-200000,37204.23,237204.23
PRODUCT_05516,COMP_0183,LINEOFCREDIT_01,lineofcredit,BBVA Net Cash Empresas,bbva_emp,EUR,2025-11-26 07:47:00,-300000,626.3,300626.3
PRODUCT_05520,COMP_0119,LOAN_01,loan,Caixabank Empresas,caixa_emp,EUR,2026-03-13 09:31:21,-519493.67,-354491.05,
PRODUCT_05526,COMP_0402,LINEOFCREDIT_02,lineofcredit,BBVA Net Cash Empresas,bbva_emp,EUR,2025-07-29 11:19:21,-200000,-197028.35,2971.65
PRODUCT_05536,COMP_0087,LOAN_19,loan,Banco Santander Empresas,santander_emp,EUR,2025-05-15 07:26:10,-299682,0,
PRODUCT_05539,COMP_0444,CONFIRMING_05,confirming,BBVA Net Cash Empresas,bbva_emp,EUR,2026-03-12 11:17:20,-2000000,-1093756.55,906243.45
PRODUCT_05542,COMP_0466,LOAN_02,loan,Banco Santander Empresas,santander_emp,EUR,2025-03-12 15:37:14,-1000000,-68750.26,
PRODUCT_05544,COMP_1036,CONFIRMING_07,confirming,BBVA Net Cash Empresas,bbva_emp,EUR,2026-07-13 12:47:50,,0,
PRODUCT_05548,COMP_1036,LEASING_16,leasing,Banco Sabadell Empresas,sabadell_emp,EUR,2026-08-27 12:42:01,-547000,-474893.43,
PRODUCT_05549,COMP_0696,CONFIRMING_03,confirming,BBVA,bbva_emp,EUR,2026-02-11 11:19:13,-1400000,0,1400000
PRODUCT_05550,COMP_0982,CONFIRMING_04,confirming,Banco Santander Empresas,santander_emp,EUR,2025-03-25 10:18:18,-200000,-184052.63,15947.37
PRODUCT_05551,COMP_0803,LOAN_22,loan,Laboral Kutxa,cajalaboral_emp,EUR,2023-10-23 10:53:49,-259552.81,0,223.52
PRODUCT_05553,COMP_0351,LINEOFCREDIT_06,lineofcredit,Banco Sabadell Empresas,sabadell_emp,EUR,2026-07-07 11:04:45,,0,
PRODUCT_05557,COMP_0653,LOAN_80,loan,Other (customer-defined),custom,EUR,2025-08-27 11:10:02,-100000,0,
PRODUCT_05560,COMP_0351,LINEOFCREDIT_07,lineofcredit,Banco Santander Empresas,santander_emp,EUR,2026-07-07 10:35:37,-1201768.24,-1201768.24,
PRODUCT_05564,COMP_0550,LINEOFCREDIT_02,lineofcredit,In-house bank,inhousebanking,EUR,2026-07-01 15:13:12,-120000,-120000,
PRODUCT_05569,COMP_1079,LINEOFCREDIT_05,lineofcredit,Caixabank,caixa_emp,EUR,2024-06-11 09:46:40,-100000,438.25,100438.25
PRODUCT_05571,COMP_0888,LOAN_01,loan,Banco Sabadell Empresas,sabadell_emp,EUR,2025-09-17 15:24:52,-100000,-88355.87,
PRODUCT_05573,COMP_1279,LOAN_07,loan,BBVA,bbva_emp,EUR,2024-03-11 11:08:52,-219513.38,0,223.52
PRODUCT_05575,COMP_1169,LEASING_06,leasing,BBVA Net Cash Empresas,bbva_emp,EUR,2025-11-13 10:21:39,-20015.89,-11386.46,
PRODUCT_05578,COMP_0332,MORTGAGE_26,mortgage,Caixabank Empresas,caixa_emp,EUR,2026-02-19 18:19:20,-198416.18,-191145.87,
PRODUCT_05580,COMP_0444,CONFIRMING_06,confirming,Bankinter Empresas,bankinter_emp,EUR,2026-07-14 14:42:01,-1,0,1
PRODUCT_05581,COMP_0866,LINEOFCREDIT_01,lineofcredit,Banco Santander Empresas,santander_emp,EUR,2025-02-12 15:38:53,-495000,-435614.99,59385.01
PRODUCT_05583,COMP_0721,LOAN_07,loan,Banco Santander Empresas,santander_emp,EUR,2026-02-17 16:29:56,-42908.76,-29553.01,
PRODUCT_05586,COMP_0982,CONFIRMING_05,confirming,Banco Santander Empresas,santander_emp,EUR,2025-03-25 10:18:18,-200000,0,200000
PRODUCT_05588,COMP_0009,LOAN_02,loan,BBVA Net Cash Empresas,bbva_emp,EUR,2025-10-01 14:58:07,-7000000,-7000000,
PRODUCT_05589,COMP_0653,LOAN_81,loan,Other (customer-defined),custom,EUR,2025-10-22 13:03:34,-100000,-100000,
PRODUCT_05590,COMP_1036,CONFIRMING_08,confirming,Banco Santander Empresas,santander_emp,EUR,2026-07-13 10:26:13,-2500000,0,2500000
PRODUCT_05595,COMP_0893,LINEOFCREDIT_03,lineofcredit,Caixabank Empresas,caixa_emp,EUR,2026-03-03 11:19:27,-1100000,-912257.97,187742.03
PRODUCT_05597,COMP_0956,GUARANTEE_10,guarantee,Banco Sabadell Empresas,sabadell_emp,EUR,2026-04-29 11:25:16,-5506,-5506,
PRODUCT_05599,COMP_1169,GUARANTEE_02,guarantee,BBVA Net Cash Empresas,bbva_emp,EUR,2025-11-06 10:52:43,-1200000,-702483.93,
PRODUCT_05604,COMP_0007,GUARANTEE_02,guarantee,BBVA Net Cash Empresas,bbva_emp,EUR,2026-03-26 10:16:59,-200000,-47724.91,
PRODUCT_05609,COMP_0515,LOAN_03,loan,BBVA Net Cash Empresas,bbva_emp,EUR,2025-10-21 11:59:56,-303116.33,-303116.33,
PRODUCT_05610,COMP_0058,GUARANTEE_01,guarantee,Cajamar,cajamar,EUR,2026-04-13 16:56:49,,-288600,
PRODUCT_05615,COMP_0653,LOAN_82,loan,Other (customer-defined),custom,EUR,2025-08-27 13:55:20,-50000,0,
PRODUCT_05619,COMP_0928,LOAN_06,loan,Other (customer-defined),custom,EUR,2025-10-08 15:35:17,-65656,-16414,
PRODUCT_05623,COMP_0956,GUARANTEE_11,guarantee,Banco Sabadell Empresas,sabadell_emp,EUR,2026-04-29 11:25:16,-5026.74,-5026.74,
PRODUCT_05631,COMP_0909,LINEOFCREDIT_08,lineofcredit,RuralVia Empresas,ruralvia_emp,EUR,2025-02-04 15:07:41,-1500000,814.9,1500814.9
PRODUCT_05632,COMP_0965,LINEOFCREDIT_02,lineofcredit,BBVA Net Cash Empresas,bbva_emp,EUR,2026-05-13 16:04:04,-7000000,131758.32,7131758.32
PRODUCT_05645,COMP_0567,LOAN_04,loan,Caixabank Empresas,caixa_emp,EUR,2025-07-09 10:32:16,-75000,-3338.8,
PRODUCT_05649,COMP_1169,GUARANTEE_03,guarantee,Bankinter Empresas,bankinter_emp,EUR,2025-11-06 09:56:35,,-645608.28,
PRODUCT_05650,COMP_0447,LINEOFCREDIT_08,lineofcredit,Banco Santander Empresas,santander_emp,EUR,2025-09-15 09:24:19,-3000,-1633.49,1366.51
PRODUCT_05651,COMP_0058,LOAN_10,loan,BBVA Net Cash Empresas,bbva_emp,EUR,2026-06-10 08:34:25,-1000000,-954410.09,
PRODUCT_05652,COMP_0909,CONFIRMING_10,confirming,RuralVia Empresas,ruralvia_emp,EUR,2025-02-04 15:07:41,-500000,0,500000
PRODUCT_05653,COMP_0420,LOAN_04,loan,Abanca Empresas,abanca_emp,EUR,2026-05-20 10:47:44,-759384.44,-710970.6,
PRODUCT_05657,COMP_0798,LEASING_06,leasing,Eurocaja Rural Empresas,eurocajarural_emp,EUR,2025-09-11 15:00:12,-23084.53,-3478.31,
PRODUCT_05663,COMP_0101,LOAN_04,loan,Caixabank Empresas,caixa_emp,EUR,2026-01-12 15:57:57,-302396.63,-217431.56,
PRODUCT_05669,COMP_1038,LOAN_06,loan,Caixabank Empresas,caixa_emp,EUR,2025-09-18 07:41:14,-1286644.73,0,
PRODUCT_05670,COMP_0286,LOAN_02,loan,Banco Santander Empresas,santander_emp,EUR,2026-05-29 08:31:06,-136000,-18542.7,
PRODUCT_05676,COMP_0180,LOAN_12,loan,Caixabank,caixa_emp,EUR,2024-04-02 07:17:30,-702787.58,-403322.11,
PRODUCT_05678,COMP_0982,LOAN_05,loan,Caixabank Empresas,caixa_emp,EUR,2025-03-25 10:07:20,-1000000,-505869.44,
PRODUCT_05680,COMP_0220,CONFIRMING_07,confirming,Banco Santander Empresas,santander_emp,EUR,2026-01-27 14:19:22,-3200000,0,3200000
PRODUCT_05689,COMP_1169,LOAN_13,loan,Bankinter Empresas,bankinter_emp,EUR,2025-11-27 11:10:36,-142000,0,
PRODUCT_05698,COMP_0051,LINEOFCREDIT_02,lineofcredit,BBVA,bbva_emp,EUR,2024-03-15 09:05:59,-2000000,-1022563.1,977436.9
PRODUCT_05699,COMP_0101,GUARANTEE_01,guarantee,Banco Sabadell Empresas,sabadell_emp,EUR,2024-12-11 14:19:31,-54000,-54000,
PRODUCT_05701,COMP_1230,LINEOFCREDIT_02,lineofcredit,Bankinter Empresas,bankinter_emp,EUR,2025-06-19 10:34:53,-150000,-145074.74,4925.26
PRODUCT_05703,COMP_0058,CONFIRMING_07,confirming,Banco Santander Empresas,santander_emp,EUR,2026-04-13 15:57:08,-3500000,-2118349.74,1381650.26
PRODUCT_05716,COMP_1038,LOAN_07,loan,Abanca Empresas,abanca_emp,EUR,2025-09-09 11:43:52,-226236.23,0,
PRODUCT_05719,COMP_1282,LINEOFCREDIT_03,lineofcredit,BBVA,bbva_emp,EUR,2024-02-13 14:37:50,-415000,0,415000
PRODUCT_05721,COMP_0132,LEASING_01,leasing,BBVA Net Cash Empresas,bbva_emp,EUR,2026-04-29 09:47:40,-198657.26,-181304.57,
PRODUCT_05722,COMP_0074,LOAN_05,loan,Banco Santander Empresas,santander_emp,EUR,2025-03-20 14:03:33,-161703.67,0,
PRODUCT_05723,COMP_0653,LOAN_83,loan,Other (customer-defined),custom,EUR,2025-08-27 10:04:38,-18000,0,
PRODUCT_05724,COMP_0058,LOAN_11,loan,Cajamar,cajamar,EUR,2026-06-09 15:04:00,-2000000,-2000000,
PRODUCT_05728,COMP_0246,LINEOFCREDIT_01,lineofcredit,Banco Sabadell Empresas,sabadell_emp,EUR,2024-01-15 10:15:34,-15000,0,15000
PRODUCT_05731,COMP_0653,LOAN_84,loan,Other (customer-defined),custom,EUR,2025-08-21 14:57:39,0,0,
PRODUCT_05747,COMP_0993,LOAN_02,loan,Bankinter Empresas,bankinter_emp,EUR,2025-10-20 09:22:28,-200000,-23930.17,
PRODUCT_05750,COMP_0825,LEASING_02,leasing,Banca March,bancamarch,EUR,2023-05-12 07:30:16,-65848.8,-33093.79,223.52
PRODUCT_05757,COMP_1046,RENTING_01,renting,Caixabank Empresas,caixa_emp,EUR,2025-04-11 11:33:44,-55721.9,-41148.48,
PRODUCT_05758,COMP_1129,LINEOFCREDIT_02,lineofcredit,Caixabank Empresas,caixa_emp,EUR,2026-02-26 15:36:00,,147338.87,
PRODUCT_05761,COMP_0604,CONFIRMING_02,confirming,Bankinter Empresas,bankinter_emp,EUR,2024-10-23 12:01:21,-3000000,-2999431.53,568.47
PRODUCT_05764,COMP_0477,LINEOFCREDIT_02,lineofcredit,Other (customer-defined),custom,USD,2026-04-09 14:25:39,-4000000,16665.52,4016665.52
PRODUCT_05770,COMP_1275,LOAN_03,loan,Abanca Empresas,abanca_emp,EUR,2026-02-19 13:01:11,-1100000,-509295.8,
PRODUCT_05773,COMP_0491,LOAN_05,loan,Banco Santander Empresas,santander_emp,EUR,2025-11-17 11:23:15,-60106,0,
PRODUCT_05774,COMP_0517,LOAN_03,loan,BBVA Net Cash Empresas,bbva_emp,EUR,2025-12-18 12:06:44,-6261.99,-4120.77,
PRODUCT_05785,COMP_0639,LINEOFCREDIT_04,lineofcredit,Abanca Empresas,abanca_emp,EUR,2024-11-22 07:43:11,0,109577.77,
PRODUCT_05786,COMP_0351,LOAN_03,loan,Banca March,bancamarch,EUR,2026-07-14 07:49:44,,-311575.55,
PRODUCT_05789,COMP_0351,LINEOFCREDIT_08,lineofcredit,Caixabank,caixa,EUR,2026-06-26 10:31:27,-15000000,-8899004.26,6100995.74
PRODUCT_05793,COMP_0577,LINEOFCREDIT_01,lineofcredit,Bankinter Empresas,bankinter_emp,EUR,2025-05-22 14:44:52,-250000,0,250000
PRODUCT_05794,COMP_0597,LINEOFCREDIT_04,lineofcredit,Cajamar,cajamar,EUR,2025-10-30 09:06:25,-1800000,-1517088.3,282911.7
PRODUCT_05796,COMP_0827,LOAN_02,loan,Caixabank,caixa_emp,EUR,2023-01-18 19:06:36,-250000,-2061.8,223.52
PRODUCT_05798,COMP_1169,LEASING_07,leasing,Caixabank Empresas,caixa_emp,EUR,2025-11-06 11:43:35,-21246.66,-471.16,
PRODUCT_05805,COMP_0351,LINEOFCREDIT_09,lineofcredit,Banco Santander Empresas,santander_emp,EUR,2026-07-07 10:35:37,-753498.06,-753498.06,
PRODUCT_05806,COMP_0928,LINEOFCREDIT_04,lineofcredit,Bankinter Empresas,bankinter_emp,EUR,2025-07-29 11:35:41,-300000,0,300000
PRODUCT_05808,COMP_0087,LOAN_20,loan,Cajamar,cajamar,EUR,2026-05-27 07:52:06,-10000000,-10000000,
PRODUCT_05809,COMP_0702,LOAN_01,loan,Caisse d Epargne Bretagne-Pays De Loire,caisse-d-epargne-bretagne-pays-de-loire,EUR,2026-03-16 14:37:04,-25399.36,0,
PRODUCT_05811,COMP_1038,LEASING_05,leasing,BBVA Net Cash Empresas,bbva_emp,EUR,2026-08-19 16:51:38,-303130,-298763.05,
PRODUCT_05813,COMP_0653,LOAN_85,loan,Other (customer-defined),custom,EUR,2025-08-22 09:36:10,-257000,0,
PRODUCT_05814,COMP_0568,LINEOFCREDIT_03,lineofcredit,Banco Sabadell Empresas,sabadell_emp,EUR,2025-03-12 11:48:57,-400000,0,400000
PRODUCT_05817,COMP_0058,LEASING_06,leasing,Caixabank Empresas,caixa_emp,EUR,2026-05-26 09:51:48,-3015600,-3015600,
PRODUCT_05818,COMP_1272,LINEOFCREDIT_04,lineofcredit,Caixabank Empresas,caixa_emp,EUR,2026-03-05 14:00:39,-200000,-33660.54,166339.46
PRODUCT_05824,COMP_0471,LOAN_06,loan,Caixabank,caixa_emp,EUR,2024-02-27 14:48:01,-96714.77,0,
PRODUCT_05828,COMP_0524,LOAN_07,loan,Banco Santander Empresas,santander_emp,EUR,2026-07-01 19:08:16,-1000000,-540496.09,
PRODUCT_05832,COMP_0686,RENTING_07,renting,Banco Santander Empresas,santander_emp,EUR,2024-09-05 15:47:32,-4066.3,0,
PRODUCT_05836,COMP_0074,LINEOFCREDIT_04,lineofcredit,BBVA Net Cash Empresas,bbva_emp,EUR,2025-03-18 13:08:09,-500000,-261939.55,238060.45
PRODUCT_05841,COMP_0254,LOAN_01,loan,Banco Santander,santander_emp,EUR,2023-07-11 10:01:17,-199999.97,-71780.56,223.52
PRODUCT_05844,COMP_0861,LOAN_08,loan,Caixabank Empresas,caixa_emp,EUR,2025-10-15 13:12:52,-150000,-122208.69,
PRODUCT_05846,COMP_1036,LEASING_17,leasing,iberCaja,ibercaja,EUR,2026-07-24 10:23:21,-1019460.16,-589606.9,
PRODUCT_05850,COMP_0788,GUARANTEE_01,guarantee,Banco Sabadell,sabadell_emp,EUR,2024-04-17 15:31:23,,223.52,223.52
PRODUCT_05852,COMP_1038,GUARANTEE_03,guarantee,Bankinter Empresas,bankinter_emp,EUR,2025-09-09 11:42:18,-4761.6,-75238.4,
PRODUCT_05857,COMP_1267,LOAN_13,loan,Caixabank Empresas,caixa_emp,EUR,2026-06-09 09:26:02,-9658.93,-9203.73,
PRODUCT_05858,COMP_0683,LINEOFCREDIT_04,lineofcredit,Caixabank Empresas,caixa_emp,EUR,2026-03-18 15:07:21,-750000,-572972.42,177027.58
PRODUCT_05863,COMP_0909,CONFIRMING_11,confirming,Bankinter,bankinter_emp,EUR,2024-04-03 07:31:38,-1000000,-629100.87,370899.13
PRODUCT_05865,COMP_0385,LINEOFCREDIT_02,lineofcredit,BBVA Net Cash Empresas,bbva_emp,EUR,2025-07-15 14:00:35,-1500000,-107965,1392035
PRODUCT_05870,COMP_0803,LOAN_23,loan,Other (customer-defined),custom,EUR,2024-01-24 12:03:41,-6500000,-6500000,223.52
PRODUCT_05872,COMP_0803,LOAN_24,loan,Banco Santander,santander_emp,EUR,2023-10-23 10:45:54,-8855.28,0,223.52
PRODUCT_05877,COMP_0877,LINEOFCREDIT_05,lineofcredit,Banco Santander Empresas,santander_emp,EUR,2025-10-06 15:22:31,-150000,1261,151261
PRODUCT_05878,COMP_0550,LINEOFCREDIT_03,lineofcredit,In-house bank,inhousebanking,EUR,2026-07-14 09:35:52,-300000,-300000,
PRODUCT_05879,COMP_0829,LOAN_03,loan,Caixabank,caixa_emp,EUR,2024-07-23 14:12:10,-937499.94,0,
PRODUCT_05882,COMP_0203,LINEOFCREDIT_01,lineofcredit,Caixabank,caixa_emp,EUR,2023-09-14 10:20:02,-600000,233412.97,833412.97
PRODUCT_05884,COMP_0875,LINEOFCREDIT_04,lineofcredit,BBVA,bbva_emp,EUR,2026-07-02 07:21:42,-50000,32.78,50032.78
PRODUCT_05887,COMP_0898,LINEOFCREDIT_02,lineofcredit,Banco Santander Empresas,santander_emp,EUR,2026-03-05 12:23:33,-500000,-207762.95,292237.05
PRODUCT_05896,COMP_0138,LOAN_04,loan,Bankinter,bankinter_emp,EUR,2024-03-11 11:58:24,-78019.55,-48951.17,223.52
PRODUCT_05903,COMP_1012,LOAN_05,loan,Other (customer-defined),custom,EUR,2026-02-12 15:19:39,-300000,-112500,
PRODUCT_05904,COMP_0351,LOAN_04,loan,Caixabank,caixa,EUR,2026-06-26 10:31:27,-3000000,-2259103.44,
PRODUCT_05917,COMP_0825,LOAN_20,loan,BBVA Net Cash Empresas,bbva_emp,EUR,2023-05-08 07:20:56,-38554.48,223.52,223.52
PRODUCT_05926,COMP_0123,LOAN_03,loan,RuralVia Empresas,ruralvia_emp,EUR,2025-02-28 08:23:10,-1444786.12,0,
PRODUCT_05930,COMP_0861,LOAN_09,loan,Caixabank Empresas,caixa_emp,EUR,2025-10-15 13:12:52,-610000,-243999.84,
PRODUCT_05931,COMP_1038,LEASING_06,leasing,Banco Santander Empresas,santander_emp,EUR,2026-05-21 19:23:55,-220000,-204204.67,
PRODUCT_05934,COMP_0101,LOAN_05,loan,Caixabank Empresas,caixa_emp,EUR,2026-01-12 16:18:49,-331479.92,-241312.73,
PRODUCT_05936,COMP_0793,LINEOFCREDIT_03,lineofcredit,Banco Santander Empresas,santander_emp,EUR,2026-03-16 15:13:46,-200000,0,200000
PRODUCT_05945,COMP_0653,LOAN_86,loan,Other (customer-defined),custom,EUR,2025-08-22 10:39:44,-150000,0,
PRODUCT_05946,COMP_0269,CONFIRMING_07,confirming,A+ Federal Credit Union,ins_131862,EUR,2025-10-09 08:13:41,-20000,10000,30000
PRODUCT_05948,COMP_0888,LOAN_02,loan,Banco Sabadell Empresas,sabadell_emp,EUR,2026-02-18 12:21:39,-100000,-85000,
PRODUCT_05951,COMP_0007,LOAN_17,loan,Bankinter Empresas,bankinter_emp,EUR,2026-03-19 16:13:24,-201946.31,0,
PRODUCT_05954,COMP_0250,LOAN_02,loan,Banco Santander Empresas,santander_emp,EUR,2024-10-16 14:52:36,-1117909.52,-175549.88,
PRODUCT_05956,COMP_0875,LINEOFCREDIT_05,lineofcredit,Caixabank,caixa_emp,EUR,2024-06-11 09:52:09,-100000,32078.51,132078.51
PRODUCT_05962,COMP_0919,FACTORING_01,factoring,Bankinter Empresas,bankinter_emp,EUR,2025-11-03 11:40:52,-4000000,0,4000000
PRODUCT_05969,COMP_0909,GUARANTEE_17,guarantee,CajaSur,cajasur,EUR,2025-01-29 10:28:11,2000000,-1750098.7,
PRODUCT_05971,COMP_0065,FACTORING_01,factoring,Banco Santander,santander_emp,EUR,2025-10-22 11:21:20,-800000,0,800000
PRODUCT_05978,COMP_0447,LEASING_01,leasing,Banco Santander Empresas,santander_emp,EUR,2025-09-16 15:54:47,-881582.44,-786886.51,
PRODUCT_05979,COMP_0402,LINEOFCREDIT_03,lineofcredit,Bankinter Empresas,bankinter_emp,EUR,2025-07-29 14:17:31,-500000,-499803.45,196.55
PRODUCT_05985,COMP_0745,LOAN_09,loan,Laboral Kutxa Empresas,cajalaboral_emp,EUR,2026-03-13 11:59:32,-339456.59,-325307.24,
PRODUCT_05989,COMP_0007,LINEOFCREDIT_04,lineofcredit,Banco Sabadell T. sec - CAL Empresas,sabadell_emp_sec,EUR,2026-03-11 08:04:50,-500000,-508.22,499491.78
PRODUCT_05994,COMP_0248,LOAN_17,loan,Bankinter Empresas,bankinter_emp,EUR,2026-05-25 11:19:08,-25000,0,
PRODUCT_06006,COMP_0909,LINEOFCREDIT_09,lineofcredit,Caixabank,caixa_emp,EUR,2025-02-05 09:05:27,-3000000,8078.15,3008078.15
PRODUCT_06010,COMP_0444,GUARANTEE_06,guarantee,Banco Sabadell Empresas,sabadell_emp,EUR,2026-03-13 12:08:09,-11793.53,-11793.53,
PRODUCT_06011,COMP_1284,MORTGAGE_13,mortgage,Caixabank Empresas,caixa_emp,EUR,2026-02-19 16:41:05,-4914.12,-4746.68,
PRODUCT_06012,COMP_1204,LINEOFCREDIT_02,lineofcredit,Banco Sabadell Empresas,sabadell_emp,EUR,2026-02-18 14:18:03,-150000,421930.06,571930.06
PRODUCT_06019,COMP_0970,LINEOFCREDIT_02,lineofcredit,Banco Santander Empresas,santander_emp,EUR,2026-03-05 12:27:42,-500000,-474884.77,25115.23
PRODUCT_06021,COMP_0919,CONFIRMING_12,confirming,Banco Santander Empresas,santander_emp,EUR,2025-11-03 10:37:28,-1250000,0,1250000
PRODUCT_06023,COMP_0604,CONFIRMING_03,confirming,RuralVia Empresas,ruralvia_emp,EUR,2024-10-25 09:51:21,-2200000,0,2200000
PRODUCT_06028,COMP_0696,LINEOFCREDIT_05,lineofcredit,Banco Sabadell,sabadell_emp,EUR,2024-06-17 14:23:36,-1500000,-480699.32,1019300.68
PRODUCT_06029,COMP_1036,GUARANTEE_04,guarantee,Bankinter Empresas,bankinter_emp,EUR,2026-07-13 10:49:58,,0,
PRODUCT_06030,COMP_0235,LEASING_24,leasing,Caisse d Epargne Hauts de France,caisse-d-epargne-hauts-de-france,EUR,2026-01-20 16:52:29,-56159.71,-32677.46,
PRODUCT_06031,COMP_0597,LOAN_10,loan,Caixabank Empresas,caixa_emp,EUR,2025-11-06 13:08:12,-274837.5,-213762.5,
PRODUCT_06033,COMP_1045,LINEOFCREDIT_01,lineofcredit,Banco Santander,santander_emp,EUR,2024-05-10 09:49:27,-34450,-34105.5,344.5
PRODUCT_06037,COMP_0195,CONFIRMING_02,confirming,Bankinter Empresas,bankinter_emp,EUR,2025-05-28 09:19:23,-3000000,0,3000000
PRODUCT_06043,COMP_0456,LOAN_02,loan,Other (customer-defined),custom,EUR,2025-10-15 15:32:31,-452210.9,-452210.86,
PRODUCT_06046,COMP_0369,LINEOFCREDIT_02,lineofcredit,In-house bank,inhousebanking,EUR,2026-07-15 07:53:09,-200000,-200000,
PRODUCT_06047,COMP_0965,LEASING_14,leasing,BBVA Net Cash Empresas,bbva_emp,EUR,2026-06-05 11:09:16,-9394397.29,-9156115.19,
PRODUCT_06052,COMP_0653,LOAN_87,loan,Other (customer-defined),custom,EUR,2025-10-22 13:06:56,-40700,-40700,
PRODUCT_06054,COMP_0928,LOAN_07,loan,Caixabank Empresas,caixa_emp,EUR,2025-09-25 08:22:54,-215277.79,-138888.9,
PRODUCT_06055,COMP_1107,LOAN_03,loan,Banco Santander Empresas,santander_emp,EUR,2025-03-17 16:57:43,-212000,-129575.02,
PRODUCT_06062,COMP_1036,LEASING_18,leasing,Banco Sabadell Empresas,sabadell_emp,EUR,2026-08-21 11:58:57,-495000,-118250.8,
PRODUCT_06063,COMP_1036,LEASING_19,leasing,Banco Sabadell Empresas,sabadell_emp,EUR,2026-08-27 11:57:49,-1057940,-890459.24,
PRODUCT_06064,COMP_0764,LOAN_01,loan,Bankinter Empresas,bankinter_emp,EUR,2024-07-30 12:24:20,-1200000,0,
PRODUCT_06067,COMP_0653,LOAN_88,loan,Other (customer-defined),custom,EUR,2025-07-31 07:54:01,-316000,0,
PRODUCT_06075,COMP_0007,LOAN_18,loan,Other (customer-defined),custom,EUR,2026-03-31 09:08:37,-344842.76,-138632.65,
PRODUCT_06080,COMP_0007,LINEOFCREDIT_05,lineofcredit,Bankinter Empresas,bankinter_emp,USD,2026-08-17 09:50:17,-1,-367029.62,
PRODUCT_06081,COMP_1171,FACTORING_01,factoring,Banco Santander,santander_emp,EUR,2025-10-22 11:23:26,-800000,-120375.26,679624.74
PRODUCT_06086,COMP_0803,LOAN_25,loan,Bankinter,bankinter_emp,EUR,2023-12-18 12:09:55,-324498,0,223.52
PRODUCT_06090,COMP_0365,LOAN_08,loan,BNP Paribas - Mabanque Corporate,mabanque-corporate,EUR,2026-05-05 07:27:24,-28162.6,0,
PRODUCT_06095,COMP_0686,CONFIRMING_04,confirming,Bankinter,bankinter_emp,EUR,2024-06-26 13:50:13,-250000,-151834.91,98165.09
PRODUCT_06096,COMP_0798,LEASING_07,leasing,BBVA Net Cash Empresas,bbva_emp,EUR,2025-11-06 12:47:34,-66042.56,0,
PRODUCT_06097,COMP_0942,GUARANTEE_04,guarantee,Banco Santander,santander_emp,EUR,2026-05-13 10:30:38,,-20000,
PRODUCT_06098,COMP_0040,LOAN_01,loan,Banco Sabadell Empresas,sabadell_emp,EUR,2026-03-10 13:40:38,-22615225.39,-21741282.47,
PRODUCT_06105,COMP_1012,LOAN_06,loan,Other (customer-defined),custom,EUR,2026-02-18 11:37:37,-499999.92,-249999.96,
PRODUCT_06110,COMP_1038,LOAN_08,loan,Cajamar,cajamar,EUR,2025-09-09 11:51:05,-437573.86,-329762.56,
PRODUCT_06112,COMP_0074,LOAN_06,loan,Bankinter Empresas,bankinter_emp,EUR,2025-07-08 08:43:20,-393866.17,-311836.85,
PRODUCT_06116,COMP_0956,GUARANTEE_12,guarantee,Banco Sabadell Empresas,sabadell_emp,EUR,2026-04-29 11:25:16,-34009.79,-34009.79,
PRODUCT_06119,COMP_0825,LOAN_21,loan,BBVA Net Cash Empresas,bbva_emp,EUR,2023-05-08 07:20:56,-40590.61,223.52,223.52
PRODUCT_06126,COMP_0216,LINEOFCREDIT_01,lineofcredit,Banco Sabadell Empresas,sabadell_emp,EUR,2025-10-08 11:17:56,-450000,45000.48,495000.48
PRODUCT_06133,COMP_1036,LEASING_20,leasing,Caixabank Empresas,caixa_emp,EUR,2026-08-21 09:48:31,-423324.4,-92087.15,
PRODUCT_06135,COMP_0246,LINEOFCREDIT_02,lineofcredit,Banco Sabadell Empresas,sabadell_emp,EUR,2024-01-15 10:15:34,-166000,-211083.48,50335.37
PRODUCT_06136,COMP_0248,LEASING_09,leasing,BBVA Net Cash Empresas,bbva_emp,EUR,2025-11-13 11:37:47,-17975.41,-1979.85,
PRODUCT_06138,COMP_0354,LINEOFCREDIT_01,lineofcredit,BBVA,bbva_emp,EUR,2025-02-27 12:27:37,-500000,0,500000
PRODUCT_06142,COMP_1036,LEASING_21,leasing,Caixabank Empresas,caixa_emp,EUR,2026-08-26 11:17:38,-495000,-269807.64,
PRODUCT_06149,COMP_0956,LOAN_05,loan,Caixabank Empresas,caixa_emp,EUR,2026-04-29 14:49:43,-130000,-3960.13,
PRODUCT_06153,COMP_0140,RENTING_01,renting,Other (customer-defined),custom,EUR,2025-10-07 11:18:50,-8335.84,0,
PRODUCT_06155,COMP_0568,LINEOFCREDIT_04,lineofcredit,Banca March,bancamarch,EUR,2025-04-11 12:12:10,-200000,0,200000
PRODUCT_06156,COMP_0007,LOAN_19,loan,Abanca Empresas,abanca_emp,EUR,2026-03-18 10:00:30,-500000,-175554.08,
PRODUCT_06157,COMP_0653,LOAN_89,loan,Other (customer-defined),custom,EUR,2025-08-27 11:16:49,-250000,0,
PRODUCT_06159,COMP_0909,GUARANTEE_18,guarantee,BBVA,bbva_emp,EUR,2024-04-10 07:53:12,-10000000,-2797832.33,
PRODUCT_06166,COMP_1066,CONFIRMING_02,confirming,Banco Santander Empresas,santander_emp,EUR,2025-10-03 11:15:14,-250000,0,250000
PRODUCT_06169,COMP_1068,LOAN_04,loan,iberCaja,ibercaja,EUR,2026-02-10 12:36:55,-300,0,
PRODUCT_06174,COMP_0653,LOAN_90,loan,Other (customer-defined),custom,EUR,2025-08-27 15:00:15,-100000,0,
PRODUCT_06176,COMP_1053,LINEOFCREDIT_13,lineofcredit,BBVA Net Cash Empresas,bbva_emp,EUR,2026-07-07 11:54:35,-500000,-202536.17,297463.83
PRODUCT_06177,COMP_0929,LOAN_02,loan,BBVA Net Cash Empresas,bbva_emp,EUR,2025-10-17 10:10:14,-100000,-31527.51,
PRODUCT_06179,COMP_0653,LOAN_91,loan,Other (customer-defined),custom,EUR,2025-10-22 11:56:38,-250000,0,
PRODUCT_06180,COMP_0855,GUARANTEE_05,guarantee,Banco Santander Empresas,santander_emp,EUR,2026-08-19 11:57:46,,-15000,
PRODUCT_06182,COMP_0597,LOAN_11,loan,BBVA Net Cash Empresas,bbva_emp,EUR,2025-11-06 10:18:46,-380493.72,-243158.19,
PRODUCT_06189,COMP_0982,LOAN_06,loan,Banco Sabadell T. sec - CAL Empresas,sabadell_emp_sec,EUR,2025-03-25 10:12:48,-706877.11,-408306.19,
PRODUCT_06193,COMP_0958,LINEOFCREDIT_04,lineofcredit,Banco Santander Empresas,santander_emp,EUR,2025-03-06 15:44:00,-15000,-43.7,14956.3
PRODUCT_06197,COMP_0745,LOAN_10,loan,RuralVia Empresas,ruralvia_emp,EUR,2026-03-17 08:36:27,-714800,-619481.64,
PRODUCT_06204,COMP_1267,LOAN_14,loan,Bankinter Empresas,bankinter_emp,EUR,2025-11-06 09:56:35,-45000,0,
PRODUCT_06207,COMP_0047,CONFIRMING_03,confirming,BBVA Net Cash Empresas,bbva_emp,EUR,2025-09-09 12:41:52,,0,
PRODUCT_06209,COMP_0653,LOAN_92,loan,Other (customer-defined),custom,EUR,2025-08-21 14:25:40,-50000,0,
PRODUCT_06211,COMP_1267,LOAN_15,loan,Caixabank Empresas,caixa_emp,EUR,2026-04-10 13:00:23,-9960.44,-9960.44,
PRODUCT_06213,COMP_0195,CONFIRMING_03,confirming,Abanca Empresas,abanca_emp,EUR,2025-03-06 10:18:23,-4000000,0,
PRODUCT_06215,COMP_0653,LOAN_93,loan,Other (customer-defined),custom,EUR,2025-08-27 13:26:10,-250000,0,
PRODUCT_06217,COMP_0351,LOAN_05,loan,Bankinter Empresas,bankinter_emp,EUR,2026-07-14 07:27:47,-1000000,-503740.6,
PRODUCT_06219,COMP_1191,CONFIRMING_03,confirming,Banco Santander,santander_emp,EUR,2024-07-01 11:58:02,-140000,0,140000
PRODUCT_06222,COMP_0806,CONFIRMING_01,confirming,BBVA Net Cash Empresas,bbva_emp,EUR,2025-09-04 10:01:50,-900000,0,900000
PRODUCT_06223,COMP_1169,LOAN_14,loan,Banco Sabadell T. sec - CAL Empresas,sabadell_emp_sec,EUR,2025-11-13 10:49:58,-100000.3,-30101.12,
PRODUCT_06225,COMP_1169,LOAN_15,loan,Banco Santander Empresas,santander_emp,EUR,2025-11-06 08:24:38,-67000,0,
PRODUCT_06236,COMP_1249,LOAN_05,loan,Caixabank Empresas,caixa_emp,EUR,2025-05-16 11:05:37,-389670.49,-341197.82,
PRODUCT_06237,COMP_0914,LOAN_01,loan,Banco Santander Empresas,santander_emp,EUR,2025-05-09 09:13:21,-200000,-38200.75,
PRODUCT_06239,COMP_0803,LOAN_26,loan,BBVA,bbva_emp,EUR,2024-01-23 16:42:42,-365007.15,0,223.52
PRODUCT_06242,COMP_0956,GUARANTEE_13,guarantee,Banco Sabadell Empresas,sabadell_emp,EUR,2026-04-29 11:25:16,-44993.37,-44993.37,
PRODUCT_06244,COMP_1272,LOAN_11,loan,BBVA Net Cash Empresas,bbva_emp,EUR,2026-03-24 12:15:28,-500000,-473882.98,
PRODUCT_06246,COMP_0235,LEASING_25,leasing,Caisse d Epargne Hauts de France,caisse-d-epargne-hauts-de-france,EUR,2026-01-20 17:25:35,-56159.71,-32677.46,
PRODUCT_06252,COMP_0058,LINEOFCREDIT_03,lineofcredit,Banco Santander Empresas,santander_emp,EUR,2026-04-13 15:57:08,-2500000,-653004.67,1846995.33
PRODUCT_06259,COMP_0576,CONFIRMING_02,confirming,Banco Santander Empresas,santander_emp,EUR,2026-09-04 09:48:11,-4000000,-514607.02,3485392.98
PRODUCT_06262,COMP_0087,LOAN_21,loan,Bankinter Empresas,bankinter_emp,EUR,2025-07-01 11:03:15,-5000000,-2500000,
PRODUCT_06264,COMP_0332,MORTGAGE_27,mortgage,Caixabank Empresas,caixa_emp,EUR,2026-02-19 18:15:27,-50075.4,-48240.54,
PRODUCT_06265,COMP_0919,CONFIRMING_13,confirming,Banco Santander Empresas,santander_emp,EUR,2025-11-03 10:37:28,-1250000,-691198.56,558801.44
PRODUCT_06267,COMP_0597,LOAN_12,loan,Caixabank Empresas,caixa_emp,EUR,2025-11-06 10:53:18,-387500,-262500,
PRODUCT_06271,COMP_0549,GUARANTEE_01,guarantee,Abanca,abanca,EUR,2025-08-25 07:35:46,-700000,0,
PRODUCT_06276,COMP_0100,LOAN_04,loan,BBVA,bbva,EUR,2026-08-18 10:53:21,-3750000,-3750000,
PRODUCT_06280,COMP_0004,CONFIRMING_05,confirming,Bankinter Empresas,bankinter_emp,EUR,2026-08-03 10:18:33,-50000,0,50000
PRODUCT_06282,COMP_0603,LINEOFCREDIT_01,lineofcredit,Kutxabank Empresas,kutxabank_emp,EUR,2026-03-18 14:57:39,-250000,0,250000
PRODUCT_06287,COMP_0850,CONFIRMING_01,confirming,Banco Santander Empresas,santander_emp,EUR,2026-07-13 18:09:07,-200000,0,200000
PRODUCT_06289,COMP_0653,LOAN_94,loan,Other (customer-defined),custom,EUR,2025-08-22 07:41:42,-250000,0,
PRODUCT_06293,COMP_0597,LINEOFCREDIT_05,lineofcredit,BBVA Net Cash Empresas,bbva_emp,EUR,2025-10-30 08:47:26,-2000000,-1728468.93,271531.07
PRODUCT_06298,COMP_0909,LINEOFCREDIT_10,lineofcredit,Caixabank,caixa_emp,EUR,2024-04-04 11:28:20,-17500000,-10609161.56,6890838.44
PRODUCT_06299,COMP_1237,LINEOFCREDIT_01,lineofcredit,Caixabank Empresas,caixa_emp,EUR,2026-04-07 15:13:13,-1500000,1515669.61,3015669.61
PRODUCT_06305,COMP_1191,CONFIRMING_04,confirming,Banco Santander,santander_emp,EUR,2024-07-01 11:58:02,-140000,0,140000
PRODUCT_06308,COMP_0956,GUARANTEE_14,guarantee,Banco Sabadell Empresas,sabadell_emp,EUR,2026-04-29 11:25:16,-6050,-6050,
PRODUCT_06311,COMP_0978,LINEOFCREDIT_02,lineofcredit,Banca March,bancamarch,EUR,2024-09-17 12:48:27,-500000,-22.99,499977.01
PRODUCT_06319,COMP_1133,LOAN_03,loan,Banca Credito Italiano (UniCredit),unicredit,EUR,2025-01-22 14:06:26,-197102.62,-50066.32,
PRODUCT_06322,COMP_0604,LOAN_01,loan,Abanca Empresas,abanca_emp,EUR,2024-10-17 16:01:12,-6500000,-2337234.55,
PRODUCT_06325,COMP_0058,CONFIRMING_08,confirming,Bankinter Empresas,bankinter_emp,EUR,2026-07-28 06:46:19,-500000,-497000,3000
PRODUCT_06329,COMP_0446,LINEOFCREDIT_04,lineofcredit,Bankinter Empresas,bankinter_emp,EUR,2025-12-16 13:16:26,-750000,0,750000
PRODUCT_06331,COMP_0517,LINEOFCREDIT_03,lineofcredit,Caixabank Empresas,caixa_emp,EUR,2025-12-18 12:11:24,-75000,-74480.31,519.69
PRODUCT_06333,COMP_0550,LINEOFCREDIT_04,lineofcredit,In-house bank,inhousebanking,EUR,2026-07-08 12:51:16,-83000,-83000,
PRODUCT_06335,COMP_1047,LOAN_01,loan,iberCaja,ibercaja,EUR,2026-07-16 13:02:18,,-870033.79,
PRODUCT_06336,COMP_0180,LOAN_13,loan,Banco Santander,santander_emp,EUR,2025-03-27 15:07:02,-7810.99,0,
PRODUCT_06342,COMP_0919,LINEOFCREDIT_08,lineofcredit,Caixabank Empresas,caixa_emp,EUR,2025-11-03 10:43:56,-2200000,-2085977.91,114022.09
PRODUCT_06346,COMP_0420,LOAN_05,loan,Abanca Empresas,abanca_emp,EUR,2026-05-20 11:19:59,-532845.63,-485187.17,
PRODUCT_06347,COMP_0047,GUARANTEE_03,guarantee,Banco Santander Empresas,santander_emp,EUR,2025-09-24 10:14:49,-5930,0,
PRODUCT_06354,COMP_0664,LOAN_05,loan,Bankinter Empresas,bankinter_emp,EUR,2026-03-13 11:43:10,-243626.11,-214822.61,
PRODUCT_06357,COMP_0467,LEASING_01,leasing,Caixabank Empresas,caixa_emp,EUR,2025-06-02 08:40:54,-23414.04,-16883.11,
PRODUCT_06359,COMP_1169,LOAN_16,loan,Banco Santander Empresas,santander_emp,EUR,2026-08-20 06:27:40,-96000,-96000,
PRODUCT_06361,COMP_0004,LOAN_03,loan,Laboral Kutxa Empresas,cajalaboral_emp,EUR,2026-03-13 11:53:53,-154912.88,-111533.89,
PRODUCT_06364,COMP_1053,GUARANTEE_01,guarantee,BBVA Net Cash Empresas,bbva_emp,EUR,2026-07-07 11:54:35,-275000,-196106.8,
PRODUCT_06369,COMP_0326,CONFIRMING_01,confirming,BBVA Net Cash Empresas,bbva_emp,EUR,2026-08-14 09:28:15,-500000,137498.15,637498.15
PRODUCT_06370,COMP_0444,CONFIRMING_07,confirming,Banco Santander Empresas,santander_emp,EUR,2026-03-12 11:20:29,-2000000,0,2000000
PRODUCT_06373,COMP_0919,CONFIRMING_14,confirming,Banco Santander Empresas,santander_emp,EUR,2025-11-03 10:37:28,-1250000,0,1250000
PRODUCT_06376,COMP_0169,LINEOFCREDIT_05,lineofcredit,Banco Santander Empresas,santander_emp,EUR,2026-08-13 08:10:30,-200000,-500,199500
PRODUCT_06390,COMP_0597,LOAN_13,loan,Banco Sabadell Empresas,sabadell_emp,EUR,2025-11-06 13:00:56,-257480.51,-115944.64,
PRODUCT_06392,COMP_0491,LINEOFCREDIT_03,lineofcredit,Banco Santander Empresas,santander_emp,EUR,2024-09-24 11:51:59,-78000,-77374.74,625.26
PRODUCT_06393,COMP_0958,LINEOFCREDIT_05,lineofcredit,Banco Santander Empresas,santander_emp,EUR,2025-03-06 15:44:00,-7000,-2765.99,4234.01
PRODUCT_06401,COMP_0071,LINEOFCREDIT_04,lineofcredit,Banco Santander Empresas,santander_emp,EUR,2025-02-12 16:30:20,-250000,-37229.39,212770.61
PRODUCT_06402,COMP_0982,LINEOFCREDIT_03,lineofcredit,Caixabank Empresas,caixa_emp,EUR,2025-03-25 10:07:20,-500000,-191829.05,308170.95
PRODUCT_06403,COMP_0505,LINEOFCREDIT_04,lineofcredit,Caixabank Empresas,caixa_emp,EUR,2026-07-13 06:25:15,-2000000,0,2000000
PRODUCT_06408,COMP_0087,LOAN_22,loan,Banco Santander Empresas,santander_emp,EUR,2025-02-07 08:14:05,-839025,0,
PRODUCT_06410,COMP_0909,LINEOFCREDIT_11,lineofcredit,Bankinter,bankinter_emp,EUR,2025-04-14 09:11:24,-800000,18399.53,818399.53
PRODUCT_06412,COMP_0653,LOAN_95,loan,Other (customer-defined),custom,EUR,2025-08-22 10:47:36,-300000,0,
PRODUCT_06417,COMP_0653,LOAN_96,loan,Other (customer-defined),custom,EUR,2025-08-28 08:03:19,-110000,0,
PRODUCT_06419,COMP_0653,LOAN_97,loan,Other (customer-defined),custom,EUR,2025-08-27 10:42:20,-45000,0,
PRODUCT_06420,COMP_0351,CONFIRMING_03,confirming,Bankinter Empresas,bankinter_emp,EUR,2026-07-14 07:27:47,-0.01,0,0.01
PRODUCT_06421,COMP_0919,LINEOFCREDIT_09,lineofcredit,Banco Santander Empresas,santander_emp,EUR,2025-11-03 10:37:28,,0,
PRODUCT_06422,COMP_0653,LOAN_98,loan,Other (customer-defined),custom,EUR,2025-08-27 10:39:45,-20000,0,
PRODUCT_06425,COMP_0402,LINEOFCREDIT_04,lineofcredit,Banco Sabadell Empresas,sabadell_emp,EUR,2025-07-29 11:31:06,-4000000,-2999979.62,1000020.38
PRODUCT_06440,COMP_0909,CONFIRMING_12,confirming,Banco Santander,santander_emp,EUR,2024-04-04 08:40:31,-4000000,0,4000000
PRODUCT_06443,COMP_0216,LOAN_06,loan,Abanca Empresas,abanca_emp,EUR,2026-03-04 12:32:46,-5386656.68,-3480615.39,
PRODUCT_06452,COMP_0965,LEASING_15,leasing,BBVA Net Cash Empresas,bbva_emp,EUR,2026-06-17 15:50:46,-2657229.67,-2423044.86,
PRODUCT_06458,COMP_0597,LOAN_14,loan,Caja Rural De Navarra,ruralvia_navarra,EUR,2025-11-06 12:02:54,-96673.42,-86420.69,
PRODUCT_06459,COMP_0495,LOAN_03,loan,Caixabank Empresas,caixa_emp,EUR,2025-12-11 08:58:24,-59941.59,-43028.83,
PRODUCT_06463,COMP_0909,CONFIRMING_13,confirming,Banco Santander,santander_emp,EUR,2024-04-04 08:40:31,-4000000,0,4000000
PRODUCT_06465,COMP_1230,CONFIRMING_02,confirming,Caixabank Empresas,caixa_emp,EUR,2025-06-19 10:31:12,,0,
PRODUCT_06467,COMP_0942,GUARANTEE_05,guarantee,Banco Santander,santander_emp,EUR,2023-09-15 13:33:46,-20000,-20000,223.52
PRODUCT_06476,COMP_0850,LOAN_02,loan,BBVA Net Cash Empresas,bbva_emp,EUR,2026-07-13 15:41:05,-200000,-119211.07,
PRODUCT_06481,COMP_0988,LINEOFCREDIT_03,lineofcredit,Deutsche Bank Empresas,deutschebank_emp,EUR,2026-03-04 08:44:02,-500000,-93786.68,406213.32
PRODUCT_06489,COMP_0447,LINEOFCREDIT_09,lineofcredit,Banco Santander Empresas,santander_emp,EUR,2025-09-15 09:24:19,-4000,0,4000
PRODUCT_06491,COMP_0653,LOAN_99,loan,Other (customer-defined),custom,EUR,2025-08-27 15:15:26,-200000,0,
PRODUCT_06493,COMP_1267,LINEOFCREDIT_01,lineofcredit,Banco Sabadell T. sec - CAL Empresas,sabadell_emp_sec,EUR,2025-11-03 11:22:08,-150000,-122447.5,27552.5
PRODUCT_06496,COMP_0235,LEASING_26,leasing,Caisse d Epargne Hauts de France,caisse-d-epargne-hauts-de-france,EUR,2026-01-20 16:40:50,-44928.24,-27645.12,
PRODUCT_06497,COMP_0919,CONFIRMING_15,confirming,Caixabank Empresas,caixa_emp,USD,2025-11-03 10:43:56,,0,
PRODUCT_06498,COMP_0087,LOAN_23,loan,Banco Santander Empresas,santander_emp,EUR,2026-05-13 11:35:51,-1000000,0,
PRODUCT_06502,COMP_1169,CONFIRMING_01,confirming,Caixabank Empresas,caixa_emp,EUR,2025-11-06 11:08:28,,0,
PRODUCT_06507,COMP_0351,LINEOFCREDIT_10,lineofcredit,Bankinter Empresas,bankinter_emp,EUR,2026-07-14 07:27:47,-1499900,-985353.55,514546.45
PRODUCT_06509,COMP_0471,LINEOFCREDIT_11,lineofcredit,Abanca,abanca_emp,EUR,2024-03-13 12:19:52,-500000,-493852.62,6147.38
PRODUCT_06511,COMP_0909,CONFIRMING_14,confirming,Banco Santander,santander_emp,EUR,2024-04-04 08:40:31,-4000000,0,4000000
PRODUCT_06513,COMP_0956,GUARANTEE_15,guarantee,Banco Sabadell Empresas,sabadell_emp,EUR,2026-04-29 11:25:16,-12150,-12150,
PRODUCT_06514,COMP_1216,CONFIRMING_01,confirming,Banco Sabadell Empresas,sabadell_emp,EUR,2025-10-01 07:47:19,-2000,0,2000
PRODUCT_06517,COMP_0009,LOAN_03,loan,BBVA Net Cash Empresas,bbva_emp,EUR,2025-10-01 16:06:38,-7000000,0,
PRODUCT_06521,COMP_1038,LOAN_09,loan,Abanca Empresas,abanca_emp,EUR,2026-03-20 10:48:49,,0,
PRODUCT_06522,COMP_0696,LINEOFCREDIT_06,lineofcredit,Banca March,bancamarch,EUR,2026-05-11 11:44:08,-1000000,-1363.14,998636.86
PRODUCT_06526,COMP_0169,LOAN_03,loan,Banco Santander Empresas,santander_emp,EUR,2025-05-16 12:16:28,-96666.77,-70000.13,
PRODUCT_06531,COMP_1171,CONFIRMING_07,confirming,Banco Santander,santander_emp,EUR,2024-07-01 11:58:03,-1010000,0,476689.93
PRODUCT_06534,COMP_0604,LOAN_02,loan,Banca March,bancamarch,EUR,2026-07-27 05:38:27,-20000000,-20000000,
PRODUCT_06539,COMP_1038,CONFIRMING_03,confirming,Banco Santander Empresas,santander_emp,EUR,2025-09-09 11:29:48,-10000000,0,10000000
PRODUCT_06540,COMP_1149,LOAN_01,loan,BBVA Net Cash Empresas,bbva_emp,EUR,2025-09-12 08:33:05,-2880000,-936035.61,
PRODUCT_06541,COMP_1038,CONFIRMING_04,confirming,Banco Santander Empresas,santander_emp,EUR,2025-09-09 11:29:48,-10000000,0,10000000
PRODUCT_06542,COMP_0180,LOAN_14,loan,Bankinter,bankinter_emp,EUR,2025-10-06 13:31:27,-450000,0,
PRODUCT_06545,COMP_0568,CONFIRMING_01,confirming,Caixabank Empresas,caixa_emp,EUR,2025-07-03 12:29:31,,0,
PRODUCT_06553,COMP_0743,LINEOFCREDIT_01,lineofcredit,BBVA Net Cash Empresas,bbva_emp,EUR,2025-09-26 11:23:19,-45000,455646.11,500646.11
PRODUCT_06555,COMP_0496,GUARANTEE_01,guarantee,Banco Sabadell Empresas,sabadell_emp,EUR,2024-11-14 17:27:24,-52000,-52000,
PRODUCT_06557,COMP_0004,LINEOFCREDIT_01,lineofcredit,RuralVia Empresas,ruralvia_emp,EUR,2026-03-05 11:14:16,-1000000,218118.56,1218118.56
PRODUCT_06560,COMP_1016,GUARANTEE_01,guarantee,Banco Sabadell Empresas,sabadell_emp,EUR,2026-03-20 13:10:47,-150000,0,
PRODUCT_06562,COMP_0186,LOAN_01,loan,Banco Sabadell T. sec - CAL Empresas,sabadell_emp_sec,EUR,2025-06-18 07:40:29,-500000,-163812.82,
PRODUCT_06563,COMP_0642,GUARANTEE_01,guarantee,BBVA Net Cash Empresas,bbva_emp,EUR,2025-11-19 20:45:42,-130000,-130000,
PRODUCT_06575,COMP_0007,GUARANTEE_03,guarantee,Banco Santander Empresas,santander_emp,EUR,2026-09-04 08:02:52,-500000,-400000,
PRODUCT_06576,COMP_1169,CONFIRMING_02,confirming,Caixabank Empresas,caixa_emp,EUR,2025-11-06 11:08:28,,-1089,
PRODUCT_06581,COMP_0136,LOAN_02,loan,Banco Sabadell T. sec - CAL Empresas,sabadell_emp_sec,EUR,2024-10-11 09:26:38,-500000,-426578.65,
PRODUCT_06583,COMP_1260,LINEOFCREDIT_01,lineofcredit,Banco Santander Empresas,santander_emp,EUR,2026-03-05 12:25:32,-300000,0,307250.43
PRODUCT_06598,COMP_0498,LOAN_03,loan,Caixabank Empresas,caixa_emp,EUR,2026-03-10 09:29:11,-15000000,-13200000,
PRODUCT_06599,COMP_0793,LINEOFCREDIT_04,lineofcredit,RuralVia Empresas,ruralvia_emp,EUR,2026-03-12 09:40:01,-150000,639693.52,789693.52
PRODUCT_06607,COMP_0365,LINEOFCREDIT_01,lineofcredit,Credit Lyonnais Business,creditlyonnais-business,EUR,2026-05-06 08:58:18,-5000000,-4000000,1000000
PRODUCT_06613,COMP_0143,LINEOFCREDIT_01,lineofcredit,Banco Santander Empresas,santander_emp,EUR,2024-09-24 11:51:59,-20500,-21994.11,19528.43
PRODUCT_06617,COMP_0354,CONFIRMING_03,confirming,Banco Santander,santander_emp,EUR,2024-04-11 07:13:23,-4000000,0,4000000
PRODUCT_06623,COMP_1284,MORTGAGE_14,mortgage,Caixabank Empresas,caixa_emp,EUR,2026-02-19 17:04:51,-138504.49,-132966.49,
PRODUCT_06624,COMP_0544,LINEOFCREDIT_01,lineofcredit,Bankinter Empresas,bankinter_emp,EUR,2025-02-19 10:33:57,-1000000,0,1000000
PRODUCT_06628,COMP_0956,GUARANTEE_16,guarantee,Banco Santander Empresas,santander_emp,EUR,2026-04-29 14:43:31,,-27383.75,
PRODUCT_06629,COMP_0906,LINEOFCREDIT_01,lineofcredit,Caixabank Empresas,caixa_emp,EUR,2026-01-08 14:41:29,-50000,12025.32,62025.32
PRODUCT_06634,COMP_1282,LOAN_03,loan,Other (customer-defined),custom,EUR,2024-02-20 11:21:29,,0,
PRODUCT_06635,COMP_0653,LOAN_100,loan,Other (customer-defined),custom,EUR,2025-08-22 08:27:04,-100000,0,
PRODUCT_06638,COMP_0094,LOAN_02,loan,Caixabank,caixa_emp,EUR,2023-12-11 15:29:08,-240000,-5187.74,223.52
PRODUCT_06651,COMP_1068,FACTORING_02,factoring,Unicaja Empresas,unicaja_emp,EUR,2026-02-05 15:48:33,-250,5000,5250
PRODUCT_06652,COMP_0087,LOAN_24,loan,Banco Santander Empresas,santander_emp,EUR,2024-10-18 11:05:51,-4000000,0,
PRODUCT_06654,COMP_0653,LOAN_101,loan,Other (customer-defined),custom,EUR,2025-08-27 11:21:27,-20000,0,
PRODUCT_06657,COMP_0173,LOAN_05,loan,Banco Santander Empresas,santander_emp,EUR,2025-06-19 11:46:16,-362007.47,0,
PRODUCT_06658,COMP_0697,LOAN_03,loan,Credit Du Nord,credit-du-nord,EUR,2024-04-04 14:19:37,-600000,0,223.52
PRODUCT_06663,COMP_0816,LOAN_09,loan,Kutxabank,kutxabank_emp,EUR,2023-05-30 14:36:14,,-10417.02,223.52
PRODUCT_06670,COMP_1038,LEASING_07,leasing,BBVA Net Cash Empresas,bbva_emp,EUR,2026-05-29 13:41:44,-196000,-181390.4,
PRODUCT_06671,COMP_0007,LOAN_20,loan,BBVA Net Cash Empresas,bbva_emp,EUR,2026-06-23 12:00:27,-500000,-473671.03,
PRODUCT_06674,COMP_0969,LINEOFCREDIT_03,lineofcredit,RuralVia,ruralvia_emp,EUR,2024-07-05 09:51:45,-83333.34,-35636.69,47696.65
PRODUCT_06676,COMP_0686,RENTING_08,renting,Banco Santander Empresas,santander_emp,EUR,2024-09-05 15:20:31,-1729.28,0,
PRODUCT_06677,COMP_0491,LOAN_06,loan,Caixabank Empresas,caixa_emp,EUR,2024-09-24 11:07:20,-1656.29,0,
PRODUCT_06680,COMP_0594,LEASING_02,leasing,Caixabank Empresas,caixa_emp,EUR,2025-06-20 08:25:07,-35605,-27335.13,
PRODUCT_06684,COMP_0444,CONFIRMING_08,confirming,Bankinter Empresas,bankinter_emp,EUR,2026-07-14 14:42:01,-2500000,-1697830.53,802169.47
PRODUCT_06686,COMP_0798,LEASING_08,leasing,Eurocaja Rural Empresas,eurocajarural_emp,EUR,2025-09-11 15:00:12,-25184.97,-3795.02,
PRODUCT_06687,COMP_0420,LOAN_06,loan,Caixabank Empresas,caixa_emp,EUR,2026-05-27 16:41:34,-862543.02,-824512.5,
PRODUCT_06688,COMP_0128,LOAN_01,loan,Caixabank Empresas,caixa_emp,EUR,2025-03-18 15:47:10,-30000,-643.52,
PRODUCT_06691,COMP_0400,LINEOFCREDIT_01,lineofcredit,Banco Sabadell T. sec - CAL Empresas,sabadell_emp_sec,EUR,2024-09-17 13:28:16,-300000,0,300000
PRODUCT_06692,COMP_0173,LOAN_06,loan,Deutsche Bank Empresas,deutschebank_emp,EUR,2025-07-03 12:34:34,-1500000,-157526.19,
PRODUCT_06694,COMP_0623,LINEOFCREDIT_05,lineofcredit,Caixabank Empresas,caixa_emp,EUR,2025-04-09 10:47:22,-610000,-609768.65,231.35
PRODUCT_06699,COMP_0100,LOAN_05,loan,Deutsche Bank,deutschebank,EUR,2025-05-19 21:02:12,-15662475.62,-15432861.77,
PRODUCT_06703,COMP_0909,LINEOFCREDIT_12,lineofcredit,iberCaja,ibercaja,EUR,2025-01-29 10:21:55,0,0,
PRODUCT_06707,COMP_0007,LOAN_21,loan,Bankinter Empresas,bankinter_emp,EUR,2026-03-18 15:20:41,-500000,-366501.49,
PRODUCT_06709,COMP_1262,LOAN_02,loan,Banco Sabadell Empresas,sabadell_emp,EUR,2026-04-23 09:24:06,-1095728.13,-1095728.13,
PRODUCT_06716,COMP_1038,LOAN_10,loan,Other (customer-defined),custom,EUR,2026-03-20 09:18:08,-66000,0,
PRODUCT_06717,COMP_0924,LOAN_03,loan,Deutsche Bank (ES) - Empresas,ins_127317,EUR,2025-05-16 06:01:00,-1388822.05,-1017078.21,
PRODUCT_06719,COMP_0047,LOAN_14,loan,Banco Sabadell Empresas,sabadell_emp,EUR,2025-09-09 12:45:09,-154978.58,-109755.11,
PRODUCT_06723,COMP_1279,LINEOFCREDIT_01,lineofcredit,BBVA,bbva_emp,EUR,2024-03-11 11:08:52,-186372.32,0,186372.32
PRODUCT_06728,COMP_0745,LOAN_11,loan,Laboral Kutxa Empresas,cajalaboral_emp,EUR,2026-03-13 11:59:32,-1210092.83,-1189972,
PRODUCT_06730,COMP_1036,LEASING_22,leasing,Banco Sabadell Empresas,sabadell_emp,EUR,2026-08-21 12:19:33,-506000,-184605.67,
PRODUCT_06740,COMP_1272,LINEOFCREDIT_05,lineofcredit,Banco Santander Empresas,santander_emp,EUR,2026-03-05 14:03:23,-150000,-75233.28,74766.72
PRODUCT_06743,COMP_0248,GUARANTEE_04,guarantee,Banco Santander Empresas,santander_emp,EUR,2025-11-06 08:19:09,,-5357.53,
PRODUCT_06746,COMP_0354,LINEOFCREDIT_02,lineofcredit,BBVA,bbva_emp,EUR,2025-06-13 11:23:30,-500000,0,500000
PRODUCT_06751,COMP_1038,LINEOFCREDIT_02,lineofcredit,Banco Santander Empresas,santander_emp,EUR,2025-09-09 11:29:48,-2000,0,2000
PRODUCT_06753,COMP_0793,LOAN_02,loan,RuralVia Empresas,ruralvia_emp,EUR,2026-06-03 09:57:39,-200000,-187652.62,
PRODUCT_06754,COMP_0570,GUARANTEE_01,guarantee,Cajamar,cajamar,EUR,2026-04-07 09:37:08,,-4000000,
PRODUCT_06755,COMP_0550,LINEOFCREDIT_05,lineofcredit,In-house bank,inhousebanking,EUR,2026-07-01 13:32:30,-160250,-160250,
PRODUCT_06757,COMP_0471,LOAN_07,loan,BBVA Net Cash Empresas,bbva_emp,EUR,2025-05-20 15:00:33,-2000000,-1875527.25,
PRODUCT_06758,COMP_0812,GUARANTEE_03,guarantee,Banca March,bancamarch,EUR,2023-04-15 06:22:58,-6010.12,-6010.12,223.52
PRODUCT_06759,COMP_0173,LOAN_07,loan,Banco Santander Empresas,santander_emp,EUR,2026-01-28 12:01:04,-137992.53,-63930.19,
PRODUCT_06760,COMP_0909,GUARANTEE_19,guarantee,Banco Santander,santander_emp,EUR,2024-04-04 08:40:31,-2800000,-2797832.33,223.52
PRODUCT_06761,COMP_0181,GUARANTEE_01,guarantee,Banco Sabadell,sabadell_emp,EUR,2024-04-17 15:33:27,-475000,-163300,223.52
PRODUCT_06765,COMP_0956,GUARANTEE_17,guarantee,Banco Sabadell Empresas,sabadell_emp,EUR,2026-04-29 11:25:16,-4132.23,-4132.23,
PRODUCT_06766,COMP_1002,LINEOFCREDIT_01,lineofcredit,Banco Santander Empresas,santander_emp,EUR,2026-09-15 14:14:53,-600000,-300000,300000
PRODUCT_06768,COMP_1012,LOAN_07,loan,Other (customer-defined),custom,EUR,2026-02-18 12:19:34,-499999.92,-333333.28,
PRODUCT_06769,COMP_1134,LOAN_01,loan,Caixabank,caixa_emp,EUR,2024-03-11 12:06:17,-6912.88,-2437.07,223.52
PRODUCT_06780,COMP_0023,LINEOFCREDIT_03,lineofcredit,In-house bank,inhousebanking,EUR,2026-08-26 13:08:37,,0,
PRODUCT_06781,COMP_1106,LINEOFCREDIT_02,lineofcredit,Caixabank,caixa,EUR,2026-05-26 14:33:56,-600000,-595926.64,4073.36
PRODUCT_06788,COMP_0505,LOAN_03,loan,Banco Santander Empresas,santander_emp,EUR,2026-07-13 06:12:55,-1500000,-221373.85,
PRODUCT_06789,COMP_0647,LINEOFCREDIT_01,lineofcredit,Banco Sabadell Empresas,sabadell_emp,EUR,2024-09-23 15:13:50,-30000,0,30000
PRODUCT_06793,COMP_0686,LOAN_05,loan,Banco Santander,santander_emp,EUR,2024-07-01 11:58:04,-54608.44,0,
PRODUCT_06798,COMP_0909,CONFIRMING_15,confirming,Bankinter,bankinter_emp,EUR,2024-04-03 07:31:38,-860000,-414806.77,445193.23
PRODUCT_06801,COMP_0877,CONFIRMING_02,confirming,Banco Sabadell Empresas,sabadell_emp,EUR,2025-10-01 07:47:19,-2000,0,2000
PRODUCT_06802,COMP_0007,GUARANTEE_04,guarantee,Other (customer-defined),custom,EUR,2026-05-19 15:43:45,-3595856.5,-3595856.5,
PRODUCT_06803,COMP_0210,LOAN_04,loan,Banco Sabadell T. sec - CAL Empresas,sabadell_emp_sec,EUR,2025-10-21 10:30:01,-190748,-95374,
PRODUCT_06809,COMP_0277,LINEOFCREDIT_02,lineofcredit,Banco Santander Empresas,santander_emp,EUR,2026-03-03 12:26:13,-300000,5400.18,305400.18
PRODUCT_06814,COMP_0007,LOAN_22,loan,Other (customer-defined),custom,EUR,2026-03-31 09:14:58,-442772.66,-29520.66,
PRODUCT_06815,COMP_0596,LOAN_03,loan,Banco Santander Empresas,santander_emp,EUR,2026-03-31 11:24:22,-776000,-701999.64,
PRODUCT_06819,COMP_0653,LOAN_102,loan,Other (customer-defined),custom,EUR,2025-08-22 09:16:42,-100000,0,
PRODUCT_06820,COMP_0642,LEASING_01,leasing,BBVA Net Cash Empresas,bbva_emp,EUR,2025-09-30 08:28:54,-6167322.78,-5938168.63,
PRODUCT_06821,COMP_0094,LOAN_03,loan,Bankinter,bankinter_emp,EUR,2023-11-21 13:29:27,-50000,-35000,223.52
PRODUCT_06829,COMP_0604,CONFIRMING_04,confirming,Bankinter Empresas,bankinter_emp,EUR,2025-06-26 14:08:34,-3000000,0,3000000
PRODUCT_06833,COMP_1173,LOAN_02,loan,Bankinter Empresas,bankinter_emp,EUR,2026-05-13 14:29:34,-1000000,-1000000,
PRODUCT_06834,COMP_0399,LINEOFCREDIT_01,lineofcredit,Bankinter,bankinter_emp,EUR,2022-11-17 13:52:12,0,850671.85,223.52
PRODUCT_06835,COMP_0604,LOAN_03,loan,Abanca Empresas,abanca_emp,EUR,2024-10-17 16:01:12,-3168776,-3090854.9,
PRODUCT_06837,COMP_0070,LOAN_03,loan,BNP Paribas - Mabanque Corporate,mabanque-corporate,EUR,2025-11-19 10:01:45,-499979.99,-340746.28,
PRODUCT_06841,COMP_0825,LOAN_22,loan,Caixabank,caixa_emp,EUR,2023-04-26 12:49:34,-217018,223.52,223.52
PRODUCT_06843,COMP_0248,LEASING_10,leasing,Banco Santander Empresas,santander_emp,EUR,2025-11-13 13:10:31,-28851.8,-17239.84,
PRODUCT_06847,COMP_0798,LEASING_09,leasing,Eurocaja Rural Empresas,eurocajarural_emp,EUR,2025-09-11 15:00:12,-23084.52,-1482.69,
PRODUCT_06858,COMP_0456,LOAN_03,loan,Other (customer-defined),custom,EUR,2025-10-15 15:41:58,-601300.42,-601300.42,
PRODUCT_06859,COMP_0200,LOAN_02,loan,Banca March,bancamarch,EUR,2025-11-25 10:27:26,-292000,0,
PRODUCT_06860,COMP_0023,LINEOFCREDIT_04,lineofcredit,In-house bank,inhousebanking,EUR,2026-08-26 13:09:03,,0,
PRODUCT_06867,COMP_0974,LINEOFCREDIT_04,lineofcredit,Banco Santander Empresas,santander_emp,EUR,2026-01-13 09:41:59,-3000,-14.53,2985.47
PRODUCT_06870,COMP_0094,LOAN_04,loan,Bankinter,bankinter_emp,EUR,2023-11-21 13:29:27,-45000,-15000,223.52
PRODUCT_06871,COMP_0653,LOAN_103,loan,Other (customer-defined),custom,EUR,2025-08-27 15:02:25,-385000,0,
PRODUCT_06873,COMP_0875,LINEOFCREDIT_06,lineofcredit,BBVA,bbva_emp,EUR,2024-05-10 09:54:07,-100000,0,100000
PRODUCT_06874,COMP_1036,CONFIRMING_09,confirming,Bankinter Empresas,bankinter_emp,EUR,2026-07-13 10:49:58,-2854000,0,2854000
PRODUCT_06878,COMP_0653,LOAN_104,loan,Other (customer-defined),custom,EUR,2025-08-27 11:11:48,-75000,0,
PRODUCT_06881,COMP_0519,LOAN_06,loan,BBVA,bbva_emp,EUR,2024-01-08 15:47:03,-200000,0,66666.67
PRODUCT_06883,COMP_0255,LINEOFCREDIT_01,lineofcredit,Banco Santander Empresas,santander_emp,EUR,2026-07-15 08:47:20,-250000,-250,249750
PRODUCT_06889,COMP_0351,LOAN_06,loan,Abanca Empresas,abanca_emp,EUR,2026-07-14 07:22:05,-500000,-417892.62,
PRODUCT_06890,COMP_0354,CONFIRMING_04,confirming,Banco Santander,santander_emp,EUR,2024-04-11 07:13:23,-4000000,0,4000000
PRODUCT_06891,COMP_1036,GUARANTEE_05,guarantee,Banco Santander Empresas,santander_emp,EUR,2026-07-13 10:26:13,-600000,-6000,
PRODUCT_06892,COMP_0568,LINEOFCREDIT_05,lineofcredit,BBVA Net Cash Empresas,bbva_emp,EUR,2025-03-12 11:58:01,-200000,0,200000
PRODUCT_06897,COMP_1271,LOAN_01,loan,Banco Santander Empresas,santander_emp,EUR,2025-05-22 15:47:15,-204031.81,0,
PRODUCT_06898,COMP_0491,LOAN_07,loan,Banco Santander Empresas,santander_emp,EUR,2025-10-09 11:56:11,-49999.92,0,
PRODUCT_06903,COMP_1007,LOAN_01,loan,Banco Santander Empresas,santander_emp,EUR,2026-03-31 14:42:19,-1000000,-922724.22,
PRODUCT_06904,COMP_0825,LOAN_23,loan,BBVA Net Cash Empresas,bbva_emp,EUR,2023-02-16 14:39:07,-51580.92,223.52,223.52
PRODUCT_06905,COMP_0402,LOAN_03,loan,Caixabank Empresas,caixa_emp,EUR,2025-09-25 13:29:59,-235686.86,-151291.01,
PRODUCT_06907,COMP_0850,LOAN_03,loan,Banca March,bancamarch,EUR,2026-07-13 15:00:03,-13541.83,-13541.83,
PRODUCT_06908,COMP_1038,LOAN_11,loan,Caixabank Empresas,caixa_emp,EUR,2025-09-09 11:37:41,-74799.98,-59598.72,
PRODUCT_06917,COMP_0180,LOAN_15,loan,Caixabank,caixa_emp,EUR,2024-02-16 10:50:15,-9242.8,0,
PRODUCT_06920,COMP_1208,LINEOFCREDIT_03,lineofcredit,Bankinter Empresas,bankinter_emp,EUR,2026-07-28 06:50:26,-100000,0,100000
PRODUCT_06936,COMP_0950,LINEOFCREDIT_02,lineofcredit,BBVA,bbva_emp,EUR,2024-02-05 09:29:16,-7500,-7500,223.52
PRODUCT_06938,COMP_0173,LOAN_08,loan,Caixabank Empresas,caixa_emp,EUR,2025-06-19 10:26:58,-499963.19,-345301.43,
PRODUCT_06940,COMP_0248,LOAN_18,loan,Bankinter Empresas,bankinter_emp,EUR,2026-04-21 11:25:22,-40000,0,
PRODUCT_06945,COMP_1066,LOAN_06,loan,Caixabank Empresas,caixa_emp,EUR,2025-09-23 10:50:06,-400000,-288997.38,
PRODUCT_06949,COMP_1036,LEASING_23,leasing,Banco Sabadell Empresas,sabadell_emp,EUR,2026-08-21 08:34:41,-998000,-108001.91,
PRODUCT_06952,COMP_0623,LOAN_14,loan,Other (customer-defined),custom,EUR,2025-04-25 10:06:18,-2000000,-2000000,
PRODUCT_06954,COMP_0935,CONFIRMING_05,confirming,Caixabank Empresas,caixa_emp,EUR,2026-08-09 10:56:01,,0,
PRODUCT_06955,COMP_0893,LINEOFCREDIT_04,lineofcredit,Bankinter Empresas,bankinter_emp,EUR,2026-03-04 17:31:02,-300000,-297327.49,2672.51
PRODUCT_06960,COMP_0101,LOAN_06,loan,Banco Sabadell Empresas,sabadell_emp,EUR,2024-12-11 14:19:31,-765889.02,-201163.3,
PRODUCT_06962,COMP_0248,LEASING_11,leasing,Caixabank Empresas,caixa_emp,EUR,2025-11-18 11:10:43,-12809.92,-10078.5,
PRODUCT_06964,COMP_0909,LINEOFCREDIT_13,lineofcredit,Banco Sabadell Empresas,sabadell_emp,EUR,2025-02-04 15:20:48,-500000,0,500000
PRODUCT_06969,COMP_1272,LOAN_12,loan,Caixabank Empresas,caixa_emp,EUR,2026-03-26 11:52:22,-481653.81,-431027.71,
PRODUCT_06971,COMP_1249,LINEOFCREDIT_03,lineofcredit,BBVA Net Cash Empresas,bbva_emp,EUR,2025-09-02 10:49:39,-200000,-36140.8,163859.2
PRODUCT_06975,COMP_0928,LOAN_08,loan,Banco Santander Empresas,santander_emp,EUR,2025-09-25 14:25:27,-86482.26,0,
PRODUCT_06978,COMP_1001,LINEOFCREDIT_02,lineofcredit,BBVA Net Cash Empresas,bbva_emp,EUR,2026-07-21 10:44:15,-300000,-66294.53,233705.47
PRODUCT_06980,COMP_0969,LOAN_03,loan,Caixabank,caixa_emp,EUR,2023-06-19 13:12:09,-4760979.61,-3486129.39,223.52
PRODUCT_06982,COMP_0013,LOAN_02,loan,Caixabank Empresas,caixa_emp,EUR,2026-03-03 10:28:10,-100000,-72041.68,
PRODUCT_06985,COMP_0898,LOAN_02,loan,BBVA Net Cash Empresas,bbva_emp,EUR,2026-03-25 11:46:29,-2000000,-268332.12,
PRODUCT_06986,COMP_0909,GUARANTEE_20,guarantee,Banco Santander,santander_emp,EUR,2024-04-04 08:40:31,,-2124354.07,223.52
PRODUCT_06988,COMP_0101,LOAN_07,loan,Banco Santander Empresas,santander_emp,EUR,2024-12-16 17:23:25,-167231.71,0,
PRODUCT_06991,COMP_0653,LOAN_105,loan,Other (customer-defined),custom,EUR,2025-08-22 10:23:20,-130000,0,
PRODUCT_06993,COMP_0220,CONFIRMING_08,confirming,Caixabank Empresas,caixa_emp,EUR,2025-12-11 09:05:39,,0,
PRODUCT_07001,COMP_0924,LOAN_04,loan,Abanca Empresas,abanca_emp,EUR,2025-02-18 11:06:02,-4252.06,0,
PRODUCT_07002,COMP_0686,FACTORING_01,factoring,Banco Santander Empresas,santander_emp,EUR,2025-10-22 12:00:25,-800000,-81472.44,718527.56
PRODUCT_07003,COMP_1121,LOAN_01,loan,Intesa Sanpaolo,sanpaolo_it,EUR,2026-01-12 10:22:35,-22270.76,-8740.14,
PRODUCT_07006,COMP_0515,LOAN_04,loan,Caixabank Empresas,caixa_emp,EUR,2025-10-21 10:48:05,0,0,
PRODUCT_07011,COMP_0803,LOAN_27,loan,Bankinter Empresas,bankinter_emp,EUR,2024-09-12 07:24:58,,-36111,
PRODUCT_07013,COMP_0046,LOAN_01,loan,Bankinter Empresas,bankinter_emp,EUR,2026-09-15 13:24:04,-980000,-967116.99,
PRODUCT_07015,COMP_1204,LOAN_01,loan,Banco Sabadell Empresas,sabadell_emp,EUR,2026-02-26 09:56:09,-24947.85,-19024.82,
PRODUCT_07017,COMP_1005,LOAN_01,loan,Bankinter Empresas,bankinter_emp,EUR,2025-08-28 07:46:26,-286049.98,-229150.34,
PRODUCT_07020,COMP_0505,LINEOFCREDIT_05,lineofcredit,Banco Sabadell Empresas,sabadell_emp,EUR,2026-07-13 06:10:21,-400000,0,400000
PRODUCT_07021,COMP_0007,RENTING_08,renting,Other (customer-defined),custom,EUR,2026-03-31 10:41:00,-4155.6,-2631.88,
PRODUCT_07022,COMP_0123,LEASING_01,leasing,Banco Sabadell,sabadell_emp,EUR,2024-07-23 13:57:19,-370956.15,-205369.35,
PRODUCT_07023,COMP_0271,LINEOFCREDIT_07,lineofcredit,Deutsche Bank Empresas,deutschebank_emp,EUR,2026-04-21 11:07:54,-500000,-119731.53,69552.46
PRODUCT_07024,COMP_0550,LINEOFCREDIT_06,lineofcredit,In-house bank,inhousebanking,EUR,2026-07-01 13:25:52,-160250,-160250,
PRODUCT_07027,COMP_0564,LINEOFCREDIT_01,lineofcredit,Banco Santander,santander_emp,EUR,2024-07-12 11:39:02,-60000,-59000,1000
PRODUCT_07031,COMP_0477,LINEOFCREDIT_03,lineofcredit,Other (customer-defined),custom,USD,2026-05-11 19:47:14,-3000000,7477511.97,10477511.97
PRODUCT_07034,COMP_1038,CONFIRMING_05,confirming,Banco Santander Empresas,santander_emp,EUR,2025-09-09 11:29:48,-10000000,0,10000000
PRODUCT_07035,COMP_0995,RENTING_01,renting,Banco Santander Empresas,santander_emp,EUR,2025-04-22 09:04:07,0,0,
PRODUCT_07039,COMP_0248,CONFIRMING_02,confirming,Banco Santander Empresas,santander_emp,EUR,2025-11-06 08:40:40,-2500000,-391193.2,2108806.8
PRODUCT_07041,COMP_0646,LOAN_01,loan,Caixabank,caixa,EUR,2026-07-28 13:37:33,-400000,-394987.85,
PRODUCT_07046,COMP_1268,LOAN_02,loan,Banco Santander Empresas,santander_emp,EUR,2026-04-29 11:54:28,-500000,-261721.16,
PRODUCT_07052,COMP_1068,LOAN_05,loan,iberCaja,ibercaja,EUR,2026-02-19 12:33:27,-100000,-10000,
PRODUCT_07057,COMP_1284,MORTGAGE_15,mortgage,Caixabank Empresas,caixa_emp,EUR,2026-02-19 16:36:33,-59174.67,-56692.84,
PRODUCT_07058,COMP_0950,LEASING_05,leasing,BBVA,bbva_emp,EUR,2024-02-09 11:38:12,-21612.72,-400.21,223.52
PRODUCT_07060,COMP_0047,LOAN_15,loan,Bankinter Empresas,bankinter_emp,EUR,2025-09-09 12:50:16,-17787.36,0,
PRODUCT_07067,COMP_0403,LOAN_01,loan,Other (customer-defined),custom,EUR,2025-11-04 16:46:21,-2499999.99,-1377523.42,
PRODUCT_07071,COMP_1070,LOAN_09,loan,Banco Santander Empresas,santander_emp,EUR,2025-08-21 07:25:22,-45402.62,0,
PRODUCT_07080,COMP_0051,LINEOFCREDIT_03,lineofcredit,Banca March,bancamarch,EUR,2026-09-02 08:47:22,-1000000,-977691.03,22308.97
PRODUCT_07082,COMP_0850,CONFIRMING_02,confirming,Banco Santander Empresas,santander_emp,EUR,2026-07-13 18:09:07,-200000,0,200000
PRODUCT_07089,COMP_0893,LINEOFCREDIT_05,lineofcredit,Banco Sabadell Empresas,sabadell_emp,EUR,2026-03-05 12:19:34,-500000,-419011.48,80988.52
PRODUCT_07090,COMP_0079,LINEOFCREDIT_03,lineofcredit,Banco Santander Empresas,santander_emp,EUR,2026-03-11 12:40:48,-40000,3442.99,43442.99
PRODUCT_07091,COMP_1267,LOAN_16,loan,Bankinter Empresas,bankinter_emp,EUR,2026-06-09 07:54:49,-20000,0,
PRODUCT_07096,COMP_0074,LOAN_07,loan,RuralVia Empresas,ruralvia_emp,EUR,2026-05-12 08:01:36,-900000,-844303.65,
PRODUCT_07099,COMP_0982,LINEOFCREDIT_04,lineofcredit,Banco Santander Empresas,santander_emp,EUR,2025-03-25 10:18:18,-1000000,-564062.35,435937.65
PRODUCT_07103,COMP_0468,LINEOFCREDIT_01,lineofcredit,Cajamar,cajamar,EUR,2026-05-06 11:34:20,-100000,-85283.3,14716.7
PRODUCT_07105,COMP_0286,LINEOFCREDIT_02,lineofcredit,Banco Santander Empresas,santander_emp,EUR,2026-07-23 11:42:25,-60000,-49986.53,10013.47
PRODUCT_07107,COMP_0235,LEASING_27,leasing,Other (customer-defined),custom,EUR,2026-03-18 16:00:42,-234000,-14235,
PRODUCT_07115,COMP_0659,LINEOFCREDIT_01,lineofcredit,Banco Santander Empresas,santander_emp,EUR,2025-04-10 09:30:28,-110000,-109725.4,664.78
PRODUCT_07133,COMP_0515,LEASING_02,leasing,BBVA Net Cash Empresas,bbva_emp,EUR,2025-10-21 10:43:01,-20876,0,
PRODUCT_07134,COMP_1279,LOAN_08,loan,BBVA,bbva_emp,EUR,2024-03-11 11:08:52,-122925,0,223.52
PRODUCT_07143,COMP_0471,LOAN_08,loan,RuralVia,ruralvia_emp,EUR,2024-02-01 16:11:23,-677867.72,0,
PRODUCT_07144,COMP_1284,MORTGAGE_16,mortgage,Caixabank Empresas,caixa_emp,EUR,2026-02-19 17:15:57,-226475.12,-211996.99,
PRODUCT_07147,COMP_0100,LOAN_06,loan,Banca March,bancamarch,EUR,2025-05-19 20:30:00,-246408.18,-210355.08,
PRODUCT_07150,COMP_0351,LINEOFCREDIT_11,lineofcredit,iberCaja,ibercaja,EUR,2026-07-07 11:08:27,-2500000,-966095.47,1533904.53
PRODUCT_07160,COMP_0686,CONFIRMING_05,confirming,Bankinter,bankinter_emp,EUR,2024-06-26 13:50:13,-18987,0,18987
PRODUCT_07161,COMP_1046,RENTING_02,renting,iberCaja,ibercaja,EUR,2025-04-11 11:08:51,-14228.74,-7108.41,
PRODUCT_07162,COMP_0975,LINEOFCREDIT_01,lineofcredit,In-house bank,inhousebanking,EUR,2026-08-26 13:09:03,,0,
PRODUCT_07164,COMP_0653,LOAN_106,loan,Other (customer-defined),custom,EUR,2025-08-27 14:10:46,-350000,0,
PRODUCT_07165,COMP_1053,LEASING_03,leasing,Laboral Kutxa Empresas,cajalaboral_emp,EUR,2026-07-07 11:56:45,,0,
PRODUCT_07168,COMP_0415,GUARANTEE_06,guarantee,Banco Santander Empresas,santander_emp,EUR,2026-06-09 07:53:36,,-559631.6,
PRODUCT_07169,COMP_0594,LOAN_07,loan,Banco Santander Empresas,santander_emp,EUR,2025-05-06 10:37:42,-260661.12,0,
PRODUCT_07174,COMP_0058,CONFIRMING_09,confirming,BBVA Net Cash Empresas,bbva_emp,EUR,2026-04-06 16:25:36,-3700000,-3696348.42,3651.58
PRODUCT_07177,COMP_0456,LOAN_04,loan,Caixabank Empresas,caixa_emp,EUR,2025-09-25 14:06:02,-353530.21,-237570.71,
PRODUCT_07183,COMP_0909,LINEOFCREDIT_14,lineofcredit,BBVA,bbva_emp,EUR,2025-06-13 11:23:30,-1000000,0,1000000
PRODUCT_07185,COMP_0515,LEASING_03,leasing,BBVA Net Cash Empresas,bbva_emp,EUR,2025-10-21 10:45:48,-129800.46,-65064.66,
PRODUCT_07187,COMP_0365,LOAN_09,loan,Societe Generale Entreprises,soc-gen-corporate,EUR,2026-05-05 07:50:21,-1600000,-1333333.36,
PRODUCT_07190,COMP_1053,GUARANTEE_02,guarantee,BBVA Net Cash Empresas,bbva_emp,USD,2026-07-07 11:54:35,-250000,-250000,
PRODUCT_07192,COMP_0653,LOAN_107,loan,Other (customer-defined),custom,EUR,2025-08-27 11:13:13,-500000,0,
PRODUCT_07194,COMP_1091,LINEOFCREDIT_01,lineofcredit,Banco Santander Empresas,santander_emp,EUR,2025-06-27 15:54:23,-500000,-497785.73,2214.27
PRODUCT_07199,COMP_0556,LINEOFCREDIT_02,lineofcredit,In-house bank,inhousebanking,EUR,2026-08-26 13:08:51,,0,
PRODUCT_07201,COMP_0653,LOAN_108,loan,Other (customer-defined),custom,EUR,2025-08-27 15:20:42,-215000,0,
PRODUCT_07202,COMP_0007,LINEOFCREDIT_06,lineofcredit,Banco Santander Empresas,santander_emp,EUR,2026-03-10 15:44:41,-1700000,-5.4,1699994.6
PRODUCT_07209,COMP_0058,LINEOFCREDIT_04,lineofcredit,Banco Sabadell Empresas,sabadell_emp,EUR,2026-04-07 11:13:30,-1075000,-832085.61,242914.39
PRODUCT_07210,COMP_0683,LINEOFCREDIT_05,lineofcredit,Deutsche Bank Empresas,deutschebank_emp,EUR,2026-03-18 15:02:43,-750000,-185013.12,764986.88
PRODUCT_07214,COMP_1007,LINEOFCREDIT_02,lineofcredit,Banco Santander Empresas,santander_emp,EUR,2026-01-14 11:52:43,-1000000,-804042.01,195957.99
PRODUCT_07217,COMP_1066,LOAN_07,loan,BBVA Net Cash Empresas,bbva_emp,EUR,2025-10-02 11:09:05,-121515.85,-85296.87,
PRODUCT_07220,COMP_0721,LOAN_08,loan,Cajamar,cajamar,EUR,2026-02-16 16:37:02,-863034.21,-833560.49,
PRODUCT_07221,COMP_1039,LINEOFCREDIT_03,lineofcredit,Banco Sabadell Empresas,sabadell_emp,EUR,2025-09-23 10:08:26,-80000,0,80000
PRODUCT_07228,COMP_0829,LEASING_01,leasing,Caixabank,caixa_emp,EUR,2024-07-23 14:33:39,-350000,-173466.8,
PRODUCT_07230,COMP_0978,LINEOFCREDIT_03,lineofcredit,Banca March,bancamarch,EUR,2024-09-17 12:48:27,-5000000,-2255896.82,2744103.18
PRODUCT_07233,COMP_1272,LOAN_13,loan,Bankinter Empresas,bankinter_emp,EUR,2026-03-26 11:40:20,-6774.34,0,
PRODUCT_07242,COMP_1267,LOAN_17,loan,Caixabank Empresas,caixa_emp,EUR,2026-04-10 13:13:25,-36835.12,-36835.12,
PRODUCT_07248,COMP_0203,GUARANTEE_04,guarantee,Banco Santander Empresas,santander_emp,EUR,2025-09-11 11:50:11,-6000,-6000,
PRODUCT_07249,COMP_0686,RENTING_09,renting,Banco Santander Empresas,santander_emp,EUR,2024-09-05 14:01:30,-4452.45,0,
PRODUCT_07253,COMP_0415,GUARANTEE_07,guarantee,Banco Santander Empresas,santander_emp,EUR,2026-06-09 07:53:36,,-126205.53,
PRODUCT_07263,COMP_0825,LINEOFCREDIT_06,lineofcredit,Bankinter,bankinter_emp,EUR,2023-02-09 13:46:07,-300000,223.52,223.52
PRODUCT_07265,COMP_0049,LOAN_02,loan,Bankinter Empresas,bankinter_emp,EUR,2026-05-28 09:25:46,-130000,-43333.32,
PRODUCT_07271,COMP_0505,LINEOFCREDIT_06,lineofcredit,Banco Sabadell Empresas,sabadell_emp,EUR,2026-07-13 06:10:21,,0,
PRODUCT_07272,COMP_0653,LOAN_109,loan,Other (customer-defined),custom,EUR,2025-08-27 10:24:53,-38000,0,
PRODUCT_07273,COMP_0745,LOAN_12,loan,RuralVia Empresas,ruralvia_emp,EUR,2026-03-17 08:00:35,-196000,-96195.41,
PRODUCT_07279,COMP_0540,LINEOFCREDIT_03,lineofcredit,Caixabank Empresas,caixa_emp,EUR,2026-03-17 17:13:38,-200000,200.96,200200.96
PRODUCT_07294,COMP_0248,LOAN_19,loan,Bankinter Empresas,bankinter_emp,EUR,2025-12-03 12:41:55,-40000,0,
PRODUCT_07295,COMP_0875,LINEOFCREDIT_07,lineofcredit,BBVA,bbva_emp,EUR,2025-06-09 09:52:57,-100000,961.38,100961.38
PRODUCT_07298,COMP_0748,LINEOFCREDIT_01,lineofcredit,BBVA,bbva_emp,EUR,2024-07-11 07:21:16,-1500000,-1500000,
PRODUCT_07299,COMP_0340,LINEOFCREDIT_01,lineofcredit,Banco Santander,santander_emp,EUR,2023-11-08 08:43:23,-15000000,0,223.52
PRODUCT_07301,COMP_1149,LEASING_04,leasing,Eurocaja Rural Empresas,eurocajarural_emp,EUR,2025-09-11 14:56:36,-34433.4,-16650.98,
PRODUCT_07303,COMP_1230,LINEOFCREDIT_03,lineofcredit,Caixabank Empresas,caixa_emp,EUR,2025-06-19 10:28:28,-75000,-49203.56,25796.44
PRODUCT_07304,COMP_0793,LOAN_03,loan,Bankinter Empresas,bankinter_emp,EUR,2026-06-26 17:21:45,-196666.67,-190000.01,
PRODUCT_07306,COMP_1070,LINEOFCREDIT_03,lineofcredit,Bankinter Empresas,bankinter_emp,EUR,2025-04-01 11:21:33,-200000,-48817.08,151182.92
PRODUCT_07307,COMP_0684,LOAN_01,loan,Credit Mutuel,creditmutuel,EUR,2026-03-16 13:47:42,-31661.61,0,
PRODUCT_07314,COMP_1053,LOAN_03,loan,Banco Sabadell Empresas,sabadell_emp,EUR,2026-07-13 14:34:21,-8511310.83,-8178815.78,
PRODUCT_07316,COMP_1169,LOAN_17,loan,Bankinter Empresas,bankinter_emp,EUR,2026-03-24 10:37:38,-120000,0,
PRODUCT_07317,COMP_0898,LINEOFCREDIT_03,lineofcredit,Bankinter Empresas,bankinter_emp,EUR,2026-03-04 17:25:50,-300000,-212223.14,87776.86
PRODUCT_07320,COMP_0664,LOAN_06,loan,RuralVia Empresas,ruralvia_emp,EUR,2026-03-17 08:36:27,-300000,-186781.73,
PRODUCT_07321,COMP_0495,GUARANTEE_02,guarantee,Caixabank Empresas,caixa_emp,EUR,2025-12-11 08:58:24,-570000,-570000,
PRODUCT_07322,COMP_0988,LINEOFCREDIT_04,lineofcredit,BBVA Net Cash Empresas,bbva_emp,EUR,2026-03-04 08:19:46,-600000,-300829.35,299170.65
PRODUCT_07323,COMP_1001,LINEOFCREDIT_03,lineofcredit,Bankinter Empresas,bankinter_emp,EUR,2025-09-11 11:28:59,-150000,-150000,1520.36
PRODUCT_07325,COMP_0600,GUARANTEE_02,guarantee,Caixabank Empresas,caixa_emp,EUR,2025-11-21 10:15:20,-39583,-39583,
PRODUCT_07326,COMP_1216,LINEOFCREDIT_03,lineofcredit,Banco Sabadell Empresas,sabadell_emp,EUR,2025-10-01 07:47:19,,0,
PRODUCT_07327,COMP_0248,LOAN_20,loan,Bankinter Empresas,bankinter_emp,EUR,2025-11-28 10:46:22,-100000,0,
PRODUCT_07328,COMP_0994,LOAN_04,loan,Caixabank Empresas,caixa_emp,EUR,2025-08-19 10:27:45,-50000000,0,
PRODUCT_07331,COMP_0653,LOAN_110,loan,Other (customer-defined),custom,EUR,2025-08-22 08:12:56,-300000,0,
PRODUCT_07332,COMP_0074,LOAN_08,loan,Banco Santander Empresas,santander_emp,EUR,2025-03-20 14:03:33,-777911.79,-427802.33,
PRODUCT_07333,COMP_0004,CONFIRMING_06,confirming,Bankinter Empresas,bankinter_emp,EUR,2026-08-03 10:18:33,-150000,-67292.43,82707.57
PRODUCT_07340,COMP_0942,GUARANTEE_06,guarantee,Banco Sabadell,sabadell_emp,EUR,2023-09-14 09:38:48,-5500,-5500,223.52
PRODUCT_07341,COMP_1279,LOAN_09,loan,Caixabank,caixa_emp,EUR,2024-04-30 11:38:30,-465000,-244306.36,223.52
PRODUCT_07346,COMP_0248,LOAN_21,loan,Banco Santander Empresas,santander_emp,EUR,2026-07-21 07:38:04,-28500,-19019.29,
PRODUCT_07353,COMP_0160,LOAN_02,loan,Banco Santander Empresas,santander_emp,EUR,2025-02-10 11:18:24,-165855.48,0,
PRODUCT_07354,COMP_0495,CONFIRMING_03,confirming,Caixabank Empresas,caixa_emp,EUR,2025-12-11 08:58:24,,0,
PRODUCT_07357,COMP_1053,LINEOFCREDIT_14,lineofcredit,Bankinter Empresas,bankinter_emp,EUR,2026-07-06 14:24:11,-999999,0,999999
PRODUCT_07362,COMP_0100,LOAN_07,loan,Cajamar,cajamar,EUR,2025-05-19 20:54:38,-203517.88,0,
PRODUCT_07366,COMP_0332,MORTGAGE_28,mortgage,Caixabank Empresas,caixa_emp,EUR,2026-02-19 18:05:48,-7016.13,-6759.03,
PRODUCT_07368,COMP_0387,LINEOFCREDIT_02,lineofcredit,Bankinter Empresas,bankinter_emp,EUR,2025-02-14 10:22:00,,-2697410.42,
PRODUCT_07369,COMP_0007,LOAN_23,loan,Banco Santander Empresas,santander_emp,EUR,2026-03-19 15:40:31,-1000000,-403837.27,
PRODUCT_07375,COMP_1134,LOAN_02,loan,Bankinter,bankinter_emp,EUR,2024-03-11 11:51:55,-161798.26,-129075.92,223.52
PRODUCT_07376,COMP_0673,LOAN_03,loan,Banco Santander Empresas,santander_emp,EUR,2026-02-25 08:20:34,-39995.05,0,
PRODUCT_07377,COMP_0697,LOAN_04,loan,Other (customer-defined),custom,EUR,2024-04-04 14:38:53,-400000.02,0,223.52
PRODUCT_07379,COMP_0524,LOAN_08,loan,Caixabank Empresas,caixa_emp,EUR,2026-07-01 22:57:29,-1000000,-206692.09,
PRODUCT_07391,COMP_1272,LINEOFCREDIT_06,lineofcredit,Bankinter Empresas,bankinter_emp,EUR,2026-03-05 11:32:38,,7802.95,
PRODUCT_07395,COMP_1230,CONFIRMING_03,confirming,Caixabank Empresas,caixa_emp,EUR,2025-06-19 10:31:12,,0,
PRODUCT_07400,COMP_0351,LINEOFCREDIT_12,lineofcredit,Banco Santander Empresas,santander_emp,EUR,2026-07-07 10:35:37,-3000,-196.44,2803.56
PRODUCT_07402,COMP_1267,LOAN_18,loan,Caixabank Empresas,caixa_emp,EUR,2026-06-09 09:18:08,-46094.19,-43921.9,
PRODUCT_07409,COMP_0965,LEASING_16,leasing,BBVA Net Cash Empresas,bbva_emp,EUR,2026-06-05 11:15:28,-226925.09,-166891.68,
PRODUCT_07413,COMP_0471,LOAN_09,loan,Otros,_others,EUR,2022-06-09 11:25:37,-163733.8,0,223.52
PRODUCT_07423,COMP_0597,LOAN_15,loan,BBVA Net Cash Empresas,bbva_emp,EUR,2025-11-06 10:14:54,-938714.99,-782350.89,
PRODUCT_07425,COMP_0849,LINEOFCREDIT_05,lineofcredit,In-house bank,inhousebanking,EUR,2026-06-18 11:42:48,-64442.42,64442.42,128884.84
PRODUCT_07426,COMP_0235,LEASING_28,leasing,BNP Paribas - Mabanque,mabanque,EUR,2025-11-10 17:33:29,-51912.22,-29785.7,
PRODUCT_07427,COMP_0748,LINEOFCREDIT_02,lineofcredit,BBVA,bbva_emp,EUR,2024-07-11 07:21:16,-250000,0,250000
PRODUCT_07428,COMP_0855,LINEOFCREDIT_05,lineofcredit,Caixabank Empresas,caixa_emp,EUR,2026-05-27 16:12:20,-1500000,-1218406.64,281593.36
PRODUCT_07447,COMP_0686,LOAN_06,loan,Caixabank Empresas,caixa_emp,EUR,2025-10-17 10:26:24,-156667.92,-126433.76,
PRODUCT_07448,COMP_0958,LINEOFCREDIT_06,lineofcredit,Banco Santander Empresas,santander_emp,EUR,2025-03-06 15:44:00,-3000,-591.31,2408.69
PRODUCT_07452,COMP_0468,LINEOFCREDIT_02,lineofcredit,Banco Santander Empresas,santander_emp,EUR,2026-04-22 13:51:32,-100000,-64333.37,35666.63
PRODUCT_07455,COMP_1028,LINEOFCREDIT_02,lineofcredit,Banco Sabadell Empresas,sabadell_emp,EUR,2026-03-20 13:10:47,,0,
PRODUCT_07459,COMP_1182,LINEOFCREDIT_01,lineofcredit,In-house bank,inhousebanking,EUR,2026-05-15 08:38:12,-206500,516250,413000
PRODUCT_07460,COMP_1068,LOAN_06,loan,Banco Santander,santander,EUR,2026-02-10 12:17:25,-10000,-3416.74,
PRODUCT_07461,COMP_0653,LOAN_111,loan,Other (customer-defined),custom,EUR,2025-08-28 08:17:33,-20000,0,
PRODUCT_07464,COMP_0909,GUARANTEE_21,guarantee,Deutsche Bank,deutschebank_emp,EUR,2024-04-29 09:55:05,-3664556.7,-3664556.7,223.52
PRODUCT_07466,COMP_1053,LOAN_04,loan,Banco Santander Empresas,santander_emp,EUR,2026-07-30 13:58:36,-2250000,-1657516.49,
PRODUCT_07468,COMP_0065,CONFIRMING_07,confirming,Banco Santander,santander_emp,EUR,2024-07-01 11:58:02,-1010000,0,476689.93
PRODUCT_07473,COMP_0351,FACTORING_01,factoring,Banco Santander Empresas,santander_emp,EUR,2026-07-07 10:35:37,-500000,0,500000
PRODUCT_07474,COMP_0707,LOAN_01,loan,Bankinter Empresas,bankinter_emp,EUR,2025-12-04 12:13:45,-6000,0,
PRODUCT_07476,COMP_0248,LEASING_12,leasing,Banco Santander Empresas,santander_emp,EUR,2025-11-13 13:07:40,-20803.95,-12430.87,
PRODUCT_07482,COMP_1284,MORTGAGE_17,mortgage,Caixabank Empresas,caixa_emp,EUR,2026-02-19 16:51:17,-5859.27,-5659.67,
PRODUCT_07484,COMP_1267,LINEOFCREDIT_02,lineofcredit,Banco Sabadell T. sec - CAL Empresas,sabadell_emp_sec,EUR,2025-11-06 07:47:17,-205000,-180045.62,24954.38
PRODUCT_07486,COMP_0909,GUARANTEE_22,guarantee,Deutsche Bank,deutschebank_emp,EUR,2025-02-06 08:45:27,-3500000,-2250352.5,
PRODUCT_07487,COMP_1066,LOAN_08,loan,Caixabank Empresas,caixa_emp,EUR,2025-09-23 10:50:06,-217689.45,0,
PRODUCT_07491,COMP_1282,LOAN_04,loan,Other (customer-defined),custom,EUR,2024-08-01 12:30:27,,0,
PRODUCT_07492,COMP_0594,LOAN_08,loan,Banco Santander Empresas,santander_emp,EUR,2025-05-16 09:43:27,-181789.34,0,
PRODUCT_07495,COMP_0705,LOAN_01,loan,Abanca Empresas,abanca_emp,EUR,2025-10-09 12:42:55,-10250000,-8339972.41,
PRODUCT_07497,COMP_0745,LOAN_13,loan,Laboral Kutxa Empresas,cajalaboral_emp,EUR,2026-03-13 11:59:32,-142028.22,-130315.49,
PRODUCT_07498,COMP_0803,LINEOFCREDIT_04,lineofcredit,Bankinter,bankinter_emp,EUR,2023-10-23 10:52:36,-75300,-71323.44,3976.56
PRODUCT_07503,COMP_0623,LOAN_15,loan,Caixabank Empresas,caixa_emp,EUR,2025-04-25 08:22:03,-1261350.88,-588064.98,
PRODUCT_07505,COMP_1091,LOAN_02,loan,Banco Santander Empresas,santander_emp,EUR,2025-03-17 12:06:38,-500000,0,
PRODUCT_07507,COMP_0351,LINEOFCREDIT_13,lineofcredit,BBVA Net Cash Empresas,bbva_emp,EUR,2026-07-07 10:25:34,-8000000,-7861360.37,138639.63
PRODUCT_07508,COMP_0326,LOAN_04,loan,Other (customer-defined),custom,EUR,2026-03-19 12:08:39,-27882.57,-23957.8,
PRODUCT_07514,COMP_1129,LINEOFCREDIT_03,lineofcredit,Caixabank Empresas,caixa_emp,EUR,2026-02-18 12:00:06,-100000,-3480.56,96519.44
PRODUCT_07519,COMP_0058,LOAN_12,loan,Abanca Empresas,abanca_emp,EUR,2026-05-18 16:14:04,-122997.87,-94618.12,
PRODUCT_07520,COMP_0515,LINEOFCREDIT_02,lineofcredit,BBVA Net Cash Empresas,bbva_emp,EUR,2025-10-14 11:17:17,-500000,-14788.1,485211.9
PRODUCT_07522,COMP_0351,LOAN_07,loan,iberCaja,ibercaja,EUR,2026-07-07 11:08:27,,-184097.61,
PRODUCT_07525,COMP_1048,LOAN_01,loan,BBVA Net Cash Empresas,bbva_emp,EUR,2025-10-17 10:10:14,-250000,-78818.72,
PRODUCT_07526,COMP_0178,LINEOFCREDIT_01,lineofcredit,Bankinter,bankinter_emp,EUR,2024-04-04 10:34:30,0,1175.38,
PRODUCT_07528,COMP_0220,CONFIRMING_09,confirming,Banco Santander Empresas,santander_emp,EUR,2026-01-27 10:05:23,-3200000,-153103.01,3046896.99
PRODUCT_07532,COMP_0577,LINEOFCREDIT_02,lineofcredit,Bankinter Empresas,bankinter_emp,EUR,2025-05-22 14:44:52,,0,
PRODUCT_07539,COMP_0950,LEASING_06,leasing,Other (customer-defined),custom,EUR,2024-02-08 09:28:47,-10938.99,0,223.52
PRODUCT_07540,COMP_0471,LINEOFCREDIT_12,lineofcredit,Arquia,arquia,EUR,2026-03-17 09:51:21,,823.39,88254.11
PRODUCT_07542,COMP_0165,LOAN_01,loan,BBVA,bbva_emp,EUR,2024-03-11 11:08:55,-70338.16,0,223.52
PRODUCT_07561,COMP_0829,LEASING_02,leasing,Caixabank Empresas,caixa_emp,EUR,2025-06-10 13:38:35,-348800,-233881.84,
PRODUCT_07562,COMP_0271,LINEOFCREDIT_08,lineofcredit,BBVA Net Cash Empresas,bbva_emp,EUR,2026-04-13 14:24:21,-800000,-199009.64,600990.36
PRODUCT_07564,COMP_0326,LOAN_05,loan,Other (customer-defined),custom,EUR,2026-03-19 21:04:44,-22126.34,-21150.9,
PRODUCT_07567,COMP_0653,LOAN_112,loan,Other (customer-defined),custom,EUR,2025-08-27 15:22:40,-400000,0,
PRODUCT_07568,COMP_0803,LOAN_28,loan,Bankinter,bankinter_emp,EUR,2025-01-07 14:58:22,-324999,-108333,
PRODUCT_07572,COMP_0123,LOAN_04,loan,Caixabank,caixa_emp,EUR,2024-01-31 10:51:14,-229638.46,0,223.52
PRODUCT_07573,COMP_0491,LOAN_08,loan,Banco Santander Empresas,santander_emp,EUR,2024-09-24 11:51:59,-378615.35,-162459.38,
PRODUCT_07578,COMP_0235,LEASING_29,leasing,Caisse d Epargne Hauts de France,caisse-d-epargne-hauts-de-france,EUR,2026-05-07 08:29:10,-747682.81,-572040.69,
PRODUCT_07585,COMP_0505,CONFIRMING_06,confirming,RuralVia,ruralvia,EUR,2026-07-13 06:00:36,-750000,-715728,34272
PRODUCT_07586,COMP_0909,CONFIRMING_16,confirming,BBVA,bbva_emp,EUR,2024-04-10 07:53:12,-1500000,-200139.43,1299860.57
PRODUCT_07587,COMP_0653,LOAN_113,loan,Other (customer-defined),custom,EUR,2025-08-27 11:32:38,-700000,0,
PRODUCT_07589,COMP_0354,LINEOFCREDIT_03,lineofcredit,Bankinter,bankinter_emp,EUR,2024-04-04 10:41:14,0,225518.67,
PRODUCT_07590,COMP_1038,CONFIRMING_06,confirming,Banco Santander Empresas,santander_emp,EUR,2025-09-09 11:29:48,-10000000,0,10000000
PRODUCT_07591,COMP_0216,LINEOFCREDIT_02,lineofcredit,Abanca Empresas,abanca_emp,EUR,2025-10-09 13:42:40,-600000,256342.21,856342.21
PRODUCT_07595,COMP_0803,LOAN_29,loan,Bankinter,bankinter_emp,EUR,2025-03-05 10:59:46,-324999,0,
PRODUCT_07600,COMP_0685,LINEOFCREDIT_01,lineofcredit,Bankinter Empresas,bankinter_emp,EUR,2025-12-11 09:32:41,-100000,-97351.59,2648.41
PRODUCT_07603,COMP_1191,CONFIRMING_05,confirming,Banco Santander,santander_emp,EUR,2024-07-01 11:58:02,-140000,0,140000
PRODUCT_07604,COMP_0909,LINEOFCREDIT_15,lineofcredit,BBVA,bbva_emp,EUR,2024-04-03 07:21:30,1000000,0,
PRODUCT_07615,COMP_0420,LOAN_07,loan,Caixabank Empresas,caixa_emp,EUR,2026-05-28 16:16:43,-526094.54,-491531.41,
PRODUCT_07619,COMP_1282,LOAN_05,loan,Banco Santander,santander_emp,EUR,2024-02-09 11:17:32,-100000,0,223.52
PRODUCT_07620,COMP_0597,LOAN_16,loan,Caixabank Empresas,caixa_emp,EUR,2025-11-06 09:31:21,-107729.79,-18185.8,
PRODUCT_07627,COMP_0169,LOAN_04,loan,Caixabank Empresas,caixa_emp,EUR,2025-05-21 09:27:39,-231543.08,-164876.71,
PRODUCT_07630,COMP_1121,LOAN_02,loan,Intesa Sanpaolo,sanpaolo_it,EUR,2026-01-12 10:15:35,-21633.83,-17674.75,
PRODUCT_07631,COMP_0495,CONFIRMING_04,confirming,Caixabank Empresas,caixa_emp,EUR,2025-12-11 08:58:24,,0,
PRODUCT_07636,COMP_0220,CONFIRMING_10,confirming,Caixabank Empresas,caixa_emp,EUR,2025-12-11 09:05:39,,0,
PRODUCT_07639,COMP_0173,LOAN_09,loan,Deutsche Bank Empresas,deutschebank_emp,EUR,2025-07-03 10:05:59,-1000000.01,0,
PRODUCT_07644,COMP_0686,RENTING_10,renting,Banco Santander Empresas,santander_emp,EUR,2024-09-05 14:06:54,-6928.35,0,
PRODUCT_07646,COMP_0653,LOAN_114,loan,Other (customer-defined),custom,EUR,2025-08-28 08:14:57,-200000,0,
PRODUCT_07654,COMP_0597,LINEOFCREDIT_06,lineofcredit,Caixabank Empresas,caixa_emp,EUR,2025-10-30 08:50:30,-1500000,-408047.5,1091952.5
PRODUCT_07656,COMP_1267,CONFIRMING_02,confirming,Bankinter Empresas,bankinter_emp,EUR,2025-11-06 09:56:35,-150000,-21485.12,128514.88
PRODUCT_07657,COMP_1169,CONFIRMING_03,confirming,Banco Santander Empresas,santander_emp,EUR,2025-11-06 08:42:22,-2500000,-110076.05,2389923.95
PRODUCT_07660,COMP_0087,LOAN_25,loan,Banco Santander Empresas,santander_emp,EUR,2025-11-26 13:05:26,-1320000,0,
PRODUCT_07662,COMP_0897,MORTGAGE_01,mortgage,Caixabank Empresas,caixa_emp,EUR,2026-05-27 10:49:22,-89600,-87720.46,
PRODUCT_07664,COMP_1134,LOAN_03,loan,Caixabank,caixa_emp,EUR,2024-03-11 12:06:17,-132844.08,-92177.28,223.52
PRODUCT_07674,COMP_1038,LEASING_08,leasing,BBVA Net Cash Empresas,bbva_emp,EUR,2026-03-20 09:57:12,-1250000,-1097919.85,
PRODUCT_07677,COMP_0491,LINEOFCREDIT_04,lineofcredit,Banco Santander Empresas,santander_emp,EUR,2026-03-24 10:05:49,-50000,-125,49875
PRODUCT_07678,COMP_1036,LINEOFCREDIT_02,lineofcredit,Banco Sabadell Empresas,sabadell_emp,EUR,2026-07-13 12:17:42,-3000000,0,3000000
PRODUCT_07683,COMP_1036,GUARANTEE_06,guarantee,BBVA Net Cash Empresas,bbva_emp,EUR,2026-07-13 12:47:50,-175000,-7500,
PRODUCT_07684,COMP_1129,LINEOFCREDIT_04,lineofcredit,Caixabank Empresas,caixa_emp,EUR,2026-02-12 11:06:10,-1000000,1013257.64,2013257.64
PRODUCT_07689,COMP_0950,LINEOFCREDIT_03,lineofcredit,BBVA,bbva_emp,EUR,2025-06-17 09:44:23,,0,
PRODUCT_07693,COMP_0988,LOAN_10,loan,BBVA Net Cash Empresas,bbva_emp,EUR,2026-07-03 11:38:43,-1000000,-919310.4,
PRODUCT_07694,COMP_0065,CONFIRMING_08,confirming,Banco Santander,santander_emp,EUR,2024-07-01 11:58:02,-1010000,0,476689.93
PRODUCT_07699,COMP_0924,LOAN_05,loan,Abanca Empresas,abanca_emp,EUR,2024-10-17 15:35:43,-2166666.66,0,
PRODUCT_07700,COMP_0491,LINEOFCREDIT_05,lineofcredit,Banco Sabadell Empresas,sabadell_emp,EUR,2024-09-24 11:38:11,-120000,-92950.3,27049.7
PRODUCT_07702,COMP_0474,LOAN_02,loan,Caixabank,caixa_emp,EUR,2024-06-19 18:57:49,-125000,-40399.87,
PRODUCT_07711,COMP_0320,LINEOFCREDIT_02,lineofcredit,In-house bank,inhousebanking,EUR,2026-07-01 11:11:01,-80000,-80000,
PRODUCT_07713,COMP_0004,LOAN_04,loan,Bankinter Empresas,bankinter_emp,EUR,2026-03-13 11:32:58,-46669.3,-26919.2,
PRODUCT_07715,COMP_1284,MORTGAGE_18,mortgage,Caixabank Empresas,caixa_emp,EUR,2026-02-19 16:44:25,-4914.12,-4746.68,
PRODUCT_07717,COMP_0988,LOAN_11,loan,Deutsche Bank Empresas,deutschebank_emp,EUR,2026-03-16 13:31:37,-554362.92,-435382.39,
PRODUCT_07720,COMP_0915,GUARANTEE_04,guarantee,Bankinter Empresas,bankinter_emp,EUR,2026-01-12 15:07:06,-21000,-21000,
PRODUCT_07723,COMP_0909,GUARANTEE_23,guarantee,Banco Santander,santander_emp,EUR,2025-01-28 16:31:54,0,-1092172.04,
PRODUCT_07725,COMP_0623,LEASING_04,leasing,Caixabank Empresas,caixa_emp,EUR,2025-05-12 14:59:37,-34591.31,-18840.81,
PRODUCT_07727,COMP_0909,GUARANTEE_24,guarantee,Deutsche Bank,deutschebank_emp,EUR,2025-02-06 08:44:11,-4346000,-464000,
PRODUCT_07728,COMP_0227,LINEOFCREDIT_02,lineofcredit,Banco Sabadell Empresas,sabadell_emp,EUR,2026-07-22 08:46:00,-60000,0,60000
PRODUCT_07729,COMP_0623,LOAN_16,loan,Banco Sabadell T. sec - CAL Empresas,sabadell_emp_sec,EUR,2025-04-25 08:56:58,-453311.44,-229486.94,
PRODUCT_07730,COMP_0446,LOAN_01,loan,Banco Santander Empresas,santander_emp,EUR,2025-12-16 13:08:10,-200000,-75354.87,
PRODUCT_07736,COMP_0653,LOAN_115,loan,Other (customer-defined),custom,EUR,2025-08-27 13:52:48,-50000,0,
PRODUCT_07741,COMP_0653,LOAN_116,loan,Other (customer-defined),custom,EUR,2025-08-27 09:13:00,-30000,0,
PRODUCT_07749,COMP_0743,GUARANTEE_05,guarantee,BBVA Net Cash Empresas,bbva_emp,EUR,2025-09-26 12:07:12,-50000,0,
PRODUCT_07751,COMP_0877,LEASING_02,leasing,Banco Santander Empresas,santander_emp,EUR,2025-10-17 13:58:28,-7168.43,-2745.15,
PRODUCT_07752,COMP_0342,LINEOFCREDIT_01,lineofcredit,Banco Santander Empresas,santander_emp,EUR,2025-02-06 10:21:19,-500000,321924.44,821924.44
PRODUCT_07754,COMP_0956,LOAN_06,loan,Banco Santander Empresas,santander_emp,EUR,2026-04-29 14:43:31,-43500,-9985.56,
PRODUCT_07756,COMP_1135,MORTGAGE_01,mortgage,Banca March,bancamarch,EUR,2026-02-24 14:18:42,-90000,-85666.47,
PRODUCT_07757,COMP_1269,CONFIRMING_02,confirming,Bankinter Empresas,bankinter_emp,EUR,2025-06-19 10:33:34,-205000,0,205000
PRODUCT_07762,COMP_0444,CONFIRMING_09,confirming,Banco Santander Empresas,santander_emp,EUR,2026-03-12 11:20:29,-2500000,0,2500000
PRODUCT_07769,COMP_0007,LOAN_24,loan,Abanca Empresas,abanca_emp,EUR,2026-04-13 08:19:00,-1000000,-893275.78,
PRODUCT_07771,COMP_1185,LOAN_01,loan,Banco Sabadell,sabadell_emp,EUR,2024-05-21 13:46:18,-1695861.49,0.18,
PRODUCT_07774,COMP_1026,LOAN_01,loan,Other (customer-defined),custom,EUR,2026-04-28 14:14:36,-16000000,-9200000,
PRODUCT_07784,COMP_0351,LINEOFCREDIT_14,lineofcredit,Banco Santander Empresas,santander_emp,EUR,2026-07-07 10:35:37,-6000,0,6000
PRODUCT_07793,COMP_0700,LINEOFCREDIT_01,lineofcredit,RuralVia,ruralvia,EUR,2025-05-28 08:37:49,-1000000,-897358.33,102641.67
PRODUCT_07794,COMP_1068,RENTING_01,renting,Banco Sabadell Empresas,sabadell_emp,EUR,2026-02-19 15:48:58,-10000,-1000,
PRODUCT_07796,COMP_0846,LINEOFCREDIT_01,lineofcredit,Banco Santander,santander_emp,EUR,2025-04-16 10:00:09,-50000,-50050.04,50000
PRODUCT_07802,COMP_0126,LINEOFCREDIT_02,lineofcredit,Bankinter,bankinter_emp,EUR,2024-04-04 10:38:34,0,2239353.21,223.52
PRODUCT_07804,COMP_1284,MORTGAGE_19,mortgage,Caixabank Empresas,caixa_emp,EUR,2026-02-19 16:58:38,-95965.87,-92696.59,
PRODUCT_07806,COMP_0505,LOAN_04,loan,Caixabank Empresas,caixa_emp,EUR,2026-07-13 06:25:15,-1500000,-1143957.12,
PRODUCT_07808,COMP_0642,GUARANTEE_02,guarantee,BBVA Net Cash Empresas,bbva_emp,EUR,2025-11-19 20:44:10,-64031.83,-64031.83,
PRODUCT_07811,COMP_0369,LINEOFCREDIT_03,lineofcredit,Bankinter Empresas,bankinter_emp,EUR,2026-04-23 11:21:35,-500000,0,500000
PRODUCT_07814,COMP_0991,LINEOFCREDIT_01,lineofcredit,Banco Santander Empresas,santander_emp,EUR,2025-10-06 15:22:31,-300000,170531.05,470531.05
PRODUCT_07816,COMP_1169,LOAN_18,loan,Bankinter Empresas,bankinter_emp,EUR,2025-11-06 09:56:35,-137000,0,
PRODUCT_07819,COMP_1038,LOAN_12,loan,Banco Santander Empresas,santander_emp,EUR,2026-01-11 11:45:33,-150000,-65949.3,
PRODUCT_07820,COMP_1169,LOAN_19,loan,Bankinter Empresas,bankinter_emp,EUR,2025-11-06 09:56:35,-150000,0,
PRODUCT_07821,COMP_0597,LINEOFCREDIT_07,lineofcredit,iberCaja,ibercaja,EUR,2025-10-30 09:07:44,-1200000,-1158136.04,41863.96
PRODUCT_07823,COMP_0974,LINEOFCREDIT_05,lineofcredit,Banco Santander Empresas,santander_emp,EUR,2026-01-13 09:41:59,-1000,0,1000
PRODUCT_07825,COMP_0420,LOAN_08,loan,Banco Sabadell Empresas,sabadell_emp,EUR,2026-05-14 15:39:23,-547734.95,-500189.02,
PRODUCT_07827,COMP_0653,LOAN_117,loan,Other (customer-defined),custom,EUR,2025-08-22 09:10:36,-100000,0,
PRODUCT_07836,COMP_0630,LINEOFCREDIT_01,lineofcredit,Caja Rural de Almendralejo,cajaalmendralejo,EUR,2026-02-13 10:41:17,-4000000,0,4000000
PRODUCT_07846,COMP_0051,LOAN_01,loan,Banco Sabadell,sabadell_emp,EUR,2024-02-15 14:22:55,-5000000,-3610098.62,223.52
PRODUCT_07848,COMP_1036,LINEOFCREDIT_03,lineofcredit,Bankinter Empresas,bankinter_emp,EUR,2026-07-13 10:49:58,-3500000,0,3500000
PRODUCT_07849,COMP_1016,LINEOFCREDIT_01,lineofcredit,Banco Sabadell Empresas,sabadell_emp,EUR,2026-03-20 13:10:47,-150000,0,150000
PRODUCT_07856,COMP_1066,LOAN_09,loan,Caixabank Empresas,caixa_emp,EUR,2025-09-23 10:50:06,-15856.81,0,
PRODUCT_07858,COMP_0798,LEASING_10,leasing,Eurocaja Rural Empresas,eurocajarural_emp,EUR,2025-09-11 15:00:12,-23084.52,-1482.69,
PRODUCT_07860,COMP_0519,LOAN_07,loan,Bankinter,bankinter_emp,EUR,2024-01-08 15:25:14,-50000,0,223.52
PRODUCT_07861,COMP_0653,LOAN_118,loan,Other (customer-defined),custom,EUR,2025-08-22 08:23:50,-1000000,0,
PRODUCT_07865,COMP_1225,LOAN_05,loan,BBVA Net Cash Empresas,bbva_emp,EUR,2026-07-07 11:46:30,-15000000.01,-10874217.58,
PRODUCT_07869,COMP_0919,LOAN_02,loan,Caixabank Empresas,caixa_emp,EUR,2025-12-01 10:10:22,-29675000.46,-28858815.63,
PRODUCT_07870,COMP_0004,LOAN_05,loan,Banco Sabadell Empresas,sabadell_emp,EUR,2026-03-13 10:03:41,-218494.56,-205337.67,
PRODUCT_07871,COMP_1053,LINEOFCREDIT_15,lineofcredit,Bankinter Empresas,bankinter_emp,EUR,2026-07-06 14:21:48,-300000,-272576.01,27423.99
PRODUCT_07872,COMP_1079,LINEOFCREDIT_06,lineofcredit,Abanca Empresas,abanca_emp,EUR,2025-08-18 15:31:28,-70000,309.8,70309.8
PRODUCT_07880,COMP_1216,LOAN_01,loan,Caixabank Empresas,caixa_emp,EUR,2025-09-25 14:09:05,-183499.61,-120992.54,
PRODUCT_07885,COMP_0623,LOAN_17,loan,Caixabank Empresas,caixa_emp,EUR,2025-04-25 08:15:43,-569444.41,-277777.72,
PRODUCT_07886,COMP_1143,LEASING_03,leasing,Caixabank Empresas,caixa_emp,EUR,2025-02-26 13:00:02,-1610.83,0,
PRODUCT_07888,COMP_0466,LOAN_03,loan,Banca March,bancamarch,EUR,2025-04-01 09:48:14,-999999.9,-658103.58,
PRODUCT_07890,COMP_0682,LOAN_01,loan,BBVA Net Cash Empresas,bbva_emp,EUR,2025-03-13 08:33:10,-7500000,0,
PRODUCT_07891,COMP_0576,CONFIRMING_03,confirming,Banco Santander Empresas,santander_emp,EUR,2026-07-07 11:39:14,-4000000,-861422.85,3138577.15
PRODUCT_07892,COMP_0956,LINEOFCREDIT_04,lineofcredit,BBVA Net Cash Empresas,bbva_emp,EUR,2026-04-29 11:21:29,-75000,0,75000
PRODUCT_07894,COMP_0041,LEASING_01,leasing,Caixabank Empresas,caixa_emp,EUR,2026-03-23 07:36:11,-44216.95,-43581.68,
PRODUCT_07896,COMP_0653,LOAN_119,loan,Other (customer-defined),custom,EUR,2025-08-27 09:39:31,-65000,0,
PRODUCT_07902,COMP_0956,GUARANTEE_18,guarantee,Banco Sabadell Empresas,sabadell_emp,EUR,2026-04-29 11:25:16,-27383.75,-27383.75,
PRODUCT_07917,COMP_0653,LOAN_120,loan,Other (customer-defined),custom,EUR,2025-08-27 09:33:10,-110000,0,
PRODUCT_07926,COMP_1008,LOAN_02,loan,Banca March,bancamarch,EUR,2026-01-28 12:50:43,,-196002.4,
PRODUCT_07927,COMP_1066,LINEOFCREDIT_04,lineofcredit,Caixabank Empresas,caixa_emp,EUR,2025-09-23 10:50:06,-250000,0,250000
PRODUCT_07929,COMP_1012,LOAN_08,loan,BBVA Net Cash Empresas,bbva_emp,EUR,2026-09-02 10:26:04,-2000000,-2000000,
PRODUCT_07930,COMP_0332,MORTGAGE_29,mortgage,Caixabank Empresas,caixa_emp,EUR,2026-02-19 17:47:47,-6962.93,-6707.79,
PRODUCT_07931,COMP_1038,CONFIRMING_07,confirming,Caixabank Empresas,caixa_emp,EUR,2026-08-14 09:43:26,-500000,11210.13,511210.13
PRODUCT_07940,COMP_1267,LOAN_19,loan,Banco Santander Empresas,santander_emp,EUR,2025-11-06 08:24:38,-62400,0,
PRODUCT_07943,COMP_1046,LINEOFCREDIT_02,lineofcredit,RuralVia Empresas,ruralvia_emp,EUR,2024-12-04 08:41:12,-3000000,-2923264.87,76735.13
PRODUCT_07946,COMP_0087,LOAN_26,loan,Banco Santander Empresas,santander_emp,EUR,2025-05-28 10:57:31,-10000000,-5000000,
PRODUCT_07955,COMP_0965,LEASING_17,leasing,BBVA Net Cash Empresas,bbva_emp,EUR,2026-06-05 11:14:39,-4691275.77,-4491825.05,
PRODUCT_07964,COMP_0250,LOAN_03,loan,Abanca Empresas,abanca_emp,EUR,2025-12-05 08:55:00,-6092.02,0,
PRODUCT_07969,COMP_1286,FACTORING_01,factoring,Banco Santander Empresas,santander_emp,EUR,2024-11-20 14:46:34,-1000000,0,1000000
PRODUCT_07970,COMP_0623,LOAN_18,loan,Caixabank Empresas,caixa_emp,EUR,2025-04-25 09:22:30,-140236.04,0,
PRODUCT_07975,COMP_0803,LOAN_30,loan,Bankinter Empresas,bankinter_emp,EUR,2024-11-14 08:56:08,,0,
PRODUCT_07982,COMP_0850,GUARANTEE_03,guarantee,Banco Santander Empresas,santander_emp,EUR,2026-07-13 18:09:07,-1900,-1900,
PRODUCT_07984,COMP_1038,LOAN_13,loan,Abanca Empresas,abanca_emp,EUR,2025-09-09 11:43:52,-500000,0,
PRODUCT_07988,COMP_1191,CONFIRMING_06,confirming,Banco Santander,santander_emp,EUR,2024-07-01 11:58:02,-1010000,0,476689.93
PRODUCT_08004,COMP_0517,LINEOFCREDIT_04,lineofcredit,Banco Santander Empresas,santander_emp,EUR,2025-12-18 12:08:41,-75000,-75000,74887.14
PRODUCT_08005,COMP_0411,LOAN_03,loan,Caixabank,caixa_emp,EUR,2023-06-19 10:39:37,-749999.97,-304062.48,223.52
PRODUCT_08008,COMP_0623,LOAN_19,loan,Banco Sabadell T. sec - CAL Empresas,sabadell_emp_sec,EUR,2025-04-25 08:58:38,-849958.86,-430287.83,
PRODUCT_08011,COMP_0597,LINEOFCREDIT_08,lineofcredit,Banco Sabadell Empresas,sabadell_emp,EUR,2025-10-30 08:45:44,-2000000,-1885660.7,114339.3
PRODUCT_08013,COMP_0825,LOAN_24,loan,BBVA Net Cash Empresas,bbva_emp,EUR,2023-05-08 07:20:56,-19812.29,223.52,223.52
PRODUCT_08022,COMP_0484,LINEOFCREDIT_02,lineofcredit,Banco Santander Empresas,santander_emp,EUR,2026-04-22 13:51:32,-50000,-45281.05,4718.95
PRODUCT_08031,COMP_0471,LOAN_10,loan,Abanca,abanca_emp,EUR,2024-03-14 10:46:48,-450000,0,223.52
PRODUCT_08032,COMP_0653,LOAN_121,loan,Other (customer-defined),custom,EUR,2025-10-22 13:01:37,-130700,-130700,
PRODUCT_08040,COMP_0519,LOAN_08,loan,Bankinter,bankinter_emp,EUR,2024-01-08 15:25:14,-200000,-32095.19,223.52
PRODUCT_08041,COMP_0523,LOAN_03,loan,Societe Generale Entreprises,soc-gen-corporate,EUR,2026-05-06 09:30:27,-500000,0,
PRODUCT_08044,COMP_0653,LOAN_122,loan,Other (customer-defined),custom,EUR,2025-08-27 15:24:39,-250000,0,
PRODUCT_08045,COMP_0803,LOAN_31,loan,Bankinter,bankinter_emp,EUR,2025-01-07 14:58:22,-325000,0,
PRODUCT_08046,COMP_1038,LEASING_09,leasing,BBVA Net Cash Empresas,bbva_emp,EUR,2026-05-29 13:56:37,-113500,-105039.82,
PRODUCT_08048,COMP_0047,LOAN_16,loan,BBVA Net Cash Empresas,bbva_emp,EUR,2025-09-09 12:41:52,-7853.24,0,
PRODUCT_08051,COMP_0919,LINEOFCREDIT_10,lineofcredit,Banco Santander Empresas,santander_emp,EUR,2025-11-03 10:37:28,,0,
PRODUCT_08052,COMP_0150,LOAN_01,loan,Caixabank Empresas,caixa_emp,EUR,2026-07-09 13:01:43,-84000,-82731.18,
PRODUCT_08056,COMP_0653,LOAN_123,loan,Other (customer-defined),custom,EUR,2025-08-27 09:21:39,-190000,0,
PRODUCT_08058,COMP_1263,LINEOFCREDIT_01,lineofcredit,Caixabank Empresas,caixa_emp,EUR,2024-12-10 14:52:58,-300000,-300000,
PRODUCT_08063,COMP_0909,GUARANTEE_25,guarantee,Caja de Ingenieros,cajaingenieros,EUR,2025-02-06 08:42:52,-1000000,-1000000,
PRODUCT_08064,COMP_0686,LOAN_07,loan,Other (customer-defined),custom,EUR,2024-07-03 13:08:30,-351999.8,-234669.8,
PRODUCT_08065,COMP_0600,GUARANTEE_03,guarantee,Caixabank Empresas,caixa_emp,EUR,2025-03-19 15:50:41,-32751,-32015,
PRODUCT_08066,COMP_0354,LINEOFCREDIT_04,lineofcredit,BBVA,bbva_emp,EUR,2024-04-03 07:21:34,500000,0,
PRODUCT_08068,COMP_0185,CONFIRMING_02,confirming,Bankinter Empresas,bankinter_emp,EUR,2026-06-23 11:32:27,-999997,-639306.75,360690.25
PRODUCT_08076,COMP_0993,CONFIRMING_03,confirming,Banco Santander Empresas,santander_emp,EUR,2025-10-20 08:40:57,-100000,0,100000
PRODUCT_08083,COMP_1272,LOAN_14,loan,Banco Santander Empresas,santander_emp,EUR,2026-03-24 11:44:20,-1080000,-945000,
PRODUCT_08085,COMP_0009,LOAN_04,loan,BBVA Net Cash Empresas,bbva_emp,EUR,2025-10-01 16:05:48,-10000000,-10000000,
PRODUCT_08090,COMP_0099,LOAN_06,loan,Caixabank Empresas,caixa_emp,EUR,2023-11-03 11:38:17,-17228.72,-10848.31,223.52
PRODUCT_08093,COMP_0087,LOAN_27,loan,Banco Santander Empresas,santander_emp,EUR,2024-12-04 08:26:32,-350000,0,
PRODUCT_08099,COMP_0101,CONFIRMING_01,confirming,Banco Sabadell Empresas,sabadell_emp,EUR,2025-07-02 21:28:15,-250000,0,250000
PRODUCT_08105,COMP_0970,LINEOFCREDIT_03,lineofcredit,BBVA Net Cash Empresas,bbva_emp,EUR,2026-06-24 10:18:29,-300000,-289300,10700
PRODUCT_08110,COMP_1267,LOAN_20,loan,Unicaja Empresas,unicaja_emp,EUR,2025-11-06 11:22:48,-244904.76,0,
PRODUCT_08114,COMP_0623,LOAN_20,loan,Banco Santander Empresas,santander_emp,EUR,2025-04-27 17:24:11,-355547.23,-124972.54,
PRODUCT_08115,COMP_0046,LOAN_02,loan,Bankinter Empresas,bankinter_emp,EUR,2026-09-15 13:24:04,-488000,-477126.52,
PRODUCT_08119,COMP_1169,LOAN_20,loan,Banco Santander Empresas,santander_emp,EUR,2025-11-06 08:24:38,-350000,-108171.42,
PRODUCT_08129,COMP_1012,LINEOFCREDIT_01,lineofcredit,BBVA Net Cash Empresas,bbva_emp,EUR,2026-09-02 10:28:36,-1500000,0,1500000
PRODUCT_08130,COMP_0449,LOAN_02,loan,Banco Santander,santander_emp,EUR,2026-02-11 10:47:16,-1700000,-825879.48,
PRODUCT_08131,COMP_0616,CONFIRMING_01,confirming,Caixabank,caixa_emp,EUR,2026-02-11 11:42:49,-9000000,-8774588.25,225411.75
PRODUCT_08132,COMP_0169,LOAN_05,loan,Caixabank Empresas,caixa_emp,EUR,2025-05-16 12:31:39,-169421.89,-148346.8,
PRODUCT_08134,COMP_0094,LINEOFCREDIT_05,lineofcredit,Bankinter,bankinter_emp,EUR,2023-11-21 13:29:27,-300000,-209133.87,223.52
PRODUCT_08136,COMP_0079,LINEOFCREDIT_04,lineofcredit,Banco Santander Empresas,santander_emp,EUR,2026-02-25 11:32:32,-86190,0,86190
PRODUCT_08143,COMP_0444,LINEOFCREDIT_01,lineofcredit,Banco Sabadell Empresas,sabadell_emp,EUR,2026-03-13 12:08:09,-1740307.93,-1740307.93,
PRODUCT_08144,COMP_1113,LOAN_01,loan,Caixabank Empresas,caixa_emp,EUR,2026-05-22 17:56:09,-135200,-129603.28,
PRODUCT_08148,COMP_0909,GUARANTEE_26,guarantee,Bankinter,bankinter_emp,EUR,2025-01-29 16:32:26,-1761874.1,-1761874.1,
PRODUCT_08154,COMP_0888,LOAN_03,loan,Banco Sabadell T. sec - CAL Empresas,sabadell_emp_sec,EUR,2024-10-10 10:56:30,0,0,
PRODUCT_08155,COMP_0721,LOAN_09,loan,RuralVia Empresas,ruralvia_emp,EUR,2025-03-19 11:26:56,-106193.48,-15261.82,
PRODUCT_08158,COMP_0505,CONFIRMING_07,confirming,Caixabank Empresas,caixa_emp,EUR,2026-07-13 06:25:15,,0,
PRODUCT_08159,COMP_0007,LINEOFCREDIT_07,lineofcredit,Abanca Empresas,abanca_emp,EUR,2026-04-27 09:49:08,-800000,-76.7,799923.3
PRODUCT_08162,COMP_1046,LINEOFCREDIT_03,lineofcredit,Bankinter Empresas,bankinter_emp,EUR,2025-06-06 07:48:34,-500000,0,500000
PRODUCT_08164,COMP_0850,CONFIRMING_03,confirming,RuralVia Empresas,ruralvia_emp,EUR,2026-07-13 16:39:39,-200000,0,200000
PRODUCT_08168,COMP_0682,LOAN_02,loan,Banco Santander Empresas,santander_emp,EUR,2025-11-10 09:01:31,-3041666.86,-875000.2,
PRODUCT_08170,COMP_1066,LOAN_10,loan,Banco Sabadell Empresas,sabadell_emp,EUR,2025-09-23 10:41:16,-153042.97,-92963.57,
PRODUCT_08178,COMP_1272,LINEOFCREDIT_07,lineofcredit,Banco Santander Empresas,santander_emp,EUR,2026-03-05 14:03:23,-750000,-150000,600000
PRODUCT_08180,COMP_0995,LINEOFCREDIT_02,lineofcredit,Caixabank Empresas,caixa_emp,EUR,2025-03-10 15:45:33,-150000,550211.13,700211.13
PRODUCT_08182,COMP_0007,RENTING_09,renting,Other (customer-defined),custom,EUR,2026-03-31 10:42:44,-19377,-11626.2,
PRODUCT_08189,COMP_0351,LINEOFCREDIT_15,lineofcredit,Banco Santander Empresas,santander_emp,EUR,2026-07-07 10:35:37,-203655.63,-203655.63,
PRODUCT_08190,COMP_0819,LOAN_03,loan,Bankinter,bankinter_emp,EUR,2022-04-26 13:11:12,-400000,-206534.83,223.52
PRODUCT_08202,COMP_0471,LOAN_11,loan,Otros,_others,EUR,2022-06-09 11:24:40,-435656.11,-241861.11,223.52
PRODUCT_08203,COMP_0471,LINEOFCREDIT_13,lineofcredit,Deutsche Bank,deutschebank_emp,EUR,2022-04-06 16:08:19,,-352416.55,223.52
PRODUCT_08205,COMP_0471,LOAN_12,loan,Otros,_others,EUR,2022-06-09 11:21:55,-213012.55,-161060.55,223.52
PRODUCT_08213,COMP_0042,LOAN_01,loan,BB&T,_bbt,USD,2022-06-09 14:58:55,-65089.46,0,223.52
